rung,N,round,corpus,K,bpb,n_seeds
d128h2L2,492160,3840,aitdcc_a_protein,1,6.0419628620147705,4
d128h2L2,492160,3840,aitdcc_a_protein,2,5.520518779754639,4
d128h2L2,492160,3840,aitdcc_a_protein,3,5.335081458091736,4
d128h2L2,492160,3840,aitdcc_a_protein,4,5.237001895904541,4
d128h2L2,492160,3840,aitdcc_b_c_source,1,5.224184274673462,4
d128h2L2,492160,3840,aitdcc_b_c_source,2,4.5926196575164795,4
d128h2L2,492160,3840,aitdcc_b_c_source,3,4.409150004386902,4
d128h2L2,492160,3840,aitdcc_b_c_source,4,4.316340923309326,4
d128h2L2,492160,3840,aitdcc_d_glibc_rand,1,10.248084545135498,4
d128h2L2,492160,3840,aitdcc_d_glibc_rand,2,9.461234092712402,4
d128h2L2,492160,3840,aitdcc_d_glibc_rand,3,9.151589632034302,4
d128h2L2,492160,3840,aitdcc_d_glibc_rand,4,8.978325843811035,4
d128h2L2,492160,3840,aitdcc_e_atlas_float32,1,9.08563232421875,4
d128h2L2,492160,3840,aitdcc_e_atlas_float32,2,8.267609278361002,4
d128h2L2,492160,3840,aitdcc_e_atlas_float32,3,7.947224736213684,4
d128h2L2,492160,3840,aitdcc_e_atlas_float32,4,7.76710844039917,4
d128h2L2,492160,3840,aitdcc_g_astronomy,1,4.033222436904907,4
d128h2L2,492160,3840,aitdcc_g_astronomy,2,3.7005605697631836,4
d128h2L2,492160,3840,aitdcc_g_astronomy,3,3.58903306722641,4
d128h2L2,492160,3840,aitdcc_g_astronomy,4,3.535954236984253,4
d128h2L2,492160,3840,arithmetic,1,4.830166012048721,4
d128h2L2,492160,3840,arithmetic,2,3.207164764404297,4
d128h2L2,492160,3840,arithmetic,3,2.5889444053173065,4
d128h2L2,492160,3840,arithmetic,4,2.192033052444458,4
d128h2L2,492160,3840,audio_16bit,1,9.362313747406006,4
d128h2L2,492160,3840,audio_16bit,2,8.53462266921997,4
d128h2L2,492160,3840,audio_16bit,3,8.2519052028656,4
d128h2L2,492160,3840,audio_16bit,4,8.109251976013184,4
d128h2L2,492160,3840,audio_8bit,1,8.514676094055176,4
d128h2L2,492160,3840,audio_8bit,2,7.358822266260783,4
d128h2L2,492160,3840,audio_8bit,3,6.932223558425903,4
d128h2L2,492160,3840,audio_8bit,4,6.752111911773682,4
d128h2L2,492160,3840,cifar10_rgb_hwc,1,9.230520725250244,4
d128h2L2,492160,3840,cifar10_rgb_hwc,2,8.468364715576172,4
d128h2L2,492160,3840,cifar10_rgb_hwc,3,8.168650388717651,4
d128h2L2,492160,3840,cifar10_rgb_hwc,4,8.00088119506836,4
d128h2L2,492160,3840,cifar10_rgb_planar,1,9.185405015945435,4
d128h2L2,492160,3840,cifar10_rgb_planar,2,8.415712038675943,4
d128h2L2,492160,3840,cifar10_rgb_planar,3,8.11221718788147,4
d128h2L2,492160,3840,cifar10_rgb_planar,4,7.94219446182251,4
d128h2L2,492160,3840,dclm,1,5.318670153617859,4
d128h2L2,492160,3840,dclm,2,4.804665168126424,4
d128h2L2,492160,3840,dclm,3,4.637197136878967,4
d128h2L2,492160,3840,dclm,4,4.551510810852051,4
d128h2L2,492160,3840,dclm_ranked,1,8.46339201927185,4
d128h2L2,492160,3840,dclm_ranked,2,7.823419173558553,4
d128h2L2,492160,3840,dclm_ranked,3,7.5880900621414185,4
d128h2L2,492160,3840,dclm_ranked,4,7.462854862213135,4
d128h2L2,492160,3840,dna,1,7.219157457351685,4
d128h2L2,492160,3840,dna,2,6.068978865941365,4
d128h2L2,492160,3840,dna,3,5.6793752908706665,4
d128h2L2,492160,3840,dna,4,5.496992111206055,4
d128h2L2,492160,3840,esc50_pcm8,1,3.0781145095825195,4
d128h2L2,492160,3840,esc50_pcm8,2,2.781549255053202,4
d128h2L2,492160,3840,esc50_pcm8,3,2.6834556460380554,4
d128h2L2,492160,3840,esc50_pcm8,4,2.6321823596954346,4
d128h2L2,492160,3840,esc50_pcm8_11khz,1,4.025313973426819,4
d128h2L2,492160,3840,esc50_pcm8_11khz,2,3.7013142108917236,4
d128h2L2,492160,3840,esc50_pcm8_11khz,3,3.5829776525497437,4
d128h2L2,492160,3840,esc50_pcm8_11khz,4,3.5190622806549072,4
d128h2L2,492160,3840,kolmogorov_dna,1,5.903132081031799,4
d128h2L2,492160,3840,kolmogorov_dna,2,4.971264044443767,4
d128h2L2,492160,3840,kolmogorov_dna,3,4.6804598569869995,4
d128h2L2,492160,3840,kolmogorov_dna,4,4.526051044464111,4
d128h2L2,492160,3840,kolmogorov_text,1,5.352608323097229,4
d128h2L2,492160,3840,kolmogorov_text,2,4.791853268941243,4
d128h2L2,492160,3840,kolmogorov_text,3,4.614444136619568,4
d128h2L2,492160,3840,kolmogorov_text,4,4.52374792098999,4
d128h2L2,492160,3840,llm_compression_arxiv_math,1,5.346745610237122,4
d128h2L2,492160,3840,llm_compression_arxiv_math,2,4.724094867706299,4
d128h2L2,492160,3840,llm_compression_arxiv_math,3,4.5362772941589355,4
d128h2L2,492160,3840,llm_compression_arxiv_math,4,4.440971374511719,4
d128h2L2,492160,3840,llm_compression_cc,1,5.183679580688477,4
d128h2L2,492160,3840,llm_compression_cc,2,4.669267892837524,4
d128h2L2,492160,3840,llm_compression_cc,3,4.505640268325806,4
d128h2L2,492160,3840,llm_compression_cc,4,4.4221882820129395,4
d128h2L2,492160,3840,llm_compression_python,1,4.883778929710388,4
d128h2L2,492160,3840,llm_compression_python,2,4.343164761861165,4
d128h2L2,492160,3840,llm_compression_python,3,4.175071716308594,4
d128h2L2,492160,3840,llm_compression_python,4,4.0886640548706055,4
d128h2L2,492160,3840,metamath,1,4.850466012954712,4
d128h2L2,492160,3840,metamath,2,4.273178180058797,4
d128h2L2,492160,3840,metamath,3,4.107821702957153,4
d128h2L2,492160,3840,metamath,4,4.024014472961426,4
d128h2L2,492160,3840,musicnet_pcm8,1,3.9327446818351746,4
d128h2L2,492160,3840,musicnet_pcm8,2,3.4775893290837607,4
d128h2L2,492160,3840,musicnet_pcm8,3,3.340074062347412,4
d128h2L2,492160,3840,musicnet_pcm8,4,3.270176887512207,4
d128h2L2,492160,3840,musicnet_pcm8_11khz,1,4.642159461975098,4
d128h2L2,492160,3840,musicnet_pcm8_11khz,2,4.241175413131714,4
d128h2L2,492160,3840,musicnet_pcm8_11khz,3,4.1022725105285645,4
d128h2L2,492160,3840,musicnet_pcm8_11khz,4,4.028765678405762,4
d128h2L2,492160,3840,mutopia_melody_16th,1,3.670387625694275,4
d128h2L2,492160,3840,mutopia_melody_16th,2,3.3274131218592324,4
d128h2L2,492160,3840,mutopia_melody_16th,3,3.2016932368278503,4
d128h2L2,492160,3840,mutopia_melody_16th,4,3.1352200508117676,4
d128h2L2,492160,3840,speech_commands_pcm8,1,3.0594828724861145,4
d128h2L2,492160,3840,speech_commands_pcm8,2,2.806697448094686,4
d128h2L2,492160,3840,speech_commands_pcm8,3,2.7180142998695374,4
d128h2L2,492160,3840,speech_commands_pcm8,4,2.670659065246582,4
d128h2L2,492160,3840,speech_commands_pcm8_8khz,1,3.146865129470825,4
d128h2L2,492160,3840,speech_commands_pcm8_8khz,2,2.9110724528630576,4
d128h2L2,492160,3840,speech_commands_pcm8_8khz,3,2.8231506943702698,4
d128h2L2,492160,3840,speech_commands_pcm8_8khz,4,2.7750089168548584,4
d128h2L2,492160,4096,aitdcc_a_protein,1,6.031953811645508,4
d128h2L2,492160,4096,aitdcc_a_protein,2,5.512805700302124,4
d128h2L2,492160,4096,aitdcc_a_protein,3,5.330463886260986,4
d128h2L2,492160,4096,aitdcc_a_protein,4,5.234893321990967,4
d128h2L2,492160,4096,aitdcc_b_c_source,1,5.265379786491394,4
d128h2L2,492160,4096,aitdcc_b_c_source,2,4.627909501393636,4
d128h2L2,492160,4096,aitdcc_b_c_source,3,4.438897013664246,4
d128h2L2,492160,4096,aitdcc_b_c_source,4,4.342769145965576,4
d128h2L2,492160,4096,aitdcc_d_glibc_rand,1,10.243342876434326,4
d128h2L2,492160,4096,aitdcc_d_glibc_rand,2,9.45120636622111,4
d128h2L2,492160,4096,aitdcc_d_glibc_rand,3,9.144232511520386,4
d128h2L2,492160,4096,aitdcc_d_glibc_rand,4,8.975234985351562,4
d128h2L2,492160,4096,aitdcc_e_atlas_float32,1,9.147053956985474,4
d128h2L2,492160,4096,aitdcc_e_atlas_float32,2,8.32826598485311,4
d128h2L2,492160,4096,aitdcc_e_atlas_float32,3,8.003837704658508,4
d128h2L2,492160,4096,aitdcc_e_atlas_float32,4,7.821679592132568,4
d128h2L2,492160,4096,aitdcc_g_astronomy,1,4.2851682305336,4
d128h2L2,492160,4096,aitdcc_g_astronomy,2,3.785819133122762,4
d128h2L2,492160,4096,aitdcc_g_astronomy,3,3.6024539470672607,4
d128h2L2,492160,4096,aitdcc_g_astronomy,4,3.532957077026367,4
d128h2L2,492160,4096,arithmetic,1,4.675947278738022,4
d128h2L2,492160,4096,arithmetic,2,3.0832693576812744,4
d128h2L2,492160,4096,arithmetic,3,2.5069870948791504,4
d128h2L2,492160,4096,arithmetic,4,2.1427204608917236,4
d128h2L2,492160,4096,audio_16bit,1,9.387301445007324,4
d128h2L2,492160,4096,audio_16bit,2,8.541026910146078,4
d128h2L2,492160,4096,audio_16bit,3,8.249196767807007,4
d128h2L2,492160,4096,audio_16bit,4,8.102964401245117,4
d128h2L2,492160,4096,audio_8bit,1,8.447803854942322,4
d128h2L2,492160,4096,audio_8bit,2,7.325221697489421,4
d128h2L2,492160,4096,audio_8bit,3,6.914388537406921,4
d128h2L2,492160,4096,audio_8bit,4,6.725226879119873,4
d128h2L2,492160,4096,cifar10_rgb_hwc,1,9.249511480331421,4
d128h2L2,492160,4096,cifar10_rgb_hwc,2,8.480410893758139,4
d128h2L2,492160,4096,cifar10_rgb_hwc,3,8.181353092193604,4
d128h2L2,492160,4096,cifar10_rgb_hwc,4,8.015114784240723,4
d128h2L2,492160,4096,cifar10_rgb_planar,1,9.204453706741333,4
d128h2L2,492160,4096,cifar10_rgb_planar,2,8.428958892822266,4
d128h2L2,492160,4096,cifar10_rgb_planar,3,8.12666392326355,4
d128h2L2,492160,4096,cifar10_rgb_planar,4,7.958476543426514,4
d128h2L2,492160,4096,dclm,1,5.349176645278931,4
d128h2L2,492160,4096,dclm,2,4.841837088267009,4
d128h2L2,492160,4096,dclm,3,4.6689335107803345,4
d128h2L2,492160,4096,dclm,4,4.579545021057129,4
d128h2L2,492160,4096,dclm_ranked,1,8.691832184791565,4
d128h2L2,492160,4096,dclm_ranked,2,7.970496654510498,4
d128h2L2,492160,4096,dclm_ranked,3,7.695263028144836,4
d128h2L2,492160,4096,dclm_ranked,4,7.547182083129883,4
d128h2L2,492160,4096,dna,1,7.451514005661011,4
d128h2L2,492160,4096,dna,2,6.207899332046509,4
d128h2L2,492160,4096,dna,3,5.769488334655762,4
d128h2L2,492160,4096,dna,4,5.558920383453369,4
d128h2L2,492160,4096,esc50_pcm8,1,3.1143763661384583,4
d128h2L2,492160,4096,esc50_pcm8,2,2.7965197960535684,4
d128h2L2,492160,4096,esc50_pcm8,3,2.69170480966568,4
d128h2L2,492160,4096,esc50_pcm8,4,2.637148380279541,4
d128h2L2,492160,4096,esc50_pcm8_11khz,1,4.084712624549866,4
d128h2L2,492160,4096,esc50_pcm8_11khz,2,3.7337541580200195,4
d128h2L2,492160,4096,esc50_pcm8_11khz,3,3.6073328852653503,4
d128h2L2,492160,4096,esc50_pcm8_11khz,4,3.5396289825439453,4
d128h2L2,492160,4096,kolmogorov_dna,1,5.958139777183533,4
d128h2L2,492160,4096,kolmogorov_dna,2,4.988447745641072,4
d128h2L2,492160,4096,kolmogorov_dna,3,4.69082236289978,4
d128h2L2,492160,4096,kolmogorov_dna,4,4.533816337585449,4
d128h2L2,492160,4096,kolmogorov_text,1,5.363233923912048,4
d128h2L2,492160,4096,kolmogorov_text,2,4.815246025721232,4
d128h2L2,492160,4096,kolmogorov_text,3,4.636337637901306,4
d128h2L2,492160,4096,kolmogorov_text,4,4.544589996337891,4
d128h2L2,492160,4096,llm_compression_arxiv_math,1,5.3555814027786255,4
d128h2L2,492160,4096,llm_compression_arxiv_math,2,4.745433489481608,4
d128h2L2,492160,4096,llm_compression_arxiv_math,3,4.556055307388306,4
d128h2L2,492160,4096,llm_compression_arxiv_math,4,4.45954704284668,4
d128h2L2,492160,4096,llm_compression_cc,1,5.20442521572113,4
d128h2L2,492160,4096,llm_compression_cc,2,4.700624306996663,4
d128h2L2,492160,4096,llm_compression_cc,3,4.533043026924133,4
d128h2L2,492160,4096,llm_compression_cc,4,4.446413040161133,4
d128h2L2,492160,4096,llm_compression_python,1,4.944091439247131,4
d128h2L2,492160,4096,llm_compression_python,2,4.397596518198649,4
d128h2L2,492160,4096,llm_compression_python,3,4.22347104549408,4
d128h2L2,492160,4096,llm_compression_python,4,4.133554935455322,4
d128h2L2,492160,4096,metamath,1,4.879365801811218,4
d128h2L2,492160,4096,metamath,2,4.278173049290975,4
d128h2L2,492160,4096,metamath,3,4.1068538427352905,4
d128h2L2,492160,4096,metamath,4,4.0199456214904785,4
d128h2L2,492160,4096,musicnet_pcm8,1,3.9755665063858032,4
d128h2L2,492160,4096,musicnet_pcm8,2,3.4868045250574746,4
d128h2L2,492160,4096,musicnet_pcm8,3,3.3392645120620728,4
d128h2L2,492160,4096,musicnet_pcm8,4,3.264258861541748,4
d128h2L2,492160,4096,musicnet_pcm8_11khz,1,4.715941309928894,4
d128h2L2,492160,4096,musicnet_pcm8_11khz,2,4.275181929270427,4
d128h2L2,492160,4096,musicnet_pcm8_11khz,3,4.123809099197388,4
d128h2L2,492160,4096,musicnet_pcm8_11khz,4,4.044251441955566,4
d128h2L2,492160,4096,mutopia_melody_16th,1,3.6446709632873535,4
d128h2L2,492160,4096,mutopia_melody_16th,2,3.3004785776138306,4
d128h2L2,492160,4096,mutopia_melody_16th,3,3.1753165125846863,4
d128h2L2,492160,4096,mutopia_melody_16th,4,3.1090242862701416,4
d128h2L2,492160,4096,speech_commands_pcm8,1,3.1056063771247864,4
d128h2L2,492160,4096,speech_commands_pcm8,2,2.8267718156178794,4
d128h2L2,492160,4096,speech_commands_pcm8,3,2.7295380234718323,4
d128h2L2,492160,4096,speech_commands_pcm8,4,2.6778502464294434,4
d128h2L2,492160,4096,speech_commands_pcm8_8khz,1,3.1947476863861084,4
d128h2L2,492160,4096,speech_commands_pcm8_8khz,2,2.933581789334615,4
d128h2L2,492160,4096,speech_commands_pcm8_8khz,3,2.837275803089142,4
d128h2L2,492160,4096,speech_commands_pcm8_8khz,4,2.785123109817505,4
d128h2L2,492160,4352,aitdcc_a_protein,1,6.004762172698975,4
d128h2L2,492160,4352,aitdcc_a_protein,2,5.446033318837483,4
d128h2L2,492160,4352,aitdcc_a_protein,3,5.2565895318984985,4
d128h2L2,492160,4352,aitdcc_a_protein,4,5.159275054931641,4
d128h2L2,492160,4352,aitdcc_b_c_source,1,5.214866042137146,4
d128h2L2,492160,4352,aitdcc_b_c_source,2,4.605587164560954,4
d128h2L2,492160,4352,aitdcc_b_c_source,3,4.426203370094299,4
d128h2L2,492160,4352,aitdcc_b_c_source,4,4.334778785705566,4
d128h2L2,492160,4352,aitdcc_d_glibc_rand,1,10.281378030776978,4
d128h2L2,492160,4352,aitdcc_d_glibc_rand,2,9.46573003133138,4
d128h2L2,492160,4352,aitdcc_d_glibc_rand,3,9.153313636779785,4
d128h2L2,492160,4352,aitdcc_d_glibc_rand,4,8.982198715209961,4
d128h2L2,492160,4352,aitdcc_e_atlas_float32,1,9.156266689300537,4
d128h2L2,492160,4352,aitdcc_e_atlas_float32,2,8.326611359914144,4
d128h2L2,492160,4352,aitdcc_e_atlas_float32,3,8.006189823150635,4
d128h2L2,492160,4352,aitdcc_e_atlas_float32,4,7.82981538772583,4
d128h2L2,492160,4352,aitdcc_g_astronomy,1,4.160918235778809,4
d128h2L2,492160,4352,aitdcc_g_astronomy,2,3.7158647775650024,4
d128h2L2,492160,4352,aitdcc_g_astronomy,3,3.56367027759552,4
d128h2L2,492160,4352,aitdcc_g_astronomy,4,3.4981536865234375,4
d128h2L2,492160,4352,arithmetic,1,4.512778609991074,4
d128h2L2,492160,4352,arithmetic,2,2.9243651032447815,4
d128h2L2,492160,4352,arithmetic,3,2.385325074195862,4
d128h2L2,492160,4352,arithmetic,4,2.059074640274048,4
d128h2L2,492160,4352,audio_16bit,1,9.433343172073364,4
d128h2L2,492160,4352,audio_16bit,2,8.629013538360596,4
d128h2L2,492160,4352,audio_16bit,3,8.343692302703857,4
d128h2L2,492160,4352,audio_16bit,4,8.20119571685791,4
d128h2L2,492160,4352,audio_8bit,1,8.550362467765808,4
d128h2L2,492160,4352,audio_8bit,2,7.362450838088989,4
d128h2L2,492160,4352,audio_8bit,3,6.935646295547485,4
d128h2L2,492160,4352,audio_8bit,4,6.7531352043151855,4
d128h2L2,492160,4352,cifar10_rgb_hwc,1,9.221870422363281,4
d128h2L2,492160,4352,cifar10_rgb_hwc,2,8.44674269358317,4
d128h2L2,492160,4352,cifar10_rgb_hwc,3,8.150147676467896,4
d128h2L2,492160,4352,cifar10_rgb_hwc,4,7.986578464508057,4
d128h2L2,492160,4352,cifar10_rgb_planar,1,9.170602083206177,4
d128h2L2,492160,4352,cifar10_rgb_planar,2,8.389714876810709,4
d128h2L2,492160,4352,cifar10_rgb_planar,3,8.09013819694519,4
d128h2L2,492160,4352,cifar10_rgb_planar,4,7.924839496612549,4
d128h2L2,492160,4352,dclm,1,5.289883732795715,4
d128h2L2,492160,4352,dclm,2,4.813896099726359,4
d128h2L2,492160,4352,dclm,3,4.660060524940491,4
d128h2L2,492160,4352,dclm,4,4.581254005432129,4
d128h2L2,492160,4352,dclm_ranked,1,8.837941884994507,4
d128h2L2,492160,4352,dclm_ranked,2,8.074259440104166,4
d128h2L2,492160,4352,dclm_ranked,3,7.793009638786316,4
d128h2L2,492160,4352,dclm_ranked,4,7.641064167022705,4
d128h2L2,492160,4352,dna,1,7.610564351081848,4
d128h2L2,492160,4352,dna,2,6.295086145401001,4
d128h2L2,492160,4352,dna,3,5.870280027389526,4
d128h2L2,492160,4352,dna,4,5.673889636993408,4
d128h2L2,492160,4352,esc50_pcm8,1,3.0774996280670166,4
d128h2L2,492160,4352,esc50_pcm8,2,2.7750817934672036,4
d128h2L2,492160,4352,esc50_pcm8,3,2.6758211255073547,4
d128h2L2,492160,4352,esc50_pcm8,4,2.623894691467285,4
d128h2L2,492160,4352,esc50_pcm8_11khz,1,4.0425426959991455,4
d128h2L2,492160,4352,esc50_pcm8_11khz,2,3.7090402841567993,4
d128h2L2,492160,4352,esc50_pcm8_11khz,3,3.5887739062309265,4
d128h2L2,492160,4352,esc50_pcm8_11khz,4,3.524092435836792,4
d128h2L2,492160,4352,kolmogorov_dna,1,6.059359192848206,4
d128h2L2,492160,4352,kolmogorov_dna,2,5.075445890426636,4
d128h2L2,492160,4352,kolmogorov_dna,3,4.787828803062439,4
d128h2L2,492160,4352,kolmogorov_dna,4,4.642488956451416,4
d128h2L2,492160,4352,kolmogorov_text,1,5.318573594093323,4
d128h2L2,492160,4352,kolmogorov_text,2,4.788998365402222,4
d128h2L2,492160,4352,kolmogorov_text,3,4.6234718561172485,4
d128h2L2,492160,4352,kolmogorov_text,4,4.53927755355835,4
d128h2L2,492160,4352,llm_compression_arxiv_math,1,5.300475239753723,4
d128h2L2,492160,4352,llm_compression_arxiv_math,2,4.712967316309611,4
d128h2L2,492160,4352,llm_compression_arxiv_math,3,4.5378148555755615,4
d128h2L2,492160,4352,llm_compression_arxiv_math,4,4.44869327545166,4
d128h2L2,492160,4352,llm_compression_cc,1,5.1502814292907715,4
d128h2L2,492160,4352,llm_compression_cc,2,4.672433455785115,4
d128h2L2,492160,4352,llm_compression_cc,3,4.521717309951782,4
d128h2L2,492160,4352,llm_compression_cc,4,4.444828033447266,4
d128h2L2,492160,4352,llm_compression_python,1,4.878231883049011,4
d128h2L2,492160,4352,llm_compression_python,2,4.355698982874553,4
d128h2L2,492160,4352,llm_compression_python,3,4.191143870353699,4
d128h2L2,492160,4352,llm_compression_python,4,4.105785846710205,4
d128h2L2,492160,4352,metamath,1,4.833067417144775,4
d128h2L2,492160,4352,metamath,2,4.244230270385742,4
d128h2L2,492160,4352,metamath,3,4.076020061969757,4
d128h2L2,492160,4352,metamath,4,3.991384267807007,4
d128h2L2,492160,4352,musicnet_pcm8,1,3.8870511054992676,4
d128h2L2,492160,4352,musicnet_pcm8,2,3.4423585335413613,4
d128h2L2,492160,4352,musicnet_pcm8,3,3.3061742782592773,4
d128h2L2,492160,4352,musicnet_pcm8,4,3.2367630004882812,4
d128h2L2,492160,4352,musicnet_pcm8_11khz,1,4.641335964202881,4
d128h2L2,492160,4352,musicnet_pcm8_11khz,2,4.237829128901164,4
d128h2L2,492160,4352,musicnet_pcm8_11khz,3,4.097883462905884,4
d128h2L2,492160,4352,musicnet_pcm8_11khz,4,4.023392677307129,4
d128h2L2,492160,4352,mutopia_melody_16th,1,3.6164825558662415,4
d128h2L2,492160,4352,mutopia_melody_16th,2,3.2996057271957397,4
d128h2L2,492160,4352,mutopia_melody_16th,3,3.1876569390296936,4
d128h2L2,492160,4352,mutopia_melody_16th,4,3.129476547241211,4
d128h2L2,492160,4352,speech_commands_pcm8,1,3.078640341758728,4
d128h2L2,492160,4352,speech_commands_pcm8,2,2.8112319707870483,4
d128h2L2,492160,4352,speech_commands_pcm8,3,2.717656672000885,4
d128h2L2,492160,4352,speech_commands_pcm8,4,2.6675665378570557,4
d128h2L2,492160,4352,speech_commands_pcm8_8khz,1,3.1676313877105713,4
d128h2L2,492160,4352,speech_commands_pcm8_8khz,2,2.912470579147339,4
d128h2L2,492160,4352,speech_commands_pcm8_8khz,3,2.8182186484336853,4
d128h2L2,492160,4352,speech_commands_pcm8_8khz,4,2.766819715499878,4
d128h2L2,492160,4608,aitdcc_a_protein,1,5.964855313301086,4
d128h2L2,492160,4608,aitdcc_a_protein,2,5.455986340840657,4
d128h2L2,492160,4608,aitdcc_a_protein,3,5.278192520141602,4
d128h2L2,492160,4608,aitdcc_a_protein,4,5.184547424316406,4
d128h2L2,492160,4608,aitdcc_b_c_source,1,5.199276328086853,4
d128h2L2,492160,4608,aitdcc_b_c_source,2,4.588957707087199,4
d128h2L2,492160,4608,aitdcc_b_c_source,3,4.408763885498047,4
d128h2L2,492160,4608,aitdcc_b_c_source,4,4.316986560821533,4
d128h2L2,492160,4608,aitdcc_d_glibc_rand,1,10.39090895652771,4
d128h2L2,492160,4608,aitdcc_d_glibc_rand,2,9.540583292643229,4
d128h2L2,492160,4608,aitdcc_d_glibc_rand,3,9.213265657424927,4
d128h2L2,492160,4608,aitdcc_d_glibc_rand,4,9.034273147583008,4
d128h2L2,492160,4608,aitdcc_e_atlas_float32,1,9.219278812408447,4
d128h2L2,492160,4608,aitdcc_e_atlas_float32,2,8.355222860972086,4
d128h2L2,492160,4608,aitdcc_e_atlas_float32,3,8.032357931137085,4
d128h2L2,492160,4608,aitdcc_e_atlas_float32,4,7.858341217041016,4
d128h2L2,492160,4608,aitdcc_g_astronomy,1,4.190379977226257,4
d128h2L2,492160,4608,aitdcc_g_astronomy,2,3.675621589024862,4
d128h2L2,492160,4608,aitdcc_g_astronomy,3,3.4933448433876038,4
d128h2L2,492160,4608,aitdcc_g_astronomy,4,3.4205241203308105,4
d128h2L2,492160,4608,arithmetic,1,4.424844413995743,4
d128h2L2,492160,4608,arithmetic,2,2.8365479509035745,4
d128h2L2,492160,4608,arithmetic,3,2.3335188031196594,4
d128h2L2,492160,4608,arithmetic,4,2.039438486099243,4
d128h2L2,492160,4608,audio_16bit,1,9.590008020401001,4
d128h2L2,492160,4608,audio_16bit,2,8.733333746592203,4
d128h2L2,492160,4608,audio_16bit,3,8.4181649684906,4
d128h2L2,492160,4608,audio_16bit,4,8.263137817382812,4
d128h2L2,492160,4608,audio_8bit,1,8.745798110961914,4
d128h2L2,492160,4608,audio_8bit,2,7.461121241251628,4
d128h2L2,492160,4608,audio_8bit,3,6.994102954864502,4
d128h2L2,492160,4608,audio_8bit,4,6.811992645263672,4
d128h2L2,492160,4608,cifar10_rgb_hwc,1,9.277339935302734,4
d128h2L2,492160,4608,cifar10_rgb_hwc,2,8.47953462600708,4
d128h2L2,492160,4608,cifar10_rgb_hwc,3,8.175157308578491,4
d128h2L2,492160,4608,cifar10_rgb_hwc,4,8.008098602294922,4
d128h2L2,492160,4608,cifar10_rgb_planar,1,9.224192380905151,4
d128h2L2,492160,4608,cifar10_rgb_planar,2,8.421264171600342,4
d128h2L2,492160,4608,cifar10_rgb_planar,3,8.114277362823486,4
d128h2L2,492160,4608,cifar10_rgb_planar,4,7.9455790519714355,4
d128h2L2,492160,4608,dclm,1,5.319633483886719,4
d128h2L2,492160,4608,dclm,2,4.820142110188802,4
d128h2L2,492160,4608,dclm,3,4.654811859130859,4
d128h2L2,492160,4608,dclm,4,4.569638252258301,4
d128h2L2,492160,4608,dclm_ranked,1,8.935239791870117,4
d128h2L2,492160,4608,dclm_ranked,2,8.1771981716156,4
d128h2L2,492160,4608,dclm_ranked,3,7.904193162918091,4
d128h2L2,492160,4608,dclm_ranked,4,7.758621692657471,4
d128h2L2,492160,4608,dna,1,7.687435507774353,4
d128h2L2,492160,4608,dna,2,6.398744026819865,4
d128h2L2,492160,4608,dna,3,5.9507976770401,4
d128h2L2,492160,4608,dna,4,5.74442195892334,4
d128h2L2,492160,4608,esc50_pcm8,1,3.0716748237609863,4
d128h2L2,492160,4608,esc50_pcm8,2,2.771996855735779,4
d128h2L2,492160,4608,esc50_pcm8,3,2.6738646626472473,4
d128h2L2,492160,4608,esc50_pcm8,4,2.6227269172668457,4
d128h2L2,492160,4608,esc50_pcm8_11khz,1,4.045019745826721,4
d128h2L2,492160,4608,esc50_pcm8_11khz,2,3.707887371381124,4
d128h2L2,492160,4608,esc50_pcm8_11khz,3,3.5871806740760803,4
d128h2L2,492160,4608,esc50_pcm8_11khz,4,3.5224344730377197,4
d128h2L2,492160,4608,kolmogorov_dna,1,6.120584845542908,4
d128h2L2,492160,4608,kolmogorov_dna,2,5.126822551091512,4
d128h2L2,492160,4608,kolmogorov_dna,3,4.819411277770996,4
d128h2L2,492160,4608,kolmogorov_dna,4,4.664802551269531,4
d128h2L2,492160,4608,kolmogorov_text,1,5.333189129829407,4
d128h2L2,492160,4608,kolmogorov_text,2,4.785942792892456,4
d128h2L2,492160,4608,kolmogorov_text,3,4.610429883003235,4
d128h2L2,492160,4608,kolmogorov_text,4,4.520839691162109,4
d128h2L2,492160,4608,llm_compression_arxiv_math,1,5.314844250679016,4
d128h2L2,492160,4608,llm_compression_arxiv_math,2,4.71540633837382,4
d128h2L2,492160,4608,llm_compression_arxiv_math,3,4.531103491783142,4
d128h2L2,492160,4608,llm_compression_arxiv_math,4,4.4370293617248535,4
d128h2L2,492160,4608,llm_compression_cc,1,5.178787589073181,4
d128h2L2,492160,4608,llm_compression_cc,2,4.678993145624797,4
d128h2L2,492160,4608,llm_compression_cc,3,4.517652750015259,4
d128h2L2,492160,4608,llm_compression_cc,4,4.434884071350098,4
d128h2L2,492160,4608,llm_compression_python,1,4.8617377281188965,4
d128h2L2,492160,4608,llm_compression_python,2,4.333500385284424,4
d128h2L2,492160,4608,llm_compression_python,3,4.166531085968018,4
d128h2L2,492160,4608,llm_compression_python,4,4.08077335357666,4
d128h2L2,492160,4608,metamath,1,4.80144202709198,4
d128h2L2,492160,4608,metamath,2,4.226514577865601,4
d128h2L2,492160,4608,metamath,3,4.060952723026276,4
d128h2L2,492160,4608,metamath,4,3.977048873901367,4
d128h2L2,492160,4608,musicnet_pcm8,1,3.8703312277793884,4
d128h2L2,492160,4608,musicnet_pcm8,2,3.4297580321629844,4
d128h2L2,492160,4608,musicnet_pcm8,3,3.2955910563468933,4
d128h2L2,492160,4608,musicnet_pcm8,4,3.2273504734039307,4
d128h2L2,492160,4608,musicnet_pcm8_11khz,1,4.6428035497665405,4
d128h2L2,492160,4608,musicnet_pcm8_11khz,2,4.2326507568359375,4
d128h2L2,492160,4608,musicnet_pcm8_11khz,3,4.092026233673096,4
d128h2L2,492160,4608,musicnet_pcm8_11khz,4,4.017790794372559,4
d128h2L2,492160,4608,mutopia_melody_16th,1,3.607075870037079,4
d128h2L2,492160,4608,mutopia_melody_16th,2,3.29082723458608,4
d128h2L2,492160,4608,mutopia_melody_16th,3,3.1791048645973206,4
d128h2L2,492160,4608,mutopia_melody_16th,4,3.119326114654541,4
d128h2L2,492160,4608,speech_commands_pcm8,1,3.0644280314445496,4
d128h2L2,492160,4608,speech_commands_pcm8,2,2.80260435740153,4
d128h2L2,492160,4608,speech_commands_pcm8,3,2.7119677662849426,4
d128h2L2,492160,4608,speech_commands_pcm8,4,2.663745164871216,4
d128h2L2,492160,4608,speech_commands_pcm8_8khz,1,3.149714767932892,4
d128h2L2,492160,4608,speech_commands_pcm8_8khz,2,2.9023714462916055,4
d128h2L2,492160,4608,speech_commands_pcm8_8khz,3,2.811952590942383,4
d128h2L2,492160,4608,speech_commands_pcm8_8khz,4,2.7627570629119873,4
d128h2L2,492160,4864,aitdcc_a_protein,1,5.989704012870789,4
d128h2L2,492160,4864,aitdcc_a_protein,2,5.466931343078613,4
d128h2L2,492160,4864,aitdcc_a_protein,3,5.2879416942596436,4
d128h2L2,492160,4864,aitdcc_a_protein,4,5.1970014572143555,4
d128h2L2,492160,4864,aitdcc_b_c_source,1,5.147582769393921,4
d128h2L2,492160,4864,aitdcc_b_c_source,2,4.555988709131877,4
d128h2L2,492160,4864,aitdcc_b_c_source,3,4.384536385536194,4
d128h2L2,492160,4864,aitdcc_b_c_source,4,4.2983551025390625,4
d128h2L2,492160,4864,aitdcc_d_glibc_rand,1,10.456058025360107,4
d128h2L2,492160,4864,aitdcc_d_glibc_rand,2,9.610742886861166,4
d128h2L2,492160,4864,aitdcc_d_glibc_rand,3,9.282338619232178,4
d128h2L2,492160,4864,aitdcc_d_glibc_rand,4,9.100544929504395,4
d128h2L2,492160,4864,aitdcc_e_atlas_float32,1,9.306030035018921,4
d128h2L2,492160,4864,aitdcc_e_atlas_float32,2,8.43662691116333,4
d128h2L2,492160,4864,aitdcc_e_atlas_float32,3,8.09434962272644,4
d128h2L2,492160,4864,aitdcc_e_atlas_float32,4,7.903964042663574,4
d128h2L2,492160,4864,aitdcc_g_astronomy,1,4.112536787986755,4
d128h2L2,492160,4864,aitdcc_g_astronomy,2,3.6580154498418174,4
d128h2L2,492160,4864,aitdcc_g_astronomy,3,3.521740674972534,4
d128h2L2,492160,4864,aitdcc_g_astronomy,4,3.4613513946533203,4
d128h2L2,492160,4864,arithmetic,1,4.367020338773727,4
d128h2L2,492160,4864,arithmetic,2,2.763546903928121,4
d128h2L2,492160,4864,arithmetic,3,2.256127655506134,4
d128h2L2,492160,4864,arithmetic,4,1.9665204286575317,4
d128h2L2,492160,4864,audio_16bit,1,9.67518401145935,4
d128h2L2,492160,4864,audio_16bit,2,8.79828437169393,4
d128h2L2,492160,4864,audio_16bit,3,8.462985515594482,4
d128h2L2,492160,4864,audio_16bit,4,8.304769515991211,4
d128h2L2,492160,4864,audio_8bit,1,8.87291157245636,4
d128h2L2,492160,4864,audio_8bit,2,7.5112939675649,4
d128h2L2,492160,4864,audio_8bit,3,7.033722877502441,4
d128h2L2,492160,4864,audio_8bit,4,6.8510589599609375,4
d128h2L2,492160,4864,cifar10_rgb_hwc,1,9.300349235534668,4
d128h2L2,492160,4864,cifar10_rgb_hwc,2,8.489661852518717,4
d128h2L2,492160,4864,cifar10_rgb_hwc,3,8.183883428573608,4
d128h2L2,492160,4864,cifar10_rgb_hwc,4,8.016494750976562,4
d128h2L2,492160,4864,cifar10_rgb_planar,1,9.247448921203613,4
d128h2L2,492160,4864,cifar10_rgb_planar,2,8.431590874989828,4
d128h2L2,492160,4864,cifar10_rgb_planar,3,8.123368978500366,4
d128h2L2,492160,4864,cifar10_rgb_planar,4,7.954549789428711,4
d128h2L2,492160,4864,dclm,1,5.228245139122009,4
d128h2L2,492160,4864,dclm,2,4.7610289255778,4
d128h2L2,492160,4864,dclm,3,4.606404542922974,4
d128h2L2,492160,4864,dclm,4,4.527032375335693,4
d128h2L2,492160,4864,dclm_ranked,1,9.149549961090088,4
d128h2L2,492160,4864,dclm_ranked,2,8.350621779759726,4
d128h2L2,492160,4864,dclm_ranked,3,8.059266805648804,4
d128h2L2,492160,4864,dclm_ranked,4,7.908636093139648,4
d128h2L2,492160,4864,dna,1,7.9656877517700195,4
d128h2L2,492160,4864,dna,2,6.6297149658203125,4
d128h2L2,492160,4864,dna,3,6.147847414016724,4
d128h2L2,492160,4864,dna,4,5.915653705596924,4
d128h2L2,492160,4864,esc50_pcm8,1,3.061513900756836,4
d128h2L2,492160,4864,esc50_pcm8,2,2.7738162676493325,4
d128h2L2,492160,4864,esc50_pcm8,3,2.6784653663635254,4
d128h2L2,492160,4864,esc50_pcm8,4,2.628901958465576,4
d128h2L2,492160,4864,esc50_pcm8_11khz,1,4.0372374057769775,4
d128h2L2,492160,4864,esc50_pcm8_11khz,2,3.7096568743387857,4
d128h2L2,492160,4864,esc50_pcm8_11khz,3,3.5914042592048645,4
d128h2L2,492160,4864,esc50_pcm8_11khz,4,3.528235673904419,4
d128h2L2,492160,4864,kolmogorov_dna,1,6.2658761739730835,4
d128h2L2,492160,4864,kolmogorov_dna,2,5.224389870961507,4
d128h2L2,492160,4864,kolmogorov_dna,3,4.898269414901733,4
d128h2L2,492160,4864,kolmogorov_dna,4,4.736342906951904,4
d128h2L2,492160,4864,kolmogorov_text,1,5.266716718673706,4
d128h2L2,492160,4864,kolmogorov_text,2,4.742796977361043,4
d128h2L2,492160,4864,kolmogorov_text,3,4.576744079589844,4
d128h2L2,492160,4864,kolmogorov_text,4,4.492476940155029,4
d128h2L2,492160,4864,llm_compression_arxiv_math,1,5.236276626586914,4
d128h2L2,492160,4864,llm_compression_arxiv_math,2,4.670206387837728,4
d128h2L2,492160,4864,llm_compression_arxiv_math,3,4.499069690704346,4
d128h2L2,492160,4864,llm_compression_arxiv_math,4,4.412617206573486,4
d128h2L2,492160,4864,llm_compression_cc,1,5.092877984046936,4
d128h2L2,492160,4864,llm_compression_cc,2,4.624223470687866,4
d128h2L2,492160,4864,llm_compression_cc,3,4.4731820821762085,4
d128h2L2,492160,4864,llm_compression_cc,4,4.396035671234131,4
d128h2L2,492160,4864,llm_compression_python,1,4.809938669204712,4
d128h2L2,492160,4864,llm_compression_python,2,4.310777982076009,4
d128h2L2,492160,4864,llm_compression_python,3,4.154424667358398,4
d128h2L2,492160,4864,llm_compression_python,4,4.0742716789245605,4
d128h2L2,492160,4864,metamath,1,4.739351511001587,4
d128h2L2,492160,4864,metamath,2,4.181360085805257,4
d128h2L2,492160,4864,metamath,3,4.025521695613861,4
d128h2L2,492160,4864,metamath,4,3.948232650756836,4
d128h2L2,492160,4864,musicnet_pcm8,1,3.850861072540283,4
d128h2L2,492160,4864,musicnet_pcm8,2,3.430299083391825,4
d128h2L2,492160,4864,musicnet_pcm8,3,3.30108505487442,4
d128h2L2,492160,4864,musicnet_pcm8,4,3.2358763217926025,4
d128h2L2,492160,4864,musicnet_pcm8_11khz,1,4.624478578567505,4
d128h2L2,492160,4864,musicnet_pcm8_11khz,2,4.235287268956502,4
d128h2L2,492160,4864,musicnet_pcm8_11khz,3,4.099604606628418,4
d128h2L2,492160,4864,musicnet_pcm8_11khz,4,4.0283122062683105,4
d128h2L2,492160,4864,mutopia_melody_16th,1,3.6252514719963074,4
d128h2L2,492160,4864,mutopia_melody_16th,2,3.301884730656942,4
d128h2L2,492160,4864,mutopia_melody_16th,3,3.1880545020103455,4
d128h2L2,492160,4864,mutopia_melody_16th,4,3.1290781497955322,4
d128h2L2,492160,4864,speech_commands_pcm8,1,3.0530415177345276,4
d128h2L2,492160,4864,speech_commands_pcm8,2,2.8040995995203652,4
d128h2L2,492160,4864,speech_commands_pcm8,3,2.7160545587539673,4
d128h2L2,492160,4864,speech_commands_pcm8,4,2.6693429946899414,4
d128h2L2,492160,4864,speech_commands_pcm8_8khz,1,3.1487096548080444,4
d128h2L2,492160,4864,speech_commands_pcm8_8khz,2,2.9094714721043906,4
d128h2L2,492160,4864,speech_commands_pcm8_8khz,3,2.820949912071228,4
d128h2L2,492160,4864,speech_commands_pcm8_8khz,4,2.773075580596924,4
d128h2L2,492160,5120,aitdcc_a_protein,1,6.084025502204895,4
d128h2L2,492160,5120,aitdcc_a_protein,2,5.5118294556935625,4
d128h2L2,492160,5120,aitdcc_a_protein,3,5.324016571044922,4
d128h2L2,492160,5120,aitdcc_a_protein,4,5.227393627166748,4
d128h2L2,492160,5120,aitdcc_b_c_source,1,5.237491011619568,4
d128h2L2,492160,5120,aitdcc_b_c_source,2,4.6107423305511475,4
d128h2L2,492160,5120,aitdcc_b_c_source,3,4.4254618883132935,4
d128h2L2,492160,5120,aitdcc_b_c_source,4,4.331042766571045,4
d128h2L2,492160,5120,aitdcc_d_glibc_rand,1,10.563056945800781,4
d128h2L2,492160,5120,aitdcc_d_glibc_rand,2,9.697948932647705,4
d128h2L2,492160,5120,aitdcc_d_glibc_rand,3,9.360909461975098,4
d128h2L2,492160,5120,aitdcc_d_glibc_rand,4,9.174560546875,4
d128h2L2,492160,5120,aitdcc_e_atlas_float32,1,9.300784349441528,4
d128h2L2,492160,5120,aitdcc_e_atlas_float32,2,8.433664004007975,4
d128h2L2,492160,5120,aitdcc_e_atlas_float32,3,8.097538948059082,4
d128h2L2,492160,5120,aitdcc_e_atlas_float32,4,7.913691997528076,4
d128h2L2,492160,5120,aitdcc_g_astronomy,1,3.993734121322632,4
d128h2L2,492160,5120,aitdcc_g_astronomy,2,3.6039472023646035,4
d128h2L2,492160,5120,aitdcc_g_astronomy,3,3.473663032054901,4
d128h2L2,492160,5120,aitdcc_g_astronomy,4,3.410778760910034,4
d128h2L2,492160,5120,arithmetic,1,4.203202247619629,4
d128h2L2,492160,5120,arithmetic,2,2.617534875869751,4
d128h2L2,492160,5120,arithmetic,3,2.154743939638138,4
d128h2L2,492160,5120,arithmetic,4,1.8852035999298096,4
d128h2L2,492160,5120,audio_16bit,1,9.744948148727417,4
d128h2L2,492160,5120,audio_16bit,2,8.872371832529703,4
d128h2L2,492160,5120,audio_16bit,3,8.545294761657715,4
d128h2L2,492160,5120,audio_16bit,4,8.38227367401123,4
d128h2L2,492160,5120,audio_8bit,1,8.743383169174194,4
d128h2L2,492160,5120,audio_8bit,2,7.461034377415975,4
d128h2L2,492160,5120,audio_8bit,3,7.026122212409973,4
d128h2L2,492160,5120,audio_8bit,4,6.844813346862793,4
d128h2L2,492160,5120,cifar10_rgb_hwc,1,9.397072315216064,4
d128h2L2,492160,5120,cifar10_rgb_hwc,2,8.561899185180664,4
d128h2L2,492160,5120,cifar10_rgb_hwc,3,8.245935916900635,4
d128h2L2,492160,5120,cifar10_rgb_hwc,4,8.07325553894043,4
d128h2L2,492160,5120,cifar10_rgb_planar,1,9.332992553710938,4
d128h2L2,492160,5120,cifar10_rgb_planar,2,8.492043495178223,4
d128h2L2,492160,5120,cifar10_rgb_planar,3,8.173274517059326,4
d128h2L2,492160,5120,cifar10_rgb_planar,4,7.998805046081543,4
d128h2L2,492160,5120,dclm,1,5.335437297821045,4
d128h2L2,492160,5120,dclm,2,4.828025182088216,4
d128h2L2,492160,5120,dclm,3,4.6634663343429565,4
d128h2L2,492160,5120,dclm,4,4.578397750854492,4
d128h2L2,492160,5120,dclm_ranked,1,9.177669763565063,4
d128h2L2,492160,5120,dclm_ranked,2,8.358330011367798,4
d128h2L2,492160,5120,dclm_ranked,3,8.038175463676453,4
d128h2L2,492160,5120,dclm_ranked,4,7.865622520446777,4
d128h2L2,492160,5120,dna,1,7.748071312904358,4
d128h2L2,492160,5120,dna,2,6.388915300369263,4
d128h2L2,492160,5120,dna,3,5.922754764556885,4
d128h2L2,492160,5120,dna,4,5.700851917266846,4
d128h2L2,492160,5120,esc50_pcm8,1,3.0742960572242737,4
d128h2L2,492160,5120,esc50_pcm8,2,2.771987199783325,4
d128h2L2,492160,5120,esc50_pcm8,3,2.6726906299591064,4
d128h2L2,492160,5120,esc50_pcm8,4,2.6209685802459717,4
d128h2L2,492160,5120,esc50_pcm8_11khz,1,4.0649378299713135,4
d128h2L2,492160,5120,esc50_pcm8_11khz,2,3.721040964126587,4
d128h2L2,492160,5120,esc50_pcm8_11khz,3,3.597888469696045,4
d128h2L2,492160,5120,esc50_pcm8_11khz,4,3.532172679901123,4
d128h2L2,492160,5120,kolmogorov_dna,1,6.196550369262695,4
d128h2L2,492160,5120,kolmogorov_dna,2,5.158934831619263,4
d128h2L2,492160,5120,kolmogorov_dna,3,4.8288843631744385,4
d128h2L2,492160,5120,kolmogorov_dna,4,4.6613569259643555,4
d128h2L2,492160,5120,kolmogorov_text,1,5.359916806221008,4
d128h2L2,492160,5120,kolmogorov_text,2,4.8055219650268555,4
d128h2L2,492160,5120,kolmogorov_text,3,4.630972146987915,4
d128h2L2,492160,5120,kolmogorov_text,4,4.541303634643555,4
d128h2L2,492160,5120,llm_compression_arxiv_math,1,5.302287220954895,4
d128h2L2,492160,5120,llm_compression_arxiv_math,2,4.708613475163777,4
d128h2L2,492160,5120,llm_compression_arxiv_math,3,4.527585387229919,4
d128h2L2,492160,5120,llm_compression_arxiv_math,4,4.4346771240234375,4
d128h2L2,492160,5120,llm_compression_cc,1,5.187399864196777,4
d128h2L2,492160,5120,llm_compression_cc,2,4.681467692057292,4
d128h2L2,492160,5120,llm_compression_cc,3,4.52146852016449,4
d128h2L2,492160,5120,llm_compression_cc,4,4.438992977142334,4
d128h2L2,492160,5120,llm_compression_python,1,4.895738482475281,4
d128h2L2,492160,5120,llm_compression_python,2,4.35001786549886,4
d128h2L2,492160,5120,llm_compression_python,3,4.180078864097595,4
d128h2L2,492160,5120,llm_compression_python,4,4.092533111572266,4
d128h2L2,492160,5120,metamath,1,4.81269097328186,4
d128h2L2,492160,5120,metamath,2,4.233213345209758,4
d128h2L2,492160,5120,metamath,3,4.070250749588013,4
d128h2L2,492160,5120,metamath,4,3.9872305393218994,4
d128h2L2,492160,5120,musicnet_pcm8,1,3.8551294207572937,4
d128h2L2,492160,5120,musicnet_pcm8,2,3.415403683980306,4
d128h2L2,492160,5120,musicnet_pcm8,3,3.280437409877777,4
d128h2L2,492160,5120,musicnet_pcm8,4,3.2116997241973877,4
d128h2L2,492160,5120,musicnet_pcm8_11khz,1,4.6572054624557495,4
d128h2L2,492160,5120,musicnet_pcm8_11khz,2,4.245117108027141,4
d128h2L2,492160,5120,musicnet_pcm8_11khz,3,4.102740526199341,4
d128h2L2,492160,5120,musicnet_pcm8_11khz,4,4.027883052825928,4
d128h2L2,492160,5120,mutopia_melody_16th,1,3.6202080249786377,4
d128h2L2,492160,5120,mutopia_melody_16th,2,3.2917490005493164,4
d128h2L2,492160,5120,mutopia_melody_16th,3,3.1757709980010986,4
d128h2L2,492160,5120,mutopia_melody_16th,4,3.1132240295410156,4
d128h2L2,492160,5120,speech_commands_pcm8,1,3.0759869813919067,4
d128h2L2,492160,5120,speech_commands_pcm8,2,2.8094322284062705,4
d128h2L2,492160,5120,speech_commands_pcm8,3,2.7168418765068054,4
d128h2L2,492160,5120,speech_commands_pcm8,4,2.66770076751709,4
d128h2L2,492160,5120,speech_commands_pcm8_8khz,1,3.173292577266693,4
d128h2L2,492160,5120,speech_commands_pcm8_8khz,2,2.9142408768335977,4
d128h2L2,492160,5120,speech_commands_pcm8_8khz,3,2.8202401995658875,4
d128h2L2,492160,5120,speech_commands_pcm8_8khz,4,2.769514322280884,4
d128h2L2,492160,5376,aitdcc_a_protein,1,6.001285672187805,4
d128h2L2,492160,5376,aitdcc_a_protein,2,5.494052807490031,4
d128h2L2,492160,5376,aitdcc_a_protein,3,5.326262354850769,4
d128h2L2,492160,5376,aitdcc_a_protein,4,5.2400689125061035,4
d128h2L2,492160,5376,aitdcc_b_c_source,1,5.124227404594421,4
d128h2L2,492160,5376,aitdcc_b_c_source,2,4.545518795649211,4
d128h2L2,492160,5376,aitdcc_b_c_source,3,4.377948880195618,4
d128h2L2,492160,5376,aitdcc_b_c_source,4,4.293374061584473,4
d128h2L2,492160,5376,aitdcc_d_glibc_rand,1,10.603303909301758,4
d128h2L2,492160,5376,aitdcc_d_glibc_rand,2,9.740064144134521,4
d128h2L2,492160,5376,aitdcc_d_glibc_rand,3,9.399089097976685,4
d128h2L2,492160,5376,aitdcc_d_glibc_rand,4,9.209549903869629,4
d128h2L2,492160,5376,aitdcc_e_atlas_float32,1,9.370126247406006,4
d128h2L2,492160,5376,aitdcc_e_atlas_float32,2,8.516952355702719,4
d128h2L2,492160,5376,aitdcc_e_atlas_float32,3,8.181718826293945,4
d128h2L2,492160,5376,aitdcc_e_atlas_float32,4,7.995619773864746,4
d128h2L2,492160,5376,aitdcc_g_astronomy,1,4.067140281200409,4
d128h2L2,492160,5376,aitdcc_g_astronomy,2,3.681067864100138,4
d128h2L2,492160,5376,aitdcc_g_astronomy,3,3.53873610496521,4
d128h2L2,492160,5376,aitdcc_g_astronomy,4,3.476907968521118,4
d128h2L2,492160,5376,arithmetic,1,4.101485878229141,4
d128h2L2,492160,5376,arithmetic,2,2.507307708263397,4
d128h2L2,492160,5376,arithmetic,3,2.060284525156021,4
d128h2L2,492160,5376,arithmetic,4,1.810188889503479,4
d128h2L2,492160,5376,audio_16bit,1,9.85190749168396,4
d128h2L2,492160,5376,audio_16bit,2,8.956441720326742,4
d128h2L2,492160,5376,audio_16bit,3,8.623063564300537,4
d128h2L2,492160,5376,audio_16bit,4,8.45175838470459,4
d128h2L2,492160,5376,audio_8bit,1,8.807117342948914,4
d128h2L2,492160,5376,audio_8bit,2,7.490163962046306,4
d128h2L2,492160,5376,audio_8bit,3,7.036917567253113,4
d128h2L2,492160,5376,audio_8bit,4,6.86290979385376,4
d128h2L2,492160,5376,cifar10_rgb_hwc,1,9.389337539672852,4
d128h2L2,492160,5376,cifar10_rgb_hwc,2,8.557501475016275,4
d128h2L2,492160,5376,cifar10_rgb_hwc,3,8.243138790130615,4
d128h2L2,492160,5376,cifar10_rgb_hwc,4,8.070990562438965,4
d128h2L2,492160,5376,cifar10_rgb_planar,1,9.335672378540039,4
d128h2L2,492160,5376,cifar10_rgb_planar,2,8.496781667073568,4
d128h2L2,492160,5376,cifar10_rgb_planar,3,8.179065704345703,4
d128h2L2,492160,5376,cifar10_rgb_planar,4,8.00467300415039,4
d128h2L2,492160,5376,dclm,1,5.210219025611877,4
d128h2L2,492160,5376,dclm,2,4.766157309214274,4
d128h2L2,492160,5376,dclm,3,4.625425815582275,4
d128h2L2,492160,5376,dclm,4,4.554261207580566,4
d128h2L2,492160,5376,dclm_ranked,1,9.120689630508423,4
d128h2L2,492160,5376,dclm_ranked,2,8.340828577677408,4
d128h2L2,492160,5376,dclm_ranked,3,8.048000574111938,4
d128h2L2,492160,5376,dclm_ranked,4,7.8950514793396,4
d128h2L2,492160,5376,dna,1,7.667676329612732,4
d128h2L2,492160,5376,dna,2,6.433859348297119,4
d128h2L2,492160,5376,dna,3,5.994697213172913,4
d128h2L2,492160,5376,dna,4,5.7777934074401855,4
d128h2L2,492160,5376,esc50_pcm8,1,3.0778293013572693,4
d128h2L2,492160,5376,esc50_pcm8,2,2.7743752002716064,4
d128h2L2,492160,5376,esc50_pcm8,3,2.675350606441498,4
d128h2L2,492160,5376,esc50_pcm8,4,2.62362003326416,4
d128h2L2,492160,5376,esc50_pcm8_11khz,1,4.072582960128784,4
d128h2L2,492160,5376,esc50_pcm8_11khz,2,3.724863131841024,4
d128h2L2,492160,5376,esc50_pcm8_11khz,3,3.600680947303772,4
d128h2L2,492160,5376,esc50_pcm8_11khz,4,3.534329891204834,4
d128h2L2,492160,5376,kolmogorov_dna,1,6.185407638549805,4
d128h2L2,492160,5376,kolmogorov_dna,2,5.119132041931152,4
d128h2L2,492160,5376,kolmogorov_dna,3,4.816537022590637,4
d128h2L2,492160,5376,kolmogorov_dna,4,4.669023036956787,4
d128h2L2,492160,5376,kolmogorov_text,1,5.235602021217346,4
d128h2L2,492160,5376,kolmogorov_text,2,4.7390525341033936,4
d128h2L2,492160,5376,kolmogorov_text,3,4.585169315338135,4
d128h2L2,492160,5376,kolmogorov_text,4,4.507175445556641,4
d128h2L2,492160,5376,llm_compression_arxiv_math,1,5.2042237520217896,4
d128h2L2,492160,5376,llm_compression_arxiv_math,2,4.6608108679453535,4
d128h2L2,492160,5376,llm_compression_arxiv_math,3,4.4971325397491455,4
d128h2L2,492160,5376,llm_compression_arxiv_math,4,4.4137864112854,4
d128h2L2,492160,5376,llm_compression_cc,1,5.067320466041565,4
d128h2L2,492160,5376,llm_compression_cc,2,4.622685511906941,4
d128h2L2,492160,5376,llm_compression_cc,3,4.484797716140747,4
d128h2L2,492160,5376,llm_compression_cc,4,4.415031433105469,4
d128h2L2,492160,5376,llm_compression_python,1,4.794141888618469,4
d128h2L2,492160,5376,llm_compression_python,2,4.30181352297465,4
d128h2L2,492160,5376,llm_compression_python,3,4.148485779762268,4
d128h2L2,492160,5376,llm_compression_python,4,4.0694899559021,4
d128h2L2,492160,5376,metamath,1,4.710476875305176,4
d128h2L2,492160,5376,metamath,2,4.165963649749756,4
d128h2L2,492160,5376,metamath,3,4.0141521692276,4
d128h2L2,492160,5376,metamath,4,3.937213659286499,4
d128h2L2,492160,5376,musicnet_pcm8,1,3.8456478118896484,4
d128h2L2,492160,5376,musicnet_pcm8,2,3.410630981127421,4
d128h2L2,492160,5376,musicnet_pcm8,3,3.279170036315918,4
d128h2L2,492160,5376,musicnet_pcm8,4,3.2121219635009766,4
d128h2L2,492160,5376,musicnet_pcm8_11khz,1,4.661433577537537,4
d128h2L2,492160,5376,musicnet_pcm8_11khz,2,4.247097651163737,4
d128h2L2,492160,5376,musicnet_pcm8_11khz,3,4.104919075965881,4
d128h2L2,492160,5376,musicnet_pcm8_11khz,4,4.030050754547119,4
d128h2L2,492160,5376,mutopia_melody_16th,1,3.634688913822174,4
d128h2L2,492160,5376,mutopia_melody_16th,2,3.3057651122411094,4
d128h2L2,492160,5376,mutopia_melody_16th,3,3.190605103969574,4
d128h2L2,492160,5376,mutopia_melody_16th,4,3.1294503211975098,4
d128h2L2,492160,5376,speech_commands_pcm8,1,3.0829755663871765,4
d128h2L2,492160,5376,speech_commands_pcm8,2,2.815195401509603,4
d128h2L2,492160,5376,speech_commands_pcm8,3,2.7226564288139343,4
d128h2L2,492160,5376,speech_commands_pcm8,4,2.673482894897461,4
d128h2L2,492160,5376,speech_commands_pcm8_8khz,1,3.1831756234169006,4
d128h2L2,492160,5376,speech_commands_pcm8_8khz,2,2.9247028827667236,4
d128h2L2,492160,5376,speech_commands_pcm8_8khz,3,2.831243574619293,4
d128h2L2,492160,5376,speech_commands_pcm8_8khz,4,2.7809226512908936,4
d128h2L2,492160,5632,aitdcc_a_protein,1,5.9942978620529175,4
d128h2L2,492160,5632,aitdcc_a_protein,2,5.496051708857219,4
d128h2L2,492160,5632,aitdcc_a_protein,3,5.327014088630676,4
d128h2L2,492160,5632,aitdcc_a_protein,4,5.240107536315918,4
d128h2L2,492160,5632,aitdcc_b_c_source,1,5.1439865827560425,4
d128h2L2,492160,5632,aitdcc_b_c_source,2,4.564824183781941,4
d128h2L2,492160,5632,aitdcc_b_c_source,3,4.393576622009277,4
d128h2L2,492160,5632,aitdcc_b_c_source,4,4.306606769561768,4
d128h2L2,492160,5632,aitdcc_d_glibc_rand,1,10.481858968734741,4
d128h2L2,492160,5632,aitdcc_d_glibc_rand,2,9.63581387201945,4
d128h2L2,492160,5632,aitdcc_d_glibc_rand,3,9.300802946090698,4
d128h2L2,492160,5632,aitdcc_d_glibc_rand,4,9.114421844482422,4
d128h2L2,492160,5632,aitdcc_e_atlas_float32,1,9.297383069992065,4
d128h2L2,492160,5632,aitdcc_e_atlas_float32,2,8.44935655593872,4
d128h2L2,492160,5632,aitdcc_e_atlas_float32,3,8.1127188205719,4
d128h2L2,492160,5632,aitdcc_e_atlas_float32,4,7.926259517669678,4
d128h2L2,492160,5632,aitdcc_g_astronomy,1,3.884309768676758,4
d128h2L2,492160,5632,aitdcc_g_astronomy,2,3.525855620702108,4
d128h2L2,492160,5632,aitdcc_g_astronomy,3,3.402782618999481,4
d128h2L2,492160,5632,aitdcc_g_astronomy,4,3.34639310836792,4
d128h2L2,492160,5632,arithmetic,1,4.0654988288879395,4
d128h2L2,492160,5632,arithmetic,2,2.5352107882499695,4
d128h2L2,492160,5632,arithmetic,3,2.0803709626197815,4
d128h2L2,492160,5632,arithmetic,4,1.8386242389678955,4
d128h2L2,492160,5632,audio_16bit,1,9.946696043014526,4
d128h2L2,492160,5632,audio_16bit,2,9.041683355967203,4
d128h2L2,492160,5632,audio_16bit,3,8.69292140007019,4
d128h2L2,492160,5632,audio_16bit,4,8.511527061462402,4
d128h2L2,492160,5632,audio_8bit,1,8.909698367118835,4
d128h2L2,492160,5632,audio_8bit,2,7.62583065032959,4
d128h2L2,492160,5632,audio_8bit,3,7.188119173049927,4
d128h2L2,492160,5632,audio_8bit,4,7.0058369636535645,4
d128h2L2,492160,5632,cifar10_rgb_hwc,1,9.364571809768677,4
d128h2L2,492160,5632,cifar10_rgb_hwc,2,8.529788335164389,4
d128h2L2,492160,5632,cifar10_rgb_hwc,3,8.215559005737305,4
d128h2L2,492160,5632,cifar10_rgb_hwc,4,8.044285774230957,4
d128h2L2,492160,5632,cifar10_rgb_planar,1,9.307888269424438,4
d128h2L2,492160,5632,cifar10_rgb_planar,2,8.467582702636719,4
d128h2L2,492160,5632,cifar10_rgb_planar,3,8.149376153945923,4
d128h2L2,492160,5632,cifar10_rgb_planar,4,7.975531578063965,4
d128h2L2,492160,5632,dclm,1,5.242928624153137,4
d128h2L2,492160,5632,dclm,2,4.784918705622355,4
d128h2L2,492160,5632,dclm,3,4.6389230489730835,4
d128h2L2,492160,5632,dclm,4,4.564495086669922,4
d128h2L2,492160,5632,dclm_ranked,1,9.348662614822388,4
d128h2L2,492160,5632,dclm_ranked,2,8.469804922739664,4
d128h2L2,492160,5632,dclm_ranked,3,8.138757348060608,4
d128h2L2,492160,5632,dclm_ranked,4,7.9701080322265625,4
d128h2L2,492160,5632,dna,1,7.78748881816864,4
d128h2L2,492160,5632,dna,2,6.602139075597127,4
d128h2L2,492160,5632,dna,3,6.145351052284241,4
d128h2L2,492160,5632,dna,4,5.899516582489014,4
d128h2L2,492160,5632,esc50_pcm8,1,3.0765190720558167,4
d128h2L2,492160,5632,esc50_pcm8,2,2.7807716925938926,4
d128h2L2,492160,5632,esc50_pcm8,3,2.6835910081863403,4
d128h2L2,492160,5632,esc50_pcm8,4,2.6330888271331787,4
d128h2L2,492160,5632,esc50_pcm8_11khz,1,4.069597065448761,4
d128h2L2,492160,5632,esc50_pcm8_11khz,2,3.7295800844828286,4
d128h2L2,492160,5632,esc50_pcm8_11khz,3,3.6075189113616943,4
d128h2L2,492160,5632,esc50_pcm8_11khz,4,3.5425941944122314,4
d128h2L2,492160,5632,kolmogorov_dna,1,6.318139314651489,4
d128h2L2,492160,5632,kolmogorov_dna,2,5.327759265899658,4
d128h2L2,492160,5632,kolmogorov_dna,3,5.01552140712738,4
d128h2L2,492160,5632,kolmogorov_dna,4,4.854599475860596,4
d128h2L2,492160,5632,kolmogorov_text,1,5.263649821281433,4
d128h2L2,492160,5632,kolmogorov_text,2,4.75890835126241,4
d128h2L2,492160,5632,kolmogorov_text,3,4.601503849029541,4
d128h2L2,492160,5632,kolmogorov_text,4,4.521626949310303,4
d128h2L2,492160,5632,llm_compression_arxiv_math,1,5.235236883163452,4
d128h2L2,492160,5632,llm_compression_arxiv_math,2,4.677872657775879,4
d128h2L2,492160,5632,llm_compression_arxiv_math,3,4.509251236915588,4
d128h2L2,492160,5632,llm_compression_arxiv_math,4,4.42324161529541,4
d128h2L2,492160,5632,llm_compression_cc,1,5.102355718612671,4
d128h2L2,492160,5632,llm_compression_cc,2,4.643416325251262,4
d128h2L2,492160,5632,llm_compression_cc,3,4.500182390213013,4
d128h2L2,492160,5632,llm_compression_cc,4,4.427410125732422,4
d128h2L2,492160,5632,llm_compression_python,1,4.741840600967407,4
d128h2L2,492160,5632,llm_compression_python,2,4.258696715037028,4
d128h2L2,492160,5632,llm_compression_python,3,4.105051040649414,4
d128h2L2,492160,5632,llm_compression_python,4,4.025370121002197,4
d128h2L2,492160,5632,metamath,1,4.725327968597412,4
d128h2L2,492160,5632,metamath,2,4.179577827453613,4
d128h2L2,492160,5632,metamath,3,4.020121991634369,4
d128h2L2,492160,5632,metamath,4,3.939695358276367,4
d128h2L2,492160,5632,musicnet_pcm8,1,3.834626317024231,4
d128h2L2,492160,5632,musicnet_pcm8,2,3.4171453714370728,4
d128h2L2,492160,5632,musicnet_pcm8,3,3.288105547428131,4
d128h2L2,492160,5632,musicnet_pcm8,4,3.222261667251587,4
d128h2L2,492160,5632,musicnet_pcm8_11khz,1,4.657794237136841,4
d128h2L2,492160,5632,musicnet_pcm8_11khz,2,4.2559787432352705,4
d128h2L2,492160,5632,musicnet_pcm8_11khz,3,4.116421580314636,4
d128h2L2,492160,5632,musicnet_pcm8_11khz,4,4.043211460113525,4
d128h2L2,492160,5632,mutopia_melody_16th,1,3.5965415239334106,4
d128h2L2,492160,5632,mutopia_melody_16th,2,3.2833267052968345,4
d128h2L2,492160,5632,mutopia_melody_16th,3,3.1720674633979797,4
d128h2L2,492160,5632,mutopia_melody_16th,4,3.1115915775299072,4
d128h2L2,492160,5632,speech_commands_pcm8,1,3.0770183801651,4
d128h2L2,492160,5632,speech_commands_pcm8,2,2.8178188800811768,4
d128h2L2,492160,5632,speech_commands_pcm8,3,2.7274765968322754,4
d128h2L2,492160,5632,speech_commands_pcm8,4,2.6796185970306396,4
d128h2L2,492160,5632,speech_commands_pcm8_8khz,1,3.1757426857948303,4
d128h2L2,492160,5632,speech_commands_pcm8_8khz,2,2.925490697224935,4
d128h2L2,492160,5632,speech_commands_pcm8_8khz,3,2.835006356239319,4
d128h2L2,492160,5632,speech_commands_pcm8_8khz,4,2.786384344100952,4
d128h2L2,492160,5888,aitdcc_a_protein,1,5.966451644897461,4
d128h2L2,492160,5888,aitdcc_a_protein,2,5.4695204099019366,4
d128h2L2,492160,5888,aitdcc_a_protein,3,5.304195046424866,4
d128h2L2,492160,5888,aitdcc_a_protein,4,5.218883037567139,4
d128h2L2,492160,5888,aitdcc_b_c_source,1,5.194577097892761,4
d128h2L2,492160,5888,aitdcc_b_c_source,2,4.591450929641724,4
d128h2L2,492160,5888,aitdcc_b_c_source,3,4.417075276374817,4
d128h2L2,492160,5888,aitdcc_b_c_source,4,4.328218460083008,4
d128h2L2,492160,5888,aitdcc_d_glibc_rand,1,10.604502439498901,4
d128h2L2,492160,5888,aitdcc_d_glibc_rand,2,9.748725096384684,4
d128h2L2,492160,5888,aitdcc_d_glibc_rand,3,9.403875589370728,4
d128h2L2,492160,5888,aitdcc_d_glibc_rand,4,9.20969009399414,4
d128h2L2,492160,5888,aitdcc_e_atlas_float32,1,9.350738763809204,4
d128h2L2,492160,5888,aitdcc_e_atlas_float32,2,8.465161005655924,4
d128h2L2,492160,5888,aitdcc_e_atlas_float32,3,8.120217561721802,4
d128h2L2,492160,5888,aitdcc_e_atlas_float32,4,7.930402755737305,4
d128h2L2,492160,5888,aitdcc_g_astronomy,1,3.9252458214759827,4
d128h2L2,492160,5888,aitdcc_g_astronomy,2,3.5371505419413247,4
d128h2L2,492160,5888,aitdcc_g_astronomy,3,3.3988747596740723,4
d128h2L2,492160,5888,aitdcc_g_astronomy,4,3.3371424674987793,4
d128h2L2,492160,5888,arithmetic,1,3.991274058818817,4
d128h2L2,492160,5888,arithmetic,2,2.4532968004544577,4
d128h2L2,492160,5888,arithmetic,3,2.0457701683044434,4
d128h2L2,492160,5888,arithmetic,4,1.8283377885818481,4
d128h2L2,492160,5888,audio_16bit,1,9.92441987991333,4
d128h2L2,492160,5888,audio_16bit,2,8.989129861195883,4
d128h2L2,492160,5888,audio_16bit,3,8.643090009689331,4
d128h2L2,492160,5888,audio_16bit,4,8.460741996765137,4
d128h2L2,492160,5888,audio_8bit,1,8.82548725605011,4
d128h2L2,492160,5888,audio_8bit,2,7.6037529309590655,4
d128h2L2,492160,5888,audio_8bit,3,7.235785603523254,4
d128h2L2,492160,5888,audio_8bit,4,7.058817386627197,4
d128h2L2,492160,5888,cifar10_rgb_hwc,1,9.449886322021484,4
d128h2L2,492160,5888,cifar10_rgb_hwc,2,8.6029003461202,4
d128h2L2,492160,5888,cifar10_rgb_hwc,3,8.28471326828003,4
d128h2L2,492160,5888,cifar10_rgb_hwc,4,8.111156463623047,4
d128h2L2,492160,5888,cifar10_rgb_planar,1,9.384369611740112,4
d128h2L2,492160,5888,cifar10_rgb_planar,2,8.531303246816,4
d128h2L2,492160,5888,cifar10_rgb_planar,3,8.209463834762573,4
d128h2L2,492160,5888,cifar10_rgb_planar,4,8.033625602722168,4
d128h2L2,492160,5888,dclm,1,5.275040149688721,4
d128h2L2,492160,5888,dclm,2,4.794204235076904,4
d128h2L2,492160,5888,dclm,3,4.640823602676392,4
d128h2L2,492160,5888,dclm,4,4.562115669250488,4
d128h2L2,492160,5888,dclm_ranked,1,9.228091478347778,4
d128h2L2,492160,5888,dclm_ranked,2,8.357665777206421,4
d128h2L2,492160,5888,dclm_ranked,3,8.029815912246704,4
d128h2L2,492160,5888,dclm_ranked,4,7.853047847747803,4
d128h2L2,492160,5888,dna,1,7.344761490821838,4
d128h2L2,492160,5888,dna,2,6.235360066095988,4
d128h2L2,492160,5888,dna,3,5.8840426206588745,4
d128h2L2,492160,5888,dna,4,5.6992316246032715,4
d128h2L2,492160,5888,esc50_pcm8,1,3.0944095253944397,4
d128h2L2,492160,5888,esc50_pcm8,2,2.78869891166687,4
d128h2L2,492160,5888,esc50_pcm8,3,2.688780128955841,4
d128h2L2,492160,5888,esc50_pcm8,4,2.636762857437134,4
d128h2L2,492160,5888,esc50_pcm8_11khz,1,4.104704737663269,4
d128h2L2,492160,5888,esc50_pcm8_11khz,2,3.752970019976298,4
d128h2L2,492160,5888,esc50_pcm8_11khz,3,3.626427471637726,4
d128h2L2,492160,5888,esc50_pcm8_11khz,4,3.558656692504883,4
d128h2L2,492160,5888,kolmogorov_dna,1,6.094446420669556,4
d128h2L2,492160,5888,kolmogorov_dna,2,5.175036191940308,4
d128h2L2,492160,5888,kolmogorov_dna,3,4.890073299407959,4
d128h2L2,492160,5888,kolmogorov_dna,4,4.741123199462891,4
d128h2L2,492160,5888,kolmogorov_text,1,5.303679943084717,4
d128h2L2,492160,5888,kolmogorov_text,2,4.777506351470947,4
d128h2L2,492160,5888,kolmogorov_text,3,4.613658666610718,4
d128h2L2,492160,5888,kolmogorov_text,4,4.530019283294678,4
d128h2L2,492160,5888,llm_compression_arxiv_math,1,5.273826360702515,4
d128h2L2,492160,5888,llm_compression_arxiv_math,2,4.6937181154886884,4
d128h2L2,492160,5888,llm_compression_arxiv_math,3,4.518891215324402,4
d128h2L2,492160,5888,llm_compression_arxiv_math,4,4.429310321807861,4
d128h2L2,492160,5888,llm_compression_cc,1,5.121220707893372,4
d128h2L2,492160,5888,llm_compression_cc,2,4.6429697672526045,4
d128h2L2,492160,5888,llm_compression_cc,3,4.493487596511841,4
d128h2L2,492160,5888,llm_compression_cc,4,4.4172468185424805,4
d128h2L2,492160,5888,llm_compression_python,1,4.809571146965027,4
d128h2L2,492160,5888,llm_compression_python,2,4.297688722610474,4
d128h2L2,492160,5888,llm_compression_python,3,4.13814651966095,4
d128h2L2,492160,5888,llm_compression_python,4,4.055336952209473,4
d128h2L2,492160,5888,metamath,1,4.702868819236755,4
d128h2L2,492160,5888,metamath,2,4.160541931788127,4
d128h2L2,492160,5888,metamath,3,4.0062204003334045,4
d128h2L2,492160,5888,metamath,4,3.927971839904785,4
d128h2L2,492160,5888,musicnet_pcm8,1,3.848544180393219,4
d128h2L2,492160,5888,musicnet_pcm8,2,3.4165186882019043,4
d128h2L2,492160,5888,musicnet_pcm8,3,3.2854840755462646,4
d128h2L2,492160,5888,musicnet_pcm8,4,3.2189321517944336,4
d128h2L2,492160,5888,musicnet_pcm8_11khz,1,4.700498700141907,4
d128h2L2,492160,5888,musicnet_pcm8_11khz,2,4.282408157984416,4
d128h2L2,492160,5888,musicnet_pcm8_11khz,3,4.13715672492981,4
d128h2L2,492160,5888,musicnet_pcm8_11khz,4,4.060369491577148,4
d128h2L2,492160,5888,mutopia_melody_16th,1,3.608088195323944,4
d128h2L2,492160,5888,mutopia_melody_16th,2,3.289706031481425,4
d128h2L2,492160,5888,mutopia_melody_16th,3,3.1796469688415527,4
d128h2L2,492160,5888,mutopia_melody_16th,4,3.121253252029419,4
d128h2L2,492160,5888,speech_commands_pcm8,1,3.1127877235412598,4
d128h2L2,492160,5888,speech_commands_pcm8,2,2.842090924580892,4
d128h2L2,492160,5888,speech_commands_pcm8,3,2.7474658489227295,4
d128h2L2,492160,5888,speech_commands_pcm8,4,2.6971943378448486,4
d128h2L2,492160,5888,speech_commands_pcm8_8khz,1,3.215807616710663,4
d128h2L2,492160,5888,speech_commands_pcm8_8khz,2,2.954769174257914,4
d128h2L2,492160,5888,speech_commands_pcm8_8khz,3,2.8598265051841736,4
d128h2L2,492160,5888,speech_commands_pcm8_8khz,4,2.8087546825408936,4
d128h2L2,492160,6144,aitdcc_a_protein,1,6.013627648353577,4
d128h2L2,492160,6144,aitdcc_a_protein,2,5.5190958976745605,4
d128h2L2,492160,6144,aitdcc_a_protein,3,5.351184368133545,4
d128h2L2,492160,6144,aitdcc_a_protein,4,5.2635817527771,4
d128h2L2,492160,6144,aitdcc_b_c_source,1,5.170913815498352,4
d128h2L2,492160,6144,aitdcc_b_c_source,2,4.5902180671691895,4
d128h2L2,492160,6144,aitdcc_b_c_source,3,4.41525399684906,4
d128h2L2,492160,6144,aitdcc_b_c_source,4,4.32563591003418,4
d128h2L2,492160,6144,aitdcc_d_glibc_rand,1,10.53179383277893,4
d128h2L2,492160,6144,aitdcc_d_glibc_rand,2,9.674742857615152,4
d128h2L2,492160,6144,aitdcc_d_glibc_rand,3,9.337193489074707,4
d128h2L2,492160,6144,aitdcc_d_glibc_rand,4,9.150354385375977,4
d128h2L2,492160,6144,aitdcc_e_atlas_float32,1,9.283472061157227,4
d128h2L2,492160,6144,aitdcc_e_atlas_float32,2,8.412637869517008,4
d128h2L2,492160,6144,aitdcc_e_atlas_float32,3,8.080121040344238,4
d128h2L2,492160,6144,aitdcc_e_atlas_float32,4,7.898803234100342,4
d128h2L2,492160,6144,aitdcc_g_astronomy,1,3.7918856739997864,4
d128h2L2,492160,6144,aitdcc_g_astronomy,2,3.4852363665898642,4
d128h2L2,492160,6144,aitdcc_g_astronomy,3,3.374543011188507,4
d128h2L2,492160,6144,aitdcc_g_astronomy,4,3.324895143508911,4
d128h2L2,492160,6144,arithmetic,1,3.9371188580989838,4
d128h2L2,492160,6144,arithmetic,2,2.4227540691693625,4
d128h2L2,492160,6144,arithmetic,3,2.0452114939689636,4
d128h2L2,492160,6144,arithmetic,4,1.8430005311965942,4
d128h2L2,492160,6144,audio_16bit,1,9.86638617515564,4
d128h2L2,492160,6144,audio_16bit,2,8.934202194213867,4
d128h2L2,492160,6144,audio_16bit,3,8.583960056304932,4
d128h2L2,492160,6144,audio_16bit,4,8.393532752990723,4
d128h2L2,492160,6144,audio_8bit,1,8.737010717391968,4
d128h2L2,492160,6144,audio_8bit,2,7.533400376637776,4
d128h2L2,492160,6144,audio_8bit,3,7.167797088623047,4
d128h2L2,492160,6144,audio_8bit,4,6.978634357452393,4
d128h2L2,492160,6144,cifar10_rgb_hwc,1,9.487519979476929,4
d128h2L2,492160,6144,cifar10_rgb_hwc,2,8.625356197357178,4
d128h2L2,492160,6144,cifar10_rgb_hwc,3,8.30187201499939,4
d128h2L2,492160,6144,cifar10_rgb_hwc,4,8.125638008117676,4
d128h2L2,492160,6144,cifar10_rgb_planar,1,9.420494079589844,4
d128h2L2,492160,6144,cifar10_rgb_planar,2,8.55436340967814,4
d128h2L2,492160,6144,cifar10_rgb_planar,3,8.228403329849243,4
d128h2L2,492160,6144,cifar10_rgb_planar,4,8.050796508789062,4
d128h2L2,492160,6144,dclm,1,5.246128678321838,4
d128h2L2,492160,6144,dclm,2,4.790102005004883,4
d128h2L2,492160,6144,dclm,3,4.636083245277405,4
d128h2L2,492160,6144,dclm,4,4.5555524826049805,4
d128h2L2,492160,6144,dclm_ranked,1,9.035159826278687,4
d128h2L2,492160,6144,dclm_ranked,2,8.181171099344889,4
d128h2L2,492160,6144,dclm_ranked,3,7.858752012252808,4
d128h2L2,492160,6144,dclm_ranked,4,7.677344799041748,4
d128h2L2,492160,6144,dna,1,7.215615391731262,4
d128h2L2,492160,6144,dna,2,6.034244696299235,4
d128h2L2,492160,6144,dna,3,5.672362208366394,4
d128h2L2,492160,6144,dna,4,5.496055603027344,4
d128h2L2,492160,6144,esc50_pcm8,1,3.059481680393219,4
d128h2L2,492160,6144,esc50_pcm8,2,2.76593017578125,4
d128h2L2,492160,6144,esc50_pcm8,3,2.670702338218689,4
d128h2L2,492160,6144,esc50_pcm8,4,2.621203899383545,4
d128h2L2,492160,6144,esc50_pcm8_11khz,1,4.073691248893738,4
d128h2L2,492160,6144,esc50_pcm8_11khz,2,3.7307858069737754,4
d128h2L2,492160,6144,esc50_pcm8_11khz,3,3.6093397736549377,4
d128h2L2,492160,6144,esc50_pcm8_11khz,4,3.5449881553649902,4
d128h2L2,492160,6144,kolmogorov_dna,1,5.943430662155151,4
d128h2L2,492160,6144,kolmogorov_dna,2,4.9687089920043945,4
d128h2L2,492160,6144,kolmogorov_dna,3,4.681719779968262,4
d128h2L2,492160,6144,kolmogorov_dna,4,4.536702632904053,4
d128h2L2,492160,6144,kolmogorov_text,1,5.273530721664429,4
d128h2L2,492160,6144,kolmogorov_text,2,4.773179292678833,4
d128h2L2,492160,6144,kolmogorov_text,3,4.610411524772644,4
d128h2L2,492160,6144,kolmogorov_text,4,4.5257744789123535,4
d128h2L2,492160,6144,llm_compression_arxiv_math,1,5.243368744850159,4
d128h2L2,492160,6144,llm_compression_arxiv_math,2,4.688523054122925,4
d128h2L2,492160,6144,llm_compression_arxiv_math,3,4.515104174613953,4
d128h2L2,492160,6144,llm_compression_arxiv_math,4,4.426096439361572,4
d128h2L2,492160,6144,llm_compression_cc,1,5.09347927570343,4
d128h2L2,492160,6144,llm_compression_cc,2,4.642485698064168,4
d128h2L2,492160,6144,llm_compression_cc,3,4.493236541748047,4
d128h2L2,492160,6144,llm_compression_cc,4,4.415349006652832,4
d128h2L2,492160,6144,llm_compression_python,1,4.7825846672058105,4
d128h2L2,492160,6144,llm_compression_python,2,4.2974410851796465,4
d128h2L2,492160,6144,llm_compression_python,3,4.140081167221069,4
d128h2L2,492160,6144,llm_compression_python,4,4.05764102935791,4
d128h2L2,492160,6144,metamath,1,4.688472867012024,4
d128h2L2,492160,6144,metamath,2,4.165752172470093,4
d128h2L2,492160,6144,metamath,3,4.013391137123108,4
d128h2L2,492160,6144,metamath,4,3.935621976852417,4
d128h2L2,492160,6144,musicnet_pcm8,1,3.796671688556671,4
d128h2L2,492160,6144,musicnet_pcm8,2,3.386915445327759,4
d128h2L2,492160,6144,musicnet_pcm8,3,3.262370228767395,4
d128h2L2,492160,6144,musicnet_pcm8,4,3.1987617015838623,4
d128h2L2,492160,6144,musicnet_pcm8_11khz,1,4.648672699928284,4
d128h2L2,492160,6144,musicnet_pcm8_11khz,2,4.24679962793986,4
d128h2L2,492160,6144,musicnet_pcm8_11khz,3,4.109282374382019,4
d128h2L2,492160,6144,musicnet_pcm8_11khz,4,4.037150859832764,4
d128h2L2,492160,6144,mutopia_melody_16th,1,3.5972796082496643,4
d128h2L2,492160,6144,mutopia_melody_16th,2,3.2839959859848022,4
d128h2L2,492160,6144,mutopia_melody_16th,3,3.1722582578659058,4
d128h2L2,492160,6144,mutopia_melody_16th,4,3.1120920181274414,4
d128h2L2,492160,6144,speech_commands_pcm8,1,3.07155042886734,4
d128h2L2,492160,6144,speech_commands_pcm8,2,2.8153693675994873,4
d128h2L2,492160,6144,speech_commands_pcm8,3,2.727100133895874,4
d128h2L2,492160,6144,speech_commands_pcm8,4,2.680312395095825,4
d128h2L2,492160,6144,speech_commands_pcm8_8khz,1,3.1653884649276733,4
d128h2L2,492160,6144,speech_commands_pcm8_8khz,2,2.9177314837773642,4
d128h2L2,492160,6144,speech_commands_pcm8_8khz,3,2.8288522958755493,4
d128h2L2,492160,6144,speech_commands_pcm8_8khz,4,2.781388282775879,4
d128h2L2,492160,6400,aitdcc_a_protein,1,5.942296862602234,4
d128h2L2,492160,6400,aitdcc_a_protein,2,5.449093262354533,4
d128h2L2,492160,6400,aitdcc_a_protein,3,5.284981966018677,4
d128h2L2,492160,6400,aitdcc_a_protein,4,5.200936794281006,4
d128h2L2,492160,6400,aitdcc_b_c_source,1,5.124127388000488,4
d128h2L2,492160,6400,aitdcc_b_c_source,2,4.54785696665446,4
d128h2L2,492160,6400,aitdcc_b_c_source,3,4.374822378158569,4
d128h2L2,492160,6400,aitdcc_b_c_source,4,4.286681175231934,4
d128h2L2,492160,6400,aitdcc_d_glibc_rand,1,10.436741828918457,4
d128h2L2,492160,6400,aitdcc_d_glibc_rand,2,9.610777378082275,4
d128h2L2,492160,6400,aitdcc_d_glibc_rand,3,9.28340458869934,4
d128h2L2,492160,6400,aitdcc_d_glibc_rand,4,9.101133346557617,4
d128h2L2,492160,6400,aitdcc_e_atlas_float32,1,9.178712129592896,4
d128h2L2,492160,6400,aitdcc_e_atlas_float32,2,8.3353910446167,4
d128h2L2,492160,6400,aitdcc_e_atlas_float32,3,8.014955520629883,4
d128h2L2,492160,6400,aitdcc_e_atlas_float32,4,7.839780330657959,4
d128h2L2,492160,6400,aitdcc_g_astronomy,1,3.637482225894928,4
d128h2L2,492160,6400,aitdcc_g_astronomy,2,3.372729937235514,4
d128h2L2,492160,6400,aitdcc_g_astronomy,3,3.283011317253113,4
d128h2L2,492160,6400,aitdcc_g_astronomy,4,3.2395524978637695,4
d128h2L2,492160,6400,arithmetic,1,3.8557490706443787,4
d128h2L2,492160,6400,arithmetic,2,2.4282750487327576,4
d128h2L2,492160,6400,arithmetic,3,2.0965186059474945,4
d128h2L2,492160,6400,arithmetic,4,1.9272595643997192,4
d128h2L2,492160,6400,audio_16bit,1,9.548359394073486,4
d128h2L2,492160,6400,audio_16bit,2,8.681330680847168,4
d128h2L2,492160,6400,audio_16bit,3,8.364530086517334,4
d128h2L2,492160,6400,audio_16bit,4,8.189608573913574,4
d128h2L2,492160,6400,audio_8bit,1,8.572926044464111,4
d128h2L2,492160,6400,audio_8bit,2,7.4092667897542315,4
d128h2L2,492160,6400,audio_8bit,3,7.045280456542969,4
d128h2L2,492160,6400,audio_8bit,4,6.83984375,4
d128h2L2,492160,6400,cifar10_rgb_hwc,1,9.434206485748291,4
d128h2L2,492160,6400,cifar10_rgb_hwc,2,8.582573095957438,4
d128h2L2,492160,6400,cifar10_rgb_hwc,3,8.264445304870605,4
d128h2L2,492160,6400,cifar10_rgb_hwc,4,8.091797828674316,4
d128h2L2,492160,6400,cifar10_rgb_planar,1,9.380635738372803,4
d128h2L2,492160,6400,cifar10_rgb_planar,2,8.524588743845621,4
d128h2L2,492160,6400,cifar10_rgb_planar,3,8.20419955253601,4
d128h2L2,492160,6400,cifar10_rgb_planar,4,8.030386924743652,4
d128h2L2,492160,6400,dclm,1,5.251435160636902,4
d128h2L2,492160,6400,dclm,2,4.782720406850179,4
d128h2L2,492160,6400,dclm,3,4.629510521888733,4
d128h2L2,492160,6400,dclm,4,4.550137519836426,4
d128h2L2,492160,6400,dclm_ranked,1,8.710903286933899,4
d128h2L2,492160,6400,dclm_ranked,2,7.8516210714976,4
d128h2L2,492160,6400,dclm_ranked,3,7.5303860902786255,4
d128h2L2,492160,6400,dclm_ranked,4,7.354483604431152,4
d128h2L2,492160,6400,dna,1,6.869172811508179,4
d128h2L2,492160,6400,dna,2,5.762862126032512,4
d128h2L2,492160,6400,dna,3,5.453484296798706,4
d128h2L2,492160,6400,dna,4,5.301967620849609,4
d128h2L2,492160,6400,esc50_pcm8,1,3.060165047645569,4
d128h2L2,492160,6400,esc50_pcm8,2,2.7611739238103232,4
d128h2L2,492160,6400,esc50_pcm8,3,2.664337992668152,4
d128h2L2,492160,6400,esc50_pcm8,4,2.6140003204345703,4
d128h2L2,492160,6400,esc50_pcm8_11khz,1,4.071434915065765,4
d128h2L2,492160,6400,esc50_pcm8_11khz,2,3.7266034285227456,4
d128h2L2,492160,6400,esc50_pcm8_11khz,3,3.6040708422660828,4
d128h2L2,492160,6400,esc50_pcm8_11khz,4,3.5390422344207764,4
d128h2L2,492160,6400,kolmogorov_dna,1,5.784044504165649,4
d128h2L2,492160,6400,kolmogorov_dna,2,4.801230271657308,4
d128h2L2,492160,6400,kolmogorov_dna,3,4.526275396347046,4
d128h2L2,492160,6400,kolmogorov_dna,4,4.38604211807251,4
d128h2L2,492160,6400,kolmogorov_text,1,5.271658539772034,4
d128h2L2,492160,6400,kolmogorov_text,2,4.761387427647908,4
d128h2L2,492160,6400,kolmogorov_text,3,4.598994851112366,4
d128h2L2,492160,6400,kolmogorov_text,4,4.515454292297363,4
d128h2L2,492160,6400,llm_compression_arxiv_math,1,5.226974964141846,4
d128h2L2,492160,6400,llm_compression_arxiv_math,2,4.6646255652109785,4
d128h2L2,492160,6400,llm_compression_arxiv_math,3,4.492021203041077,4
d128h2L2,492160,6400,llm_compression_arxiv_math,4,4.403599262237549,4
d128h2L2,492160,6400,llm_compression_cc,1,5.095290541648865,4
d128h2L2,492160,6400,llm_compression_cc,2,4.632786671320598,4
d128h2L2,492160,6400,llm_compression_cc,3,4.4851391315460205,4
d128h2L2,492160,6400,llm_compression_cc,4,4.409191608428955,4
d128h2L2,492160,6400,llm_compression_python,1,4.744067311286926,4
d128h2L2,492160,6400,llm_compression_python,2,4.252436717351277,4
d128h2L2,492160,6400,llm_compression_python,3,4.095561623573303,4
d128h2L2,492160,6400,llm_compression_python,4,4.014307975769043,4
d128h2L2,492160,6400,metamath,1,4.623075842857361,4
d128h2L2,492160,6400,metamath,2,4.115713715553284,4
d128h2L2,492160,6400,metamath,3,3.966127336025238,4
d128h2L2,492160,6400,metamath,4,3.889688014984131,4
d128h2L2,492160,6400,musicnet_pcm8,1,3.789785921573639,4
d128h2L2,492160,6400,musicnet_pcm8,2,3.380529999732971,4
d128h2L2,492160,6400,musicnet_pcm8,3,3.2567479610443115,4
d128h2L2,492160,6400,musicnet_pcm8,4,3.194075107574463,4
d128h2L2,492160,6400,musicnet_pcm8_11khz,1,4.656782150268555,4
d128h2L2,492160,6400,musicnet_pcm8_11khz,2,4.251795609792073,4
d128h2L2,492160,6400,musicnet_pcm8_11khz,3,4.112446308135986,4
d128h2L2,492160,6400,musicnet_pcm8_11khz,4,4.0391526222229,4
d128h2L2,492160,6400,mutopia_melody_16th,1,3.5670989751815796,4
d128h2L2,492160,6400,mutopia_melody_16th,2,3.265569885571798,4
d128h2L2,492160,6400,mutopia_melody_16th,3,3.1614012122154236,4
d128h2L2,492160,6400,mutopia_melody_16th,4,3.105879783630371,4
d128h2L2,492160,6400,speech_commands_pcm8,1,3.0810933709144592,4
d128h2L2,492160,6400,speech_commands_pcm8,2,2.8167841037114463,4
d128h2L2,492160,6400,speech_commands_pcm8,3,2.7247981429100037,4
d128h2L2,492160,6400,speech_commands_pcm8,4,2.6756834983825684,4
d128h2L2,492160,6400,speech_commands_pcm8_8khz,1,3.1873931288719177,4
d128h2L2,492160,6400,speech_commands_pcm8_8khz,2,2.9297061761220298,4
d128h2L2,492160,6400,speech_commands_pcm8_8khz,3,2.835455894470215,4
d128h2L2,492160,6400,speech_commands_pcm8_8khz,4,2.7845513820648193,4
d128h2L2,492160,6656,aitdcc_a_protein,1,5.992089867591858,4
d128h2L2,492160,6656,aitdcc_a_protein,2,5.476080656051636,4
d128h2L2,492160,6656,aitdcc_a_protein,3,5.294575095176697,4
d128h2L2,492160,6656,aitdcc_a_protein,4,5.199913501739502,4
d128h2L2,492160,6656,aitdcc_b_c_source,1,5.096237421035767,4
d128h2L2,492160,6656,aitdcc_b_c_source,2,4.527172406514485,4
d128h2L2,492160,6656,aitdcc_b_c_source,3,4.3535977602005005,4
d128h2L2,492160,6656,aitdcc_b_c_source,4,4.2658209800720215,4
d128h2L2,492160,6656,aitdcc_d_glibc_rand,1,10.424878358840942,4
d128h2L2,492160,6656,aitdcc_d_glibc_rand,2,9.589114507039389,4
d128h2L2,492160,6656,aitdcc_d_glibc_rand,3,9.260645389556885,4
d128h2L2,492160,6656,aitdcc_d_glibc_rand,4,9.07988166809082,4
d128h2L2,492160,6656,aitdcc_e_atlas_float32,1,9.190866947174072,4
d128h2L2,492160,6656,aitdcc_e_atlas_float32,2,8.330347696940104,4
d128h2L2,492160,6656,aitdcc_e_atlas_float32,3,8.004094123840332,4
d128h2L2,492160,6656,aitdcc_e_atlas_float32,4,7.827297687530518,4
d128h2L2,492160,6656,aitdcc_g_astronomy,1,3.568652629852295,4
d128h2L2,492160,6656,aitdcc_g_astronomy,2,3.3461556434631348,4
d128h2L2,492160,6656,aitdcc_g_astronomy,3,3.2670904994010925,4
d128h2L2,492160,6656,aitdcc_g_astronomy,4,3.2264413833618164,4
d128h2L2,492160,6656,arithmetic,1,3.8940147161483765,4
d128h2L2,492160,6656,arithmetic,2,2.4328842163085938,4
d128h2L2,492160,6656,arithmetic,3,2.0390059649944305,4
d128h2L2,492160,6656,arithmetic,4,1.8682198524475098,4
d128h2L2,492160,6656,audio_16bit,1,9.466171741485596,4
d128h2L2,492160,6656,audio_16bit,2,8.612649281819662,4
d128h2L2,492160,6656,audio_16bit,3,8.292332649230957,4
d128h2L2,492160,6656,audio_16bit,4,8.116046905517578,4
d128h2L2,492160,6656,audio_8bit,1,8.426877617835999,4
d128h2L2,492160,6656,audio_8bit,2,7.34364930788676,4
d128h2L2,492160,6656,audio_8bit,3,6.931695222854614,4
d128h2L2,492160,6656,audio_8bit,4,6.6800360679626465,4
d128h2L2,492160,6656,cifar10_rgb_hwc,1,9.483741760253906,4
d128h2L2,492160,6656,cifar10_rgb_hwc,2,8.602303822835287,4
d128h2L2,492160,6656,cifar10_rgb_hwc,3,8.272316217422485,4
d128h2L2,492160,6656,cifar10_rgb_hwc,4,8.094011306762695,4
d128h2L2,492160,6656,cifar10_rgb_planar,1,9.437804937362671,4
d128h2L2,492160,6656,cifar10_rgb_planar,2,8.551775773366293,4
d128h2L2,492160,6656,cifar10_rgb_planar,3,8.219268321990967,4
d128h2L2,492160,6656,cifar10_rgb_planar,4,8.039563179016113,4
d128h2L2,492160,6656,dclm,1,5.230436086654663,4
d128h2L2,492160,6656,dclm,2,4.775839010874431,4
d128h2L2,492160,6656,dclm,3,4.626814007759094,4
d128h2L2,492160,6656,dclm,4,4.549617767333984,4
d128h2L2,492160,6656,dclm_ranked,1,8.546090841293335,4
d128h2L2,492160,6656,dclm_ranked,2,7.71736494700114,4
d128h2L2,492160,6656,dclm_ranked,3,7.379824638366699,4
d128h2L2,492160,6656,dclm_ranked,4,7.182868003845215,4
d128h2L2,492160,6656,dna,1,6.8566707372665405,4
d128h2L2,492160,6656,dna,2,5.678539276123047,4
d128h2L2,492160,6656,dna,3,5.3329339027404785,4
d128h2L2,492160,6656,dna,4,5.167484760284424,4
d128h2L2,492160,6656,esc50_pcm8,1,3.07870614528656,4
d128h2L2,492160,6656,esc50_pcm8,2,2.7696523666381836,4
d128h2L2,492160,6656,esc50_pcm8,3,2.6693968176841736,4
d128h2L2,492160,6656,esc50_pcm8,4,2.617793560028076,4
d128h2L2,492160,6656,esc50_pcm8_11khz,1,4.084518909454346,4
d128h2L2,492160,6656,esc50_pcm8_11khz,2,3.72942062218984,4
d128h2L2,492160,6656,esc50_pcm8_11khz,3,3.6034241318702698,4
d128h2L2,492160,6656,esc50_pcm8_11khz,4,3.536750316619873,4
d128h2L2,492160,6656,kolmogorov_dna,1,5.934634804725647,4
d128h2L2,492160,6656,kolmogorov_dna,2,4.945637305577596,4
d128h2L2,492160,6656,kolmogorov_dna,3,4.66128933429718,4
d128h2L2,492160,6656,kolmogorov_dna,4,4.510117530822754,4
d128h2L2,492160,6656,kolmogorov_text,1,5.259903788566589,4
d128h2L2,492160,6656,kolmogorov_text,2,4.7621378898620605,4
d128h2L2,492160,6656,kolmogorov_text,3,4.601019620895386,4
d128h2L2,492160,6656,kolmogorov_text,4,4.517923355102539,4
d128h2L2,492160,6656,llm_compression_arxiv_math,1,5.211335182189941,4
d128h2L2,492160,6656,llm_compression_arxiv_math,2,4.650522549947103,4
d128h2L2,492160,6656,llm_compression_arxiv_math,3,4.475179314613342,4
d128h2L2,492160,6656,llm_compression_arxiv_math,4,4.386054039001465,4
d128h2L2,492160,6656,llm_compression_cc,1,5.073265552520752,4
d128h2L2,492160,6656,llm_compression_cc,2,4.625556866327922,4
d128h2L2,492160,6656,llm_compression_cc,3,4.480879068374634,4
d128h2L2,492160,6656,llm_compression_cc,4,4.406378269195557,4
d128h2L2,492160,6656,llm_compression_python,1,4.741576313972473,4
d128h2L2,492160,6656,llm_compression_python,2,4.253477017084758,4
d128h2L2,492160,6656,llm_compression_python,3,4.096628546714783,4
d128h2L2,492160,6656,llm_compression_python,4,4.015483856201172,4
d128h2L2,492160,6656,metamath,1,4.67124879360199,4
d128h2L2,492160,6656,metamath,2,4.1323808034261065,4
d128h2L2,492160,6656,metamath,3,3.9745484590530396,4
d128h2L2,492160,6656,metamath,4,3.895263195037842,4
d128h2L2,492160,6656,musicnet_pcm8,1,3.8364086747169495,4
d128h2L2,492160,6656,musicnet_pcm8,2,3.4056519269943237,4
d128h2L2,492160,6656,musicnet_pcm8,3,3.274831473827362,4
d128h2L2,492160,6656,musicnet_pcm8,4,3.20918869972229,4
d128h2L2,492160,6656,musicnet_pcm8_11khz,1,4.692972421646118,4
d128h2L2,492160,6656,musicnet_pcm8_11khz,2,4.272774855295817,4
d128h2L2,492160,6656,musicnet_pcm8_11khz,3,4.1275094747543335,4
d128h2L2,492160,6656,musicnet_pcm8_11khz,4,4.051104545593262,4
d128h2L2,492160,6656,mutopia_melody_16th,1,3.5602062344551086,4
d128h2L2,492160,6656,mutopia_melody_16th,2,3.245628555615743,4
d128h2L2,492160,6656,mutopia_melody_16th,3,3.136657178401947,4
d128h2L2,492160,6656,mutopia_melody_16th,4,3.0800468921661377,4
d128h2L2,492160,6656,speech_commands_pcm8,1,3.087311267852783,4
d128h2L2,492160,6656,speech_commands_pcm8,2,2.817426085472107,4
d128h2L2,492160,6656,speech_commands_pcm8,3,2.7239254117012024,4
d128h2L2,492160,6656,speech_commands_pcm8,4,2.6744649410247803,4
d128h2L2,492160,6656,speech_commands_pcm8_8khz,1,3.174975275993347,4
d128h2L2,492160,6656,speech_commands_pcm8_8khz,2,2.916525443394979,4
d128h2L2,492160,6656,speech_commands_pcm8_8khz,3,2.8225297927856445,4
d128h2L2,492160,6656,speech_commands_pcm8_8khz,4,2.7719717025756836,4
d128h2L2,492160,6912,aitdcc_a_protein,1,6.117186784744263,4
d128h2L2,492160,6912,aitdcc_a_protein,2,5.5207765102386475,4
d128h2L2,492160,6912,aitdcc_a_protein,3,5.322241544723511,4
d128h2L2,492160,6912,aitdcc_a_protein,4,5.221579551696777,4
d128h2L2,492160,6912,aitdcc_b_c_source,1,5.030952215194702,4
d128h2L2,492160,6912,aitdcc_b_c_source,2,4.374945163726807,4
d128h2L2,492160,6912,aitdcc_b_c_source,3,4.161863327026367,4
d128h2L2,492160,6912,aitdcc_b_c_source,4,4.050876617431641,4
d128h2L2,492160,6912,aitdcc_d_glibc_rand,1,10.324631929397583,4
d128h2L2,492160,6912,aitdcc_d_glibc_rand,2,9.523126284281412,4
d128h2L2,492160,6912,aitdcc_d_glibc_rand,3,9.212307929992676,4
d128h2L2,492160,6912,aitdcc_d_glibc_rand,4,9.041718482971191,4
d128h2L2,492160,6912,aitdcc_e_atlas_float32,1,9.145848512649536,4
d128h2L2,492160,6912,aitdcc_e_atlas_float32,2,8.290671984354654,4
d128h2L2,492160,6912,aitdcc_e_atlas_float32,3,7.975843071937561,4
d128h2L2,492160,6912,aitdcc_e_atlas_float32,4,7.807311534881592,4
d128h2L2,492160,6912,aitdcc_g_astronomy,1,3.4923219084739685,4
d128h2L2,492160,6912,aitdcc_g_astronomy,2,3.2735113302866616,4
d128h2L2,492160,6912,aitdcc_g_astronomy,3,3.199346423149109,4
d128h2L2,492160,6912,aitdcc_g_astronomy,4,3.1615777015686035,4
d128h2L2,492160,6912,arithmetic,1,4.047490686178207,4
d128h2L2,492160,6912,arithmetic,2,2.5539864897727966,4
d128h2L2,492160,6912,arithmetic,3,2.0860118865966797,4
d128h2L2,492160,6912,arithmetic,4,1.9047402143478394,4
d128h2L2,492160,6912,audio_16bit,1,9.369238138198853,4
d128h2L2,492160,6912,audio_16bit,2,8.563349088033041,4
d128h2L2,492160,6912,audio_16bit,3,8.262451887130737,4
d128h2L2,492160,6912,audio_16bit,4,8.100484848022461,4
d128h2L2,492160,6912,audio_8bit,1,8.464247226715088,4
d128h2L2,492160,6912,audio_8bit,2,7.362658103307088,4
d128h2L2,492160,6912,audio_8bit,3,7.0010926723480225,4
d128h2L2,492160,6912,audio_8bit,4,6.804086208343506,4
d128h2L2,492160,6912,cifar10_rgb_hwc,1,9.554349660873413,4
d128h2L2,492160,6912,cifar10_rgb_hwc,2,8.655096371968588,4
d128h2L2,492160,6912,cifar10_rgb_hwc,3,8.313883543014526,4
d128h2L2,492160,6912,cifar10_rgb_hwc,4,8.129045486450195,4
d128h2L2,492160,6912,cifar10_rgb_planar,1,9.510568380355835,4
d128h2L2,492160,6912,cifar10_rgb_planar,2,8.604172388712565,4
d128h2L2,492160,6912,cifar10_rgb_planar,3,8.259406566619873,4
d128h2L2,492160,6912,cifar10_rgb_planar,4,8.073158264160156,4
d128h2L2,492160,6912,dclm,1,5.248801350593567,4
d128h2L2,492160,6912,dclm,2,4.703355550765991,4
d128h2L2,492160,6912,dclm,3,4.524770379066467,4
d128h2L2,492160,6912,dclm,4,4.43251895904541,4
d128h2L2,492160,6912,dclm_ranked,1,8.454697608947754,4
d128h2L2,492160,6912,dclm_ranked,2,7.648069540659587,4
d128h2L2,492160,6912,dclm_ranked,3,7.342873930931091,4
d128h2L2,492160,6912,dclm_ranked,4,7.168572425842285,4
d128h2L2,492160,6912,dna,1,6.804026961326599,4
d128h2L2,492160,6912,dna,2,5.563045899073283,4
d128h2L2,492160,6912,dna,3,5.238188147544861,4
d128h2L2,492160,6912,dna,4,5.081096172332764,4
d128h2L2,492160,6912,esc50_pcm8,1,3.1189444065093994,4
d128h2L2,492160,6912,esc50_pcm8,2,2.777093768119812,4
d128h2L2,492160,6912,esc50_pcm8,3,2.663727283477783,4
d128h2L2,492160,6912,esc50_pcm8,4,2.6059651374816895,4
d128h2L2,492160,6912,esc50_pcm8_11khz,1,4.139681816101074,4
d128h2L2,492160,6912,esc50_pcm8_11khz,2,3.752794543902079,4
d128h2L2,492160,6912,esc50_pcm8_11khz,3,3.61545991897583,4
d128h2L2,492160,6912,esc50_pcm8_11khz,4,3.5434186458587646,4
d128h2L2,492160,6912,kolmogorov_dna,1,5.863810896873474,4
d128h2L2,492160,6912,kolmogorov_dna,2,4.7737406094868975,4
d128h2L2,492160,6912,kolmogorov_dna,3,4.485427141189575,4
d128h2L2,492160,6912,kolmogorov_dna,4,4.341942310333252,4
d128h2L2,492160,6912,kolmogorov_text,1,5.25637423992157,4
d128h2L2,492160,6912,kolmogorov_text,2,4.665405988693237,4
d128h2L2,492160,6912,kolmogorov_text,3,4.4714754819869995,4
d128h2L2,492160,6912,kolmogorov_text,4,4.371152877807617,4
d128h2L2,492160,6912,llm_compression_arxiv_math,1,5.140215754508972,4
d128h2L2,492160,6912,llm_compression_arxiv_math,2,4.499955256779988,4
d128h2L2,492160,6912,llm_compression_arxiv_math,3,4.28900682926178,4
d128h2L2,492160,6912,llm_compression_arxiv_math,4,4.179701805114746,4
d128h2L2,492160,6912,llm_compression_cc,1,5.072841048240662,4
d128h2L2,492160,6912,llm_compression_cc,2,4.535313208897908,4
d128h2L2,492160,6912,llm_compression_cc,3,4.360742449760437,4
d128h2L2,492160,6912,llm_compression_cc,4,4.270991802215576,4
d128h2L2,492160,6912,llm_compression_python,1,4.619624018669128,4
d128h2L2,492160,6912,llm_compression_python,2,4.0565632581710815,4
d128h2L2,492160,6912,llm_compression_python,3,3.8650251030921936,4
d128h2L2,492160,6912,llm_compression_python,4,3.763676881790161,4
d128h2L2,492160,6912,metamath,1,4.601847171783447,4
d128h2L2,492160,6912,metamath,2,4.024752974510193,4
d128h2L2,492160,6912,metamath,3,3.841512382030487,4
d128h2L2,492160,6912,metamath,4,3.7471184730529785,4
d128h2L2,492160,6912,musicnet_pcm8,1,3.868440806865692,4
d128h2L2,492160,6912,musicnet_pcm8,2,3.381540815035502,4
d128h2L2,492160,6912,musicnet_pcm8,3,3.228746771812439,4
d128h2L2,492160,6912,musicnet_pcm8,4,3.153003215789795,4
d128h2L2,492160,6912,musicnet_pcm8_11khz,1,4.757558822631836,4
d128h2L2,492160,6912,musicnet_pcm8_11khz,2,4.2834287484486895,4
d128h2L2,492160,6912,musicnet_pcm8_11khz,3,4.120290279388428,4
d128h2L2,492160,6912,musicnet_pcm8_11khz,4,4.0357666015625,4
d128h2L2,492160,6912,mutopia_melody_16th,1,3.5149985551834106,4
d128h2L2,492160,6912,mutopia_melody_16th,2,3.1601454416910806,4
d128h2L2,492160,6912,mutopia_melody_16th,3,3.035692572593689,4
d128h2L2,492160,6912,mutopia_melody_16th,4,2.970297336578369,4
d128h2L2,492160,6912,speech_commands_pcm8,1,3.128160536289215,4
d128h2L2,492160,6912,speech_commands_pcm8,2,2.8304065068562827,4
d128h2L2,492160,6912,speech_commands_pcm8,3,2.726806938648224,4
d128h2L2,492160,6912,speech_commands_pcm8,4,2.672407865524292,4
d128h2L2,492160,6912,speech_commands_pcm8_8khz,1,3.2232713103294373,4
d128h2L2,492160,6912,speech_commands_pcm8_8khz,2,2.938804308573405,4
d128h2L2,492160,6912,speech_commands_pcm8_8khz,3,2.8358808159828186,4
d128h2L2,492160,6912,speech_commands_pcm8_8khz,4,2.7808005809783936,4
d128h2L2,492160,7168,aitdcc_a_protein,1,6.225257039070129,4
d128h2L2,492160,7168,aitdcc_a_protein,2,5.5737942059834795,4
d128h2L2,492160,7168,aitdcc_a_protein,3,5.358981966972351,4
d128h2L2,492160,7168,aitdcc_a_protein,4,5.250327110290527,4
d128h2L2,492160,7168,aitdcc_b_c_source,1,4.98422372341156,4
d128h2L2,492160,7168,aitdcc_b_c_source,2,4.2833906809488935,4
d128h2L2,492160,7168,aitdcc_b_c_source,3,4.052080869674683,4
d128h2L2,492160,7168,aitdcc_b_c_source,4,3.928488254547119,4
d128h2L2,492160,7168,aitdcc_d_glibc_rand,1,10.458196640014648,4
d128h2L2,492160,7168,aitdcc_d_glibc_rand,2,9.641458511352539,4
d128h2L2,492160,7168,aitdcc_d_glibc_rand,3,9.321205377578735,4
d128h2L2,492160,7168,aitdcc_d_glibc_rand,4,9.143669128417969,4
d128h2L2,492160,7168,aitdcc_e_atlas_float32,1,9.210220575332642,4
d128h2L2,492160,7168,aitdcc_e_atlas_float32,2,8.31627082824707,4
d128h2L2,492160,7168,aitdcc_e_atlas_float32,3,7.992984175682068,4
d128h2L2,492160,7168,aitdcc_e_atlas_float32,4,7.821293354034424,4
d128h2L2,492160,7168,aitdcc_g_astronomy,1,3.605340003967285,4
d128h2L2,492160,7168,aitdcc_g_astronomy,2,3.3407727479934692,4
d128h2L2,492160,7168,aitdcc_g_astronomy,3,3.2483020424842834,4
d128h2L2,492160,7168,aitdcc_g_astronomy,4,3.19936466217041,4
d128h2L2,492160,7168,arithmetic,1,4.129487454891205,4
d128h2L2,492160,7168,arithmetic,2,2.570988734563192,4
d128h2L2,492160,7168,arithmetic,3,2.0970671474933624,4
d128h2L2,492160,7168,arithmetic,4,1.9421371221542358,4
d128h2L2,492160,7168,audio_16bit,1,9.337398290634155,4
d128h2L2,492160,7168,audio_16bit,2,8.529085477193197,4
d128h2L2,492160,7168,audio_16bit,3,8.220762729644775,4
d128h2L2,492160,7168,audio_16bit,4,8.045823097229004,4
d128h2L2,492160,7168,audio_8bit,1,8.560345888137817,4
d128h2L2,492160,7168,audio_8bit,2,7.350535790125529,4
d128h2L2,492160,7168,audio_8bit,3,6.9404579401016235,4
d128h2L2,492160,7168,audio_8bit,4,6.704368591308594,4
d128h2L2,492160,7168,cifar10_rgb_hwc,1,9.652345895767212,4
d128h2L2,492160,7168,cifar10_rgb_hwc,2,8.72766892115275,4
d128h2L2,492160,7168,cifar10_rgb_hwc,3,8.375589847564697,4
d128h2L2,492160,7168,cifar10_rgb_hwc,4,8.184527397155762,4
d128h2L2,492160,7168,cifar10_rgb_planar,1,9.61620831489563,4
d128h2L2,492160,7168,cifar10_rgb_planar,2,8.678603808085123,4
d128h2L2,492160,7168,cifar10_rgb_planar,3,8.32144021987915,4
d128h2L2,492160,7168,cifar10_rgb_planar,4,8.128180503845215,4
d128h2L2,492160,7168,dclm,1,5.2440491914749146,4
d128h2L2,492160,7168,dclm,2,4.6567409833272295,4
d128h2L2,492160,7168,dclm,3,4.4622483253479,4
d128h2L2,492160,7168,dclm,4,4.360701084136963,4
d128h2L2,492160,7168,dclm_ranked,1,8.575406074523926,4
d128h2L2,492160,7168,dclm_ranked,2,7.739088217417399,4
d128h2L2,492160,7168,dclm_ranked,3,7.383200645446777,4
d128h2L2,492160,7168,dclm_ranked,4,7.157331943511963,4
d128h2L2,492160,7168,dna,1,6.850977063179016,4
d128h2L2,492160,7168,dna,2,5.573315143585205,4
d128h2L2,492160,7168,dna,3,5.2371909618377686,4
d128h2L2,492160,7168,dna,4,5.074705123901367,4
d128h2L2,492160,7168,esc50_pcm8,1,3.136265277862549,4
d128h2L2,492160,7168,esc50_pcm8,2,2.773259997367859,4
d128h2L2,492160,7168,esc50_pcm8,3,2.654262363910675,4
d128h2L2,492160,7168,esc50_pcm8,4,2.593831777572632,4
d128h2L2,492160,7168,esc50_pcm8_11khz,1,4.188917756080627,4
d128h2L2,492160,7168,esc50_pcm8_11khz,2,3.7709041436513266,4
d128h2L2,492160,7168,esc50_pcm8_11khz,3,3.6231502294540405,4
d128h2L2,492160,7168,esc50_pcm8_11khz,4,3.5455918312072754,4
d128h2L2,492160,7168,kolmogorov_dna,1,5.849253296852112,4
d128h2L2,492160,7168,kolmogorov_dna,2,4.7341694831848145,4
d128h2L2,492160,7168,kolmogorov_dna,3,4.43760883808136,4
d128h2L2,492160,7168,kolmogorov_dna,4,4.286588191986084,4
d128h2L2,492160,7168,kolmogorov_text,1,5.227889060974121,4
d128h2L2,492160,7168,kolmogorov_text,2,4.597749630610148,4
d128h2L2,492160,7168,kolmogorov_text,3,4.389857769012451,4
d128h2L2,492160,7168,kolmogorov_text,4,4.281041145324707,4
d128h2L2,492160,7168,llm_compression_arxiv_math,1,5.074604153633118,4
d128h2L2,492160,7168,llm_compression_arxiv_math,2,4.390460093816121,4
d128h2L2,492160,7168,llm_compression_arxiv_math,3,4.164068341255188,4
d128h2L2,492160,7168,llm_compression_arxiv_math,4,4.044596195220947,4
d128h2L2,492160,7168,llm_compression_cc,1,5.056849360466003,4
d128h2L2,492160,7168,llm_compression_cc,2,4.478853782018025,4
d128h2L2,492160,7168,llm_compression_cc,3,4.288128137588501,4
d128h2L2,492160,7168,llm_compression_cc,4,4.188458442687988,4
d128h2L2,492160,7168,llm_compression_python,1,4.58341121673584,4
d128h2L2,492160,7168,llm_compression_python,2,3.9742793639500937,4
d128h2L2,492160,7168,llm_compression_python,3,3.7638983130455017,4
d128h2L2,492160,7168,llm_compression_python,4,3.6505260467529297,4
d128h2L2,492160,7168,metamath,1,4.5793217420578,4
d128h2L2,492160,7168,metamath,2,3.9540339708328247,4
d128h2L2,492160,7168,metamath,3,3.7561370134353638,4
d128h2L2,492160,7168,metamath,4,3.652169942855835,4
d128h2L2,492160,7168,musicnet_pcm8,1,3.8725165128707886,4
d128h2L2,492160,7168,musicnet_pcm8,2,3.3511956532796225,4
d128h2L2,492160,7168,musicnet_pcm8,3,3.1895211935043335,4
d128h2L2,492160,7168,musicnet_pcm8,4,3.1088829040527344,4
d128h2L2,492160,7168,musicnet_pcm8_11khz,1,4.803455114364624,4
d128h2L2,492160,7168,musicnet_pcm8_11khz,2,4.285338560740153,4
d128h2L2,492160,7168,musicnet_pcm8_11khz,3,4.107069134712219,4
d128h2L2,492160,7168,musicnet_pcm8_11khz,4,4.014498710632324,4
d128h2L2,492160,7168,mutopia_melody_16th,1,3.500131845474243,4
d128h2L2,492160,7168,mutopia_melody_16th,2,3.1341108878453574,4
d128h2L2,492160,7168,mutopia_melody_16th,3,3.0051469206809998,4
d128h2L2,492160,7168,mutopia_melody_16th,4,2.936526298522949,4
d128h2L2,492160,7168,speech_commands_pcm8,1,3.143169939517975,4
d128h2L2,492160,7168,speech_commands_pcm8,2,2.8279163440068564,4
d128h2L2,492160,7168,speech_commands_pcm8,3,2.719267964363098,4
d128h2L2,492160,7168,speech_commands_pcm8,4,2.6624186038970947,4
d128h2L2,492160,7168,speech_commands_pcm8_8khz,1,3.2434982657432556,4
d128h2L2,492160,7168,speech_commands_pcm8_8khz,2,2.9396363894144693,4
d128h2L2,492160,7168,speech_commands_pcm8_8khz,3,2.830366551876068,4
d128h2L2,492160,7168,speech_commands_pcm8_8khz,4,2.7719178199768066,4
d128h2L2,492160,7424,aitdcc_a_protein,1,6.290853142738342,4
d128h2L2,492160,7424,aitdcc_a_protein,2,5.587967077891032,4
d128h2L2,492160,7424,aitdcc_a_protein,3,5.360377192497253,4
d128h2L2,492160,7424,aitdcc_a_protein,4,5.245278835296631,4
d128h2L2,492160,7424,aitdcc_b_c_source,1,4.914515137672424,4
d128h2L2,492160,7424,aitdcc_b_c_source,2,4.21304206053416,4
d128h2L2,492160,7424,aitdcc_b_c_source,3,3.9771631360054016,4
d128h2L2,492160,7424,aitdcc_b_c_source,4,3.849144697189331,4
d128h2L2,492160,7424,aitdcc_d_glibc_rand,1,10.46032977104187,4
d128h2L2,492160,7424,aitdcc_d_glibc_rand,2,9.637675126393637,4
d128h2L2,492160,7424,aitdcc_d_glibc_rand,3,9.317168951034546,4
d128h2L2,492160,7424,aitdcc_d_glibc_rand,4,9.139835357666016,4
d128h2L2,492160,7424,aitdcc_e_atlas_float32,1,9.297439813613892,4
d128h2L2,492160,7424,aitdcc_e_atlas_float32,2,8.372620264689127,4
d128h2L2,492160,7424,aitdcc_e_atlas_float32,3,8.039293050765991,4
d128h2L2,492160,7424,aitdcc_e_atlas_float32,4,7.863269805908203,4
d128h2L2,492160,7424,aitdcc_g_astronomy,1,3.3927926421165466,4
d128h2L2,492160,7424,aitdcc_g_astronomy,2,3.1611573298772178,4
d128h2L2,492160,7424,aitdcc_g_astronomy,3,3.0821754336357117,4
d128h2L2,492160,7424,aitdcc_g_astronomy,4,3.0411226749420166,4
d128h2L2,492160,7424,arithmetic,1,4.121815413236618,4
d128h2L2,492160,7424,arithmetic,2,2.5747466882069907,4
d128h2L2,492160,7424,arithmetic,3,2.0890201032161713,4
d128h2L2,492160,7424,arithmetic,4,1.9410772323608398,4
d128h2L2,492160,7424,audio_16bit,1,9.460584878921509,4
d128h2L2,492160,7424,audio_16bit,2,8.585413614908854,4
d128h2L2,492160,7424,audio_16bit,3,8.269543170928955,4
d128h2L2,492160,7424,audio_16bit,4,8.097784996032715,4
d128h2L2,492160,7424,audio_8bit,1,8.657085537910461,4
d128h2L2,492160,7424,audio_8bit,2,7.3310816287994385,4
d128h2L2,492160,7424,audio_8bit,3,6.933960914611816,4
d128h2L2,492160,7424,audio_8bit,4,6.706427574157715,4
d128h2L2,492160,7424,cifar10_rgb_hwc,1,9.655534029006958,4
d128h2L2,492160,7424,cifar10_rgb_hwc,2,8.728806177775065,4
d128h2L2,492160,7424,cifar10_rgb_hwc,3,8.376348495483398,4
d128h2L2,492160,7424,cifar10_rgb_hwc,4,8.18528938293457,4
d128h2L2,492160,7424,cifar10_rgb_planar,1,9.62269401550293,4
d128h2L2,492160,7424,cifar10_rgb_planar,2,8.680427392323812,4
d128h2L2,492160,7424,cifar10_rgb_planar,3,8.322461605072021,4
d128h2L2,492160,7424,cifar10_rgb_planar,4,8.128767013549805,4
d128h2L2,492160,7424,dclm,1,5.186235308647156,4
d128h2L2,492160,7424,dclm,2,4.612534046173096,4
d128h2L2,492160,7424,dclm,3,4.423228979110718,4
d128h2L2,492160,7424,dclm,4,4.322841644287109,4
d128h2L2,492160,7424,dclm_ranked,1,8.48238730430603,4
d128h2L2,492160,7424,dclm_ranked,2,7.660698493321736,4
d128h2L2,492160,7424,dclm_ranked,3,7.3256226778030396,4
d128h2L2,492160,7424,dclm_ranked,4,7.124691486358643,4
d128h2L2,492160,7424,dna,1,6.844305753707886,4
d128h2L2,492160,7424,dna,2,5.523519039154053,4
d128h2L2,492160,7424,dna,3,5.197147488594055,4
d128h2L2,492160,7424,dna,4,5.044733047485352,4
d128h2L2,492160,7424,esc50_pcm8,1,3.1205268502235413,4
d128h2L2,492160,7424,esc50_pcm8,2,2.7599186102549234,4
d128h2L2,492160,7424,esc50_pcm8,3,2.6413760781288147,4
d128h2L2,492160,7424,esc50_pcm8,4,2.5808873176574707,4
d128h2L2,492160,7424,esc50_pcm8_11khz,1,4.16990739107132,4
d128h2L2,492160,7424,esc50_pcm8_11khz,2,3.7588578859965005,4
d128h2L2,492160,7424,esc50_pcm8_11khz,3,3.613951802253723,4
d128h2L2,492160,7424,esc50_pcm8_11khz,4,3.5379064083099365,4
d128h2L2,492160,7424,kolmogorov_dna,1,5.8996806144714355,4
d128h2L2,492160,7424,kolmogorov_dna,2,4.673442363739014,4
d128h2L2,492160,7424,kolmogorov_dna,3,4.393129587173462,4
d128h2L2,492160,7424,kolmogorov_dna,4,4.261259078979492,4
d128h2L2,492160,7424,kolmogorov_text,1,5.185885071754456,4
d128h2L2,492160,7424,kolmogorov_text,2,4.5599024295806885,4
d128h2L2,492160,7424,kolmogorov_text,3,4.351488709449768,4
d128h2L2,492160,7424,kolmogorov_text,4,4.240514278411865,4
d128h2L2,492160,7424,llm_compression_arxiv_math,1,5.000305771827698,4
d128h2L2,492160,7424,llm_compression_arxiv_math,2,4.330580751101176,4
d128h2L2,492160,7424,llm_compression_arxiv_math,3,4.104101359844208,4
d128h2L2,492160,7424,llm_compression_arxiv_math,4,3.981689691543579,4
d128h2L2,492160,7424,llm_compression_cc,1,4.994902610778809,4
d128h2L2,492160,7424,llm_compression_cc,2,4.429568290710449,4
d128h2L2,492160,7424,llm_compression_cc,3,4.243104338645935,4
d128h2L2,492160,7424,llm_compression_cc,4,4.144266605377197,4
d128h2L2,492160,7424,llm_compression_python,1,4.5070905685424805,4
d128h2L2,492160,7424,llm_compression_python,2,3.9051735003789267,4
d128h2L2,492160,7424,llm_compression_python,3,3.692856729030609,4
d128h2L2,492160,7424,llm_compression_python,4,3.57608962059021,4
d128h2L2,492160,7424,metamath,1,4.526638388633728,4
d128h2L2,492160,7424,metamath,2,3.897802193959554,4
d128h2L2,492160,7424,metamath,3,3.696768820285797,4
d128h2L2,492160,7424,metamath,4,3.5904839038848877,4
d128h2L2,492160,7424,musicnet_pcm8,1,3.832900285720825,4
d128h2L2,492160,7424,musicnet_pcm8,2,3.318831483523051,4
d128h2L2,492160,7424,musicnet_pcm8,3,3.1582388877868652,4
d128h2L2,492160,7424,musicnet_pcm8,4,3.077507734298706,4
d128h2L2,492160,7424,musicnet_pcm8_11khz,1,4.767604351043701,4
d128h2L2,492160,7424,musicnet_pcm8_11khz,2,4.262030919392903,4
d128h2L2,492160,7424,musicnet_pcm8_11khz,3,4.087051272392273,4
d128h2L2,492160,7424,musicnet_pcm8_11khz,4,3.995619297027588,4
d128h2L2,492160,7424,mutopia_melody_16th,1,3.46194064617157,4
d128h2L2,492160,7424,mutopia_melody_16th,2,3.1038131713867188,4
d128h2L2,492160,7424,mutopia_melody_16th,3,2.9763128757476807,4
d128h2L2,492160,7424,mutopia_melody_16th,4,2.908508062362671,4
d128h2L2,492160,7424,speech_commands_pcm8,1,3.133364260196686,4
d128h2L2,492160,7424,speech_commands_pcm8,2,2.8186487356821694,4
d128h2L2,492160,7424,speech_commands_pcm8,3,2.7099335193634033,4
d128h2L2,492160,7424,speech_commands_pcm8,4,2.652979850769043,4
d128h2L2,492160,7424,speech_commands_pcm8_8khz,1,3.2333037853240967,4
d128h2L2,492160,7424,speech_commands_pcm8_8khz,2,2.933844049771627,4
d128h2L2,492160,7424,speech_commands_pcm8_8khz,3,2.8261850476264954,4
d128h2L2,492160,7424,speech_commands_pcm8_8khz,4,2.768582820892334,4
d128h2L2,492160,7680,aitdcc_a_protein,1,6.127963185310364,4
d128h2L2,492160,7680,aitdcc_a_protein,2,5.529969294865926,4
d128h2L2,492160,7680,aitdcc_a_protein,3,5.335228204727173,4
d128h2L2,492160,7680,aitdcc_a_protein,4,5.236474990844727,4
d128h2L2,492160,7680,aitdcc_b_c_source,1,4.936201095581055,4
d128h2L2,492160,7680,aitdcc_b_c_source,2,4.235287547111511,4
d128h2L2,492160,7680,aitdcc_b_c_source,3,3.998030662536621,4
d128h2L2,492160,7680,aitdcc_b_c_source,4,3.8694214820861816,4
d128h2L2,492160,7680,aitdcc_d_glibc_rand,1,10.575492143630981,4
d128h2L2,492160,7680,aitdcc_d_glibc_rand,2,9.717381477355957,4
d128h2L2,492160,7680,aitdcc_d_glibc_rand,3,9.383434295654297,4
d128h2L2,492160,7680,aitdcc_d_glibc_rand,4,9.198671340942383,4
d128h2L2,492160,7680,aitdcc_e_atlas_float32,1,9.318346738815308,4
d128h2L2,492160,7680,aitdcc_e_atlas_float32,2,8.358580907185873,4
d128h2L2,492160,7680,aitdcc_e_atlas_float32,3,8.01983654499054,4
d128h2L2,492160,7680,aitdcc_e_atlas_float32,4,7.843614101409912,4
d128h2L2,492160,7680,aitdcc_g_astronomy,1,3.359027683734894,4
d128h2L2,492160,7680,aitdcc_g_astronomy,2,3.1438289086023965,4
d128h2L2,492160,7680,aitdcc_g_astronomy,3,3.065874993801117,4
d128h2L2,492160,7680,aitdcc_g_astronomy,4,3.0244455337524414,4
d128h2L2,492160,7680,arithmetic,1,4.190273642539978,4
d128h2L2,492160,7680,arithmetic,2,2.6122821966807046,4
d128h2L2,492160,7680,arithmetic,3,2.130317836999893,4
d128h2L2,492160,7680,arithmetic,4,1.9884477853775024,4
d128h2L2,492160,7680,audio_16bit,1,9.517643690109253,4
d128h2L2,492160,7680,audio_16bit,2,8.647458871205648,4
d128h2L2,492160,7680,audio_16bit,3,8.341094493865967,4
d128h2L2,492160,7680,audio_16bit,4,8.178272247314453,4
d128h2L2,492160,7680,audio_8bit,1,8.63078498840332,4
d128h2L2,492160,7680,audio_8bit,2,7.351637363433838,4
d128h2L2,492160,7680,audio_8bit,3,6.9881203174591064,4
d128h2L2,492160,7680,audio_8bit,4,6.789895534515381,4
d128h2L2,492160,7680,cifar10_rgb_hwc,1,9.699051141738892,4
d128h2L2,492160,7680,cifar10_rgb_hwc,2,8.74658203125,4
d128h2L2,492160,7680,cifar10_rgb_hwc,3,8.387087106704712,4
d128h2L2,492160,7680,cifar10_rgb_hwc,4,8.192682266235352,4
d128h2L2,492160,7680,cifar10_rgb_planar,1,9.681991338729858,4
d128h2L2,492160,7680,cifar10_rgb_planar,2,8.709933121999105,4
d128h2L2,492160,7680,cifar10_rgb_planar,3,8.343626499176025,4
d128h2L2,492160,7680,cifar10_rgb_planar,4,8.145837783813477,4
d128h2L2,492160,7680,dclm,1,5.23121452331543,4
d128h2L2,492160,7680,dclm,2,4.648456573486328,4
d128h2L2,492160,7680,dclm,3,4.454031348228455,4
d128h2L2,492160,7680,dclm,4,4.350912094116211,4
d128h2L2,492160,7680,dclm_ranked,1,8.701200723648071,4
d128h2L2,492160,7680,dclm_ranked,2,7.897813479105632,4
d128h2L2,492160,7680,dclm_ranked,3,7.586122393608093,4
d128h2L2,492160,7680,dclm_ranked,4,7.412384986877441,4
d128h2L2,492160,7680,dna,1,6.902833700180054,4
d128h2L2,492160,7680,dna,2,5.587754090627034,4
d128h2L2,492160,7680,dna,3,5.287039041519165,4
d128h2L2,492160,7680,dna,4,5.149124622344971,4
d128h2L2,492160,7680,esc50_pcm8,1,3.1429941654205322,4
d128h2L2,492160,7680,esc50_pcm8,2,2.773706555366516,4
d128h2L2,492160,7680,esc50_pcm8,3,2.6535478830337524,4
d128h2L2,492160,7680,esc50_pcm8,4,2.5923898220062256,4
d128h2L2,492160,7680,esc50_pcm8_11khz,1,4.199745535850525,4
d128h2L2,492160,7680,esc50_pcm8_11khz,2,3.776078224182129,4
d128h2L2,492160,7680,esc50_pcm8_11khz,3,3.6279695630073547,4
d128h2L2,492160,7680,esc50_pcm8_11khz,4,3.5505502223968506,4
d128h2L2,492160,7680,kolmogorov_dna,1,5.915542364120483,4
d128h2L2,492160,7680,kolmogorov_dna,2,4.6796324253082275,4
d128h2L2,492160,7680,kolmogorov_dna,3,4.405803322792053,4
d128h2L2,492160,7680,kolmogorov_dna,4,4.276130199432373,4
d128h2L2,492160,7680,kolmogorov_text,1,5.214571118354797,4
d128h2L2,492160,7680,kolmogorov_text,2,4.584260940551758,4
d128h2L2,492160,7680,kolmogorov_text,3,4.372771143913269,4
d128h2L2,492160,7680,kolmogorov_text,4,4.260486125946045,4
d128h2L2,492160,7680,llm_compression_arxiv_math,1,5.036970138549805,4
d128h2L2,492160,7680,llm_compression_arxiv_math,2,4.363708694775899,4
d128h2L2,492160,7680,llm_compression_arxiv_math,3,4.132363259792328,4
d128h2L2,492160,7680,llm_compression_arxiv_math,4,4.007140159606934,4
d128h2L2,492160,7680,llm_compression_cc,1,5.041812539100647,4
d128h2L2,492160,7680,llm_compression_cc,2,4.468346277872722,4
d128h2L2,492160,7680,llm_compression_cc,3,4.277213215827942,4
d128h2L2,492160,7680,llm_compression_cc,4,4.175760746002197,4
d128h2L2,492160,7680,llm_compression_python,1,4.54765784740448,4
d128h2L2,492160,7680,llm_compression_python,2,3.9388291438420615,4
d128h2L2,492160,7680,llm_compression_python,3,3.722367763519287,4
d128h2L2,492160,7680,llm_compression_python,4,3.6028146743774414,4
d128h2L2,492160,7680,metamath,1,4.522817850112915,4
d128h2L2,492160,7680,metamath,2,3.9244333505630493,4
d128h2L2,492160,7680,metamath,3,3.7270551323890686,4
d128h2L2,492160,7680,metamath,4,3.6225225925445557,4
d128h2L2,492160,7680,musicnet_pcm8,1,3.856948733329773,4
d128h2L2,492160,7680,musicnet_pcm8,2,3.3345165252685547,4
d128h2L2,492160,7680,musicnet_pcm8,3,3.1715447306632996,4
d128h2L2,492160,7680,musicnet_pcm8,4,3.089627265930176,4
d128h2L2,492160,7680,musicnet_pcm8_11khz,1,4.803752541542053,4
d128h2L2,492160,7680,musicnet_pcm8_11khz,2,4.284415086110433,4
d128h2L2,492160,7680,musicnet_pcm8_11khz,3,4.105814695358276,4
d128h2L2,492160,7680,musicnet_pcm8_11khz,4,4.013016223907471,4
d128h2L2,492160,7680,mutopia_melody_16th,1,3.4737018942832947,4
d128h2L2,492160,7680,mutopia_melody_16th,2,3.0958289305369058,4
d128h2L2,492160,7680,mutopia_melody_16th,3,2.9612488746643066,4
d128h2L2,492160,7680,mutopia_melody_16th,4,2.8895692825317383,4
d128h2L2,492160,7680,speech_commands_pcm8,1,3.1610705256462097,4
d128h2L2,492160,7680,speech_commands_pcm8,2,2.832321206728617,4
d128h2L2,492160,7680,speech_commands_pcm8,3,2.7208937406539917,4
d128h2L2,492160,7680,speech_commands_pcm8,4,2.662855386734009,4
d128h2L2,492160,7680,speech_commands_pcm8_8khz,1,3.2639909982681274,4
d128h2L2,492160,7680,speech_commands_pcm8_8khz,2,2.9446316162745156,4
d128h2L2,492160,7680,speech_commands_pcm8_8khz,3,2.831946849822998,4
d128h2L2,492160,7680,speech_commands_pcm8_8khz,4,2.772185802459717,4
d128h2L2,492160,7936,aitdcc_a_protein,1,6.225735902786255,4
d128h2L2,492160,7936,aitdcc_a_protein,2,5.587417920430501,4
d128h2L2,492160,7936,aitdcc_a_protein,3,5.376055598258972,4
d128h2L2,492160,7936,aitdcc_a_protein,4,5.267090320587158,4
d128h2L2,492160,7936,aitdcc_b_c_source,1,4.914430022239685,4
d128h2L2,492160,7936,aitdcc_b_c_source,2,4.216670195261638,4
d128h2L2,492160,7936,aitdcc_b_c_source,3,3.9816503524780273,4
d128h2L2,492160,7936,aitdcc_b_c_source,4,3.8533387184143066,4
d128h2L2,492160,7936,aitdcc_d_glibc_rand,1,10.691949844360352,4
d128h2L2,492160,7936,aitdcc_d_glibc_rand,2,9.79735024770101,4
d128h2L2,492160,7936,aitdcc_d_glibc_rand,3,9.449032306671143,4
d128h2L2,492160,7936,aitdcc_d_glibc_rand,4,9.256636619567871,4
d128h2L2,492160,7936,aitdcc_e_atlas_float32,1,9.331872463226318,4
d128h2L2,492160,7936,aitdcc_e_atlas_float32,2,8.372296969095865,4
d128h2L2,492160,7936,aitdcc_e_atlas_float32,3,8.037559151649475,4
d128h2L2,492160,7936,aitdcc_e_atlas_float32,4,7.86267614364624,4
d128h2L2,492160,7936,aitdcc_g_astronomy,1,3.353764533996582,4
d128h2L2,492160,7936,aitdcc_g_astronomy,2,3.128918488820394,4
d128h2L2,492160,7936,aitdcc_g_astronomy,3,3.0572202801704407,4
d128h2L2,492160,7936,aitdcc_g_astronomy,4,3.0199403762817383,4
d128h2L2,492160,7936,arithmetic,1,4.076474726200104,4
d128h2L2,492160,7936,arithmetic,2,2.584981163342794,4
d128h2L2,492160,7936,arithmetic,3,2.1877695322036743,4
d128h2L2,492160,7936,arithmetic,4,2.0612988471984863,4
d128h2L2,492160,7936,audio_16bit,1,9.599342107772827,4
d128h2L2,492160,7936,audio_16bit,2,8.67090892791748,4
d128h2L2,492160,7936,audio_16bit,3,8.349207878112793,4
d128h2L2,492160,7936,audio_16bit,4,8.17605209350586,4
d128h2L2,492160,7936,audio_8bit,1,8.865902781486511,4
d128h2L2,492160,7936,audio_8bit,2,7.438995599746704,4
d128h2L2,492160,7936,audio_8bit,3,7.0518574714660645,4
d128h2L2,492160,7936,audio_8bit,4,6.844447135925293,4
d128h2L2,492160,7936,cifar10_rgb_hwc,1,9.802215814590454,4
d128h2L2,492160,7936,cifar10_rgb_hwc,2,8.833033720652262,4
d128h2L2,492160,7936,cifar10_rgb_hwc,3,8.465321063995361,4
d128h2L2,492160,7936,cifar10_rgb_hwc,4,8.265402793884277,4
d128h2L2,492160,7936,cifar10_rgb_planar,1,9.778331995010376,4
d128h2L2,492160,7936,cifar10_rgb_planar,2,8.785499731699625,4
d128h2L2,492160,7936,cifar10_rgb_planar,3,8.411789417266846,4
d128h2L2,492160,7936,cifar10_rgb_planar,4,8.209531784057617,4
d128h2L2,492160,7936,dclm,1,5.210289239883423,4
d128h2L2,492160,7936,dclm,2,4.643099784851074,4
d128h2L2,492160,7936,dclm,3,4.4542518854141235,4
d128h2L2,492160,7936,dclm,4,4.3532538414001465,4
d128h2L2,492160,7936,dclm_ranked,1,8.89166784286499,4
d128h2L2,492160,7936,dclm_ranked,2,7.95876407623291,4
d128h2L2,492160,7936,dclm_ranked,3,7.627669334411621,4
d128h2L2,492160,7936,dclm_ranked,4,7.451906204223633,4
d128h2L2,492160,7936,dna,1,7.159288048744202,4
d128h2L2,492160,7936,dna,2,5.580476363499959,4
d128h2L2,492160,7936,dna,3,5.291151404380798,4
d128h2L2,492160,7936,dna,4,5.162877082824707,4
d128h2L2,492160,7936,esc50_pcm8,1,3.105129301548004,4
d128h2L2,492160,7936,esc50_pcm8,2,2.74773108959198,4
d128h2L2,492160,7936,esc50_pcm8,3,2.630599617958069,4
d128h2L2,492160,7936,esc50_pcm8,4,2.57074236869812,4
d128h2L2,492160,7936,esc50_pcm8_11khz,1,4.169216334819794,4
d128h2L2,492160,7936,esc50_pcm8_11khz,2,3.7572138706843057,4
d128h2L2,492160,7936,esc50_pcm8_11khz,3,3.612819015979767,4
d128h2L2,492160,7936,esc50_pcm8_11khz,4,3.53726863861084,4
d128h2L2,492160,7936,kolmogorov_dna,1,6.089527487754822,4
d128h2L2,492160,7936,kolmogorov_dna,2,4.672246376673381,4
d128h2L2,492160,7936,kolmogorov_dna,3,4.421928644180298,4
d128h2L2,492160,7936,kolmogorov_dna,4,4.31231689453125,4
d128h2L2,492160,7936,kolmogorov_text,1,5.195732116699219,4
d128h2L2,492160,7936,kolmogorov_text,2,4.581100702285767,4
d128h2L2,492160,7936,kolmogorov_text,3,4.374366044998169,4
d128h2L2,492160,7936,kolmogorov_text,4,4.263002872467041,4
d128h2L2,492160,7936,llm_compression_arxiv_math,1,5.023462176322937,4
d128h2L2,492160,7936,llm_compression_arxiv_math,2,4.351142962773641,4
d128h2L2,492160,7936,llm_compression_arxiv_math,3,4.121509432792664,4
d128h2L2,492160,7936,llm_compression_arxiv_math,4,3.9965946674346924,4
d128h2L2,492160,7936,llm_compression_cc,1,5.020692348480225,4
d128h2L2,492160,7936,llm_compression_cc,2,4.460325797398885,4
d128h2L2,492160,7936,llm_compression_cc,3,4.27379834651947,4
d128h2L2,492160,7936,llm_compression_cc,4,4.17390251159668,4
d128h2L2,492160,7936,llm_compression_python,1,4.514501094818115,4
d128h2L2,492160,7936,llm_compression_python,2,3.915359457333883,4
d128h2L2,492160,7936,llm_compression_python,3,3.702320694923401,4
d128h2L2,492160,7936,llm_compression_python,4,3.5835983753204346,4
d128h2L2,492160,7936,metamath,1,4.501628160476685,4
d128h2L2,492160,7936,metamath,2,3.8939436276753745,4
d128h2L2,492160,7936,metamath,3,3.6975167393684387,4
d128h2L2,492160,7936,metamath,4,3.5940840244293213,4
d128h2L2,492160,7936,musicnet_pcm8,1,3.816941499710083,4
d128h2L2,492160,7936,musicnet_pcm8,2,3.305274327596029,4
d128h2L2,492160,7936,musicnet_pcm8,3,3.1442023515701294,4
d128h2L2,492160,7936,musicnet_pcm8,4,3.062835216522217,4
d128h2L2,492160,7936,musicnet_pcm8_11khz,1,4.755430817604065,4
d128h2L2,492160,7936,musicnet_pcm8_11khz,2,4.253161907196045,4
d128h2L2,492160,7936,musicnet_pcm8_11khz,3,4.080239653587341,4
d128h2L2,492160,7936,musicnet_pcm8_11khz,4,3.990139961242676,4
d128h2L2,492160,7936,mutopia_melody_16th,1,3.50111186504364,4
d128h2L2,492160,7936,mutopia_melody_16th,2,3.115527550379435,4
d128h2L2,492160,7936,mutopia_melody_16th,3,2.977623701095581,4
d128h2L2,492160,7936,mutopia_melody_16th,4,2.9044904708862305,4
d128h2L2,492160,7936,speech_commands_pcm8,1,3.121649920940399,4
d128h2L2,492160,7936,speech_commands_pcm8,2,2.814787268638611,4
d128h2L2,492160,7936,speech_commands_pcm8,3,2.7091304659843445,4
d128h2L2,492160,7936,speech_commands_pcm8,4,2.653862476348877,4
d128h2L2,492160,7936,speech_commands_pcm8_8khz,1,3.2341866493225098,4
d128h2L2,492160,7936,speech_commands_pcm8_8khz,2,2.9404965241750083,4
d128h2L2,492160,7936,speech_commands_pcm8_8khz,3,2.834956169128418,4
d128h2L2,492160,7936,speech_commands_pcm8_8khz,4,2.7786831855773926,4
d128h2L2,492160,8191,aitdcc_a_protein,1,6.166462659835815,4
d128h2L2,492160,8191,aitdcc_a_protein,2,5.537586212158203,4
d128h2L2,492160,8191,aitdcc_a_protein,3,5.325565338134766,4
d128h2L2,492160,8191,aitdcc_a_protein,4,5.215874195098877,4
d128h2L2,492160,8191,aitdcc_b_c_source,1,4.899308919906616,4
d128h2L2,492160,8191,aitdcc_b_c_source,2,4.208245158195496,4
d128h2L2,492160,8191,aitdcc_b_c_source,3,3.9751956462860107,4
d128h2L2,492160,8191,aitdcc_b_c_source,4,3.8485636711120605,4
d128h2L2,492160,8191,aitdcc_d_glibc_rand,1,10.613283395767212,4
d128h2L2,492160,8191,aitdcc_d_glibc_rand,2,9.72266944249471,4
d128h2L2,492160,8191,aitdcc_d_glibc_rand,3,9.384620666503906,4
d128h2L2,492160,8191,aitdcc_d_glibc_rand,4,9.20015811920166,4
d128h2L2,492160,8191,aitdcc_e_atlas_float32,1,9.339505195617676,4
d128h2L2,492160,8191,aitdcc_e_atlas_float32,2,8.363842328389486,4
d128h2L2,492160,8191,aitdcc_e_atlas_float32,3,8.027405381202698,4
d128h2L2,492160,8191,aitdcc_e_atlas_float32,4,7.854527473449707,4
d128h2L2,492160,8191,aitdcc_g_astronomy,1,3.2487775683403015,4
d128h2L2,492160,8191,aitdcc_g_astronomy,2,3.0322470664978027,4
d128h2L2,492160,8191,aitdcc_g_astronomy,3,2.9612048268318176,4
d128h2L2,492160,8191,aitdcc_g_astronomy,4,2.9262969493865967,4
d128h2L2,492160,8191,arithmetic,1,4.004102200269699,4
d128h2L2,492160,8191,arithmetic,2,2.483715832233429,4
d128h2L2,492160,8191,arithmetic,3,2.0867362022399902,4
d128h2L2,492160,8191,arithmetic,4,1.9661123752593994,4
d128h2L2,492160,8191,audio_16bit,1,9.585694551467896,4
d128h2L2,492160,8191,audio_16bit,2,8.694100062052408,4
d128h2L2,492160,8191,audio_16bit,3,8.391197443008423,4
d128h2L2,492160,8191,audio_16bit,4,8.230623245239258,4
d128h2L2,492160,8191,audio_8bit,1,9.068183183670044,4
d128h2L2,492160,8191,audio_8bit,2,7.568085193634033,4
d128h2L2,492160,8191,audio_8bit,3,7.21016800403595,4
d128h2L2,492160,8191,audio_8bit,4,7.034709453582764,4
d128h2L2,492160,8191,cifar10_rgb_hwc,1,9.776793241500854,4
d128h2L2,492160,8191,cifar10_rgb_hwc,2,8.799580574035645,4
d128h2L2,492160,8191,cifar10_rgb_hwc,3,8.431630849838257,4
d128h2L2,492160,8191,cifar10_rgb_hwc,4,8.232697486877441,4
d128h2L2,492160,8191,cifar10_rgb_planar,1,9.758765935897827,4
d128h2L2,492160,8191,cifar10_rgb_planar,2,8.752870082855225,4
d128h2L2,492160,8191,cifar10_rgb_planar,3,8.378886222839355,4
d128h2L2,492160,8191,cifar10_rgb_planar,4,8.17813777923584,4
d128h2L2,492160,8191,dclm,1,5.222601413726807,4
d128h2L2,492160,8191,dclm,2,4.634240945180257,4
d128h2L2,492160,8191,dclm,3,4.438006401062012,4
d128h2L2,492160,8191,dclm,4,4.333404064178467,4
d128h2L2,492160,8191,dclm_ranked,1,9.077430486679077,4
d128h2L2,492160,8191,dclm_ranked,2,8.094207684199015,4
d128h2L2,492160,8191,dclm_ranked,3,7.7723997831344604,4
d128h2L2,492160,8191,dclm_ranked,4,7.598464488983154,4
d128h2L2,492160,8191,dna,1,7.241454839706421,4
d128h2L2,492160,8191,dna,2,5.62621808052063,4
d128h2L2,492160,8191,dna,3,5.344299554824829,4
d128h2L2,492160,8191,dna,4,5.214362621307373,4
d128h2L2,492160,8191,esc50_pcm8,1,3.119236409664154,4
d128h2L2,492160,8191,esc50_pcm8,2,2.751533548037211,4
d128h2L2,492160,8191,esc50_pcm8,3,2.6316606402397156,4
d128h2L2,492160,8191,esc50_pcm8,4,2.5704591274261475,4
d128h2L2,492160,8191,esc50_pcm8_11khz,1,4.196590185165405,4
d128h2L2,492160,8191,esc50_pcm8_11khz,2,3.7725486755371094,4
d128h2L2,492160,8191,esc50_pcm8_11khz,3,3.624031901359558,4
d128h2L2,492160,8191,esc50_pcm8_11khz,4,3.5462357997894287,4
d128h2L2,492160,8191,kolmogorov_dna,1,6.0853142738342285,4
d128h2L2,492160,8191,kolmogorov_dna,2,4.655442078908284,4
d128h2L2,492160,8191,kolmogorov_dna,3,4.419723391532898,4
d128h2L2,492160,8191,kolmogorov_dna,4,4.312295436859131,4
d128h2L2,492160,8191,kolmogorov_text,1,5.20660138130188,4
d128h2L2,492160,8191,kolmogorov_text,2,4.5763304233551025,4
d128h2L2,492160,8191,kolmogorov_text,3,4.365047097206116,4
d128h2L2,492160,8191,kolmogorov_text,4,4.251901149749756,4
d128h2L2,492160,8191,llm_compression_arxiv_math,1,5.003630995750427,4
d128h2L2,492160,8191,llm_compression_arxiv_math,2,4.3282010952631635,4
d128h2L2,492160,8191,llm_compression_arxiv_math,3,4.0987337827682495,4
d128h2L2,492160,8191,llm_compression_arxiv_math,4,3.9746060371398926,4
d128h2L2,492160,8191,llm_compression_cc,1,5.030266046524048,4
d128h2L2,492160,8191,llm_compression_cc,2,4.450877666473389,4
d128h2L2,492160,8191,llm_compression_cc,3,4.257501482963562,4
d128h2L2,492160,8191,llm_compression_cc,4,4.154336452484131,4
d128h2L2,492160,8191,llm_compression_python,1,4.514736294746399,4
d128h2L2,492160,8191,llm_compression_python,2,3.909043868382772,4
d128h2L2,492160,8191,llm_compression_python,3,3.6948611736297607,4
d128h2L2,492160,8191,llm_compression_python,4,3.57735013961792,4
d128h2L2,492160,8191,metamath,1,4.496313154697418,4
d128h2L2,492160,8191,metamath,2,3.8921862840652466,4
d128h2L2,492160,8191,metamath,3,3.697385311126709,4
d128h2L2,492160,8191,metamath,4,3.5952203273773193,4
d128h2L2,492160,8191,musicnet_pcm8,1,3.829428970813751,4
d128h2L2,492160,8191,musicnet_pcm8,2,3.305391550064087,4
d128h2L2,492160,8191,musicnet_pcm8,3,3.1416009068489075,4
d128h2L2,492160,8191,musicnet_pcm8,4,3.0591046810150146,4
d128h2L2,492160,8191,musicnet_pcm8_11khz,1,4.797531723976135,4
d128h2L2,492160,8191,musicnet_pcm8_11khz,2,4.279264609018962,4
d128h2L2,492160,8191,musicnet_pcm8_11khz,3,4.100482225418091,4
d128h2L2,492160,8191,musicnet_pcm8_11khz,4,4.007185935974121,4
d128h2L2,492160,8191,mutopia_melody_16th,1,3.4446168541908264,4
d128h2L2,492160,8191,mutopia_melody_16th,2,3.0726813872655234,4
d128h2L2,492160,8191,mutopia_melody_16th,3,2.942642390727997,4
d128h2L2,492160,8191,mutopia_melody_16th,4,2.8739559650421143,4
d128h2L2,492160,8191,speech_commands_pcm8,1,3.142038643360138,4
d128h2L2,492160,8191,speech_commands_pcm8,2,2.824137290318807,4
d128h2L2,492160,8191,speech_commands_pcm8,3,2.714470863342285,4
d128h2L2,492160,8191,speech_commands_pcm8,4,2.6570863723754883,4
d128h2L2,492160,8191,speech_commands_pcm8_8khz,1,3.2579694390296936,4
d128h2L2,492160,8191,speech_commands_pcm8_8khz,2,2.9516574144363403,4
d128h2L2,492160,8191,speech_commands_pcm8_8khz,3,2.8405137062072754,4
d128h2L2,492160,8191,speech_commands_pcm8_8khz,4,2.7811033725738525,4
d128h2L4,984192,3840,aitdcc_a_protein,1,5.824564337730408,4
d128h2L4,984192,3840,aitdcc_a_protein,2,5.357033888498942,4
d128h2L4,984192,3840,aitdcc_a_protein,3,5.2138612270355225,4
d128h2L4,984192,3840,aitdcc_a_protein,4,5.143069744110107,4
d128h2L4,984192,3840,aitdcc_b_c_source,1,4.740924954414368,4
d128h2L4,984192,3840,aitdcc_b_c_source,2,4.1091846625010175,4
d128h2L4,984192,3840,aitdcc_b_c_source,3,3.9015355110168457,4
d128h2L4,984192,3840,aitdcc_b_c_source,4,3.7881126403808594,4
d128h2L4,984192,3840,aitdcc_d_glibc_rand,1,9.898415565490723,4
d128h2L4,984192,3840,aitdcc_d_glibc_rand,2,9.156171003977457,4
d128h2L4,984192,3840,aitdcc_d_glibc_rand,3,8.888656854629517,4
d128h2L4,984192,3840,aitdcc_d_glibc_rand,4,8.74853229522705,4
d128h2L4,984192,3840,aitdcc_e_atlas_float32,1,8.635442733764648,4
d128h2L4,984192,3840,aitdcc_e_atlas_float32,2,7.938769817352295,4
d128h2L4,984192,3840,aitdcc_e_atlas_float32,3,7.681666612625122,4
d128h2L4,984192,3840,aitdcc_e_atlas_float32,4,7.545739650726318,4
d128h2L4,984192,3840,aitdcc_g_astronomy,1,3.543935716152191,4
d128h2L4,984192,3840,aitdcc_g_astronomy,2,3.2190154790878296,4
d128h2L4,984192,3840,aitdcc_g_astronomy,3,3.115219235420227,4
d128h2L4,984192,3840,aitdcc_g_astronomy,4,3.061159372329712,4
d128h2L4,984192,3840,arithmetic,1,3.2247639894485474,4
d128h2L4,984192,3840,arithmetic,2,2.144720455010732,4
d128h2L4,984192,3840,arithmetic,3,1.7802524864673615,4
d128h2L4,984192,3840,arithmetic,4,1.6522881984710693,4
d128h2L4,984192,3840,audio_16bit,1,9.71657395362854,4
d128h2L4,984192,3840,audio_16bit,2,8.905693213144938,4
d128h2L4,984192,3840,audio_16bit,3,8.593860387802124,4
d128h2L4,984192,3840,audio_16bit,4,8.421610832214355,4
d128h2L4,984192,3840,audio_8bit,1,7.972638130187988,4
d128h2L4,984192,3840,audio_8bit,2,7.015629212061564,4
d128h2L4,984192,3840,audio_8bit,3,6.707138538360596,4
d128h2L4,984192,3840,audio_8bit,4,6.551132678985596,4
d128h2L4,984192,3840,cifar10_rgb_hwc,1,8.870203018188477,4
d128h2L4,984192,3840,cifar10_rgb_hwc,2,8.143619696299234,4
d128h2L4,984192,3840,cifar10_rgb_hwc,3,7.887406229972839,4
d128h2L4,984192,3840,cifar10_rgb_hwc,4,7.753939628601074,4
d128h2L4,984192,3840,cifar10_rgb_planar,1,8.847234964370728,4
d128h2L4,984192,3840,cifar10_rgb_planar,2,8.120752016703287,4
d128h2L4,984192,3840,cifar10_rgb_planar,3,7.862943172454834,4
d128h2L4,984192,3840,cifar10_rgb_planar,4,7.728086471557617,4
d128h2L4,984192,3840,dclm,1,5.030656337738037,4
d128h2L4,984192,3840,dclm,2,4.529568751653035,4
d128h2L4,984192,3840,dclm,3,4.358274936676025,4
d128h2L4,984192,3840,dclm,4,4.267179012298584,4
d128h2L4,984192,3840,dclm_ranked,1,9.582175731658936,4
d128h2L4,984192,3840,dclm_ranked,2,8.66162363688151,4
d128h2L4,984192,3840,dclm_ranked,3,8.300695896148682,4
d128h2L4,984192,3840,dclm_ranked,4,8.109092712402344,4
d128h2L4,984192,3840,dna,1,6.117598652839661,4
d128h2L4,984192,3840,dna,2,5.074214537938436,4
d128h2L4,984192,3840,dna,3,4.801581025123596,4
d128h2L4,984192,3840,dna,4,4.7032623291015625,4
d128h2L4,984192,3840,esc50_pcm8,1,3.0343494415283203,4
d128h2L4,984192,3840,esc50_pcm8,2,2.6896227598190308,4
d128h2L4,984192,3840,esc50_pcm8,3,2.587592601776123,4
d128h2L4,984192,3840,esc50_pcm8,4,2.535898208618164,4
d128h2L4,984192,3840,esc50_pcm8_11khz,1,4.062355995178223,4
d128h2L4,984192,3840,esc50_pcm8_11khz,2,3.6663917303085327,4
d128h2L4,984192,3840,esc50_pcm8_11khz,3,3.5376325249671936,4
d128h2L4,984192,3840,esc50_pcm8_11khz,4,3.47194504737854,4
d128h2L4,984192,3840,kolmogorov_dna,1,4.752470672130585,4
d128h2L4,984192,3840,kolmogorov_dna,2,4.049032211303711,4
d128h2L4,984192,3840,kolmogorov_dna,3,3.852324068546295,4
d128h2L4,984192,3840,kolmogorov_dna,4,3.7753725051879883,4
d128h2L4,984192,3840,kolmogorov_text,1,4.974947929382324,4
d128h2L4,984192,3840,kolmogorov_text,2,4.4233174324035645,4
d128h2L4,984192,3840,kolmogorov_text,3,4.236955642700195,4
d128h2L4,984192,3840,kolmogorov_text,4,4.136233806610107,4
d128h2L4,984192,3840,llm_compression_arxiv_math,1,4.82079941034317,4
d128h2L4,984192,3840,llm_compression_arxiv_math,2,4.2178248564402265,4
d128h2L4,984192,3840,llm_compression_arxiv_math,3,4.0099194049835205,4
d128h2L4,984192,3840,llm_compression_arxiv_math,4,3.895833969116211,4
d128h2L4,984192,3840,llm_compression_cc,1,4.835436820983887,4
d128h2L4,984192,3840,llm_compression_cc,2,4.342478275299072,4
d128h2L4,984192,3840,llm_compression_cc,3,4.172714471817017,4
d128h2L4,984192,3840,llm_compression_cc,4,4.081279277801514,4
d128h2L4,984192,3840,llm_compression_python,1,4.359112977981567,4
d128h2L4,984192,3840,llm_compression_python,2,3.771429697672526,4
d128h2L4,984192,3840,llm_compression_python,3,3.5679906606674194,4
d128h2L4,984192,3840,llm_compression_python,4,3.453888416290283,4
d128h2L4,984192,3840,metamath,1,4.42852646112442,4
d128h2L4,984192,3840,metamath,2,3.8270564874013266,4
d128h2L4,984192,3840,metamath,3,3.627220392227173,4
d128h2L4,984192,3840,metamath,4,3.5186173915863037,4
d128h2L4,984192,3840,musicnet_pcm8,1,3.6754398941993713,4
d128h2L4,984192,3840,musicnet_pcm8,2,3.225630283355713,4
d128h2L4,984192,3840,musicnet_pcm8,3,3.09647136926651,4
d128h2L4,984192,3840,musicnet_pcm8,4,3.032008409500122,4
d128h2L4,984192,3840,musicnet_pcm8_11khz,1,4.6793705224990845,4
d128h2L4,984192,3840,musicnet_pcm8_11khz,2,4.204660256703694,4
d128h2L4,984192,3840,musicnet_pcm8_11khz,3,4.054663896560669,4
d128h2L4,984192,3840,musicnet_pcm8_11khz,4,3.979249954223633,4
d128h2L4,984192,3840,mutopia_melody_16th,1,3.5541492700576782,4
d128h2L4,984192,3840,mutopia_melody_16th,2,3.099522034327189,4
d128h2L4,984192,3840,mutopia_melody_16th,3,2.9305381178855896,4
d128h2L4,984192,3840,mutopia_melody_16th,4,2.832873821258545,4
d128h2L4,984192,3840,speech_commands_pcm8,1,3.2220658659934998,4
d128h2L4,984192,3840,speech_commands_pcm8,2,2.8223239183425903,4
d128h2L4,984192,3840,speech_commands_pcm8,3,2.709447145462036,4
d128h2L4,984192,3840,speech_commands_pcm8,4,2.6528446674346924,4
d128h2L4,984192,3840,speech_commands_pcm8_8khz,1,3.3999887704849243,4
d128h2L4,984192,3840,speech_commands_pcm8_8khz,2,2.9742003679275513,4
d128h2L4,984192,3840,speech_commands_pcm8_8khz,3,2.845571994781494,4
d128h2L4,984192,3840,speech_commands_pcm8_8khz,4,2.7792563438415527,4
d128h2L4,984192,4096,aitdcc_a_protein,1,5.7609710693359375,4
d128h2L4,984192,4096,aitdcc_a_protein,2,5.32992418607076,4
d128h2L4,984192,4096,aitdcc_a_protein,3,5.198511838912964,4
d128h2L4,984192,4096,aitdcc_a_protein,4,5.13759708404541,4
d128h2L4,984192,4096,aitdcc_b_c_source,1,4.769908130168915,4
d128h2L4,984192,4096,aitdcc_b_c_source,2,4.094044049580892,4
d128h2L4,984192,4096,aitdcc_b_c_source,3,3.877750873565674,4
d128h2L4,984192,4096,aitdcc_b_c_source,4,3.7570981979370117,4
d128h2L4,984192,4096,aitdcc_d_glibc_rand,1,10.211723327636719,4
d128h2L4,984192,4096,aitdcc_d_glibc_rand,2,9.379565397898356,4
d128h2L4,984192,4096,aitdcc_d_glibc_rand,3,9.06717300415039,4
d128h2L4,984192,4096,aitdcc_d_glibc_rand,4,8.900102615356445,4
d128h2L4,984192,4096,aitdcc_e_atlas_float32,1,8.812046527862549,4
d128h2L4,984192,4096,aitdcc_e_atlas_float32,2,8.043041626612345,4
d128h2L4,984192,4096,aitdcc_e_atlas_float32,3,7.75797438621521,4
d128h2L4,984192,4096,aitdcc_e_atlas_float32,4,7.607312202453613,4
d128h2L4,984192,4096,aitdcc_g_astronomy,1,3.51667720079422,4
d128h2L4,984192,4096,aitdcc_g_astronomy,2,3.2042020161946616,4
d128h2L4,984192,4096,aitdcc_g_astronomy,3,3.101860821247101,4
d128h2L4,984192,4096,aitdcc_g_astronomy,4,3.050189971923828,4
d128h2L4,984192,4096,arithmetic,1,2.8407584130764008,4
d128h2L4,984192,4096,arithmetic,2,1.9697441856066387,4
d128h2L4,984192,4096,arithmetic,3,1.7075181901454926,4
d128h2L4,984192,4096,arithmetic,4,1.5954151153564453,4
d128h2L4,984192,4096,audio_16bit,1,9.746677160263062,4
d128h2L4,984192,4096,audio_16bit,2,8.91929292678833,4
d128h2L4,984192,4096,audio_16bit,3,8.60311245918274,4
d128h2L4,984192,4096,audio_16bit,4,8.427634239196777,4
d128h2L4,984192,4096,audio_8bit,1,8.106848359107971,4
d128h2L4,984192,4096,audio_8bit,2,7.010650396347046,4
d128h2L4,984192,4096,audio_8bit,3,6.6852041482925415,4
d128h2L4,984192,4096,audio_8bit,4,6.524831771850586,4
d128h2L4,984192,4096,cifar10_rgb_hwc,1,8.914546489715576,4
d128h2L4,984192,4096,cifar10_rgb_hwc,2,8.154151916503906,4
d128h2L4,984192,4096,cifar10_rgb_hwc,3,7.895717978477478,4
d128h2L4,984192,4096,cifar10_rgb_hwc,4,7.762542247772217,4
d128h2L4,984192,4096,cifar10_rgb_planar,1,8.89323091506958,4
d128h2L4,984192,4096,cifar10_rgb_planar,2,8.12688946723938,4
d128h2L4,984192,4096,cifar10_rgb_planar,3,7.86480176448822,4
d128h2L4,984192,4096,cifar10_rgb_planar,4,7.729259967803955,4
d128h2L4,984192,4096,dclm,1,5.042907238006592,4
d128h2L4,984192,4096,dclm,2,4.531481107076009,4
d128h2L4,984192,4096,dclm,3,4.364488124847412,4
d128h2L4,984192,4096,dclm,4,4.274021625518799,4
d128h2L4,984192,4096,dclm_ranked,1,9.507169246673584,4
d128h2L4,984192,4096,dclm_ranked,2,8.693034807840982,4
d128h2L4,984192,4096,dclm_ranked,3,8.379717588424683,4
d128h2L4,984192,4096,dclm_ranked,4,8.20500659942627,4
d128h2L4,984192,4096,dna,1,5.853893399238586,4
d128h2L4,984192,4096,dna,2,4.897202332814534,4
d128h2L4,984192,4096,dna,3,4.67291259765625,4
d128h2L4,984192,4096,dna,4,4.592429161071777,4
d128h2L4,984192,4096,esc50_pcm8,1,3.0587077140808105,4
d128h2L4,984192,4096,esc50_pcm8,2,2.7069534063339233,4
d128h2L4,984192,4096,esc50_pcm8,3,2.605778455734253,4
d128h2L4,984192,4096,esc50_pcm8,4,2.5547525882720947,4
d128h2L4,984192,4096,esc50_pcm8_11khz,1,4.078099489212036,4
d128h2L4,984192,4096,esc50_pcm8_11khz,2,3.686102867126465,4
d128h2L4,984192,4096,esc50_pcm8_11khz,3,3.5623146295547485,4
d128h2L4,984192,4096,esc50_pcm8_11khz,4,3.4992763996124268,4
d128h2L4,984192,4096,kolmogorov_dna,1,4.5806685090065,4
d128h2L4,984192,4096,kolmogorov_dna,2,3.957083225250244,4
d128h2L4,984192,4096,kolmogorov_dna,3,3.7903135418891907,4
d128h2L4,984192,4096,kolmogorov_dna,4,3.7249205112457275,4
d128h2L4,984192,4096,kolmogorov_text,1,4.994455933570862,4
d128h2L4,984192,4096,kolmogorov_text,2,4.421258966128032,4
d128h2L4,984192,4096,kolmogorov_text,3,4.235192060470581,4
d128h2L4,984192,4096,kolmogorov_text,4,4.133388519287109,4
d128h2L4,984192,4096,llm_compression_arxiv_math,1,4.83049464225769,4
d128h2L4,984192,4096,llm_compression_arxiv_math,2,4.204397956530253,4
d128h2L4,984192,4096,llm_compression_arxiv_math,3,3.9950389862060547,4
d128h2L4,984192,4096,llm_compression_arxiv_math,4,3.8775298595428467,4
d128h2L4,984192,4096,llm_compression_cc,1,4.846065878868103,4
d128h2L4,984192,4096,llm_compression_cc,2,4.341253876686096,4
d128h2L4,984192,4096,llm_compression_cc,3,4.173711538314819,4
d128h2L4,984192,4096,llm_compression_cc,4,4.081391334533691,4
d128h2L4,984192,4096,llm_compression_python,1,4.388842403888702,4
d128h2L4,984192,4096,llm_compression_python,2,3.775930484135946,4
d128h2L4,984192,4096,llm_compression_python,3,3.568503439426422,4
d128h2L4,984192,4096,llm_compression_python,4,3.449511766433716,4
d128h2L4,984192,4096,metamath,1,4.409578442573547,4
d128h2L4,984192,4096,metamath,2,3.7703508933385215,4
d128h2L4,984192,4096,metamath,3,3.567101240158081,4
d128h2L4,984192,4096,metamath,4,3.4545087814331055,4
d128h2L4,984192,4096,musicnet_pcm8,1,3.7254899740219116,4
d128h2L4,984192,4096,musicnet_pcm8,2,3.248284657796224,4
d128h2L4,984192,4096,musicnet_pcm8,3,3.117202043533325,4
d128h2L4,984192,4096,musicnet_pcm8,4,3.0529685020446777,4
d128h2L4,984192,4096,musicnet_pcm8_11khz,1,4.703670620918274,4
d128h2L4,984192,4096,musicnet_pcm8_11khz,2,4.233232736587524,4
d128h2L4,984192,4096,musicnet_pcm8_11khz,3,4.089868366718292,4
d128h2L4,984192,4096,musicnet_pcm8_11khz,4,4.01785945892334,4
d128h2L4,984192,4096,mutopia_melody_16th,1,3.558050811290741,4
d128h2L4,984192,4096,mutopia_melody_16th,2,3.1025924682617188,4
d128h2L4,984192,4096,mutopia_melody_16th,3,2.9398834705352783,4
d128h2L4,984192,4096,mutopia_melody_16th,4,2.8478317260742188,4
d128h2L4,984192,4096,speech_commands_pcm8,1,3.236849844455719,4
d128h2L4,984192,4096,speech_commands_pcm8,2,2.8274933497111,4
d128h2L4,984192,4096,speech_commands_pcm8,3,2.7188199162483215,4
d128h2L4,984192,4096,speech_commands_pcm8,4,2.6651453971862793,4
d128h2L4,984192,4096,speech_commands_pcm8_8khz,1,3.400867760181427,4
d128h2L4,984192,4096,speech_commands_pcm8_8khz,2,2.9716059366861978,4
d128h2L4,984192,4096,speech_commands_pcm8_8khz,3,2.8471603393554688,4
d128h2L4,984192,4096,speech_commands_pcm8_8khz,4,2.7836902141571045,4
d128h2L4,984192,4352,aitdcc_a_protein,1,5.654407739639282,4
d128h2L4,984192,4352,aitdcc_a_protein,2,5.272199074427287,4
d128h2L4,984192,4352,aitdcc_a_protein,3,5.152344107627869,4
d128h2L4,984192,4352,aitdcc_a_protein,4,5.097084999084473,4
d128h2L4,984192,4352,aitdcc_b_c_source,1,4.72167432308197,4
d128h2L4,984192,4352,aitdcc_b_c_source,2,4.088902950286865,4
d128h2L4,984192,4352,aitdcc_b_c_source,3,3.883313477039337,4
d128h2L4,984192,4352,aitdcc_b_c_source,4,3.7697558403015137,4
d128h2L4,984192,4352,aitdcc_d_glibc_rand,1,9.699657440185547,4
d128h2L4,984192,4352,aitdcc_d_glibc_rand,2,9.011736551920572,4
d128h2L4,984192,4352,aitdcc_d_glibc_rand,3,8.77959394454956,4
d128h2L4,984192,4352,aitdcc_d_glibc_rand,4,8.66139030456543,4
d128h2L4,984192,4352,aitdcc_e_atlas_float32,1,8.596333742141724,4
d128h2L4,984192,4352,aitdcc_e_atlas_float32,2,7.870929559071858,4
d128h2L4,984192,4352,aitdcc_e_atlas_float32,3,7.617661237716675,4
d128h2L4,984192,4352,aitdcc_e_atlas_float32,4,7.487907886505127,4
d128h2L4,984192,4352,aitdcc_g_astronomy,1,3.493021011352539,4
d128h2L4,984192,4352,aitdcc_g_astronomy,2,3.191176176071167,4
d128h2L4,984192,4352,aitdcc_g_astronomy,3,3.0911254286766052,4
d128h2L4,984192,4352,aitdcc_g_astronomy,4,3.038426160812378,4
d128h2L4,984192,4352,arithmetic,1,3.124731808900833,4
d128h2L4,984192,4352,arithmetic,2,2.247235357761383,4
d128h2L4,984192,4352,arithmetic,3,1.918790727853775,4
d128h2L4,984192,4352,arithmetic,4,1.7620733976364136,4
d128h2L4,984192,4352,audio_16bit,1,9.52139401435852,4
d128h2L4,984192,4352,audio_16bit,2,8.722215016682943,4
d128h2L4,984192,4352,audio_16bit,3,8.43638014793396,4
d128h2L4,984192,4352,audio_16bit,4,8.28435230255127,4
d128h2L4,984192,4352,audio_8bit,1,8.067276000976562,4
d128h2L4,984192,4352,audio_8bit,2,7.119823296864827,4
d128h2L4,984192,4352,audio_8bit,3,6.822555303573608,4
d128h2L4,984192,4352,audio_8bit,4,6.668669700622559,4
d128h2L4,984192,4352,cifar10_rgb_hwc,1,8.677263021469116,4
d128h2L4,984192,4352,cifar10_rgb_hwc,2,8.037607192993164,4
d128h2L4,984192,4352,cifar10_rgb_hwc,3,7.817382454872131,4
d128h2L4,984192,4352,cifar10_rgb_hwc,4,7.703771591186523,4
d128h2L4,984192,4352,cifar10_rgb_planar,1,8.662150144577026,4
d128h2L4,984192,4352,cifar10_rgb_planar,2,8.01943071683248,4
d128h2L4,984192,4352,cifar10_rgb_planar,3,7.796613693237305,4
d128h2L4,984192,4352,cifar10_rgb_planar,4,7.681352138519287,4
d128h2L4,984192,4352,dclm,1,4.995970606803894,4
d128h2L4,984192,4352,dclm,2,4.505195140838623,4
d128h2L4,984192,4352,dclm,3,4.340757846832275,4
d128h2L4,984192,4352,dclm,4,4.2516279220581055,4
d128h2L4,984192,4352,dclm_ranked,1,9.228305578231812,4
d128h2L4,984192,4352,dclm_ranked,2,8.493754227956137,4
d128h2L4,984192,4352,dclm_ranked,3,8.209639310836792,4
d128h2L4,984192,4352,dclm_ranked,4,8.059617042541504,4
d128h2L4,984192,4352,dna,1,6.127163887023926,4
d128h2L4,984192,4352,dna,2,5.130164543787639,4
d128h2L4,984192,4352,dna,3,4.879553318023682,4
d128h2L4,984192,4352,dna,4,4.76633358001709,4
d128h2L4,984192,4352,esc50_pcm8,1,3.005586802959442,4
d128h2L4,984192,4352,esc50_pcm8,2,2.6826601028442383,4
d128h2L4,984192,4352,esc50_pcm8,3,2.587979257106781,4
d128h2L4,984192,4352,esc50_pcm8,4,2.5396556854248047,4
d128h2L4,984192,4352,esc50_pcm8_11khz,1,3.9961679577827454,4
d128h2L4,984192,4352,esc50_pcm8_11khz,2,3.6431506872177124,4
d128h2L4,984192,4352,esc50_pcm8_11khz,3,3.5304853916168213,4
d128h2L4,984192,4352,esc50_pcm8_11khz,4,3.4724504947662354,4
d128h2L4,984192,4352,kolmogorov_dna,1,4.648440957069397,4
d128h2L4,984192,4352,kolmogorov_dna,2,4.022672971089681,4
d128h2L4,984192,4352,kolmogorov_dna,3,3.8384769558906555,4
d128h2L4,984192,4352,kolmogorov_dna,4,3.751967668533325,4
d128h2L4,984192,4352,kolmogorov_text,1,4.947514533996582,4
d128h2L4,984192,4352,kolmogorov_text,2,4.400270938873291,4
d128h2L4,984192,4352,kolmogorov_text,3,4.22028112411499,4
d128h2L4,984192,4352,kolmogorov_text,4,4.122893810272217,4
d128h2L4,984192,4352,llm_compression_arxiv_math,1,4.798912048339844,4
d128h2L4,984192,4352,llm_compression_arxiv_math,2,4.2081936200459795,4
d128h2L4,984192,4352,llm_compression_arxiv_math,3,4.007724642753601,4
d128h2L4,984192,4352,llm_compression_arxiv_math,4,3.8956358432769775,4
d128h2L4,984192,4352,llm_compression_cc,1,4.807651162147522,4
d128h2L4,984192,4352,llm_compression_cc,2,4.320040186246236,4
d128h2L4,984192,4352,llm_compression_cc,3,4.154669523239136,4
d128h2L4,984192,4352,llm_compression_cc,4,4.063928604125977,4
d128h2L4,984192,4352,llm_compression_python,1,4.332694232463837,4
d128h2L4,984192,4352,llm_compression_python,2,3.7643150091171265,4
d128h2L4,984192,4352,llm_compression_python,3,3.5699803829193115,4
d128h2L4,984192,4352,llm_compression_python,4,3.4599387645721436,4
d128h2L4,984192,4352,metamath,1,4.4107091426849365,4
d128h2L4,984192,4352,metamath,2,3.832486152648926,4
d128h2L4,984192,4352,metamath,3,3.6394829750061035,4
d128h2L4,984192,4352,metamath,4,3.5310356616973877,4
d128h2L4,984192,4352,musicnet_pcm8,1,3.6575530767440796,4
d128h2L4,984192,4352,musicnet_pcm8,2,3.2289320627848306,4
d128h2L4,984192,4352,musicnet_pcm8,3,3.103742480278015,4
d128h2L4,984192,4352,musicnet_pcm8,4,3.0413448810577393,4
d128h2L4,984192,4352,musicnet_pcm8_11khz,1,4.6114314794540405,4
d128h2L4,984192,4352,musicnet_pcm8_11khz,2,4.188452045122783,4
d128h2L4,984192,4352,musicnet_pcm8_11khz,3,4.055818796157837,4
d128h2L4,984192,4352,musicnet_pcm8_11khz,4,3.9883368015289307,4
d128h2L4,984192,4352,mutopia_melody_16th,1,3.5117685794830322,4
d128h2L4,984192,4352,mutopia_melody_16th,2,3.063117782274882,4
d128h2L4,984192,4352,mutopia_melody_16th,3,2.902495801448822,4
d128h2L4,984192,4352,mutopia_melody_16th,4,2.8113656044006348,4
d128h2L4,984192,4352,speech_commands_pcm8,1,3.204709231853485,4
d128h2L4,984192,4352,speech_commands_pcm8,2,2.8047580321629844,4
d128h2L4,984192,4352,speech_commands_pcm8,3,2.700763463973999,4
d128h2L4,984192,4352,speech_commands_pcm8,4,2.6489222049713135,4
d128h2L4,984192,4352,speech_commands_pcm8_8khz,1,3.434409976005554,4
d128h2L4,984192,4352,speech_commands_pcm8_8khz,2,2.9578881661097207,4
d128h2L4,984192,4352,speech_commands_pcm8_8khz,3,2.8318017721176147,4
d128h2L4,984192,4352,speech_commands_pcm8_8khz,4,2.767641305923462,4
d128h2L4,984192,4608,aitdcc_a_protein,1,5.828743577003479,4
d128h2L4,984192,4608,aitdcc_a_protein,2,5.361737251281738,4
d128h2L4,984192,4608,aitdcc_a_protein,3,5.214876294136047,4
d128h2L4,984192,4608,aitdcc_a_protein,4,5.144266128540039,4
d128h2L4,984192,4608,aitdcc_b_c_source,1,4.933749437332153,4
d128h2L4,984192,4608,aitdcc_b_c_source,2,4.190056959788005,4
d128h2L4,984192,4608,aitdcc_b_c_source,3,3.9554373621940613,4
d128h2L4,984192,4608,aitdcc_b_c_source,4,3.8253161907196045,4
d128h2L4,984192,4608,aitdcc_d_glibc_rand,1,9.517223358154297,4
d128h2L4,984192,4608,aitdcc_d_glibc_rand,2,8.898492177327475,4
d128h2L4,984192,4608,aitdcc_d_glibc_rand,3,8.687597036361694,4
d128h2L4,984192,4608,aitdcc_d_glibc_rand,4,8.579998970031738,4
d128h2L4,984192,4608,aitdcc_e_atlas_float32,1,8.515443801879883,4
d128h2L4,984192,4608,aitdcc_e_atlas_float32,2,7.8012309074401855,4
d128h2L4,984192,4608,aitdcc_e_atlas_float32,3,7.559635043144226,4
d128h2L4,984192,4608,aitdcc_e_atlas_float32,4,7.438908576965332,4
d128h2L4,984192,4608,aitdcc_g_astronomy,1,3.4737786650657654,4
d128h2L4,984192,4608,aitdcc_g_astronomy,2,3.142341454823812,4
d128h2L4,984192,4608,aitdcc_g_astronomy,3,3.0298649072647095,4
d128h2L4,984192,4608,aitdcc_g_astronomy,4,2.9735219478607178,4
d128h2L4,984192,4608,arithmetic,1,3.2278645634651184,4
d128h2L4,984192,4608,arithmetic,2,2.185040771961212,4
d128h2L4,984192,4608,arithmetic,3,1.857947438955307,4
d128h2L4,984192,4608,arithmetic,4,1.7280268669128418,4
d128h2L4,984192,4608,audio_16bit,1,9.40760588645935,4
d128h2L4,984192,4608,audio_16bit,2,8.606332778930664,4
d128h2L4,984192,4608,audio_16bit,3,8.31316590309143,4
d128h2L4,984192,4608,audio_16bit,4,8.159331321716309,4
d128h2L4,984192,4608,audio_8bit,1,8.143325448036194,4
d128h2L4,984192,4608,audio_8bit,2,7.20244026184082,4
d128h2L4,984192,4608,audio_8bit,3,6.917940616607666,4
d128h2L4,984192,4608,audio_8bit,4,6.765228748321533,4
d128h2L4,984192,4608,cifar10_rgb_hwc,1,8.730988264083862,4
d128h2L4,984192,4608,cifar10_rgb_hwc,2,8.064395109812418,4
d128h2L4,984192,4608,cifar10_rgb_hwc,3,7.832502484321594,4
d128h2L4,984192,4608,cifar10_rgb_hwc,4,7.71286678314209,4
d128h2L4,984192,4608,cifar10_rgb_planar,1,8.70838212966919,4
d128h2L4,984192,4608,cifar10_rgb_planar,2,8.037323236465454,4
d128h2L4,984192,4608,cifar10_rgb_planar,3,7.803398251533508,4
d128h2L4,984192,4608,cifar10_rgb_planar,4,7.682505130767822,4
d128h2L4,984192,4608,dclm,1,5.1796252727508545,4
d128h2L4,984192,4608,dclm,2,4.613356431325276,4
d128h2L4,984192,4608,dclm,3,4.435057282447815,4
d128h2L4,984192,4608,dclm,4,4.339602947235107,4
d128h2L4,984192,4608,dclm_ranked,1,9.403518199920654,4
d128h2L4,984192,4608,dclm_ranked,2,8.632875601450602,4
d128h2L4,984192,4608,dclm_ranked,3,8.331836938858032,4
d128h2L4,984192,4608,dclm_ranked,4,8.154539108276367,4
d128h2L4,984192,4608,dna,1,5.991693735122681,4
d128h2L4,984192,4608,dna,2,5.264949242273967,4
d128h2L4,984192,4608,dna,3,5.062564969062805,4
d128h2L4,984192,4608,dna,4,4.97634220123291,4
d128h2L4,984192,4608,esc50_pcm8,1,3.081624746322632,4
d128h2L4,984192,4608,esc50_pcm8,2,2.716338833173116,4
d128h2L4,984192,4608,esc50_pcm8,3,2.613745868206024,4
d128h2L4,984192,4608,esc50_pcm8,4,2.5623397827148438,4
d128h2L4,984192,4608,esc50_pcm8_11khz,1,4.067131996154785,4
d128h2L4,984192,4608,esc50_pcm8_11khz,2,3.670865456263224,4
d128h2L4,984192,4608,esc50_pcm8_11khz,3,3.5498557686805725,4
d128h2L4,984192,4608,esc50_pcm8_11khz,4,3.4884285926818848,4
d128h2L4,984192,4608,kolmogorov_dna,1,4.728429079055786,4
d128h2L4,984192,4608,kolmogorov_dna,2,4.133103171984355,4
d128h2L4,984192,4608,kolmogorov_dna,3,3.966342806816101,4
d128h2L4,984192,4608,kolmogorov_dna,4,3.8936517238616943,4
d128h2L4,984192,4608,kolmogorov_text,1,5.127607703208923,4
d128h2L4,984192,4608,kolmogorov_text,2,4.497453927993774,4
d128h2L4,984192,4608,kolmogorov_text,3,4.2984617948532104,4
d128h2L4,984192,4608,kolmogorov_text,4,4.1906633377075195,4
d128h2L4,984192,4608,llm_compression_arxiv_math,1,4.992042243480682,4
d128h2L4,984192,4608,llm_compression_arxiv_math,2,4.293066302935283,4
d128h2L4,984192,4608,llm_compression_arxiv_math,3,4.068148136138916,4
d128h2L4,984192,4608,llm_compression_arxiv_math,4,3.944047451019287,4
d128h2L4,984192,4608,llm_compression_cc,1,4.986735582351685,4
d128h2L4,984192,4608,llm_compression_cc,2,4.42459503809611,4
d128h2L4,984192,4608,llm_compression_cc,3,4.244152784347534,4
d128h2L4,984192,4608,llm_compression_cc,4,4.145878791809082,4
d128h2L4,984192,4608,llm_compression_python,1,4.485790431499481,4
d128h2L4,984192,4608,llm_compression_python,2,3.8222376505533853,4
d128h2L4,984192,4608,llm_compression_python,3,3.6051023602485657,4
d128h2L4,984192,4608,llm_compression_python,4,3.4803988933563232,4
d128h2L4,984192,4608,metamath,1,4.550155758857727,4
d128h2L4,984192,4608,metamath,2,3.8706450859705606,4
d128h2L4,984192,4608,metamath,3,3.6585623025894165,4
d128h2L4,984192,4608,metamath,4,3.541346311569214,4
d128h2L4,984192,4608,musicnet_pcm8,1,3.791002571582794,4
d128h2L4,984192,4608,musicnet_pcm8,2,3.292444388071696,4
d128h2L4,984192,4608,musicnet_pcm8,3,3.1540210843086243,4
d128h2L4,984192,4608,musicnet_pcm8,4,3.0865674018859863,4
d128h2L4,984192,4608,musicnet_pcm8_11khz,1,4.7248077392578125,4
d128h2L4,984192,4608,musicnet_pcm8_11khz,2,4.239171226819356,4
d128h2L4,984192,4608,musicnet_pcm8_11khz,3,4.093573868274689,4
d128h2L4,984192,4608,musicnet_pcm8_11khz,4,4.020820617675781,4
d128h2L4,984192,4608,mutopia_melody_16th,1,3.542825937271118,4
d128h2L4,984192,4608,mutopia_melody_16th,2,3.052145838737488,4
d128h2L4,984192,4608,mutopia_melody_16th,3,2.8881494402885437,4
d128h2L4,984192,4608,mutopia_melody_16th,4,2.7978739738464355,4
d128h2L4,984192,4608,speech_commands_pcm8,1,3.2619653940200806,4
d128h2L4,984192,4608,speech_commands_pcm8,2,2.826680819193522,4
d128h2L4,984192,4608,speech_commands_pcm8,3,2.7171322107315063,4
d128h2L4,984192,4608,speech_commands_pcm8,4,2.663409471511841,4
d128h2L4,984192,4608,speech_commands_pcm8_8khz,1,3.5028855204582214,4
d128h2L4,984192,4608,speech_commands_pcm8_8khz,2,2.977033813794454,4
d128h2L4,984192,4608,speech_commands_pcm8_8khz,3,2.844994068145752,4
d128h2L4,984192,4608,speech_commands_pcm8_8khz,4,2.7792723178863525,4
d128h2L4,984192,4864,aitdcc_a_protein,1,5.764307141304016,4
d128h2L4,984192,4864,aitdcc_a_protein,2,5.370721340179443,4
d128h2L4,984192,4864,aitdcc_a_protein,3,5.245137929916382,4
d128h2L4,984192,4864,aitdcc_a_protein,4,5.184164047241211,4
d128h2L4,984192,4864,aitdcc_b_c_source,1,4.805945992469788,4
d128h2L4,984192,4864,aitdcc_b_c_source,2,4.1111143827438354,4
d128h2L4,984192,4864,aitdcc_b_c_source,3,3.8826135993003845,4
d128h2L4,984192,4864,aitdcc_b_c_source,4,3.758655071258545,4
d128h2L4,984192,4864,aitdcc_d_glibc_rand,1,9.152198553085327,4
d128h2L4,984192,4864,aitdcc_d_glibc_rand,2,8.616893609364828,4
d128h2L4,984192,4864,aitdcc_d_glibc_rand,3,8.458767652511597,4
d128h2L4,984192,4864,aitdcc_d_glibc_rand,4,8.383842468261719,4
d128h2L4,984192,4864,aitdcc_e_atlas_float32,1,8.470548152923584,4
d128h2L4,984192,4864,aitdcc_e_atlas_float32,2,7.681083043416341,4
d128h2L4,984192,4864,aitdcc_e_atlas_float32,3,7.430164217948914,4
d128h2L4,984192,4864,aitdcc_e_atlas_float32,4,7.314148902893066,4
d128h2L4,984192,4864,aitdcc_g_astronomy,1,3.4350635409355164,4
d128h2L4,984192,4864,aitdcc_g_astronomy,2,3.1257628997166953,4
d128h2L4,984192,4864,aitdcc_g_astronomy,3,3.0193175077438354,4
d128h2L4,984192,4864,aitdcc_g_astronomy,4,2.9655508995056152,4
d128h2L4,984192,4864,arithmetic,1,3.2542930245399475,4
d128h2L4,984192,4864,arithmetic,2,2.2656652132670083,4
d128h2L4,984192,4864,arithmetic,3,1.899101972579956,4
d128h2L4,984192,4864,arithmetic,4,1.7355586290359497,4
d128h2L4,984192,4864,audio_16bit,1,9.146540403366089,4
d128h2L4,984192,4864,audio_16bit,2,8.450198809305826,4
d128h2L4,984192,4864,audio_16bit,3,8.22399616241455,4
d128h2L4,984192,4864,audio_16bit,4,8.109052658081055,4
d128h2L4,984192,4864,audio_8bit,1,8.15172004699707,4
d128h2L4,984192,4864,audio_8bit,2,7.027696927388509,4
d128h2L4,984192,4864,audio_8bit,3,6.75499701499939,4
d128h2L4,984192,4864,audio_8bit,4,6.611608028411865,4
d128h2L4,984192,4864,cifar10_rgb_hwc,1,8.638868570327759,4
d128h2L4,984192,4864,cifar10_rgb_hwc,2,8.001895586649576,4
d128h2L4,984192,4864,cifar10_rgb_hwc,3,7.779725432395935,4
d128h2L4,984192,4864,cifar10_rgb_hwc,4,7.664798736572266,4
d128h2L4,984192,4864,cifar10_rgb_planar,1,8.63072419166565,4
d128h2L4,984192,4864,cifar10_rgb_planar,2,7.98797329266866,4
d128h2L4,984192,4864,cifar10_rgb_planar,3,7.762286067008972,4
d128h2L4,984192,4864,cifar10_rgb_planar,4,7.645423412322998,4
d128h2L4,984192,4864,dclm,1,5.043883562088013,4
d128h2L4,984192,4864,dclm,2,4.534474054972331,4
d128h2L4,984192,4864,dclm,3,4.3678120374679565,4
d128h2L4,984192,4864,dclm,4,4.280665397644043,4
d128h2L4,984192,4864,dclm_ranked,1,9.083973169326782,4
d128h2L4,984192,4864,dclm_ranked,2,8.380215803782145,4
d128h2L4,984192,4864,dclm_ranked,3,8.135965824127197,4
d128h2L4,984192,4864,dclm_ranked,4,8.000349998474121,4
d128h2L4,984192,4864,dna,1,6.254958152770996,4
d128h2L4,984192,4864,dna,2,5.101099809010823,4
d128h2L4,984192,4864,dna,3,4.8522117137908936,4
d128h2L4,984192,4864,dna,4,4.740653038024902,4
d128h2L4,984192,4864,esc50_pcm8,1,3.079624056816101,4
d128h2L4,984192,4864,esc50_pcm8,2,2.7292928298314414,4
d128h2L4,984192,4864,esc50_pcm8,3,2.6228988766670227,4
d128h2L4,984192,4864,esc50_pcm8,4,2.5688369274139404,4
d128h2L4,984192,4864,esc50_pcm8_11khz,1,4.05736631155014,4
d128h2L4,984192,4864,esc50_pcm8_11khz,2,3.6805348793665567,4
d128h2L4,984192,4864,esc50_pcm8_11khz,3,3.560063064098358,4
d128h2L4,984192,4864,esc50_pcm8_11khz,4,3.4982199668884277,4
d128h2L4,984192,4864,kolmogorov_dna,1,4.771325349807739,4
d128h2L4,984192,4864,kolmogorov_dna,2,4.024852514266968,4
d128h2L4,984192,4864,kolmogorov_dna,3,3.8413960337638855,4
d128h2L4,984192,4864,kolmogorov_dna,4,3.760126829147339,4
d128h2L4,984192,4864,kolmogorov_text,1,5.004167795181274,4
d128h2L4,984192,4864,kolmogorov_text,2,4.438438653945923,4
d128h2L4,984192,4864,kolmogorov_text,3,4.253736138343811,4
d128h2L4,984192,4864,kolmogorov_text,4,4.155944347381592,4
d128h2L4,984192,4864,llm_compression_arxiv_math,1,4.847077488899231,4
d128h2L4,984192,4864,llm_compression_arxiv_math,2,4.229384064674377,4
d128h2L4,984192,4864,llm_compression_arxiv_math,3,4.023539841175079,4
d128h2L4,984192,4864,llm_compression_arxiv_math,4,3.9111502170562744,4
d128h2L4,984192,4864,llm_compression_cc,1,4.849937796592712,4
d128h2L4,984192,4864,llm_compression_cc,2,4.351835052172343,4
d128h2L4,984192,4864,llm_compression_cc,3,4.186853289604187,4
d128h2L4,984192,4864,llm_compression_cc,4,4.099206924438477,4
d128h2L4,984192,4864,llm_compression_python,1,4.395049154758453,4
d128h2L4,984192,4864,llm_compression_python,2,3.780545949935913,4
d128h2L4,984192,4864,llm_compression_python,3,3.5741272568702698,4
d128h2L4,984192,4864,llm_compression_python,4,3.459834098815918,4
d128h2L4,984192,4864,metamath,1,4.497696280479431,4
d128h2L4,984192,4864,metamath,2,3.863989075024923,4
d128h2L4,984192,4864,metamath,3,3.6522255539894104,4
d128h2L4,984192,4864,metamath,4,3.5365912914276123,4
d128h2L4,984192,4864,musicnet_pcm8,1,3.805392563343048,4
d128h2L4,984192,4864,musicnet_pcm8,2,3.3191252946853638,4
d128h2L4,984192,4864,musicnet_pcm8,3,3.1705649495124817,4
d128h2L4,984192,4864,musicnet_pcm8,4,3.0972747802734375,4
d128h2L4,984192,4864,musicnet_pcm8_11khz,1,4.7277833223342896,4
d128h2L4,984192,4864,musicnet_pcm8_11khz,2,4.259287118911743,4
d128h2L4,984192,4864,musicnet_pcm8_11khz,3,4.110702276229858,4
d128h2L4,984192,4864,musicnet_pcm8_11khz,4,4.0350141525268555,4
d128h2L4,984192,4864,mutopia_melody_16th,1,3.5507245659828186,4
d128h2L4,984192,4864,mutopia_melody_16th,2,3.069214185078939,4
d128h2L4,984192,4864,mutopia_melody_16th,3,2.906014919281006,4
d128h2L4,984192,4864,mutopia_melody_16th,4,2.815335512161255,4
d128h2L4,984192,4864,speech_commands_pcm8,1,3.2526679635047913,4
d128h2L4,984192,4864,speech_commands_pcm8,2,2.837761481602987,4
d128h2L4,984192,4864,speech_commands_pcm8,3,2.7253642082214355,4
d128h2L4,984192,4864,speech_commands_pcm8,4,2.669740676879883,4
d128h2L4,984192,4864,speech_commands_pcm8_8khz,1,3.4031094312667847,4
d128h2L4,984192,4864,speech_commands_pcm8_8khz,2,2.9491793711980185,4
d128h2L4,984192,4864,speech_commands_pcm8_8khz,3,2.822190999984741,4
d128h2L4,984192,4864,speech_commands_pcm8_8khz,4,2.756744146347046,4
d128h2L4,984192,5120,aitdcc_a_protein,1,5.5974133014678955,4
d128h2L4,984192,5120,aitdcc_a_protein,2,5.189625422159831,4
d128h2L4,984192,5120,aitdcc_a_protein,3,5.070183277130127,4
d128h2L4,984192,5120,aitdcc_a_protein,4,5.013710021972656,4
d128h2L4,984192,5120,aitdcc_b_c_source,1,4.783019781112671,4
d128h2L4,984192,5120,aitdcc_b_c_source,2,4.115982572237651,4
d128h2L4,984192,5120,aitdcc_b_c_source,3,3.896508812904358,4
d128h2L4,984192,5120,aitdcc_b_c_source,4,3.7748777866363525,4
d128h2L4,984192,5120,aitdcc_d_glibc_rand,1,9.220197200775146,4
d128h2L4,984192,5120,aitdcc_d_glibc_rand,2,8.614612897237143,4
d128h2L4,984192,5120,aitdcc_d_glibc_rand,3,8.456642150878906,4
d128h2L4,984192,5120,aitdcc_d_glibc_rand,4,8.387876510620117,4
d128h2L4,984192,5120,aitdcc_e_atlas_float32,1,8.448043823242188,4
d128h2L4,984192,5120,aitdcc_e_atlas_float32,2,7.670183897018433,4
d128h2L4,984192,5120,aitdcc_e_atlas_float32,3,7.428557276725769,4
d128h2L4,984192,5120,aitdcc_e_atlas_float32,4,7.319610595703125,4
d128h2L4,984192,5120,aitdcc_g_astronomy,1,3.4838814735412598,4
d128h2L4,984192,5120,aitdcc_g_astronomy,2,3.143218676249186,4
d128h2L4,984192,5120,aitdcc_g_astronomy,3,3.0360944271087646,4
d128h2L4,984192,5120,aitdcc_g_astronomy,4,2.9856183528900146,4
d128h2L4,984192,5120,arithmetic,1,3.1247717142105103,4
d128h2L4,984192,5120,arithmetic,2,2.0885692834854126,4
d128h2L4,984192,5120,arithmetic,3,1.7470967471599579,4
d128h2L4,984192,5120,arithmetic,4,1.613930106163025,4
d128h2L4,984192,5120,audio_16bit,1,9.304313659667969,4
d128h2L4,984192,5120,audio_16bit,2,8.589179515838623,4
d128h2L4,984192,5120,audio_16bit,3,8.346009492874146,4
d128h2L4,984192,5120,audio_16bit,4,8.221405029296875,4
d128h2L4,984192,5120,audio_8bit,1,8.12288212776184,4
d128h2L4,984192,5120,audio_8bit,2,7.040860414505005,4
d128h2L4,984192,5120,audio_8bit,3,6.718529105186462,4
d128h2L4,984192,5120,audio_8bit,4,6.5422186851501465,4
d128h2L4,984192,5120,cifar10_rgb_hwc,1,8.569827556610107,4
d128h2L4,984192,5120,cifar10_rgb_hwc,2,7.973321278889974,4
d128h2L4,984192,5120,cifar10_rgb_hwc,3,7.775846242904663,4
d128h2L4,984192,5120,cifar10_rgb_hwc,4,7.674740791320801,4
d128h2L4,984192,5120,cifar10_rgb_planar,1,8.554570198059082,4
d128h2L4,984192,5120,cifar10_rgb_planar,2,7.949605623881022,4
d128h2L4,984192,5120,cifar10_rgb_planar,3,7.746367931365967,4
d128h2L4,984192,5120,cifar10_rgb_planar,4,7.6425065994262695,4
d128h2L4,984192,5120,dclm,1,5.076375722885132,4
d128h2L4,984192,5120,dclm,2,4.538336753845215,4
d128h2L4,984192,5120,dclm,3,4.363288402557373,4
d128h2L4,984192,5120,dclm,4,4.270625591278076,4
d128h2L4,984192,5120,dclm_ranked,1,8.940794944763184,4
d128h2L4,984192,5120,dclm_ranked,2,8.256437063217163,4
d128h2L4,984192,5120,dclm_ranked,3,8.001553177833557,4
d128h2L4,984192,5120,dclm_ranked,4,7.862736701965332,4
d128h2L4,984192,5120,dna,1,6.212124586105347,4
d128h2L4,984192,5120,dna,2,5.096069971720378,4
d128h2L4,984192,5120,dna,3,4.844118714332581,4
d128h2L4,984192,5120,dna,4,4.731189727783203,4
d128h2L4,984192,5120,esc50_pcm8,1,3.026961863040924,4
d128h2L4,984192,5120,esc50_pcm8,2,2.6949191093444824,4
d128h2L4,984192,5120,esc50_pcm8,3,2.5947296619415283,4
d128h2L4,984192,5120,esc50_pcm8,4,2.5438461303710938,4
d128h2L4,984192,5120,esc50_pcm8_11khz,1,4.021772801876068,4
d128h2L4,984192,5120,esc50_pcm8_11khz,2,3.662702997525533,4
d128h2L4,984192,5120,esc50_pcm8_11khz,3,3.546699285507202,4
d128h2L4,984192,5120,esc50_pcm8_11khz,4,3.4867937564849854,4
d128h2L4,984192,5120,kolmogorov_dna,1,4.729555249214172,4
d128h2L4,984192,5120,kolmogorov_dna,2,4.002693732579549,4
d128h2L4,984192,5120,kolmogorov_dna,3,3.821532726287842,4
d128h2L4,984192,5120,kolmogorov_dna,4,3.739668130874634,4
d128h2L4,984192,5120,kolmogorov_text,1,5.020575404167175,4
d128h2L4,984192,5120,kolmogorov_text,2,4.433698018391927,4
d128h2L4,984192,5120,kolmogorov_text,3,4.240604996681213,4
d128h2L4,984192,5120,kolmogorov_text,4,4.136432647705078,4
d128h2L4,984192,5120,llm_compression_arxiv_math,1,4.834942042827606,4
d128h2L4,984192,5120,llm_compression_arxiv_math,2,4.210135618845622,4
d128h2L4,984192,5120,llm_compression_arxiv_math,3,3.998768985271454,4
d128h2L4,984192,5120,llm_compression_arxiv_math,4,3.881035089492798,4
d128h2L4,984192,5120,llm_compression_cc,1,4.875919580459595,4
d128h2L4,984192,5120,llm_compression_cc,2,4.3461324373881025,4
d128h2L4,984192,5120,llm_compression_cc,3,4.170426845550537,4
d128h2L4,984192,5120,llm_compression_cc,4,4.075887203216553,4
d128h2L4,984192,5120,llm_compression_python,1,4.368521988391876,4
d128h2L4,984192,5120,llm_compression_python,2,3.7580620845158896,4
d128h2L4,984192,5120,llm_compression_python,3,3.549960136413574,4
d128h2L4,984192,5120,llm_compression_python,4,3.4325907230377197,4
d128h2L4,984192,5120,metamath,1,4.4352187514305115,4
d128h2L4,984192,5120,metamath,2,3.8277848164240518,4
d128h2L4,984192,5120,metamath,3,3.6226190328598022,4
d128h2L4,984192,5120,metamath,4,3.5079004764556885,4
d128h2L4,984192,5120,musicnet_pcm8,1,3.7113139629364014,4
d128h2L4,984192,5120,musicnet_pcm8,2,3.2477708657582602,4
d128h2L4,984192,5120,musicnet_pcm8,3,3.1095811128616333,4
d128h2L4,984192,5120,musicnet_pcm8,4,3.0414812564849854,4
d128h2L4,984192,5120,musicnet_pcm8_11khz,1,4.672193288803101,4
d128h2L4,984192,5120,musicnet_pcm8_11khz,2,4.225309133529663,4
d128h2L4,984192,5120,musicnet_pcm8_11khz,3,4.082754135131836,4
d128h2L4,984192,5120,musicnet_pcm8_11khz,4,4.00977087020874,4
d128h2L4,984192,5120,mutopia_melody_16th,1,3.512295126914978,4
d128h2L4,984192,5120,mutopia_melody_16th,2,3.054719646771749,4
d128h2L4,984192,5120,mutopia_melody_16th,3,2.891345977783203,4
d128h2L4,984192,5120,mutopia_melody_16th,4,2.799670457839966,4
d128h2L4,984192,5120,speech_commands_pcm8,1,3.2130556106567383,4
d128h2L4,984192,5120,speech_commands_pcm8,2,2.8260892232259116,4
d128h2L4,984192,5120,speech_commands_pcm8,3,2.717103600502014,4
d128h2L4,984192,5120,speech_commands_pcm8,4,2.6631886959075928,4
d128h2L4,984192,5120,speech_commands_pcm8_8khz,1,3.4043883681297302,4
d128h2L4,984192,5120,speech_commands_pcm8_8khz,2,2.9794575770696006,4
d128h2L4,984192,5120,speech_commands_pcm8_8khz,3,2.853687345981598,4
d128h2L4,984192,5120,speech_commands_pcm8_8khz,4,2.7900593280792236,4
d128h2L4,984192,5376,aitdcc_a_protein,1,5.539409756660461,4
d128h2L4,984192,5376,aitdcc_a_protein,2,5.1790696779886884,4
d128h2L4,984192,5376,aitdcc_a_protein,3,5.067118883132935,4
d128h2L4,984192,5376,aitdcc_a_protein,4,5.01301908493042,4
d128h2L4,984192,5376,aitdcc_b_c_source,1,4.742444694042206,4
d128h2L4,984192,5376,aitdcc_b_c_source,2,4.095962047576904,4
d128h2L4,984192,5376,aitdcc_b_c_source,3,3.8880425095558167,4
d128h2L4,984192,5376,aitdcc_b_c_source,4,3.772616147994995,4
d128h2L4,984192,5376,aitdcc_d_glibc_rand,1,9.324746370315552,4
d128h2L4,984192,5376,aitdcc_d_glibc_rand,2,8.690009911855062,4
d128h2L4,984192,5376,aitdcc_d_glibc_rand,3,8.514499187469482,4
d128h2L4,984192,5376,aitdcc_d_glibc_rand,4,8.435490608215332,4
d128h2L4,984192,5376,aitdcc_e_atlas_float32,1,8.445352792739868,4
d128h2L4,984192,5376,aitdcc_e_atlas_float32,2,7.6606065432230634,4
d128h2L4,984192,5376,aitdcc_e_atlas_float32,3,7.4176105260849,4
d128h2L4,984192,5376,aitdcc_e_atlas_float32,4,7.308206081390381,4
d128h2L4,984192,5376,aitdcc_g_astronomy,1,3.4133647084236145,4
d128h2L4,984192,5376,aitdcc_g_astronomy,2,3.1283830801645913,4
d128h2L4,984192,5376,aitdcc_g_astronomy,3,3.0354764461517334,4
d128h2L4,984192,5376,aitdcc_g_astronomy,4,2.9896011352539062,4
d128h2L4,984192,5376,arithmetic,1,2.7812987565994263,4
d128h2L4,984192,5376,arithmetic,2,1.8770851294199626,4
d128h2L4,984192,5376,arithmetic,3,1.591232180595398,4
d128h2L4,984192,5376,arithmetic,4,1.4761914014816284,4
d128h2L4,984192,5376,audio_16bit,1,9.18413519859314,4
d128h2L4,984192,5376,audio_16bit,2,8.447118600209555,4
d128h2L4,984192,5376,audio_16bit,3,8.19943642616272,4
d128h2L4,984192,5376,audio_16bit,4,8.072871208190918,4
d128h2L4,984192,5376,audio_8bit,1,8.103439331054688,4
d128h2L4,984192,5376,audio_8bit,2,7.003562609354655,4
d128h2L4,984192,5376,audio_8bit,3,6.671203970909119,4
d128h2L4,984192,5376,audio_8bit,4,6.491342067718506,4
d128h2L4,984192,5376,cifar10_rgb_hwc,1,8.594022035598755,4
d128h2L4,984192,5376,cifar10_rgb_hwc,2,7.983692804972331,4
d128h2L4,984192,5376,cifar10_rgb_hwc,3,7.782267928123474,4
d128h2L4,984192,5376,cifar10_rgb_hwc,4,7.679216384887695,4
d128h2L4,984192,5376,cifar10_rgb_planar,1,8.584460258483887,4
d128h2L4,984192,5376,cifar10_rgb_planar,2,7.9609871705373125,4
d128h2L4,984192,5376,cifar10_rgb_planar,3,7.75341522693634,4
d128h2L4,984192,5376,cifar10_rgb_planar,4,7.6475419998168945,4
d128h2L4,984192,5376,dclm,1,4.992748737335205,4
d128h2L4,984192,5376,dclm,2,4.508709351221721,4
d128h2L4,984192,5376,dclm,3,4.352825164794922,4
d128h2L4,984192,5376,dclm,4,4.270174980163574,4
d128h2L4,984192,5376,dclm_ranked,1,8.97693943977356,4
d128h2L4,984192,5376,dclm_ranked,2,8.258807818094889,4
d128h2L4,984192,5376,dclm_ranked,3,7.996064305305481,4
d128h2L4,984192,5376,dclm_ranked,4,7.853631973266602,4
d128h2L4,984192,5376,dna,1,6.215562224388123,4
d128h2L4,984192,5376,dna,2,5.174657901128133,4
d128h2L4,984192,5376,dna,3,4.912970304489136,4
d128h2L4,984192,5376,dna,4,4.801941871643066,4
d128h2L4,984192,5376,esc50_pcm8,1,3.00935035943985,4
d128h2L4,984192,5376,esc50_pcm8,2,2.6765722036361694,4
d128h2L4,984192,5376,esc50_pcm8,3,2.5804808139801025,4
d128h2L4,984192,5376,esc50_pcm8,4,2.531886577606201,4
d128h2L4,984192,5376,esc50_pcm8_11khz,1,4.003723740577698,4
d128h2L4,984192,5376,esc50_pcm8_11khz,2,3.645045797030131,4
d128h2L4,984192,5376,esc50_pcm8_11khz,3,3.53241503238678,4
d128h2L4,984192,5376,esc50_pcm8_11khz,4,3.474590539932251,4
d128h2L4,984192,5376,kolmogorov_dna,1,4.921939373016357,4
d128h2L4,984192,5376,kolmogorov_dna,2,4.1305495500564575,4
d128h2L4,984192,5376,kolmogorov_dna,3,3.922121584415436,4
d128h2L4,984192,5376,kolmogorov_dna,4,3.8362555503845215,4
d128h2L4,984192,5376,kolmogorov_text,1,4.955491900444031,4
d128h2L4,984192,5376,kolmogorov_text,2,4.408645709355672,4
d128h2L4,984192,5376,kolmogorov_text,3,4.232071280479431,4
d128h2L4,984192,5376,kolmogorov_text,4,4.136787414550781,4
d128h2L4,984192,5376,llm_compression_arxiv_math,1,4.773374855518341,4
d128h2L4,984192,5376,llm_compression_arxiv_math,2,4.186280886332194,4
d128h2L4,984192,5376,llm_compression_arxiv_math,3,3.990607500076294,4
d128h2L4,984192,5376,llm_compression_arxiv_math,4,3.882004737854004,4
d128h2L4,984192,5376,llm_compression_cc,1,4.796946406364441,4
d128h2L4,984192,5376,llm_compression_cc,2,4.321603616078694,4
d128h2L4,984192,5376,llm_compression_cc,3,4.164492249488831,4
d128h2L4,984192,5376,llm_compression_cc,4,4.079713344573975,4
d128h2L4,984192,5376,llm_compression_python,1,4.338073968887329,4
d128h2L4,984192,5376,llm_compression_python,2,3.763219436009725,4
d128h2L4,984192,5376,llm_compression_python,3,3.568788766860962,4
d128h2L4,984192,5376,llm_compression_python,4,3.458700180053711,4
d128h2L4,984192,5376,metamath,1,4.3934431076049805,4
d128h2L4,984192,5376,metamath,2,3.7905775705973306,4
d128h2L4,984192,5376,metamath,3,3.5995598435401917,4
d128h2L4,984192,5376,metamath,4,3.4929914474487305,4
d128h2L4,984192,5376,musicnet_pcm8,1,3.66157066822052,4
d128h2L4,984192,5376,musicnet_pcm8,2,3.2036229769388833,4
d128h2L4,984192,5376,musicnet_pcm8,3,3.0756269693374634,4
d128h2L4,984192,5376,musicnet_pcm8,4,3.0125458240509033,4
d128h2L4,984192,5376,musicnet_pcm8_11khz,1,4.640237212181091,4
d128h2L4,984192,5376,musicnet_pcm8_11khz,2,4.1975193818410235,4
d128h2L4,984192,5376,musicnet_pcm8_11khz,3,4.061409890651703,4
d128h2L4,984192,5376,musicnet_pcm8_11khz,4,3.9922001361846924,4
d128h2L4,984192,5376,mutopia_melody_16th,1,3.498300075531006,4
d128h2L4,984192,5376,mutopia_melody_16th,2,3.0382341941197715,4
d128h2L4,984192,5376,mutopia_melody_16th,3,2.878659427165985,4
d128h2L4,984192,5376,mutopia_melody_16th,4,2.7913501262664795,4
d128h2L4,984192,5376,speech_commands_pcm8,1,3.199179172515869,4
d128h2L4,984192,5376,speech_commands_pcm8,2,2.8128926356633506,4
d128h2L4,984192,5376,speech_commands_pcm8,3,2.707829475402832,4
d128h2L4,984192,5376,speech_commands_pcm8,4,2.655183792114258,4
d128h2L4,984192,5376,speech_commands_pcm8_8khz,1,3.388077139854431,4
d128h2L4,984192,5376,speech_commands_pcm8_8khz,2,2.9616315762201944,4
d128h2L4,984192,5376,speech_commands_pcm8_8khz,3,2.837623417377472,4
d128h2L4,984192,5376,speech_commands_pcm8_8khz,4,2.773973226547241,4
d128h2L4,984192,5632,aitdcc_a_protein,1,5.524946093559265,4
d128h2L4,984192,5632,aitdcc_a_protein,2,5.140293439229329,4
d128h2L4,984192,5632,aitdcc_a_protein,3,5.033638834953308,4
d128h2L4,984192,5632,aitdcc_a_protein,4,4.983731269836426,4
d128h2L4,984192,5632,aitdcc_b_c_source,1,4.764354348182678,4
d128h2L4,984192,5632,aitdcc_b_c_source,2,4.07830544312795,4
d128h2L4,984192,5632,aitdcc_b_c_source,3,3.866333484649658,4
d128h2L4,984192,5632,aitdcc_b_c_source,4,3.7475452423095703,4
d128h2L4,984192,5632,aitdcc_d_glibc_rand,1,9.298694610595703,4
d128h2L4,984192,5632,aitdcc_d_glibc_rand,2,8.695369561513266,4
d128h2L4,984192,5632,aitdcc_d_glibc_rand,3,8.512526988983154,4
d128h2L4,984192,5632,aitdcc_d_glibc_rand,4,8.425537109375,4
d128h2L4,984192,5632,aitdcc_e_atlas_float32,1,8.350597381591797,4
d128h2L4,984192,5632,aitdcc_e_atlas_float32,2,7.629284063975017,4
d128h2L4,984192,5632,aitdcc_e_atlas_float32,3,7.398873686790466,4
d128h2L4,984192,5632,aitdcc_e_atlas_float32,4,7.293619632720947,4
d128h2L4,984192,5632,aitdcc_g_astronomy,1,3.4728620648384094,4
d128h2L4,984192,5632,aitdcc_g_astronomy,2,3.160117268562317,4
d128h2L4,984192,5632,aitdcc_g_astronomy,3,3.066829562187195,4
d128h2L4,984192,5632,aitdcc_g_astronomy,4,3.0203726291656494,4
d128h2L4,984192,5632,arithmetic,1,2.7820293307304382,4
d128h2L4,984192,5632,arithmetic,2,1.8712807893753052,4
d128h2L4,984192,5632,arithmetic,3,1.624878853559494,4
d128h2L4,984192,5632,arithmetic,4,1.528873085975647,4
d128h2L4,984192,5632,audio_16bit,1,9.076544523239136,4
d128h2L4,984192,5632,audio_16bit,2,8.39961290359497,4
d128h2L4,984192,5632,audio_16bit,3,8.16635799407959,4
d128h2L4,984192,5632,audio_16bit,4,8.04563045501709,4
d128h2L4,984192,5632,audio_8bit,1,7.8890886306762695,4
d128h2L4,984192,5632,audio_8bit,2,6.804271539052327,4
d128h2L4,984192,5632,audio_8bit,3,6.4670939445495605,4
d128h2L4,984192,5632,audio_8bit,4,6.289891719818115,4
d128h2L4,984192,5632,cifar10_rgb_hwc,1,8.724506139755249,4
d128h2L4,984192,5632,cifar10_rgb_hwc,2,8.022983312606812,4
d128h2L4,984192,5632,cifar10_rgb_hwc,3,7.800459027290344,4
d128h2L4,984192,5632,cifar10_rgb_hwc,4,7.68862247467041,4
d128h2L4,984192,5632,cifar10_rgb_planar,1,8.704290866851807,4
d128h2L4,984192,5632,cifar10_rgb_planar,2,7.998981873194377,4
d128h2L4,984192,5632,cifar10_rgb_planar,3,7.772197127342224,4
d128h2L4,984192,5632,cifar10_rgb_planar,4,7.65785551071167,4
d128h2L4,984192,5632,dclm,1,5.018513560295105,4
d128h2L4,984192,5632,dclm,2,4.502023220062256,4
d128h2L4,984192,5632,dclm,3,4.339099407196045,4
d128h2L4,984192,5632,dclm,4,4.253563404083252,4
d128h2L4,984192,5632,dclm_ranked,1,9.011722087860107,4
d128h2L4,984192,5632,dclm_ranked,2,8.303200642267862,4
d128h2L4,984192,5632,dclm_ranked,3,8.039989352226257,4
d128h2L4,984192,5632,dclm_ranked,4,7.894524574279785,4
d128h2L4,984192,5632,dna,1,6.149697184562683,4
d128h2L4,984192,5632,dna,2,5.2078564167022705,4
d128h2L4,984192,5632,dna,3,4.958940386772156,4
d128h2L4,984192,5632,dna,4,4.841653347015381,4
d128h2L4,984192,5632,esc50_pcm8,1,3.02400004863739,4
d128h2L4,984192,5632,esc50_pcm8,2,2.6759076515833535,4
d128h2L4,984192,5632,esc50_pcm8,3,2.5799317359924316,4
d128h2L4,984192,5632,esc50_pcm8,4,2.53257155418396,4
d128h2L4,984192,5632,esc50_pcm8_11khz,1,3.997446298599243,4
d128h2L4,984192,5632,esc50_pcm8_11khz,2,3.630811333656311,4
d128h2L4,984192,5632,esc50_pcm8_11khz,3,3.518816828727722,4
d128h2L4,984192,5632,esc50_pcm8_11khz,4,3.462728261947632,4
d128h2L4,984192,5632,kolmogorov_dna,1,4.888473093509674,4
d128h2L4,984192,5632,kolmogorov_dna,2,4.1180994510650635,4
d128h2L4,984192,5632,kolmogorov_dna,3,3.9174172282218933,4
d128h2L4,984192,5632,kolmogorov_dna,4,3.827538251876831,4
d128h2L4,984192,5632,kolmogorov_text,1,4.974257588386536,4
d128h2L4,984192,5632,kolmogorov_text,2,4.392225861549377,4
d128h2L4,984192,5632,kolmogorov_text,3,4.210210084915161,4
d128h2L4,984192,5632,kolmogorov_text,4,4.1124267578125,4
d128h2L4,984192,5632,llm_compression_arxiv_math,1,4.802694201469421,4
d128h2L4,984192,5632,llm_compression_arxiv_math,2,4.168142080307007,4
d128h2L4,984192,5632,llm_compression_arxiv_math,3,3.966618776321411,4
d128h2L4,984192,5632,llm_compression_arxiv_math,4,3.854809045791626,4
d128h2L4,984192,5632,llm_compression_cc,1,4.825421452522278,4
d128h2L4,984192,5632,llm_compression_cc,2,4.3136628071467085,4
d128h2L4,984192,5632,llm_compression_cc,3,4.149087905883789,4
d128h2L4,984192,5632,llm_compression_cc,4,4.060844898223877,4
d128h2L4,984192,5632,llm_compression_python,1,4.376201868057251,4
d128h2L4,984192,5632,llm_compression_python,2,3.7461419105529785,4
d128h2L4,984192,5632,llm_compression_python,3,3.54230934381485,4
d128h2L4,984192,5632,llm_compression_python,4,3.4276795387268066,4
d128h2L4,984192,5632,metamath,1,4.432494640350342,4
d128h2L4,984192,5632,metamath,2,3.812323053677877,4
d128h2L4,984192,5632,metamath,3,3.6178427934646606,4
d128h2L4,984192,5632,metamath,4,3.5115740299224854,4
d128h2L4,984192,5632,musicnet_pcm8,1,3.668022930622101,4
d128h2L4,984192,5632,musicnet_pcm8,2,3.206116517384847,4
d128h2L4,984192,5632,musicnet_pcm8,3,3.079744279384613,4
d128h2L4,984192,5632,musicnet_pcm8,4,3.0185132026672363,4
d128h2L4,984192,5632,musicnet_pcm8_11khz,1,4.626684188842773,4
d128h2L4,984192,5632,musicnet_pcm8_11khz,2,4.177786350250244,4
d128h2L4,984192,5632,musicnet_pcm8_11khz,3,4.0437145829200745,4
d128h2L4,984192,5632,musicnet_pcm8_11khz,4,3.9775917530059814,4
d128h2L4,984192,5632,mutopia_melody_16th,1,3.4738453030586243,4
d128h2L4,984192,5632,mutopia_melody_16th,2,3.027020732561747,4
d128h2L4,984192,5632,mutopia_melody_16th,3,2.8763469457626343,4
d128h2L4,984192,5632,mutopia_melody_16th,4,2.7943642139434814,4
d128h2L4,984192,5632,speech_commands_pcm8,1,3.2021986842155457,4
d128h2L4,984192,5632,speech_commands_pcm8,2,2.802661180496216,4
d128h2L4,984192,5632,speech_commands_pcm8,3,2.6996814608573914,4
d128h2L4,984192,5632,speech_commands_pcm8,4,2.6495800018310547,4
d128h2L4,984192,5632,speech_commands_pcm8_8khz,1,3.3977452516555786,4
d128h2L4,984192,5632,speech_commands_pcm8_8khz,2,2.950301170349121,4
d128h2L4,984192,5632,speech_commands_pcm8_8khz,3,2.8281098008155823,4
d128h2L4,984192,5632,speech_commands_pcm8_8khz,4,2.7673540115356445,4
d128h2L4,984192,5888,aitdcc_a_protein,1,5.70659613609314,4
d128h2L4,984192,5888,aitdcc_a_protein,2,5.282783269882202,4
d128h2L4,984192,5888,aitdcc_a_protein,3,5.151227116584778,4
d128h2L4,984192,5888,aitdcc_a_protein,4,5.087484359741211,4
d128h2L4,984192,5888,aitdcc_b_c_source,1,4.76911461353302,4
d128h2L4,984192,5888,aitdcc_b_c_source,2,4.077590386072795,4
d128h2L4,984192,5888,aitdcc_b_c_source,3,3.8618710041046143,4
d128h2L4,984192,5888,aitdcc_b_c_source,4,3.7481799125671387,4
d128h2L4,984192,5888,aitdcc_d_glibc_rand,1,9.726969003677368,4
d128h2L4,984192,5888,aitdcc_d_glibc_rand,2,8.934219201405844,4
d128h2L4,984192,5888,aitdcc_d_glibc_rand,3,8.680606603622437,4
d128h2L4,984192,5888,aitdcc_d_glibc_rand,4,8.559905052185059,4
d128h2L4,984192,5888,aitdcc_e_atlas_float32,1,8.617494106292725,4
d128h2L4,984192,5888,aitdcc_e_atlas_float32,2,7.769251426060994,4
d128h2L4,984192,5888,aitdcc_e_atlas_float32,3,7.495922565460205,4
d128h2L4,984192,5888,aitdcc_e_atlas_float32,4,7.369877815246582,4
d128h2L4,984192,5888,aitdcc_g_astronomy,1,3.564442276954651,4
d128h2L4,984192,5888,aitdcc_g_astronomy,2,3.2579180002212524,4
d128h2L4,984192,5888,aitdcc_g_astronomy,3,3.166285991668701,4
d128h2L4,984192,5888,aitdcc_g_astronomy,4,3.121950149536133,4
d128h2L4,984192,5888,arithmetic,1,2.1802888810634613,4
d128h2L4,984192,5888,arithmetic,2,1.5119319558143616,4
d128h2L4,984192,5888,arithmetic,3,1.3830648958683014,4
d128h2L4,984192,5888,arithmetic,4,1.3286579847335815,4
d128h2L4,984192,5888,audio_16bit,1,9.162343740463257,4
d128h2L4,984192,5888,audio_16bit,2,8.397528330485025,4
d128h2L4,984192,5888,audio_16bit,3,8.130008697509766,4
d128h2L4,984192,5888,audio_16bit,4,7.9893927574157715,4
d128h2L4,984192,5888,audio_8bit,1,7.391382336616516,4
d128h2L4,984192,5888,audio_8bit,2,6.380320310592651,4
d128h2L4,984192,5888,audio_8bit,3,6.098156452178955,4
d128h2L4,984192,5888,audio_8bit,4,5.972857475280762,4
d128h2L4,984192,5888,cifar10_rgb_hwc,1,8.93232274055481,4
d128h2L4,984192,5888,cifar10_rgb_hwc,2,8.151147445042929,4
d128h2L4,984192,5888,cifar10_rgb_hwc,3,7.896606087684631,4
d128h2L4,984192,5888,cifar10_rgb_hwc,4,7.7673163414001465,4
d128h2L4,984192,5888,cifar10_rgb_planar,1,8.888566017150879,4
d128h2L4,984192,5888,cifar10_rgb_planar,2,8.11413542429606,4
d128h2L4,984192,5888,cifar10_rgb_planar,3,7.858193516731262,4
d128h2L4,984192,5888,cifar10_rgb_planar,4,7.727576732635498,4
d128h2L4,984192,5888,dclm,1,5.087220311164856,4
d128h2L4,984192,5888,dclm,2,4.537460565567017,4
d128h2L4,984192,5888,dclm,3,4.35397732257843,4
d128h2L4,984192,5888,dclm,4,4.258070468902588,4
d128h2L4,984192,5888,dclm_ranked,1,8.619830012321472,4
d128h2L4,984192,5888,dclm_ranked,2,7.758856455485026,4
d128h2L4,984192,5888,dclm_ranked,3,7.44085693359375,4
d128h2L4,984192,5888,dclm_ranked,4,7.274289131164551,4
d128h2L4,984192,5888,dna,1,5.554116368293762,4
d128h2L4,984192,5888,dna,2,4.61307676633199,4
d128h2L4,984192,5888,dna,3,4.394025444984436,4
d128h2L4,984192,5888,dna,4,4.3150739669799805,4
d128h2L4,984192,5888,esc50_pcm8,1,3.081894874572754,4
d128h2L4,984192,5888,esc50_pcm8,2,2.71067742506663,4
d128h2L4,984192,5888,esc50_pcm8,3,2.604009449481964,4
d128h2L4,984192,5888,esc50_pcm8,4,2.550466299057007,4
d128h2L4,984192,5888,esc50_pcm8_11khz,1,4.079057693481445,4
d128h2L4,984192,5888,esc50_pcm8_11khz,2,3.680336594581604,4
d128h2L4,984192,5888,esc50_pcm8_11khz,3,3.5558343529701233,4
d128h2L4,984192,5888,esc50_pcm8_11khz,4,3.49236798286438,4
d128h2L4,984192,5888,kolmogorov_dna,1,4.351558327674866,4
d128h2L4,984192,5888,kolmogorov_dna,2,3.685053070386251,4
d128h2L4,984192,5888,kolmogorov_dna,3,3.5390745401382446,4
d128h2L4,984192,5888,kolmogorov_dna,4,3.485572338104248,4
d128h2L4,984192,5888,kolmogorov_text,1,5.017080545425415,4
d128h2L4,984192,5888,kolmogorov_text,2,4.417886892954509,4
d128h2L4,984192,5888,kolmogorov_text,3,4.222573518753052,4
d128h2L4,984192,5888,kolmogorov_text,4,4.1207966804504395,4
d128h2L4,984192,5888,llm_compression_arxiv_math,1,4.804871678352356,4
d128h2L4,984192,5888,llm_compression_arxiv_math,2,4.164498766263326,4
d128h2L4,984192,5888,llm_compression_arxiv_math,3,3.9573492407798767,4
d128h2L4,984192,5888,llm_compression_arxiv_math,4,3.8500449657440186,4
d128h2L4,984192,5888,llm_compression_cc,1,4.864459753036499,4
d128h2L4,984192,5888,llm_compression_cc,2,4.323865652084351,4
d128h2L4,984192,5888,llm_compression_cc,3,4.141942024230957,4
d128h2L4,984192,5888,llm_compression_cc,4,4.046703815460205,4
d128h2L4,984192,5888,llm_compression_python,1,4.373528778553009,4
d128h2L4,984192,5888,llm_compression_python,2,3.726047913233439,4
d128h2L4,984192,5888,llm_compression_python,3,3.513705253601074,4
d128h2L4,984192,5888,llm_compression_python,4,3.403613805770874,4
d128h2L4,984192,5888,metamath,1,4.427398502826691,4
d128h2L4,984192,5888,metamath,2,3.779145280520121,4
d128h2L4,984192,5888,metamath,3,3.5768184661865234,4
d128h2L4,984192,5888,metamath,4,3.4725353717803955,4
d128h2L4,984192,5888,musicnet_pcm8,1,3.758469879627228,4
d128h2L4,984192,5888,musicnet_pcm8,2,3.2457242012023926,4
d128h2L4,984192,5888,musicnet_pcm8,3,3.104008376598358,4
d128h2L4,984192,5888,musicnet_pcm8,4,3.0345218181610107,4
d128h2L4,984192,5888,musicnet_pcm8_11khz,1,4.734874725341797,4
d128h2L4,984192,5888,musicnet_pcm8_11khz,2,4.241599082946777,4
d128h2L4,984192,5888,musicnet_pcm8_11khz,3,4.090704321861267,4
d128h2L4,984192,5888,musicnet_pcm8_11khz,4,4.0145039558410645,4
d128h2L4,984192,5888,mutopia_melody_16th,1,3.4927662014961243,4
d128h2L4,984192,5888,mutopia_melody_16th,2,3.022602081298828,4
d128h2L4,984192,5888,mutopia_melody_16th,3,2.861818552017212,4
d128h2L4,984192,5888,mutopia_melody_16th,4,2.775400400161743,4
d128h2L4,984192,5888,speech_commands_pcm8,1,3.2421160340309143,4
d128h2L4,984192,5888,speech_commands_pcm8,2,2.831494092941284,4
d128h2L4,984192,5888,speech_commands_pcm8,3,2.7195658087730408,4
d128h2L4,984192,5888,speech_commands_pcm8,4,2.663810968399048,4
d128h2L4,984192,5888,speech_commands_pcm8_8khz,1,3.4281557202339172,4
d128h2L4,984192,5888,speech_commands_pcm8_8khz,2,2.984123865763346,4
d128h2L4,984192,5888,speech_commands_pcm8_8khz,3,2.855152130126953,4
d128h2L4,984192,5888,speech_commands_pcm8_8khz,4,2.789544105529785,4
d128h2L4,984192,6144,aitdcc_a_protein,1,5.555004358291626,4
d128h2L4,984192,6144,aitdcc_a_protein,2,5.179266611735026,4
d128h2L4,984192,6144,aitdcc_a_protein,3,5.074092507362366,4
d128h2L4,984192,6144,aitdcc_a_protein,4,5.022009372711182,4
d128h2L4,984192,6144,aitdcc_b_c_source,1,4.710724949836731,4
d128h2L4,984192,6144,aitdcc_b_c_source,2,4.005136132240295,4
d128h2L4,984192,6144,aitdcc_b_c_source,3,3.7878441214561462,4
d128h2L4,984192,6144,aitdcc_b_c_source,4,3.6745290756225586,4
d128h2L4,984192,6144,aitdcc_d_glibc_rand,1,9.292124271392822,4
d128h2L4,984192,6144,aitdcc_d_glibc_rand,2,8.68361488978068,4
d128h2L4,984192,6144,aitdcc_d_glibc_rand,3,8.500449657440186,4
d128h2L4,984192,6144,aitdcc_d_glibc_rand,4,8.414109230041504,4
d128h2L4,984192,6144,aitdcc_e_atlas_float32,1,8.304528713226318,4
d128h2L4,984192,6144,aitdcc_e_atlas_float32,2,7.566040277481079,4
d128h2L4,984192,6144,aitdcc_e_atlas_float32,3,7.337639093399048,4
d128h2L4,984192,6144,aitdcc_e_atlas_float32,4,7.23636531829834,4
d128h2L4,984192,6144,aitdcc_g_astronomy,1,3.4987932443618774,4
d128h2L4,984192,6144,aitdcc_g_astronomy,2,3.2010821104049683,4
d128h2L4,984192,6144,aitdcc_g_astronomy,3,3.1135860681533813,4
d128h2L4,984192,6144,aitdcc_g_astronomy,4,3.0703542232513428,4
d128h2L4,984192,6144,arithmetic,1,2.291171610355377,4
d128h2L4,984192,6144,arithmetic,2,1.5456006328264873,4
d128h2L4,984192,6144,arithmetic,3,1.366019070148468,4
d128h2L4,984192,6144,arithmetic,4,1.2903263568878174,4
d128h2L4,984192,6144,audio_16bit,1,9.070841550827026,4
d128h2L4,984192,6144,audio_16bit,2,8.351707140604654,4
d128h2L4,984192,6144,audio_16bit,3,8.109630823135376,4
d128h2L4,984192,6144,audio_16bit,4,7.987442970275879,4
d128h2L4,984192,6144,audio_8bit,1,7.5899893045425415,4
d128h2L4,984192,6144,audio_8bit,2,6.609053214391072,4
d128h2L4,984192,6144,audio_8bit,3,6.330334424972534,4
d128h2L4,984192,6144,audio_8bit,4,6.205303192138672,4
d128h2L4,984192,6144,cifar10_rgb_hwc,1,8.762061595916748,4
d128h2L4,984192,6144,cifar10_rgb_hwc,2,8.061649878819784,4
d128h2L4,984192,6144,cifar10_rgb_hwc,3,7.839073419570923,4
d128h2L4,984192,6144,cifar10_rgb_hwc,4,7.7266645431518555,4
d128h2L4,984192,6144,cifar10_rgb_planar,1,8.723205089569092,4
d128h2L4,984192,6144,cifar10_rgb_planar,2,8.032926877339682,4
d128h2L4,984192,6144,cifar10_rgb_planar,3,7.809965133666992,4
d128h2L4,984192,6144,cifar10_rgb_planar,4,7.696690559387207,4
d128h2L4,984192,6144,dclm,1,5.003666520118713,4
d128h2L4,984192,6144,dclm,2,4.481652498245239,4
d128h2L4,984192,6144,dclm,3,4.31742799282074,4
d128h2L4,984192,6144,dclm,4,4.2342329025268555,4
d128h2L4,984192,6144,dclm_ranked,1,8.879522323608398,4
d128h2L4,984192,6144,dclm_ranked,2,8.080915530522665,4
d128h2L4,984192,6144,dclm_ranked,3,7.771510481834412,4
d128h2L4,984192,6144,dclm_ranked,4,7.598550319671631,4
d128h2L4,984192,6144,dna,1,5.860280275344849,4
d128h2L4,984192,6144,dna,2,4.966273069381714,4
d128h2L4,984192,6144,dna,3,4.7350544929504395,4
d128h2L4,984192,6144,dna,4,4.644565582275391,4
d128h2L4,984192,6144,esc50_pcm8,1,3.074689567089081,4
d128h2L4,984192,6144,esc50_pcm8,2,2.717999815940857,4
d128h2L4,984192,6144,esc50_pcm8,3,2.6141120195388794,4
d128h2L4,984192,6144,esc50_pcm8,4,2.562469959259033,4
d128h2L4,984192,6144,esc50_pcm8_11khz,1,4.06520539522171,4
d128h2L4,984192,6144,esc50_pcm8_11khz,2,3.6843934456507363,4
d128h2L4,984192,6144,esc50_pcm8_11khz,3,3.5656932592391968,4
d128h2L4,984192,6144,esc50_pcm8_11khz,4,3.5054404735565186,4
d128h2L4,984192,6144,kolmogorov_dna,1,4.625478565692902,4
d128h2L4,984192,6144,kolmogorov_dna,2,3.9182332356770835,4
d128h2L4,984192,6144,kolmogorov_dna,3,3.748307168483734,4
d128h2L4,984192,6144,kolmogorov_dna,4,3.679811716079712,4
d128h2L4,984192,6144,kolmogorov_text,1,4.953266382217407,4
d128h2L4,984192,6144,kolmogorov_text,2,4.357743302981059,4
d128h2L4,984192,6144,kolmogorov_text,3,4.170918107032776,4
d128h2L4,984192,6144,kolmogorov_text,4,4.074704170227051,4
d128h2L4,984192,6144,llm_compression_arxiv_math,1,4.717219948768616,4
d128h2L4,984192,6144,llm_compression_arxiv_math,2,4.085352897644043,4
d128h2L4,984192,6144,llm_compression_arxiv_math,3,3.8804619908332825,4
d128h2L4,984192,6144,llm_compression_arxiv_math,4,3.7751457691192627,4
d128h2L4,984192,6144,llm_compression_cc,1,4.781128406524658,4
d128h2L4,984192,6144,llm_compression_cc,2,4.264444351196289,4
d128h2L4,984192,6144,llm_compression_cc,3,4.099425435066223,4
d128h2L4,984192,6144,llm_compression_cc,4,4.0154242515563965,4
d128h2L4,984192,6144,llm_compression_python,1,4.24115115404129,4
d128h2L4,984192,6144,llm_compression_python,2,3.616438070933024,4
d128h2L4,984192,6144,llm_compression_python,3,3.413595139980316,4
d128h2L4,984192,6144,llm_compression_python,4,3.3074581623077393,4
d128h2L4,984192,6144,metamath,1,4.363022863864899,4
d128h2L4,984192,6144,metamath,2,3.7079697847366333,4
d128h2L4,984192,6144,metamath,3,3.5024097561836243,4
d128h2L4,984192,6144,metamath,4,3.397524118423462,4
d128h2L4,984192,6144,musicnet_pcm8,1,3.7701616883277893,4
d128h2L4,984192,6144,musicnet_pcm8,2,3.258699655532837,4
d128h2L4,984192,6144,musicnet_pcm8,3,3.113509714603424,4
d128h2L4,984192,6144,musicnet_pcm8,4,3.0432076454162598,4
d128h2L4,984192,6144,musicnet_pcm8_11khz,1,4.719318509101868,4
d128h2L4,984192,6144,musicnet_pcm8_11khz,2,4.248336712519328,4
d128h2L4,984192,6144,musicnet_pcm8_11khz,3,4.102094769477844,4
d128h2L4,984192,6144,musicnet_pcm8_11khz,4,4.028340816497803,4
d128h2L4,984192,6144,mutopia_melody_16th,1,3.3727137446403503,4
d128h2L4,984192,6144,mutopia_melody_16th,2,2.924768884976705,4
d128h2L4,984192,6144,mutopia_melody_16th,3,2.7718738317489624,4
d128h2L4,984192,6144,mutopia_melody_16th,4,2.6896560192108154,4
d128h2L4,984192,6144,speech_commands_pcm8,1,3.2287212014198303,4
d128h2L4,984192,6144,speech_commands_pcm8,2,2.8270978132883706,4
d128h2L4,984192,6144,speech_commands_pcm8,3,2.7191432118415833,4
d128h2L4,984192,6144,speech_commands_pcm8,4,2.666029930114746,4
d128h2L4,984192,6144,speech_commands_pcm8_8khz,1,3.3779961466789246,4
d128h2L4,984192,6144,speech_commands_pcm8_8khz,2,2.9469374815622964,4
d128h2L4,984192,6144,speech_commands_pcm8_8khz,3,2.8255549669265747,4
d128h2L4,984192,6144,speech_commands_pcm8_8khz,4,2.7649996280670166,4
d128h2L4,984192,6400,aitdcc_a_protein,1,5.697505474090576,4
d128h2L4,984192,6400,aitdcc_a_protein,2,5.287217617034912,4
d128h2L4,984192,6400,aitdcc_a_protein,3,5.155756711959839,4
d128h2L4,984192,6400,aitdcc_a_protein,4,5.094607353210449,4
d128h2L4,984192,6400,aitdcc_b_c_source,1,4.663075029850006,4
d128h2L4,984192,6400,aitdcc_b_c_source,2,3.9681790669759116,4
d128h2L4,984192,6400,aitdcc_b_c_source,3,3.7439916133880615,4
d128h2L4,984192,6400,aitdcc_b_c_source,4,3.6283960342407227,4
d128h2L4,984192,6400,aitdcc_d_glibc_rand,1,9.707782506942749,4
d128h2L4,984192,6400,aitdcc_d_glibc_rand,2,8.934021790822348,4
d128h2L4,984192,6400,aitdcc_d_glibc_rand,3,8.68459677696228,4
d128h2L4,984192,6400,aitdcc_d_glibc_rand,4,8.564493179321289,4
d128h2L4,984192,6400,aitdcc_e_atlas_float32,1,8.505608677864075,4
d128h2L4,984192,6400,aitdcc_e_atlas_float32,2,7.691444476445516,4
d128h2L4,984192,6400,aitdcc_e_atlas_float32,3,7.434224724769592,4
d128h2L4,984192,6400,aitdcc_e_atlas_float32,4,7.315539360046387,4
d128h2L4,984192,6400,aitdcc_g_astronomy,1,3.5110141038894653,4
d128h2L4,984192,6400,aitdcc_g_astronomy,2,3.1467304627100625,4
d128h2L4,984192,6400,aitdcc_g_astronomy,3,3.0382991433143616,4
d128h2L4,984192,6400,aitdcc_g_astronomy,4,2.987293243408203,4
d128h2L4,984192,6400,arithmetic,1,2.6034964621067047,4
d128h2L4,984192,6400,arithmetic,2,1.785518189271291,4
d128h2L4,984192,6400,arithmetic,3,1.5710506439208984,4
d128h2L4,984192,6400,arithmetic,4,1.4838707447052002,4
d128h2L4,984192,6400,audio_16bit,1,9.072866916656494,4
d128h2L4,984192,6400,audio_16bit,2,8.35584576924642,4
d128h2L4,984192,6400,audio_16bit,3,8.09764575958252,4
d128h2L4,984192,6400,audio_16bit,4,7.962819576263428,4
d128h2L4,984192,6400,audio_8bit,1,7.23611056804657,4
d128h2L4,984192,6400,audio_8bit,2,6.325656414031982,4
d128h2L4,984192,6400,audio_8bit,3,6.073440313339233,4
d128h2L4,984192,6400,audio_8bit,4,5.947360038757324,4
d128h2L4,984192,6400,cifar10_rgb_hwc,1,8.830348014831543,4
d128h2L4,984192,6400,cifar10_rgb_hwc,2,8.111657698949179,4
d128h2L4,984192,6400,cifar10_rgb_hwc,3,7.865601658821106,4
d128h2L4,984192,6400,cifar10_rgb_hwc,4,7.739653587341309,4
d128h2L4,984192,6400,cifar10_rgb_planar,1,8.792564868927002,4
d128h2L4,984192,6400,cifar10_rgb_planar,2,8.076012372970581,4
d128h2L4,984192,6400,cifar10_rgb_planar,3,7.828406453132629,4
d128h2L4,984192,6400,cifar10_rgb_planar,4,7.701422214508057,4
d128h2L4,984192,6400,dclm,1,5.011794090270996,4
d128h2L4,984192,6400,dclm,2,4.438156525293986,4
d128h2L4,984192,6400,dclm,3,4.251294732093811,4
d128h2L4,984192,6400,dclm,4,4.156469345092773,4
d128h2L4,984192,6400,dclm_ranked,1,8.59935450553894,4
d128h2L4,984192,6400,dclm_ranked,2,7.900665124257405,4
d128h2L4,984192,6400,dclm_ranked,3,7.636275768280029,4
d128h2L4,984192,6400,dclm_ranked,4,7.497204780578613,4
d128h2L4,984192,6400,dna,1,5.368999004364014,4
d128h2L4,984192,6400,dna,2,4.528592507044475,4
d128h2L4,984192,6400,dna,3,4.385336518287659,4
d128h2L4,984192,6400,dna,4,4.322247505187988,4
d128h2L4,984192,6400,esc50_pcm8,1,3.0429770946502686,4
d128h2L4,984192,6400,esc50_pcm8,2,2.6809701124827066,4
d128h2L4,984192,6400,esc50_pcm8,3,2.5747236013412476,4
d128h2L4,984192,6400,esc50_pcm8,4,2.5218050479888916,4
d128h2L4,984192,6400,esc50_pcm8_11khz,1,4.056889653205872,4
d128h2L4,984192,6400,esc50_pcm8_11khz,2,3.6606521209081015,4
d128h2L4,984192,6400,esc50_pcm8_11khz,3,3.5349530577659607,4
d128h2L4,984192,6400,esc50_pcm8_11khz,4,3.471363067626953,4
d128h2L4,984192,6400,kolmogorov_dna,1,4.267959952354431,4
d128h2L4,984192,6400,kolmogorov_dna,2,3.674147884051005,4
d128h2L4,984192,6400,kolmogorov_dna,3,3.5534539222717285,4
d128h2L4,984192,6400,kolmogorov_dna,4,3.498263359069824,4
d128h2L4,984192,6400,kolmogorov_text,1,4.94067656993866,4
d128h2L4,984192,6400,kolmogorov_text,2,4.319567481676738,4
d128h2L4,984192,6400,kolmogorov_text,3,4.121152997016907,4
d128h2L4,984192,6400,kolmogorov_text,4,4.020345211029053,4
d128h2L4,984192,6400,llm_compression_arxiv_math,1,4.682799756526947,4
d128h2L4,984192,6400,llm_compression_arxiv_math,2,4.0334469477335615,4
d128h2L4,984192,6400,llm_compression_arxiv_math,3,3.8186397552490234,4
d128h2L4,984192,6400,llm_compression_arxiv_math,4,3.708834171295166,4
d128h2L4,984192,6400,llm_compression_cc,1,4.785598993301392,4
d128h2L4,984192,6400,llm_compression_cc,2,4.219655195871989,4
d128h2L4,984192,6400,llm_compression_cc,3,4.033957779407501,4
d128h2L4,984192,6400,llm_compression_cc,4,3.9399948120117188,4
d128h2L4,984192,6400,llm_compression_python,1,4.199492931365967,4
d128h2L4,984192,6400,llm_compression_python,2,3.5777230262756348,4
d128h2L4,984192,6400,llm_compression_python,3,3.3704487085342407,4
d128h2L4,984192,6400,llm_compression_python,4,3.2625176906585693,4
d128h2L4,984192,6400,metamath,1,4.366895318031311,4
d128h2L4,984192,6400,metamath,2,3.7212955554326377,4
d128h2L4,984192,6400,metamath,3,3.513014495372772,4
d128h2L4,984192,6400,metamath,4,3.4078400135040283,4
d128h2L4,984192,6400,musicnet_pcm8,1,3.68290776014328,4
d128h2L4,984192,6400,musicnet_pcm8,2,3.190289576848348,4
d128h2L4,984192,6400,musicnet_pcm8,3,3.0473421216011047,4
d128h2L4,984192,6400,musicnet_pcm8,4,2.97749924659729,4
d128h2L4,984192,6400,musicnet_pcm8_11khz,1,4.6807568073272705,4
d128h2L4,984192,6400,musicnet_pcm8_11khz,2,4.193849086761475,4
d128h2L4,984192,6400,musicnet_pcm8_11khz,3,4.041394770145416,4
d128h2L4,984192,6400,musicnet_pcm8_11khz,4,3.965278148651123,4
d128h2L4,984192,6400,mutopia_melody_16th,1,3.4292507767677307,4
d128h2L4,984192,6400,mutopia_melody_16th,2,2.987343509991964,4
d128h2L4,984192,6400,mutopia_melody_16th,3,2.8347544074058533,4
d128h2L4,984192,6400,mutopia_melody_16th,4,2.75296688079834,4
d128h2L4,984192,6400,speech_commands_pcm8,1,3.220934510231018,4
d128h2L4,984192,6400,speech_commands_pcm8,2,2.809745987256368,4
d128h2L4,984192,6400,speech_commands_pcm8,3,2.697534918785095,4
d128h2L4,984192,6400,speech_commands_pcm8,4,2.6425249576568604,4
d128h2L4,984192,6400,speech_commands_pcm8_8khz,1,3.4355465173721313,4
d128h2L4,984192,6400,speech_commands_pcm8_8khz,2,2.9721898237864175,4
d128h2L4,984192,6400,speech_commands_pcm8_8khz,3,2.8415169715881348,4
d128h2L4,984192,6400,speech_commands_pcm8_8khz,4,2.7774579524993896,4
d128h2L4,984192,6656,aitdcc_a_protein,1,5.479674458503723,4
d128h2L4,984192,6656,aitdcc_a_protein,2,5.116571426391602,4
d128h2L4,984192,6656,aitdcc_a_protein,3,5.009655714035034,4
d128h2L4,984192,6656,aitdcc_a_protein,4,4.9595465660095215,4
d128h2L4,984192,6656,aitdcc_b_c_source,1,4.583931148052216,4
d128h2L4,984192,6656,aitdcc_b_c_source,2,3.9641913970311484,4
d128h2L4,984192,6656,aitdcc_b_c_source,3,3.7757478952407837,4
d128h2L4,984192,6656,aitdcc_b_c_source,4,3.680004358291626,4
d128h2L4,984192,6656,aitdcc_d_glibc_rand,1,9.145550966262817,4
d128h2L4,984192,6656,aitdcc_d_glibc_rand,2,8.621614933013916,4
d128h2L4,984192,6656,aitdcc_d_glibc_rand,3,8.460711002349854,4
d128h2L4,984192,6656,aitdcc_d_glibc_rand,4,8.381847381591797,4
d128h2L4,984192,6656,aitdcc_e_atlas_float32,1,8.154351353645325,4
d128h2L4,984192,6656,aitdcc_e_atlas_float32,2,7.527763446172078,4
d128h2L4,984192,6656,aitdcc_e_atlas_float32,3,7.3360512256622314,4
d128h2L4,984192,6656,aitdcc_e_atlas_float32,4,7.244223117828369,4
d128h2L4,984192,6656,aitdcc_g_astronomy,1,3.4279913902282715,4
d128h2L4,984192,6656,aitdcc_g_astronomy,2,3.099905252456665,4
d128h2L4,984192,6656,aitdcc_g_astronomy,3,3.009881615638733,4
d128h2L4,984192,6656,aitdcc_g_astronomy,4,2.96661376953125,4
d128h2L4,984192,6656,arithmetic,1,2.1928503811359406,4
d128h2L4,984192,6656,arithmetic,2,1.5222367644309998,4
d128h2L4,984192,6656,arithmetic,3,1.3768655955791473,4
d128h2L4,984192,6656,arithmetic,4,1.320001244544983,4
d128h2L4,984192,6656,audio_16bit,1,8.93291449546814,4
d128h2L4,984192,6656,audio_16bit,2,8.270600954691568,4
d128h2L4,984192,6656,audio_16bit,3,8.040732026100159,4
d128h2L4,984192,6656,audio_16bit,4,7.921322822570801,4
d128h2L4,984192,6656,audio_8bit,1,7.1606374979019165,4
d128h2L4,984192,6656,audio_8bit,2,6.313650369644165,4
d128h2L4,984192,6656,audio_8bit,3,6.064144849777222,4
d128h2L4,984192,6656,audio_8bit,4,5.94073486328125,4
d128h2L4,984192,6656,cifar10_rgb_hwc,1,8.612117052078247,4
d128h2L4,984192,6656,cifar10_rgb_hwc,2,7.993894735972087,4
d128h2L4,984192,6656,cifar10_rgb_hwc,3,7.78484308719635,4
d128h2L4,984192,6656,cifar10_rgb_hwc,4,7.677741050720215,4
d128h2L4,984192,6656,cifar10_rgb_planar,1,8.573188781738281,4
d128h2L4,984192,6656,cifar10_rgb_planar,2,7.960034370422363,4
d128h2L4,984192,6656,cifar10_rgb_planar,3,7.751757264137268,4
d128h2L4,984192,6656,cifar10_rgb_planar,4,7.64445686340332,4
d128h2L4,984192,6656,dclm,1,4.882936358451843,4
d128h2L4,984192,6656,dclm,2,4.407864967981975,4
d128h2L4,984192,6656,dclm,3,4.255769848823547,4
d128h2L4,984192,6656,dclm,4,4.180247783660889,4
d128h2L4,984192,6656,dclm_ranked,1,8.583882331848145,4
d128h2L4,984192,6656,dclm_ranked,2,7.8380130132039385,4
d128h2L4,984192,6656,dclm_ranked,3,7.557716965675354,4
d128h2L4,984192,6656,dclm_ranked,4,7.412184715270996,4
d128h2L4,984192,6656,dna,1,5.660619139671326,4
d128h2L4,984192,6656,dna,2,4.8612730503082275,4
d128h2L4,984192,6656,dna,3,4.648342967033386,4
d128h2L4,984192,6656,dna,4,4.555822372436523,4
d128h2L4,984192,6656,esc50_pcm8,1,2.990422487258911,4
d128h2L4,984192,6656,esc50_pcm8,2,2.6669387817382812,4
d128h2L4,984192,6656,esc50_pcm8,3,2.5722121000289917,4
d128h2L4,984192,6656,esc50_pcm8,4,2.525223731994629,4
d128h2L4,984192,6656,esc50_pcm8_11khz,1,3.965671718120575,4
d128h2L4,984192,6656,esc50_pcm8_11khz,2,3.61181910832723,4
d128h2L4,984192,6656,esc50_pcm8_11khz,3,3.500657856464386,4
d128h2L4,984192,6656,esc50_pcm8_11khz,4,3.4443745613098145,4
d128h2L4,984192,6656,kolmogorov_dna,1,4.440145015716553,4
d128h2L4,984192,6656,kolmogorov_dna,2,3.8676509459813437,4
d128h2L4,984192,6656,kolmogorov_dna,3,3.7251442074775696,4
d128h2L4,984192,6656,kolmogorov_dna,4,3.661712169647217,4
d128h2L4,984192,6656,kolmogorov_text,1,4.835027694702148,4
d128h2L4,984192,6656,kolmogorov_text,2,4.300987482070923,4
d128h2L4,984192,6656,kolmogorov_text,3,4.132758617401123,4
d128h2L4,984192,6656,kolmogorov_text,4,4.048110008239746,4
d128h2L4,984192,6656,llm_compression_arxiv_math,1,4.616345226764679,4
d128h2L4,984192,6656,llm_compression_arxiv_math,2,4.043038646380107,4
d128h2L4,984192,6656,llm_compression_arxiv_math,3,3.8583410382270813,4
d128h2L4,984192,6656,llm_compression_arxiv_math,4,3.7650558948516846,4
d128h2L4,984192,6656,llm_compression_cc,1,4.668631672859192,4
d128h2L4,984192,6656,llm_compression_cc,2,4.196238199869792,4
d128h2L4,984192,6656,llm_compression_cc,3,4.043653964996338,4
d128h2L4,984192,6656,llm_compression_cc,4,3.967364549636841,4
d128h2L4,984192,6656,llm_compression_python,1,4.119534075260162,4
d128h2L4,984192,6656,llm_compression_python,2,3.570837418238322,4
d128h2L4,984192,6656,llm_compression_python,3,3.392036557197571,4
d128h2L4,984192,6656,llm_compression_python,4,3.3001651763916016,4
d128h2L4,984192,6656,metamath,1,4.278409361839294,4
d128h2L4,984192,6656,metamath,2,3.6962581872940063,4
d128h2L4,984192,6656,metamath,3,3.5201054215431213,4
d128h2L4,984192,6656,metamath,4,3.4328620433807373,4
d128h2L4,984192,6656,musicnet_pcm8,1,3.6463891863822937,4
d128h2L4,984192,6656,musicnet_pcm8,2,3.2018418312072754,4
d128h2L4,984192,6656,musicnet_pcm8,3,3.074276387691498,4
d128h2L4,984192,6656,musicnet_pcm8,4,3.0124003887176514,4
d128h2L4,984192,6656,musicnet_pcm8_11khz,1,4.582690954208374,4
d128h2L4,984192,6656,musicnet_pcm8_11khz,2,4.145824432373047,4
d128h2L4,984192,6656,musicnet_pcm8_11khz,3,4.01116555929184,4
d128h2L4,984192,6656,musicnet_pcm8_11khz,4,3.944207191467285,4
d128h2L4,984192,6656,mutopia_melody_16th,1,3.360119044780731,4
d128h2L4,984192,6656,mutopia_melody_16th,2,2.9652849038441977,4
d128h2L4,984192,6656,mutopia_melody_16th,3,2.8304442167282104,4
d128h2L4,984192,6656,mutopia_melody_16th,4,2.7582528591156006,4
d128h2L4,984192,6656,speech_commands_pcm8,1,3.1412174105644226,4
d128h2L4,984192,6656,speech_commands_pcm8,2,2.778043031692505,4
d128h2L4,984192,6656,speech_commands_pcm8,3,2.679623782634735,4
d128h2L4,984192,6656,speech_commands_pcm8,4,2.6309404373168945,4
d128h2L4,984192,6656,speech_commands_pcm8_8khz,1,3.351636588573456,4
d128h2L4,984192,6656,speech_commands_pcm8_8khz,2,2.9243494272232056,4
d128h2L4,984192,6656,speech_commands_pcm8_8khz,3,2.806486427783966,4
d128h2L4,984192,6656,speech_commands_pcm8_8khz,4,2.7470245361328125,4
d128h2L4,984192,6912,aitdcc_a_protein,1,5.516445159912109,4
d128h2L4,984192,6912,aitdcc_a_protein,2,5.120773871739705,4
d128h2L4,984192,6912,aitdcc_a_protein,3,5.0025986433029175,4
d128h2L4,984192,6912,aitdcc_a_protein,4,4.9455108642578125,4
d128h2L4,984192,6912,aitdcc_b_c_source,1,4.5208688378334045,4
d128h2L4,984192,6912,aitdcc_b_c_source,2,3.895318031311035,4
d128h2L4,984192,6912,aitdcc_b_c_source,3,3.6926448345184326,4
d128h2L4,984192,6912,aitdcc_b_c_source,4,3.586826801300049,4
d128h2L4,984192,6912,aitdcc_d_glibc_rand,1,8.96724271774292,4
d128h2L4,984192,6912,aitdcc_d_glibc_rand,2,8.532377084096273,4
d128h2L4,984192,6912,aitdcc_d_glibc_rand,3,8.397051572799683,4
d128h2L4,984192,6912,aitdcc_d_glibc_rand,4,8.329014778137207,4
d128h2L4,984192,6912,aitdcc_e_atlas_float32,1,8.037272930145264,4
d128h2L4,984192,6912,aitdcc_e_atlas_float32,2,7.482850551605225,4
d128h2L4,984192,6912,aitdcc_e_atlas_float32,3,7.310757040977478,4
d128h2L4,984192,6912,aitdcc_e_atlas_float32,4,7.227375030517578,4
d128h2L4,984192,6912,aitdcc_g_astronomy,1,3.5405218601226807,4
d128h2L4,984192,6912,aitdcc_g_astronomy,2,3.19414484500885,4
d128h2L4,984192,6912,aitdcc_g_astronomy,3,3.098990023136139,4
d128h2L4,984192,6912,aitdcc_g_astronomy,4,3.0535478591918945,4
d128h2L4,984192,6912,arithmetic,1,2.3873057663440704,4
d128h2L4,984192,6912,arithmetic,2,1.680722177028656,4
d128h2L4,984192,6912,arithmetic,3,1.51081582903862,4
d128h2L4,984192,6912,arithmetic,4,1.4346139430999756,4
d128h2L4,984192,6912,audio_16bit,1,8.948339700698853,4
d128h2L4,984192,6912,audio_16bit,2,8.29553492863973,4
d128h2L4,984192,6912,audio_16bit,3,8.066453695297241,4
d128h2L4,984192,6912,audio_16bit,4,7.946664810180664,4
d128h2L4,984192,6912,audio_8bit,1,7.288549542427063,4
d128h2L4,984192,6912,audio_8bit,2,6.408124287923177,4
d128h2L4,984192,6912,audio_8bit,3,6.146711587905884,4
d128h2L4,984192,6912,audio_8bit,4,6.017528533935547,4
d128h2L4,984192,6912,cifar10_rgb_hwc,1,8.508865356445312,4
d128h2L4,984192,6912,cifar10_rgb_hwc,2,7.945441563924153,4
d128h2L4,984192,6912,cifar10_rgb_hwc,3,7.750661611557007,4
d128h2L4,984192,6912,cifar10_rgb_hwc,4,7.649451732635498,4
d128h2L4,984192,6912,cifar10_rgb_planar,1,8.479754209518433,4
d128h2L4,984192,6912,cifar10_rgb_planar,2,7.915132999420166,4
d128h2L4,984192,6912,cifar10_rgb_planar,3,7.7195998430252075,4
d128h2L4,984192,6912,cifar10_rgb_planar,4,7.617984771728516,4
d128h2L4,984192,6912,dclm,1,4.883248567581177,4
d128h2L4,984192,6912,dclm,2,4.386672496795654,4
d128h2L4,984192,6912,dclm,3,4.226572275161743,4
d128h2L4,984192,6912,dclm,4,4.146327495574951,4
d128h2L4,984192,6912,dclm_ranked,1,8.706710577011108,4
d128h2L4,984192,6912,dclm_ranked,2,7.984628677368164,4
d128h2L4,984192,6912,dclm_ranked,3,7.716416001319885,4
d128h2L4,984192,6912,dclm_ranked,4,7.574438571929932,4
d128h2L4,984192,6912,dna,1,5.653114199638367,4
d128h2L4,984192,6912,dna,2,4.8781124750773115,4
d128h2L4,984192,6912,dna,3,4.702532649040222,4
d128h2L4,984192,6912,dna,4,4.631213665008545,4
d128h2L4,984192,6912,esc50_pcm8,1,2.9734784960746765,4
d128h2L4,984192,6912,esc50_pcm8,2,2.6624064842859902,4
d128h2L4,984192,6912,esc50_pcm8,3,2.5673688650131226,4
d128h2L4,984192,6912,esc50_pcm8,4,2.5199320316314697,4
d128h2L4,984192,6912,esc50_pcm8_11khz,1,3.9458720088005066,4
d128h2L4,984192,6912,esc50_pcm8_11khz,2,3.611736615498861,4
d128h2L4,984192,6912,esc50_pcm8_11khz,3,3.503198742866516,4
d128h2L4,984192,6912,esc50_pcm8_11khz,4,3.4474148750305176,4
d128h2L4,984192,6912,kolmogorov_dna,1,4.494811832904816,4
d128h2L4,984192,6912,kolmogorov_dna,2,3.934041420618693,4
d128h2L4,984192,6912,kolmogorov_dna,3,3.796045422554016,4
d128h2L4,984192,6912,kolmogorov_dna,4,3.7374002933502197,4
d128h2L4,984192,6912,kolmogorov_text,1,4.808133602142334,4
d128h2L4,984192,6912,kolmogorov_text,2,4.2585980494817095,4
d128h2L4,984192,6912,kolmogorov_text,3,4.081666886806488,4
d128h2L4,984192,6912,kolmogorov_text,4,3.991835355758667,4
d128h2L4,984192,6912,llm_compression_arxiv_math,1,4.566602885723114,4
d128h2L4,984192,6912,llm_compression_arxiv_math,2,3.9705485105514526,4
d128h2L4,984192,6912,llm_compression_arxiv_math,3,3.7729854583740234,4
d128h2L4,984192,6912,llm_compression_arxiv_math,4,3.6714470386505127,4
d128h2L4,984192,6912,llm_compression_cc,1,4.65533185005188,4
d128h2L4,984192,6912,llm_compression_cc,2,4.164673765500386,4
d128h2L4,984192,6912,llm_compression_cc,3,4.00528758764267,4
d128h2L4,984192,6912,llm_compression_cc,4,3.925358533859253,4
d128h2L4,984192,6912,llm_compression_python,1,4.088025689125061,4
d128h2L4,984192,6912,llm_compression_python,2,3.5242878198623657,4
d128h2L4,984192,6912,llm_compression_python,3,3.3340823650360107,4
d128h2L4,984192,6912,llm_compression_python,4,3.2347474098205566,4
d128h2L4,984192,6912,metamath,1,4.233332633972168,4
d128h2L4,984192,6912,metamath,2,3.624960462252299,4
d128h2L4,984192,6912,metamath,3,3.43582022190094,4
d128h2L4,984192,6912,metamath,4,3.3407297134399414,4
d128h2L4,984192,6912,musicnet_pcm8,1,3.627754509449005,4
d128h2L4,984192,6912,musicnet_pcm8,2,3.1852341492970786,4
d128h2L4,984192,6912,musicnet_pcm8,3,3.05315762758255,4
d128h2L4,984192,6912,musicnet_pcm8,4,2.988567590713501,4
d128h2L4,984192,6912,musicnet_pcm8_11khz,1,4.57498025894165,4
d128h2L4,984192,6912,musicnet_pcm8_11khz,2,4.152277787526448,4
d128h2L4,984192,6912,musicnet_pcm8_11khz,3,4.01706337928772,4
d128h2L4,984192,6912,musicnet_pcm8_11khz,4,3.948490858078003,4
d128h2L4,984192,6912,mutopia_melody_16th,1,3.3058698773384094,4
d128h2L4,984192,6912,mutopia_melody_16th,2,2.9191290537516275,4
d128h2L4,984192,6912,mutopia_melody_16th,3,2.7808116674423218,4
d128h2L4,984192,6912,mutopia_melody_16th,4,2.7037770748138428,4
d128h2L4,984192,6912,speech_commands_pcm8,1,3.115731716156006,4
d128h2L4,984192,6912,speech_commands_pcm8,2,2.773586312929789,4
d128h2L4,984192,6912,speech_commands_pcm8,3,2.6744768023490906,4
d128h2L4,984192,6912,speech_commands_pcm8,4,2.6247332096099854,4
d128h2L4,984192,6912,speech_commands_pcm8_8khz,1,3.317468762397766,4
d128h2L4,984192,6912,speech_commands_pcm8_8khz,2,2.9150866270065308,4
d128h2L4,984192,6912,speech_commands_pcm8_8khz,3,2.797940969467163,4
d128h2L4,984192,6912,speech_commands_pcm8_8khz,4,2.7382545471191406,4
d128h2L4,984192,7168,aitdcc_a_protein,1,5.470475673675537,4
d128h2L4,984192,7168,aitdcc_a_protein,2,5.121196111043294,4
d128h2L4,984192,7168,aitdcc_a_protein,3,5.01225745677948,4
d128h2L4,984192,7168,aitdcc_a_protein,4,4.959625244140625,4
d128h2L4,984192,7168,aitdcc_b_c_source,1,4.5322683453559875,4
d128h2L4,984192,7168,aitdcc_b_c_source,2,3.8953146934509277,4
d128h2L4,984192,7168,aitdcc_b_c_source,3,3.6935094594955444,4
d128h2L4,984192,7168,aitdcc_b_c_source,4,3.5886831283569336,4
d128h2L4,984192,7168,aitdcc_d_glibc_rand,1,9.129165649414062,4
d128h2L4,984192,7168,aitdcc_d_glibc_rand,2,8.639681180318197,4
d128h2L4,984192,7168,aitdcc_d_glibc_rand,3,8.482333421707153,4
d128h2L4,984192,7168,aitdcc_d_glibc_rand,4,8.402776718139648,4
d128h2L4,984192,7168,aitdcc_e_atlas_float32,1,8.094889402389526,4
d128h2L4,984192,7168,aitdcc_e_atlas_float32,2,7.526581684748332,4
d128h2L4,984192,7168,aitdcc_e_atlas_float32,3,7.344213962554932,4
d128h2L4,984192,7168,aitdcc_e_atlas_float32,4,7.254137992858887,4
d128h2L4,984192,7168,aitdcc_g_astronomy,1,3.598717153072357,4
d128h2L4,984192,7168,aitdcc_g_astronomy,2,3.153183937072754,4
d128h2L4,984192,7168,aitdcc_g_astronomy,3,3.0359013080596924,4
d128h2L4,984192,7168,aitdcc_g_astronomy,4,2.982901096343994,4
d128h2L4,984192,7168,arithmetic,1,2.2246290147304535,4
d128h2L4,984192,7168,arithmetic,2,1.5363127787907918,4
d128h2L4,984192,7168,arithmetic,3,1.3848716616630554,4
d128h2L4,984192,7168,arithmetic,4,1.3216516971588135,4
d128h2L4,984192,7168,audio_16bit,1,8.867416143417358,4
d128h2L4,984192,7168,audio_16bit,2,8.23421541849772,4
d128h2L4,984192,7168,audio_16bit,3,8.014289379119873,4
d128h2L4,984192,7168,audio_16bit,4,7.898734092712402,4
d128h2L4,984192,7168,audio_8bit,1,7.092690110206604,4
d128h2L4,984192,7168,audio_8bit,2,6.285552024841309,4
d128h2L4,984192,7168,audio_8bit,3,6.036730170249939,4
d128h2L4,984192,7168,audio_8bit,4,5.919954299926758,4
d128h2L4,984192,7168,cifar10_rgb_hwc,1,8.64128565788269,4
d128h2L4,984192,7168,cifar10_rgb_hwc,2,8.00075395901998,4
d128h2L4,984192,7168,cifar10_rgb_hwc,3,7.777105808258057,4
d128h2L4,984192,7168,cifar10_rgb_hwc,4,7.661945343017578,4
d128h2L4,984192,7168,cifar10_rgb_planar,1,8.589699983596802,4
d128h2L4,984192,7168,cifar10_rgb_planar,2,7.952760299046834,4
d128h2L4,984192,7168,cifar10_rgb_planar,3,7.7297738790512085,4
d128h2L4,984192,7168,cifar10_rgb_planar,4,7.6147918701171875,4
d128h2L4,984192,7168,dclm,1,4.855104446411133,4
d128h2L4,984192,7168,dclm,2,4.360954602559407,4
d128h2L4,984192,7168,dclm,3,4.204571604728699,4
d128h2L4,984192,7168,dclm,4,4.12562370300293,4
d128h2L4,984192,7168,dclm_ranked,1,8.369293212890625,4
d128h2L4,984192,7168,dclm_ranked,2,7.690835952758789,4
d128h2L4,984192,7168,dclm_ranked,3,7.429548978805542,4
d128h2L4,984192,7168,dclm_ranked,4,7.295159339904785,4
d128h2L4,984192,7168,dna,1,5.345549821853638,4
d128h2L4,984192,7168,dna,2,4.6325405438741045,4
d128h2L4,984192,7168,dna,3,4.461508870124817,4
d128h2L4,984192,7168,dna,4,4.386276721954346,4
d128h2L4,984192,7168,esc50_pcm8,1,2.973026990890503,4
d128h2L4,984192,7168,esc50_pcm8,2,2.6546202500661216,4
d128h2L4,984192,7168,esc50_pcm8,3,2.5588268041610718,4
d128h2L4,984192,7168,esc50_pcm8,4,2.511852264404297,4
d128h2L4,984192,7168,esc50_pcm8_11khz,1,3.9545037746429443,4
d128h2L4,984192,7168,esc50_pcm8_11khz,2,3.603282332420349,4
d128h2L4,984192,7168,esc50_pcm8_11khz,3,3.491849720478058,4
d128h2L4,984192,7168,esc50_pcm8_11khz,4,3.43587589263916,4
d128h2L4,984192,7168,kolmogorov_dna,1,4.261819243431091,4
d128h2L4,984192,7168,kolmogorov_dna,2,3.7357592582702637,4
d128h2L4,984192,7168,kolmogorov_dna,3,3.6076838970184326,4
d128h2L4,984192,7168,kolmogorov_dna,4,3.54980731010437,4
d128h2L4,984192,7168,kolmogorov_text,1,4.790873050689697,4
d128h2L4,984192,7168,kolmogorov_text,2,4.243340651194255,4
d128h2L4,984192,7168,kolmogorov_text,3,4.071053147315979,4
d128h2L4,984192,7168,kolmogorov_text,4,3.983546495437622,4
d128h2L4,984192,7168,llm_compression_arxiv_math,1,4.539093971252441,4
d128h2L4,984192,7168,llm_compression_arxiv_math,2,3.954022487004598,4
d128h2L4,984192,7168,llm_compression_arxiv_math,3,3.7603138089179993,4
d128h2L4,984192,7168,llm_compression_arxiv_math,4,3.660590171813965,4
d128h2L4,984192,7168,llm_compression_cc,1,4.634599924087524,4
d128h2L4,984192,7168,llm_compression_cc,2,4.141915162404378,4
d128h2L4,984192,7168,llm_compression_cc,3,3.984351694583893,4
d128h2L4,984192,7168,llm_compression_cc,4,3.9045963287353516,4
d128h2L4,984192,7168,llm_compression_python,1,4.081153094768524,4
d128h2L4,984192,7168,llm_compression_python,2,3.5220314661661782,4
d128h2L4,984192,7168,llm_compression_python,3,3.333612620830536,4
d128h2L4,984192,7168,llm_compression_python,4,3.2345774173736572,4
d128h2L4,984192,7168,metamath,1,4.22297865152359,4
d128h2L4,984192,7168,metamath,2,3.626330335934957,4
d128h2L4,984192,7168,metamath,3,3.4390223622322083,4
d128h2L4,984192,7168,metamath,4,3.3446507453918457,4
d128h2L4,984192,7168,musicnet_pcm8,1,3.606939733028412,4
d128h2L4,984192,7168,musicnet_pcm8,2,3.1710068384806314,4
d128h2L4,984192,7168,musicnet_pcm8,3,3.04256808757782,4
d128h2L4,984192,7168,musicnet_pcm8,4,2.980637550354004,4
d128h2L4,984192,7168,musicnet_pcm8_11khz,1,4.569335460662842,4
d128h2L4,984192,7168,musicnet_pcm8_11khz,2,4.135319312413533,4
d128h2L4,984192,7168,musicnet_pcm8_11khz,3,4.000350892543793,4
d128h2L4,984192,7168,musicnet_pcm8_11khz,4,3.933720588684082,4
d128h2L4,984192,7168,mutopia_melody_16th,1,3.3024972081184387,4
d128h2L4,984192,7168,mutopia_melody_16th,2,2.9043308893839517,4
d128h2L4,984192,7168,mutopia_melody_16th,3,2.763444721698761,4
d128h2L4,984192,7168,mutopia_melody_16th,4,2.686891794204712,4
d128h2L4,984192,7168,speech_commands_pcm8,1,3.120829463005066,4
d128h2L4,984192,7168,speech_commands_pcm8,2,2.7711609601974487,4
d128h2L4,984192,7168,speech_commands_pcm8,3,2.6722161769866943,4
d128h2L4,984192,7168,speech_commands_pcm8,4,2.6239142417907715,4
d128h2L4,984192,7168,speech_commands_pcm8_8khz,1,3.3362118005752563,4
d128h2L4,984192,7168,speech_commands_pcm8_8khz,2,2.933111826578776,4
d128h2L4,984192,7168,speech_commands_pcm8_8khz,3,2.8177459239959717,4
d128h2L4,984192,7168,speech_commands_pcm8_8khz,4,2.7601778507232666,4
d128h2L4,984192,7424,aitdcc_a_protein,1,5.662006497383118,4
d128h2L4,984192,7424,aitdcc_a_protein,2,5.267363548278809,4
d128h2L4,984192,7424,aitdcc_a_protein,3,5.1451252698898315,4
d128h2L4,984192,7424,aitdcc_a_protein,4,5.085346698760986,4
d128h2L4,984192,7424,aitdcc_b_c_source,1,4.592939376831055,4
d128h2L4,984192,7424,aitdcc_b_c_source,2,3.9397945404052734,4
d128h2L4,984192,7424,aitdcc_b_c_source,3,3.7309789061546326,4
d128h2L4,984192,7424,aitdcc_b_c_source,4,3.623039484024048,4
d128h2L4,984192,7424,aitdcc_d_glibc_rand,1,9.862220525741577,4
d128h2L4,984192,7424,aitdcc_d_glibc_rand,2,9.0903639793396,4
d128h2L4,984192,7424,aitdcc_d_glibc_rand,3,8.829461097717285,4
d128h2L4,984192,7424,aitdcc_d_glibc_rand,4,8.699694633483887,4
d128h2L4,984192,7424,aitdcc_e_atlas_float32,1,8.48639726638794,4
d128h2L4,984192,7424,aitdcc_e_atlas_float32,2,7.731327851613362,4
d128h2L4,984192,7424,aitdcc_e_atlas_float32,3,7.480492115020752,4
d128h2L4,984192,7424,aitdcc_e_atlas_float32,4,7.359867572784424,4
d128h2L4,984192,7424,aitdcc_g_astronomy,1,3.4983869194984436,4
d128h2L4,984192,7424,aitdcc_g_astronomy,2,3.0861173470815024,4
d128h2L4,984192,7424,aitdcc_g_astronomy,3,2.9745699763298035,4
d128h2L4,984192,7424,aitdcc_g_astronomy,4,2.9277095794677734,4
d128h2L4,984192,7424,arithmetic,1,2.1279169023036957,4
d128h2L4,984192,7424,arithmetic,2,1.419923226038615,4
d128h2L4,984192,7424,arithmetic,3,1.2493955790996552,4
d128h2L4,984192,7424,arithmetic,4,1.1832780838012695,4
d128h2L4,984192,7424,audio_16bit,1,9.254077672958374,4
d128h2L4,984192,7424,audio_16bit,2,8.451209704081217,4
d128h2L4,984192,7424,audio_16bit,3,8.152612924575806,4
d128h2L4,984192,7424,audio_16bit,4,7.9904680252075195,4
d128h2L4,984192,7424,audio_8bit,1,7.175639629364014,4
d128h2L4,984192,7424,audio_8bit,2,6.2668953736623125,4
d128h2L4,984192,7424,audio_8bit,3,5.9820228815078735,4
d128h2L4,984192,7424,audio_8bit,4,5.839231967926025,4
d128h2L4,984192,7424,cifar10_rgb_hwc,1,8.904335737228394,4
d128h2L4,984192,7424,cifar10_rgb_hwc,2,8.137795289357504,4
d128h2L4,984192,7424,cifar10_rgb_hwc,3,7.872903347015381,4
d128h2L4,984192,7424,cifar10_rgb_hwc,4,7.7380194664001465,4
d128h2L4,984192,7424,cifar10_rgb_planar,1,8.848138809204102,4
d128h2L4,984192,7424,cifar10_rgb_planar,2,8.086495796839396,4
d128h2L4,984192,7424,cifar10_rgb_planar,3,7.8229676485061646,4
d128h2L4,984192,7424,cifar10_rgb_planar,4,7.688702583312988,4
d128h2L4,984192,7424,dclm,1,4.912514090538025,4
d128h2L4,984192,7424,dclm,2,4.398143927256267,4
d128h2L4,984192,7424,dclm,3,4.228513836860657,4
d128h2L4,984192,7424,dclm,4,4.144047737121582,4
d128h2L4,984192,7424,dclm_ranked,1,8.34305202960968,4
d128h2L4,984192,7424,dclm_ranked,2,7.584286371866862,4
d128h2L4,984192,7424,dclm_ranked,3,7.288254737854004,4
d128h2L4,984192,7424,dclm_ranked,4,7.12670373916626,4
d128h2L4,984192,7424,dna,1,5.324188828468323,4
d128h2L4,984192,7424,dna,2,4.625193993250529,4
d128h2L4,984192,7424,dna,3,4.464335203170776,4
d128h2L4,984192,7424,dna,4,4.390440464019775,4
d128h2L4,984192,7424,esc50_pcm8,1,2.992596209049225,4
d128h2L4,984192,7424,esc50_pcm8,2,2.654620965321859,4
d128h2L4,984192,7424,esc50_pcm8,3,2.5521175861358643,4
d128h2L4,984192,7424,esc50_pcm8,4,2.5026321411132812,4
d128h2L4,984192,7424,esc50_pcm8_11khz,1,4.006528258323669,4
d128h2L4,984192,7424,esc50_pcm8_11khz,2,3.624977191289266,4
d128h2L4,984192,7424,esc50_pcm8_11khz,3,3.5015991926193237,4
d128h2L4,984192,7424,esc50_pcm8_11khz,4,3.440171003341675,4
d128h2L4,984192,7424,kolmogorov_dna,1,4.348799645900726,4
d128h2L4,984192,7424,kolmogorov_dna,2,3.8089720408121743,4
d128h2L4,984192,7424,kolmogorov_dna,3,3.6741594672203064,4
d128h2L4,984192,7424,kolmogorov_dna,4,3.6117258071899414,4
d128h2L4,984192,7424,kolmogorov_text,1,4.860294580459595,4
d128h2L4,984192,7424,kolmogorov_text,2,4.28840692838033,4
d128h2L4,984192,7424,kolmogorov_text,3,4.103392601013184,4
d128h2L4,984192,7424,kolmogorov_text,4,4.010556697845459,4
d128h2L4,984192,7424,llm_compression_arxiv_math,1,4.591088771820068,4
d128h2L4,984192,7424,llm_compression_arxiv_math,2,3.9966463247934976,4
d128h2L4,984192,7424,llm_compression_arxiv_math,3,3.79730761051178,4
d128h2L4,984192,7424,llm_compression_arxiv_math,4,3.6960439682006836,4
d128h2L4,984192,7424,llm_compression_cc,1,4.699824333190918,4
d128h2L4,984192,7424,llm_compression_cc,2,4.187338352203369,4
d128h2L4,984192,7424,llm_compression_cc,3,4.017942011356354,4
d128h2L4,984192,7424,llm_compression_cc,4,3.9338598251342773,4
d128h2L4,984192,7424,llm_compression_python,1,4.126604974269867,4
d128h2L4,984192,7424,llm_compression_python,2,3.572974443435669,4
d128h2L4,984192,7424,llm_compression_python,3,3.3855159878730774,4
d128h2L4,984192,7424,llm_compression_python,4,3.2874672412872314,4
d128h2L4,984192,7424,metamath,1,4.297442138195038,4
d128h2L4,984192,7424,metamath,2,3.6495395501454673,4
d128h2L4,984192,7424,metamath,3,3.448338210582733,4
d128h2L4,984192,7424,metamath,4,3.3510217666625977,4
d128h2L4,984192,7424,musicnet_pcm8,1,3.6210910081863403,4
d128h2L4,984192,7424,musicnet_pcm8,2,3.1646371682484946,4
d128h2L4,984192,7424,musicnet_pcm8,3,3.0291141867637634,4
d128h2L4,984192,7424,musicnet_pcm8,4,2.9654202461242676,4
d128h2L4,984192,7424,musicnet_pcm8_11khz,1,4.603300929069519,4
d128h2L4,984192,7424,musicnet_pcm8_11khz,2,4.140309413274129,4
d128h2L4,984192,7424,musicnet_pcm8_11khz,3,3.994020640850067,4
d128h2L4,984192,7424,musicnet_pcm8_11khz,4,3.922658681869507,4
d128h2L4,984192,7424,mutopia_melody_16th,1,3.369021773338318,4
d128h2L4,984192,7424,mutopia_melody_16th,2,2.943022847175598,4
d128h2L4,984192,7424,mutopia_melody_16th,3,2.7898300290107727,4
d128h2L4,984192,7424,mutopia_melody_16th,4,2.7049691677093506,4
d128h2L4,984192,7424,speech_commands_pcm8,1,3.143074154853821,4
d128h2L4,984192,7424,speech_commands_pcm8,2,2.779515107472738,4
d128h2L4,984192,7424,speech_commands_pcm8,3,2.6728745698928833,4
d128h2L4,984192,7424,speech_commands_pcm8,4,2.6213839054107666,4
d128h2L4,984192,7424,speech_commands_pcm8_8khz,1,3.3696813583374023,4
d128h2L4,984192,7424,speech_commands_pcm8_8khz,2,2.9588053623835244,4
d128h2L4,984192,7424,speech_commands_pcm8_8khz,3,2.8329429626464844,4
d128h2L4,984192,7424,speech_commands_pcm8_8khz,4,2.7707202434539795,4
d128h2L4,984192,7680,aitdcc_a_protein,1,5.901959419250488,4
d128h2L4,984192,7680,aitdcc_a_protein,2,5.3530629475911455,4
d128h2L4,984192,7680,aitdcc_a_protein,3,5.176709175109863,4
d128h2L4,984192,7680,aitdcc_a_protein,4,5.090457439422607,4
d128h2L4,984192,7680,aitdcc_b_c_source,1,4.378008723258972,4
d128h2L4,984192,7680,aitdcc_b_c_source,2,3.7059853076934814,4
d128h2L4,984192,7680,aitdcc_b_c_source,3,3.5013221502304077,4
d128h2L4,984192,7680,aitdcc_b_c_source,4,3.4042434692382812,4
d128h2L4,984192,7680,aitdcc_d_glibc_rand,1,9.347273111343384,4
d128h2L4,984192,7680,aitdcc_d_glibc_rand,2,8.805352528889975,4
d128h2L4,984192,7680,aitdcc_d_glibc_rand,3,8.616695165634155,4
d128h2L4,984192,7680,aitdcc_d_glibc_rand,4,8.5180082321167,4
d128h2L4,984192,7680,aitdcc_e_atlas_float32,1,8.264922738075256,4
d128h2L4,984192,7680,aitdcc_e_atlas_float32,2,7.63745395342509,4
d128h2L4,984192,7680,aitdcc_e_atlas_float32,3,7.427332162857056,4
d128h2L4,984192,7680,aitdcc_e_atlas_float32,4,7.322293281555176,4
d128h2L4,984192,7680,aitdcc_g_astronomy,1,3.506824493408203,4
d128h2L4,984192,7680,aitdcc_g_astronomy,2,3.116677681605021,4
d128h2L4,984192,7680,aitdcc_g_astronomy,3,3.003420412540436,4
d128h2L4,984192,7680,aitdcc_g_astronomy,4,2.9470036029815674,4
d128h2L4,984192,7680,arithmetic,1,2.1689877212047577,4
d128h2L4,984192,7680,arithmetic,2,1.4638969500859578,4
d128h2L4,984192,7680,arithmetic,3,1.2899335622787476,4
d128h2L4,984192,7680,arithmetic,4,1.2266266345977783,4
d128h2L4,984192,7680,audio_16bit,1,8.838793516159058,4
d128h2L4,984192,7680,audio_16bit,2,8.192657470703125,4
d128h2L4,984192,7680,audio_16bit,3,7.967157006263733,4
d128h2L4,984192,7680,audio_16bit,4,7.850701332092285,4
d128h2L4,984192,7680,audio_8bit,1,7.144668102264404,4
d128h2L4,984192,7680,audio_8bit,2,6.372264862060547,4
d128h2L4,984192,7680,audio_8bit,3,6.114548206329346,4
d128h2L4,984192,7680,audio_8bit,4,5.9833664894104,4
d128h2L4,984192,7680,cifar10_rgb_hwc,1,8.78320574760437,4
d128h2L4,984192,7680,cifar10_rgb_hwc,2,8.093970696131388,4
d128h2L4,984192,7680,cifar10_rgb_hwc,3,7.850495338439941,4
d128h2L4,984192,7680,cifar10_rgb_hwc,4,7.7230730056762695,4
d128h2L4,984192,7680,cifar10_rgb_planar,1,8.735122680664062,4
d128h2L4,984192,7680,cifar10_rgb_planar,2,8.048724810282389,4
d128h2L4,984192,7680,cifar10_rgb_planar,3,7.805379390716553,4
d128h2L4,984192,7680,cifar10_rgb_planar,4,7.677615642547607,4
d128h2L4,984192,7680,dclm,1,4.894710421562195,4
d128h2L4,984192,7680,dclm,2,4.343146324157715,4
d128h2L4,984192,7680,dclm,3,4.161431193351746,4
d128h2L4,984192,7680,dclm,4,4.07180643081665,4
d128h2L4,984192,7680,dclm_ranked,1,8.293469190597534,4
d128h2L4,984192,7680,dclm_ranked,2,7.580004771550496,4
d128h2L4,984192,7680,dclm_ranked,3,7.294690251350403,4
d128h2L4,984192,7680,dclm_ranked,4,7.133101463317871,4
d128h2L4,984192,7680,dna,1,5.228848457336426,4
d128h2L4,984192,7680,dna,2,4.572324275970459,4
d128h2L4,984192,7680,dna,3,4.380383729934692,4
d128h2L4,984192,7680,dna,4,4.288255214691162,4
d128h2L4,984192,7680,esc50_pcm8,1,2.992302417755127,4
d128h2L4,984192,7680,esc50_pcm8,2,2.6547200282414756,4
d128h2L4,984192,7680,esc50_pcm8,3,2.5461912155151367,4
d128h2L4,984192,7680,esc50_pcm8,4,2.490670680999756,4
d128h2L4,984192,7680,esc50_pcm8_11khz,1,4.022752583026886,4
d128h2L4,984192,7680,esc50_pcm8_11khz,2,3.6393739779790244,4
d128h2L4,984192,7680,esc50_pcm8_11khz,3,3.509850561618805,4
d128h2L4,984192,7680,esc50_pcm8_11khz,4,3.4433813095092773,4
d128h2L4,984192,7680,kolmogorov_dna,1,4.256390571594238,4
d128h2L4,984192,7680,kolmogorov_dna,2,3.7249604066212973,4
d128h2L4,984192,7680,kolmogorov_dna,3,3.5850038528442383,4
d128h2L4,984192,7680,kolmogorov_dna,4,3.5180039405822754,4
d128h2L4,984192,7680,kolmogorov_text,1,4.780035734176636,4
d128h2L4,984192,7680,kolmogorov_text,2,4.178011417388916,4
d128h2L4,984192,7680,kolmogorov_text,3,3.983786880970001,4
d128h2L4,984192,7680,kolmogorov_text,4,3.889078140258789,4
d128h2L4,984192,7680,llm_compression_arxiv_math,1,4.40129417181015,4
d128h2L4,984192,7680,llm_compression_arxiv_math,2,3.7795692682266235,4
d128h2L4,984192,7680,llm_compression_arxiv_math,3,3.580822229385376,4
d128h2L4,984192,7680,llm_compression_arxiv_math,4,3.4842910766601562,4
d128h2L4,984192,7680,llm_compression_cc,1,4.654689192771912,4
d128h2L4,984192,7680,llm_compression_cc,2,4.113391121228536,4
d128h2L4,984192,7680,llm_compression_cc,3,3.935890257358551,4
d128h2L4,984192,7680,llm_compression_cc,4,3.848906993865967,4
d128h2L4,984192,7680,llm_compression_python,1,3.9139660596847534,4
d128h2L4,984192,7680,llm_compression_python,2,3.3281659682591758,4
d128h2L4,984192,7680,llm_compression_python,3,3.1450136303901672,4
d128h2L4,984192,7680,llm_compression_python,4,3.0574326515197754,4
d128h2L4,984192,7680,metamath,1,4.165473282337189,4
d128h2L4,984192,7680,metamath,2,3.5112572511037192,4
d128h2L4,984192,7680,metamath,3,3.30887234210968,4
d128h2L4,984192,7680,metamath,4,3.2107760906219482,4
d128h2L4,984192,7680,musicnet_pcm8,1,3.5923168659210205,4
d128h2L4,984192,7680,musicnet_pcm8,2,3.12344753742218,4
d128h2L4,984192,7680,musicnet_pcm8,3,2.974585235118866,4
d128h2L4,984192,7680,musicnet_pcm8,4,2.899624824523926,4
d128h2L4,984192,7680,musicnet_pcm8_11khz,1,4.62900447845459,4
d128h2L4,984192,7680,musicnet_pcm8_11khz,2,4.148516217867534,4
d128h2L4,984192,7680,musicnet_pcm8_11khz,3,3.9879262447357178,4
d128h2L4,984192,7680,musicnet_pcm8_11khz,4,3.9067423343658447,4
d128h2L4,984192,7680,mutopia_melody_16th,1,3.236799478530884,4
d128h2L4,984192,7680,mutopia_melody_16th,2,2.8031086126963296,4
d128h2L4,984192,7680,mutopia_melody_16th,3,2.6561957597732544,4
d128h2L4,984192,7680,mutopia_melody_16th,4,2.5818817615509033,4
d128h2L4,984192,7680,speech_commands_pcm8,1,3.142428994178772,4
d128h2L4,984192,7680,speech_commands_pcm8,2,2.773953358332316,4
d128h2L4,984192,7680,speech_commands_pcm8,3,2.659036695957184,4
d128h2L4,984192,7680,speech_commands_pcm8,4,2.600334882736206,4
d128h2L4,984192,7680,speech_commands_pcm8_8khz,1,3.3752840161323547,4
d128h2L4,984192,7680,speech_commands_pcm8_8khz,2,2.950593034426371,4
d128h2L4,984192,7680,speech_commands_pcm8_8khz,3,2.8132954239845276,4
d128h2L4,984192,7680,speech_commands_pcm8_8khz,4,2.741365671157837,4
d128h2L4,984192,7936,aitdcc_a_protein,1,5.733885765075684,4
d128h2L4,984192,7936,aitdcc_a_protein,2,5.287375211715698,4
d128h2L4,984192,7936,aitdcc_a_protein,3,5.133960008621216,4
d128h2L4,984192,7936,aitdcc_a_protein,4,5.054382801055908,4
d128h2L4,984192,7936,aitdcc_b_c_source,1,4.2449042201042175,4
d128h2L4,984192,7936,aitdcc_b_c_source,2,3.6304108699162803,4
d128h2L4,984192,7936,aitdcc_b_c_source,3,3.440366268157959,4
d128h2L4,984192,7936,aitdcc_b_c_source,4,3.349316358566284,4
d128h2L4,984192,7936,aitdcc_d_glibc_rand,1,8.931413888931274,4
d128h2L4,984192,7936,aitdcc_d_glibc_rand,2,8.519537448883057,4
d128h2L4,984192,7936,aitdcc_d_glibc_rand,3,8.383873462677002,4
d128h2L4,984192,7936,aitdcc_d_glibc_rand,4,8.314550399780273,4
d128h2L4,984192,7936,aitdcc_e_atlas_float32,1,8.034582734107971,4
d128h2L4,984192,7936,aitdcc_e_atlas_float32,2,7.5041375160217285,4
d128h2L4,984192,7936,aitdcc_e_atlas_float32,3,7.327164053916931,4
d128h2L4,984192,7936,aitdcc_e_atlas_float32,4,7.238487720489502,4
d128h2L4,984192,7936,aitdcc_g_astronomy,1,3.5145859122276306,4
d128h2L4,984192,7936,aitdcc_g_astronomy,2,3.105731805165609,4
d128h2L4,984192,7936,aitdcc_g_astronomy,3,2.9922807216644287,4
d128h2L4,984192,7936,aitdcc_g_astronomy,4,2.9387779235839844,4
d128h2L4,984192,7936,arithmetic,1,2.019037589430809,4
d128h2L4,984192,7936,arithmetic,2,1.3488260209560394,4
d128h2L4,984192,7936,arithmetic,3,1.1894502192735672,4
d128h2L4,984192,7936,arithmetic,4,1.133470058441162,4
d128h2L4,984192,7936,audio_16bit,1,8.690589189529419,4
d128h2L4,984192,7936,audio_16bit,2,8.033258756001791,4
d128h2L4,984192,7936,audio_16bit,3,7.803119897842407,4
d128h2L4,984192,7936,audio_16bit,4,7.685947418212891,4
d128h2L4,984192,7936,audio_8bit,1,7.056405425071716,4
d128h2L4,984192,7936,audio_8bit,2,6.257746775945027,4
d128h2L4,984192,7936,audio_8bit,3,6.022518634796143,4
d128h2L4,984192,7936,audio_8bit,4,5.90591287612915,4
d128h2L4,984192,7936,cifar10_rgb_hwc,1,8.551271915435791,4
d128h2L4,984192,7936,cifar10_rgb_hwc,2,7.949413458506267,4
d128h2L4,984192,7936,cifar10_rgb_hwc,3,7.742931485176086,4
d128h2L4,984192,7936,cifar10_rgb_hwc,4,7.635615348815918,4
d128h2L4,984192,7936,cifar10_rgb_planar,1,8.512407064437866,4
d128h2L4,984192,7936,cifar10_rgb_planar,2,7.915461699167888,4
d128h2L4,984192,7936,cifar10_rgb_planar,3,7.709679961204529,4
d128h2L4,984192,7936,cifar10_rgb_planar,4,7.60238790512085,4
d128h2L4,984192,7936,dclm,1,4.752299427986145,4
d128h2L4,984192,7936,dclm,2,4.275384267171224,4
d128h2L4,984192,7936,dclm,3,4.116568088531494,4
d128h2L4,984192,7936,dclm,4,4.03718900680542,4
d128h2L4,984192,7936,dclm_ranked,1,7.968880891799927,4
d128h2L4,984192,7936,dclm_ranked,2,7.2546162605285645,4
d128h2L4,984192,7936,dclm_ranked,3,6.988411903381348,4
d128h2L4,984192,7936,dclm_ranked,4,6.843020439147949,4
d128h2L4,984192,7936,dna,1,5.166821241378784,4
d128h2L4,984192,7936,dna,2,4.522719144821167,4
d128h2L4,984192,7936,dna,3,4.355162620544434,4
d128h2L4,984192,7936,dna,4,4.280558109283447,4
d128h2L4,984192,7936,esc50_pcm8,1,2.95872700214386,4
d128h2L4,984192,7936,esc50_pcm8,2,2.6328205267588296,4
d128h2L4,984192,7936,esc50_pcm8,3,2.5293081402778625,4
d128h2L4,984192,7936,esc50_pcm8,4,2.4766674041748047,4
d128h2L4,984192,7936,esc50_pcm8_11khz,1,3.96691358089447,4
d128h2L4,984192,7936,esc50_pcm8_11khz,2,3.59955886999766,4
d128h2L4,984192,7936,esc50_pcm8_11khz,3,3.478352963924408,4
d128h2L4,984192,7936,esc50_pcm8_11khz,4,3.4168198108673096,4
d128h2L4,984192,7936,kolmogorov_dna,1,4.209401369094849,4
d128h2L4,984192,7936,kolmogorov_dna,2,3.683800458908081,4
d128h2L4,984192,7936,kolmogorov_dna,3,3.545673191547394,4
d128h2L4,984192,7936,kolmogorov_dna,4,3.4823765754699707,4
d128h2L4,984192,7936,kolmogorov_text,1,4.650139212608337,4
d128h2L4,984192,7936,kolmogorov_text,2,4.112617651621501,4
d128h2L4,984192,7936,kolmogorov_text,3,3.938003659248352,4
d128h2L4,984192,7936,kolmogorov_text,4,3.8518998622894287,4
d128h2L4,984192,7936,llm_compression_arxiv_math,1,4.29155969619751,4
d128h2L4,984192,7936,llm_compression_arxiv_math,2,3.720847249031067,4
d128h2L4,984192,7936,llm_compression_arxiv_math,3,3.5391982793807983,4
d128h2L4,984192,7936,llm_compression_arxiv_math,4,3.450838327407837,4
d128h2L4,984192,7936,llm_compression_cc,1,4.512505531311035,4
d128h2L4,984192,7936,llm_compression_cc,2,4.042079130808513,4
d128h2L4,984192,7936,llm_compression_cc,3,3.8867045044898987,4
d128h2L4,984192,7936,llm_compression_cc,4,3.8096842765808105,4
d128h2L4,984192,7936,llm_compression_python,1,3.8323602080345154,4
d128h2L4,984192,7936,llm_compression_python,2,3.293453574180603,4
d128h2L4,984192,7936,llm_compression_python,3,3.122537672519684,4
d128h2L4,984192,7936,llm_compression_python,4,3.0405101776123047,4
d128h2L4,984192,7936,metamath,1,4.078298032283783,4
d128h2L4,984192,7936,metamath,2,3.4757534662882485,4
d128h2L4,984192,7936,metamath,3,3.2911059260368347,4
d128h2L4,984192,7936,metamath,4,3.2013156414031982,4
d128h2L4,984192,7936,musicnet_pcm8,1,3.558447241783142,4
d128h2L4,984192,7936,musicnet_pcm8,2,3.097481449445089,4
d128h2L4,984192,7936,musicnet_pcm8,3,2.952044129371643,4
d128h2L4,984192,7936,musicnet_pcm8,4,2.8785555362701416,4
d128h2L4,984192,7936,musicnet_pcm8_11khz,1,4.5752352476119995,4
d128h2L4,984192,7936,musicnet_pcm8_11khz,2,4.1082808176676435,4
d128h2L4,984192,7936,musicnet_pcm8_11khz,3,3.9545482397079468,4
d128h2L4,984192,7936,musicnet_pcm8_11khz,4,3.877331018447876,4
d128h2L4,984192,7936,mutopia_melody_16th,1,3.220564901828766,4
d128h2L4,984192,7936,mutopia_melody_16th,2,2.802580634752909,4
d128h2L4,984192,7936,mutopia_melody_16th,3,2.665261685848236,4
d128h2L4,984192,7936,mutopia_melody_16th,4,2.595865249633789,4
d128h2L4,984192,7936,speech_commands_pcm8,1,3.1010926961898804,4
d128h2L4,984192,7936,speech_commands_pcm8,2,2.74619726339976,4
d128h2L4,984192,7936,speech_commands_pcm8,3,2.6374403834342957,4
d128h2L4,984192,7936,speech_commands_pcm8,4,2.5819501876831055,4
d128h2L4,984192,7936,speech_commands_pcm8_8khz,1,3.327147901058197,4
d128h2L4,984192,7936,speech_commands_pcm8_8khz,2,2.9199446042378745,4
d128h2L4,984192,7936,speech_commands_pcm8_8khz,3,2.7890063524246216,4
d128h2L4,984192,7936,speech_commands_pcm8_8khz,4,2.720890998840332,4
d128h2L4,984192,8191,aitdcc_a_protein,1,5.719754099845886,4
d128h2L4,984192,8191,aitdcc_a_protein,2,5.283967574437459,4
d128h2L4,984192,8191,aitdcc_a_protein,3,5.139175295829773,4
d128h2L4,984192,8191,aitdcc_a_protein,4,5.063889503479004,4
d128h2L4,984192,8191,aitdcc_b_c_source,1,4.263743579387665,4
d128h2L4,984192,8191,aitdcc_b_c_source,2,3.624566117922465,4
d128h2L4,984192,8191,aitdcc_b_c_source,3,3.4309207797050476,4
d128h2L4,984192,8191,aitdcc_b_c_source,4,3.338949680328369,4
d128h2L4,984192,8191,aitdcc_d_glibc_rand,1,9.19807505607605,4
d128h2L4,984192,8191,aitdcc_d_glibc_rand,2,8.681222756703695,4
d128h2L4,984192,8191,aitdcc_d_glibc_rand,3,8.508215427398682,4
d128h2L4,984192,8191,aitdcc_d_glibc_rand,4,8.419918060302734,4
d128h2L4,984192,8191,aitdcc_e_atlas_float32,1,8.323720693588257,4
d128h2L4,984192,8191,aitdcc_e_atlas_float32,2,7.657680829366048,4
d128h2L4,984192,8191,aitdcc_e_atlas_float32,3,7.435137867927551,4
d128h2L4,984192,8191,aitdcc_e_atlas_float32,4,7.324763774871826,4
d128h2L4,984192,8191,aitdcc_g_astronomy,1,3.5998111963272095,4
d128h2L4,984192,8191,aitdcc_g_astronomy,2,3.1417232751846313,4
d128h2L4,984192,8191,aitdcc_g_astronomy,3,3.0038322806358337,4
d128h2L4,984192,8191,aitdcc_g_astronomy,4,2.9437239170074463,4
d128h2L4,984192,8191,arithmetic,1,1.9956969022750854,4
d128h2L4,984192,8191,arithmetic,2,1.2524580260117848,4
d128h2L4,984192,8191,arithmetic,3,1.10501167178154,4
d128h2L4,984192,8191,arithmetic,4,1.0564860105514526,4
d128h2L4,984192,8191,audio_16bit,1,8.725298881530762,4
d128h2L4,984192,8191,audio_16bit,2,8.036503871281942,4
d128h2L4,984192,8191,audio_16bit,3,7.79569149017334,4
d128h2L4,984192,8191,audio_16bit,4,7.671197414398193,4
d128h2L4,984192,8191,audio_8bit,1,7.189062833786011,4
d128h2L4,984192,8191,audio_8bit,2,6.302580753962199,4
d128h2L4,984192,8191,audio_8bit,3,6.05320930480957,4
d128h2L4,984192,8191,audio_8bit,4,5.92980432510376,4
d128h2L4,984192,8191,cifar10_rgb_hwc,1,8.69763994216919,4
d128h2L4,984192,8191,cifar10_rgb_hwc,2,8.025207678476969,4
d128h2L4,984192,8191,cifar10_rgb_hwc,3,7.792944312095642,4
d128h2L4,984192,8191,cifar10_rgb_hwc,4,7.671687126159668,4
d128h2L4,984192,8191,cifar10_rgb_planar,1,8.658437728881836,4
d128h2L4,984192,8191,cifar10_rgb_planar,2,7.985064665476481,4
d128h2L4,984192,8191,cifar10_rgb_planar,3,7.7525787353515625,4
d128h2L4,984192,8191,cifar10_rgb_planar,4,7.630836486816406,4
d128h2L4,984192,8191,dclm,1,4.7299485206604,4
d128h2L4,984192,8191,dclm,2,4.244461854298909,4
d128h2L4,984192,8191,dclm,3,4.085549354553223,4
d128h2L4,984192,8191,dclm,4,4.0070061683654785,4
d128h2L4,984192,8191,dclm_ranked,1,7.957262873649597,4
d128h2L4,984192,8191,dclm_ranked,2,7.257638136545817,4
d128h2L4,984192,8191,dclm_ranked,3,6.99958348274231,4
d128h2L4,984192,8191,dclm_ranked,4,6.858991622924805,4
d128h2L4,984192,8191,dna,1,5.073610424995422,4
d128h2L4,984192,8191,dna,2,4.406749804814656,4
d128h2L4,984192,8191,dna,3,4.231625080108643,4
d128h2L4,984192,8191,dna,4,4.151892185211182,4
d128h2L4,984192,8191,esc50_pcm8,1,2.997458517551422,4
d128h2L4,984192,8191,esc50_pcm8,2,2.6612163384755454,4
d128h2L4,984192,8191,esc50_pcm8,3,2.553072929382324,4
d128h2L4,984192,8191,esc50_pcm8,4,2.4974136352539062,4
d128h2L4,984192,8191,esc50_pcm8_11khz,1,4.008392632007599,4
d128h2L4,984192,8191,esc50_pcm8_11khz,2,3.6284742752710977,4
d128h2L4,984192,8191,esc50_pcm8_11khz,3,3.5012471675872803,4
d128h2L4,984192,8191,esc50_pcm8_11khz,4,3.4358999729156494,4
d128h2L4,984192,8191,kolmogorov_dna,1,4.175578236579895,4
d128h2L4,984192,8191,kolmogorov_dna,2,3.582031011581421,4
d128h2L4,984192,8191,kolmogorov_dna,3,3.4471805691719055,4
d128h2L4,984192,8191,kolmogorov_dna,4,3.384462833404541,4
d128h2L4,984192,8191,kolmogorov_text,1,4.643075227737427,4
d128h2L4,984192,8191,kolmogorov_text,2,4.100530584653218,4
d128h2L4,984192,8191,kolmogorov_text,3,3.9253475069999695,4
d128h2L4,984192,8191,kolmogorov_text,4,3.839235544204712,4
d128h2L4,984192,8191,llm_compression_arxiv_math,1,4.28303599357605,4
d128h2L4,984192,8191,llm_compression_arxiv_math,2,3.712910453478495,4
d128h2L4,984192,8191,llm_compression_arxiv_math,3,3.5304450392723083,4
d128h2L4,984192,8191,llm_compression_arxiv_math,4,3.4416310787200928,4
d128h2L4,984192,8191,llm_compression_cc,1,4.497599005699158,4
d128h2L4,984192,8191,llm_compression_cc,2,4.019637783368428,4
d128h2L4,984192,8191,llm_compression_cc,3,3.8645774126052856,4
d128h2L4,984192,8191,llm_compression_cc,4,3.7882590293884277,4
d128h2L4,984192,8191,llm_compression_python,1,3.7927252650260925,4
d128h2L4,984192,8191,llm_compression_python,2,3.255185087521871,4
d128h2L4,984192,8191,llm_compression_python,3,3.085393488407135,4
d128h2L4,984192,8191,llm_compression_python,4,3.004774808883667,4
d128h2L4,984192,8191,metamath,1,4.074474513530731,4
d128h2L4,984192,8191,metamath,2,3.448346177736918,4
d128h2L4,984192,8191,metamath,3,3.257614254951477,4
d128h2L4,984192,8191,metamath,4,3.1650125980377197,4
d128h2L4,984192,8191,musicnet_pcm8,1,3.62260365486145,4
d128h2L4,984192,8191,musicnet_pcm8,2,3.1482537984848022,4
d128h2L4,984192,8191,musicnet_pcm8,3,2.9981003999710083,4
d128h2L4,984192,8191,musicnet_pcm8,4,2.92154598236084,4
d128h2L4,984192,8191,musicnet_pcm8_11khz,1,4.632415413856506,4
d128h2L4,984192,8191,musicnet_pcm8_11khz,2,4.146319190661113,4
d128h2L4,984192,8191,musicnet_pcm8_11khz,3,3.9851664304733276,4
d128h2L4,984192,8191,musicnet_pcm8_11khz,4,3.903500556945801,4
d128h2L4,984192,8191,mutopia_melody_16th,1,3.2727649211883545,4
d128h2L4,984192,8191,mutopia_melody_16th,2,2.8230478366216025,4
d128h2L4,984192,8191,mutopia_melody_16th,3,2.6819441318511963,4
d128h2L4,984192,8191,mutopia_melody_16th,4,2.611785888671875,4
d128h2L4,984192,8191,speech_commands_pcm8,1,3.133230984210968,4
d128h2L4,984192,8191,speech_commands_pcm8,2,2.7704732418060303,4
d128h2L4,984192,8191,speech_commands_pcm8,3,2.658007323741913,4
d128h2L4,984192,8191,speech_commands_pcm8,4,2.600062847137451,4
d128h2L4,984192,8191,speech_commands_pcm8_8khz,1,3.3393734097480774,4
d128h2L4,984192,8191,speech_commands_pcm8_8khz,2,2.9321484565734863,4
d128h2L4,984192,8191,speech_commands_pcm8_8khz,3,2.800719201564789,4
d128h2L4,984192,8191,speech_commands_pcm8_8khz,4,2.731304168701172,4
d256h4L4,3016960,3840,aitdcc_a_protein,1,5.782488703727722,4
d256h4L4,3016960,3840,aitdcc_a_protein,2,5.381155093510945,4
d256h4L4,3016960,3840,aitdcc_a_protein,3,5.243043422698975,4
d256h4L4,3016960,3840,aitdcc_a_protein,4,5.172381401062012,4
d256h4L4,3016960,3840,aitdcc_b_c_source,1,3.674419641494751,4
d256h4L4,3016960,3840,aitdcc_b_c_source,2,3.308926741282145,4
d256h4L4,3016960,3840,aitdcc_b_c_source,3,3.178291916847229,4
d256h4L4,3016960,3840,aitdcc_b_c_source,4,3.1094913482666016,4
d256h4L4,3016960,3840,aitdcc_d_glibc_rand,1,9.905122756958008,4
d256h4L4,3016960,3840,aitdcc_d_glibc_rand,2,9.256367842356363,4
d256h4L4,3016960,3840,aitdcc_d_glibc_rand,3,9.017531156539917,4
d256h4L4,3016960,3840,aitdcc_d_glibc_rand,4,8.888691902160645,4
d256h4L4,3016960,3840,aitdcc_e_atlas_float32,1,8.775656700134277,4
d256h4L4,3016960,3840,aitdcc_e_atlas_float32,2,8.130871852238974,4
d256h4L4,3016960,3840,aitdcc_e_atlas_float32,3,7.884912133216858,4
d256h4L4,3016960,3840,aitdcc_e_atlas_float32,4,7.75026798248291,4
d256h4L4,3016960,3840,aitdcc_g_astronomy,1,3.545166492462158,4
d256h4L4,3016960,3840,aitdcc_g_astronomy,2,3.2579439878463745,4
d256h4L4,3016960,3840,aitdcc_g_astronomy,3,3.153910219669342,4
d256h4L4,3016960,3840,aitdcc_g_astronomy,4,3.0981645584106445,4
d256h4L4,3016960,3840,arithmetic,1,2.0338986665010452,4
d256h4L4,3016960,3840,arithmetic,2,0.9818768699963888,4
d256h4L4,3016960,3840,arithmetic,3,0.9027086049318314,4
d256h4L4,3016960,3840,arithmetic,4,0.8732867240905762,4
d256h4L4,3016960,3840,audio_16bit,1,9.309094429016113,4
d256h4L4,3016960,3840,audio_16bit,2,8.538088162740072,4
d256h4L4,3016960,3840,audio_16bit,3,8.241113424301147,4
d256h4L4,3016960,3840,audio_16bit,4,8.07914924621582,4
d256h4L4,3016960,3840,audio_8bit,1,6.810775876045227,4
d256h4L4,3016960,3840,audio_8bit,2,6.225869814554851,4
d256h4L4,3016960,3840,audio_8bit,3,6.008978247642517,4
d256h4L4,3016960,3840,audio_8bit,4,5.8931884765625,4
d256h4L4,3016960,3840,cifar10_rgb_hwc,1,8.639686822891235,4
d256h4L4,3016960,3840,cifar10_rgb_hwc,2,8.104225715001425,4
d256h4L4,3016960,3840,cifar10_rgb_hwc,3,7.898636341094971,4
d256h4L4,3016960,3840,cifar10_rgb_hwc,4,7.784555912017822,4
d256h4L4,3016960,3840,cifar10_rgb_planar,1,8.642668962478638,4
d256h4L4,3016960,3840,cifar10_rgb_planar,2,8.105035463968912,4
d256h4L4,3016960,3840,cifar10_rgb_planar,3,7.898759603500366,4
d256h4L4,3016960,3840,cifar10_rgb_planar,4,7.78431510925293,4
d256h4L4,3016960,3840,dclm,1,4.477287530899048,4
d256h4L4,3016960,3840,dclm,2,4.122998793919881,4
d256h4L4,3016960,3840,dclm,3,3.9925711154937744,4
d256h4L4,3016960,3840,dclm,4,3.9228808879852295,4
d256h4L4,3016960,3840,dclm_ranked,1,7.587874054908752,4
d256h4L4,3016960,3840,dclm_ranked,2,6.7881386280059814,4
d256h4L4,3016960,3840,dclm_ranked,3,6.522006273269653,4
d256h4L4,3016960,3840,dclm_ranked,4,6.378924369812012,4
d256h4L4,3016960,3840,dna,1,4.006252944469452,4
d256h4L4,3016960,3840,dna,2,3.807841698328654,4
d256h4L4,3016960,3840,dna,3,3.749919593334198,4
d256h4L4,3016960,3840,dna,4,3.7214999198913574,4
d256h4L4,3016960,3840,esc50_pcm8,1,2.779805541038513,4
d256h4L4,3016960,3840,esc50_pcm8,2,2.563823143641154,4
d256h4L4,3016960,3840,esc50_pcm8,3,2.484488785266876,4
d256h4L4,3016960,3840,esc50_pcm8,4,2.4420955181121826,4
d256h4L4,3016960,3840,esc50_pcm8_11khz,1,3.8209851384162903,4
d256h4L4,3016960,3840,esc50_pcm8_11khz,2,3.54919425646464,4
d256h4L4,3016960,3840,esc50_pcm8_11khz,3,3.447409451007843,4
d256h4L4,3016960,3840,esc50_pcm8_11khz,4,3.3923027515411377,4
d256h4L4,3016960,3840,kolmogorov_dna,1,3.4083446264266968,4
d256h4L4,3016960,3840,kolmogorov_dna,2,3.205375591913859,4
d256h4L4,3016960,3840,kolmogorov_dna,3,3.146651268005371,4
d256h4L4,3016960,3840,kolmogorov_dna,4,3.1175456047058105,4
d256h4L4,3016960,3840,kolmogorov_text,1,4.27367889881134,4
d256h4L4,3016960,3840,kolmogorov_text,2,3.915131171544393,4
d256h4L4,3016960,3840,kolmogorov_text,3,3.7826149463653564,4
d256h4L4,3016960,3840,kolmogorov_text,4,3.711331844329834,4
d256h4L4,3016960,3840,llm_compression_arxiv_math,1,3.6998282074928284,4
d256h4L4,3016960,3840,llm_compression_arxiv_math,2,3.366757313410441,4
d256h4L4,3016960,3840,llm_compression_arxiv_math,3,3.246144652366638,4
d256h4L4,3016960,3840,llm_compression_arxiv_math,4,3.181750535964966,4
d256h4L4,3016960,3840,llm_compression_cc,1,4.166407227516174,4
d256h4L4,3016960,3840,llm_compression_cc,2,3.8324220975240073,4
d256h4L4,3016960,3840,llm_compression_cc,3,3.710392117500305,4
d256h4L4,3016960,3840,llm_compression_cc,4,3.6453256607055664,4
d256h4L4,3016960,3840,llm_compression_python,1,3.2191002368927,4
d256h4L4,3016960,3840,llm_compression_python,2,2.9201151529947915,4
d256h4L4,3016960,3840,llm_compression_python,3,2.8125779032707214,4
d256h4L4,3016960,3840,llm_compression_python,4,2.75600528717041,4
d256h4L4,3016960,3840,metamath,1,3.5200708508491516,4
d256h4L4,3016960,3840,metamath,2,3.175371527671814,4
d256h4L4,3016960,3840,metamath,3,3.049799621105194,4
d256h4L4,3016960,3840,metamath,4,2.983177423477173,4
d256h4L4,3016960,3840,musicnet_pcm8,1,3.242040276527405,4
d256h4L4,3016960,3840,musicnet_pcm8,2,2.9570209980010986,4
d256h4L4,3016960,3840,musicnet_pcm8,3,2.85465806722641,4
d256h4L4,3016960,3840,musicnet_pcm8,4,2.8009817600250244,4
d256h4L4,3016960,3840,musicnet_pcm8_11khz,1,4.3561859130859375,4
d256h4L4,3016960,3840,musicnet_pcm8_11khz,2,4.026533762613933,4
d256h4L4,3016960,3840,musicnet_pcm8_11khz,3,3.904880940914154,4
d256h4L4,3016960,3840,musicnet_pcm8_11khz,4,3.839456558227539,4
d256h4L4,3016960,3840,mutopia_melody_16th,1,2.69695246219635,4
d256h4L4,3016960,3840,mutopia_melody_16th,2,2.46513565381368,4
d256h4L4,3016960,3840,mutopia_melody_16th,3,2.380132019519806,4
d256h4L4,3016960,3840,mutopia_melody_16th,4,2.33526349067688,4
d256h4L4,3016960,3840,speech_commands_pcm8,1,2.8688272833824158,4
d256h4L4,3016960,3840,speech_commands_pcm8,2,2.656938354174296,4
d256h4L4,3016960,3840,speech_commands_pcm8,3,2.5791019797325134,4
d256h4L4,3016960,3840,speech_commands_pcm8,4,2.537498712539673,4
d256h4L4,3016960,3840,speech_commands_pcm8_8khz,1,3.0463297963142395,4
d256h4L4,3016960,3840,speech_commands_pcm8_8khz,2,2.8160234689712524,4
d256h4L4,3016960,3840,speech_commands_pcm8_8khz,3,2.7296769618988037,4
d256h4L4,3016960,3840,speech_commands_pcm8_8khz,4,2.682915687561035,4
d256h4L4,3016960,4096,aitdcc_a_protein,1,5.705972075462341,4
d256h4L4,3016960,4096,aitdcc_a_protein,2,5.3256815274556475,4
d256h4L4,3016960,4096,aitdcc_a_protein,3,5.191580414772034,4
d256h4L4,3016960,4096,aitdcc_a_protein,4,5.120512962341309,4
d256h4L4,3016960,4096,aitdcc_b_c_source,1,3.581975996494293,4
d256h4L4,3016960,4096,aitdcc_b_c_source,2,3.23676335811615,4
d256h4L4,3016960,4096,aitdcc_b_c_source,3,3.1144596338272095,4
d256h4L4,3016960,4096,aitdcc_b_c_source,4,3.049793004989624,4
d256h4L4,3016960,4096,aitdcc_d_glibc_rand,1,9.69340991973877,4
d256h4L4,3016960,4096,aitdcc_d_glibc_rand,2,9.101021607716879,4
d256h4L4,3016960,4096,aitdcc_d_glibc_rand,3,8.877249479293823,4
d256h4L4,3016960,4096,aitdcc_d_glibc_rand,4,8.754538536071777,4
d256h4L4,3016960,4096,aitdcc_e_atlas_float32,1,8.675343036651611,4
d256h4L4,3016960,4096,aitdcc_e_atlas_float32,2,8.046595811843872,4
d256h4L4,3016960,4096,aitdcc_e_atlas_float32,3,7.809515595436096,4
d256h4L4,3016960,4096,aitdcc_e_atlas_float32,4,7.680359840393066,4
d256h4L4,3016960,4096,aitdcc_g_astronomy,1,3.452022910118103,4
d256h4L4,3016960,4096,aitdcc_g_astronomy,2,3.193842808405558,4
d256h4L4,3016960,4096,aitdcc_g_astronomy,3,3.1012560725212097,4
d256h4L4,3016960,4096,aitdcc_g_astronomy,4,3.053814172744751,4
d256h4L4,3016960,4096,arithmetic,1,2.472096547484398,4
d256h4L4,3016960,4096,arithmetic,2,1.2925059298674266,4
d256h4L4,3016960,4096,arithmetic,3,1.0795077681541443,4
d256h4L4,3016960,4096,arithmetic,4,1.0316884517669678,4
d256h4L4,3016960,4096,audio_16bit,1,9.155803918838501,4
d256h4L4,3016960,4096,audio_16bit,2,8.425352255503336,4
d256h4L4,3016960,4096,audio_16bit,3,8.135183691978455,4
d256h4L4,3016960,4096,audio_16bit,4,7.972864627838135,4
d256h4L4,3016960,4096,audio_8bit,1,6.847616791725159,4
d256h4L4,3016960,4096,audio_8bit,2,6.233826955159505,4
d256h4L4,3016960,4096,audio_8bit,3,5.995937466621399,4
d256h4L4,3016960,4096,audio_8bit,4,5.869812488555908,4
d256h4L4,3016960,4096,cifar10_rgb_hwc,1,8.661118984222412,4
d256h4L4,3016960,4096,cifar10_rgb_hwc,2,8.103445609410604,4
d256h4L4,3016960,4096,cifar10_rgb_hwc,3,7.889189958572388,4
d256h4L4,3016960,4096,cifar10_rgb_hwc,4,7.771061420440674,4
d256h4L4,3016960,4096,cifar10_rgb_planar,1,8.663327693939209,4
d256h4L4,3016960,4096,cifar10_rgb_planar,2,8.108204364776611,4
d256h4L4,3016960,4096,cifar10_rgb_planar,3,7.894370913505554,4
d256h4L4,3016960,4096,cifar10_rgb_planar,4,7.77617073059082,4
d256h4L4,3016960,4096,dclm,1,4.417429566383362,4
d256h4L4,3016960,4096,dclm,2,4.082691828409831,4
d256h4L4,3016960,4096,dclm,3,3.9612656235694885,4
d256h4L4,3016960,4096,dclm,4,3.8963406085968018,4
d256h4L4,3016960,4096,dclm_ranked,1,7.7079585790634155,4
d256h4L4,3016960,4096,dclm_ranked,2,6.918453693389893,4
d256h4L4,3016960,4096,dclm_ranked,3,6.629611015319824,4
d256h4L4,3016960,4096,dclm_ranked,4,6.4686079025268555,4
d256h4L4,3016960,4096,dna,1,4.020675003528595,4
d256h4L4,3016960,4096,dna,2,3.826643387476603,4
d256h4L4,3016960,4096,dna,3,3.7681042551994324,4
d256h4L4,3016960,4096,dna,4,3.738848924636841,4
d256h4L4,3016960,4096,esc50_pcm8,1,2.75681871175766,4
d256h4L4,3016960,4096,esc50_pcm8,2,2.5509456793467202,4
d256h4L4,3016960,4096,esc50_pcm8,3,2.4760523438453674,4
d256h4L4,3016960,4096,esc50_pcm8,4,2.4363675117492676,4
d256h4L4,3016960,4096,esc50_pcm8_11khz,1,3.79046094417572,4
d256h4L4,3016960,4096,esc50_pcm8_11khz,2,3.527139186859131,4
d256h4L4,3016960,4096,esc50_pcm8_11khz,3,3.430153012275696,4
d256h4L4,3016960,4096,esc50_pcm8_11khz,4,3.378087282180786,4
d256h4L4,3016960,4096,kolmogorov_dna,1,3.3681890964508057,4
d256h4L4,3016960,4096,kolmogorov_dna,2,3.1810984214146933,4
d256h4L4,3016960,4096,kolmogorov_dna,3,3.1271718740463257,4
d256h4L4,3016960,4096,kolmogorov_dna,4,3.1002302169799805,4
d256h4L4,3016960,4096,kolmogorov_text,1,4.216743230819702,4
d256h4L4,3016960,4096,kolmogorov_text,2,3.8725866079330444,4
d256h4L4,3016960,4096,kolmogorov_text,3,3.746950685977936,4
d256h4L4,3016960,4096,kolmogorov_text,4,3.6790552139282227,4
d256h4L4,3016960,4096,llm_compression_arxiv_math,1,3.6311692595481873,4
d256h4L4,3016960,4096,llm_compression_arxiv_math,2,3.31769065062205,4
d256h4L4,3016960,4096,llm_compression_arxiv_math,3,3.2056541442871094,4
d256h4L4,3016960,4096,llm_compression_arxiv_math,4,3.1460366249084473,4
d256h4L4,3016960,4096,llm_compression_cc,1,4.104040265083313,4
d256h4L4,3016960,4096,llm_compression_cc,2,3.7887898286183677,4
d256h4L4,3016960,4096,llm_compression_cc,3,3.6750805974006653,4
d256h4L4,3016960,4096,llm_compression_cc,4,3.614603281021118,4
d256h4L4,3016960,4096,llm_compression_python,1,3.152432441711426,4
d256h4L4,3016960,4096,llm_compression_python,2,2.8729913234710693,4
d256h4L4,3016960,4096,llm_compression_python,3,2.7728206515312195,4
d256h4L4,3016960,4096,llm_compression_python,4,2.7197577953338623,4
d256h4L4,3016960,4096,metamath,1,3.471313953399658,4
d256h4L4,3016960,4096,metamath,2,3.148099978764852,4
d256h4L4,3016960,4096,metamath,3,3.0307769179344177,4
d256h4L4,3016960,4096,metamath,4,2.968456983566284,4
d256h4L4,3016960,4096,musicnet_pcm8,1,3.2110105752944946,4
d256h4L4,3016960,4096,musicnet_pcm8,2,2.9416973193486533,4
d256h4L4,3016960,4096,musicnet_pcm8,3,2.8456854820251465,4
d256h4L4,3016960,4096,musicnet_pcm8,4,2.7956862449645996,4
d256h4L4,3016960,4096,musicnet_pcm8_11khz,1,4.318488359451294,4
d256h4L4,3016960,4096,musicnet_pcm8_11khz,2,4.003814617792766,4
d256h4L4,3016960,4096,musicnet_pcm8_11khz,3,3.8896716237068176,4
d256h4L4,3016960,4096,musicnet_pcm8_11khz,4,3.828857421875,4
d256h4L4,3016960,4096,mutopia_melody_16th,1,2.6628987193107605,4
d256h4L4,3016960,4096,mutopia_melody_16th,2,2.4265467325846353,4
d256h4L4,3016960,4096,mutopia_melody_16th,3,2.343567371368408,4
d256h4L4,3016960,4096,mutopia_melody_16th,4,2.3006093502044678,4
d256h4L4,3016960,4096,speech_commands_pcm8,1,2.8264395594596863,4
d256h4L4,3016960,4096,speech_commands_pcm8,2,2.629695256551107,4
d256h4L4,3016960,4096,speech_commands_pcm8,3,2.558044731616974,4
d256h4L4,3016960,4096,speech_commands_pcm8,4,2.5199506282806396,4
d256h4L4,3016960,4096,speech_commands_pcm8_8khz,1,2.968860685825348,4
d256h4L4,3016960,4096,speech_commands_pcm8_8khz,2,2.7598041693369546,4
d256h4L4,3016960,4096,speech_commands_pcm8_8khz,3,2.6824596524238586,4
d256h4L4,3016960,4096,speech_commands_pcm8_8khz,4,2.6408591270446777,4
d256h4L4,3016960,4352,aitdcc_a_protein,1,5.563386797904968,4
d256h4L4,3016960,4352,aitdcc_a_protein,2,5.21899398167928,4
d256h4L4,3016960,4352,aitdcc_a_protein,3,5.098830461502075,4
d256h4L4,3016960,4352,aitdcc_a_protein,4,5.0368475914001465,4
d256h4L4,3016960,4352,aitdcc_b_c_source,1,3.5403953790664673,4
d256h4L4,3016960,4352,aitdcc_b_c_source,2,3.233108321825663,4
d256h4L4,3016960,4352,aitdcc_b_c_source,3,3.1231102347373962,4
d256h4L4,3016960,4352,aitdcc_b_c_source,4,3.0650486946105957,4
d256h4L4,3016960,4352,aitdcc_d_glibc_rand,1,9.460304498672485,4
d256h4L4,3016960,4352,aitdcc_d_glibc_rand,2,8.91836166381836,4
d256h4L4,3016960,4352,aitdcc_d_glibc_rand,3,8.717722177505493,4
d256h4L4,3016960,4352,aitdcc_d_glibc_rand,4,8.609700202941895,4
d256h4L4,3016960,4352,aitdcc_e_atlas_float32,1,8.482476949691772,4
d256h4L4,3016960,4352,aitdcc_e_atlas_float32,2,7.870044867197673,4
d256h4L4,3016960,4352,aitdcc_e_atlas_float32,3,7.652951955795288,4
d256h4L4,3016960,4352,aitdcc_e_atlas_float32,4,7.53879976272583,4
d256h4L4,3016960,4352,aitdcc_g_astronomy,1,3.3625823259353638,4
d256h4L4,3016960,4352,aitdcc_g_astronomy,2,3.1466253995895386,4
d256h4L4,3016960,4352,aitdcc_g_astronomy,3,3.0692262053489685,4
d256h4L4,3016960,4352,aitdcc_g_astronomy,4,3.028843641281128,4
d256h4L4,3016960,4352,arithmetic,1,2.7053714245557785,4
d256h4L4,3016960,4352,arithmetic,2,1.4671932558218639,4
d256h4L4,3016960,4352,arithmetic,3,1.1615531146526337,4
d256h4L4,3016960,4352,arithmetic,4,1.1052054166793823,4
d256h4L4,3016960,4352,audio_16bit,1,9.045778274536133,4
d256h4L4,3016960,4352,audio_16bit,2,8.334973732630411,4
d256h4L4,3016960,4352,audio_16bit,3,8.060969591140747,4
d256h4L4,3016960,4352,audio_16bit,4,7.910348892211914,4
d256h4L4,3016960,4352,audio_8bit,1,6.934394836425781,4
d256h4L4,3016960,4352,audio_8bit,2,6.318684021631877,4
d256h4L4,3016960,4352,audio_8bit,3,6.091848373413086,4
d256h4L4,3016960,4352,audio_8bit,4,5.971346855163574,4
d256h4L4,3016960,4352,cifar10_rgb_hwc,1,8.523712873458862,4
d256h4L4,3016960,4352,cifar10_rgb_hwc,2,7.987703243891398,4
d256h4L4,3016960,4352,cifar10_rgb_hwc,3,7.791605353355408,4
d256h4L4,3016960,4352,cifar10_rgb_hwc,4,7.685661315917969,4
d256h4L4,3016960,4352,cifar10_rgb_planar,1,8.525113821029663,4
d256h4L4,3016960,4352,cifar10_rgb_planar,2,7.992709954579671,4
d256h4L4,3016960,4352,cifar10_rgb_planar,3,7.797852277755737,4
d256h4L4,3016960,4352,cifar10_rgb_planar,4,7.6924214363098145,4
d256h4L4,3016960,4352,dclm,1,4.35867702960968,4
d256h4L4,3016960,4352,dclm,2,4.062092463175456,4
d256h4L4,3016960,4352,dclm,3,3.951214849948883,4
d256h4L4,3016960,4352,dclm,4,3.891461133956909,4
d256h4L4,3016960,4352,dclm_ranked,1,7.533901214599609,4
d256h4L4,3016960,4352,dclm_ranked,2,6.814840078353882,4
d256h4L4,3016960,4352,dclm_ranked,3,6.577094078063965,4
d256h4L4,3016960,4352,dclm_ranked,4,6.455408573150635,4
d256h4L4,3016960,4352,dna,1,4.130345344543457,4
d256h4L4,3016960,4352,dna,2,3.8662936290105185,4
d256h4L4,3016960,4352,dna,3,3.796823501586914,4
d256h4L4,3016960,4352,dna,4,3.763063907623291,4
d256h4L4,3016960,4352,esc50_pcm8,1,2.7217548489570618,4
d256h4L4,3016960,4352,esc50_pcm8,2,2.533962607383728,4
d256h4L4,3016960,4352,esc50_pcm8,3,2.4658325910568237,4
d256h4L4,3016960,4352,esc50_pcm8,4,2.4301819801330566,4
d256h4L4,3016960,4352,esc50_pcm8_11khz,1,3.7198617458343506,4
d256h4L4,3016960,4352,esc50_pcm8_11khz,2,3.486753821372986,4
d256h4L4,3016960,4352,esc50_pcm8_11khz,3,3.4012386798858643,4
d256h4L4,3016960,4352,esc50_pcm8_11khz,4,3.355867624282837,4
d256h4L4,3016960,4352,kolmogorov_dna,1,3.448111116886139,4
d256h4L4,3016960,4352,kolmogorov_dna,2,3.2243288358052573,4
d256h4L4,3016960,4352,kolmogorov_dna,3,3.1639464497566223,4
d256h4L4,3016960,4352,kolmogorov_dna,4,3.134605646133423,4
d256h4L4,3016960,4352,kolmogorov_text,1,4.158979654312134,4
d256h4L4,3016960,4352,kolmogorov_text,2,3.8504273891448975,4
d256h4L4,3016960,4352,kolmogorov_text,3,3.7362025380134583,4
d256h4L4,3016960,4352,kolmogorov_text,4,3.675126552581787,4
d256h4L4,3016960,4352,llm_compression_arxiv_math,1,3.6249133944511414,4
d256h4L4,3016960,4352,llm_compression_arxiv_math,2,3.3314051628112793,4
d256h4L4,3016960,4352,llm_compression_arxiv_math,3,3.224706530570984,4
d256h4L4,3016960,4352,llm_compression_arxiv_math,4,3.167962074279785,4
d256h4L4,3016960,4352,llm_compression_cc,1,4.056638777256012,4
d256h4L4,3016960,4352,llm_compression_cc,2,3.7764517068862915,4
d256h4L4,3016960,4352,llm_compression_cc,3,3.672932803630829,4
d256h4L4,3016960,4352,llm_compression_cc,4,3.6173739433288574,4
d256h4L4,3016960,4352,llm_compression_python,1,3.1347121000289917,4
d256h4L4,3016960,4352,llm_compression_python,2,2.8718288342158,4
d256h4L4,3016960,4352,llm_compression_python,3,2.777052879333496,4
d256h4L4,3016960,4352,llm_compression_python,4,2.7272305488586426,4
d256h4L4,3016960,4352,metamath,1,3.411530375480652,4
d256h4L4,3016960,4352,metamath,2,3.1150027910868325,4
d256h4L4,3016960,4352,metamath,3,3.008626878261566,4
d256h4L4,3016960,4352,metamath,4,2.9522998332977295,4
d256h4L4,3016960,4352,musicnet_pcm8,1,3.1930660009384155,4
d256h4L4,3016960,4352,musicnet_pcm8,2,2.9442527294158936,4
d256h4L4,3016960,4352,musicnet_pcm8,3,2.8551292419433594,4
d256h4L4,3016960,4352,musicnet_pcm8,4,2.8089191913604736,4
d256h4L4,3016960,4352,musicnet_pcm8_11khz,1,4.241391897201538,4
d256h4L4,3016960,4352,musicnet_pcm8_11khz,2,3.9655526876449585,4
d256h4L4,3016960,4352,musicnet_pcm8_11khz,3,3.8651673793792725,4
d256h4L4,3016960,4352,musicnet_pcm8_11khz,4,3.812130928039551,4
d256h4L4,3016960,4352,mutopia_melody_16th,1,2.6644963026046753,4
d256h4L4,3016960,4352,mutopia_melody_16th,2,2.434868812561035,4
d256h4L4,3016960,4352,mutopia_melody_16th,3,2.35255628824234,4
d256h4L4,3016960,4352,mutopia_melody_16th,4,2.3106327056884766,4
d256h4L4,3016960,4352,speech_commands_pcm8,1,2.7987183332443237,4
d256h4L4,3016960,4352,speech_commands_pcm8,2,2.616789221763611,4
d256h4L4,3016960,4352,speech_commands_pcm8,3,2.5506247878074646,4
d256h4L4,3016960,4352,speech_commands_pcm8,4,2.5158543586730957,4
d256h4L4,3016960,4352,speech_commands_pcm8_8khz,1,2.9560394287109375,4
d256h4L4,3016960,4352,speech_commands_pcm8_8khz,2,2.761238773663839,4
d256h4L4,3016960,4352,speech_commands_pcm8_8khz,3,2.689376950263977,4
d256h4L4,3016960,4352,speech_commands_pcm8_8khz,4,2.6512153148651123,4
d256h4L4,3016960,4608,aitdcc_a_protein,1,5.45263135433197,4
d256h4L4,3016960,4608,aitdcc_a_protein,2,5.149916887283325,4
d256h4L4,3016960,4608,aitdcc_a_protein,3,5.0380775928497314,4
d256h4L4,3016960,4608,aitdcc_a_protein,4,4.98041296005249,4
d256h4L4,3016960,4608,aitdcc_b_c_source,1,3.519019067287445,4
d256h4L4,3016960,4608,aitdcc_b_c_source,2,3.2154362201690674,4
d256h4L4,3016960,4608,aitdcc_b_c_source,3,3.110221028327942,4
d256h4L4,3016960,4608,aitdcc_b_c_source,4,3.055952548980713,4
d256h4L4,3016960,4608,aitdcc_d_glibc_rand,1,9.347898721694946,4
d256h4L4,3016960,4608,aitdcc_d_glibc_rand,2,8.799233754475912,4
d256h4L4,3016960,4608,aitdcc_d_glibc_rand,3,8.612001419067383,4
d256h4L4,3016960,4608,aitdcc_d_glibc_rand,4,8.513319969177246,4
d256h4L4,3016960,4608,aitdcc_e_atlas_float32,1,8.293065667152405,4
d256h4L4,3016960,4608,aitdcc_e_atlas_float32,2,7.748436450958252,4
d256h4L4,3016960,4608,aitdcc_e_atlas_float32,3,7.560666918754578,4
d256h4L4,3016960,4608,aitdcc_e_atlas_float32,4,7.461182594299316,4
d256h4L4,3016960,4608,aitdcc_g_astronomy,1,3.3733418583869934,4
d256h4L4,3016960,4608,aitdcc_g_astronomy,2,3.163473606109619,4
d256h4L4,3016960,4608,aitdcc_g_astronomy,3,3.093847334384918,4
d256h4L4,3016960,4608,aitdcc_g_astronomy,4,3.058523654937744,4
d256h4L4,3016960,4608,arithmetic,1,2.5120837539434433,4
d256h4L4,3016960,4608,arithmetic,2,1.4090503851572673,4
d256h4L4,3016960,4608,arithmetic,3,1.118681088089943,4
d256h4L4,3016960,4608,arithmetic,4,1.066948413848877,4
d256h4L4,3016960,4608,audio_16bit,1,8.948299407958984,4
d256h4L4,3016960,4608,audio_16bit,2,8.239734172821045,4
d256h4L4,3016960,4608,audio_16bit,3,7.97431206703186,4
d256h4L4,3016960,4608,audio_16bit,4,7.827956676483154,4
d256h4L4,3016960,4608,audio_8bit,1,6.831607699394226,4
d256h4L4,3016960,4608,audio_8bit,2,6.264070908228557,4
d256h4L4,3016960,4608,audio_8bit,3,6.052576899528503,4
d256h4L4,3016960,4608,audio_8bit,4,5.938331604003906,4
d256h4L4,3016960,4608,cifar10_rgb_hwc,1,8.310786247253418,4
d256h4L4,3016960,4608,cifar10_rgb_hwc,2,7.853349765141805,4
d256h4L4,3016960,4608,cifar10_rgb_hwc,3,7.692088961601257,4
d256h4L4,3016960,4608,cifar10_rgb_hwc,4,7.606324195861816,4
d256h4L4,3016960,4608,cifar10_rgb_planar,1,8.320713996887207,4
d256h4L4,3016960,4608,cifar10_rgb_planar,2,7.864322582880656,4
d256h4L4,3016960,4608,cifar10_rgb_planar,3,7.703319668769836,4
d256h4L4,3016960,4608,cifar10_rgb_planar,4,7.6175923347473145,4
d256h4L4,3016960,4608,dclm,1,4.343709826469421,4
d256h4L4,3016960,4608,dclm,2,4.039637486139934,4
d256h4L4,3016960,4608,dclm,3,3.9303189516067505,4
d256h4L4,3016960,4608,dclm,4,3.8735883235931396,4
d256h4L4,3016960,4608,dclm_ranked,1,7.515779376029968,4
d256h4L4,3016960,4608,dclm_ranked,2,6.885288238525391,4
d256h4L4,3016960,4608,dclm_ranked,3,6.657496690750122,4
d256h4L4,3016960,4608,dclm_ranked,4,6.536585807800293,4
d256h4L4,3016960,4608,dna,1,4.096644818782806,4
d256h4L4,3016960,4608,dna,2,3.8699760834376016,4
d256h4L4,3016960,4608,dna,3,3.796212375164032,4
d256h4L4,3016960,4608,dna,4,3.7595791816711426,4
d256h4L4,3016960,4608,esc50_pcm8,1,2.7117581367492676,4
d256h4L4,3016960,4608,esc50_pcm8,2,2.5352058013280234,4
d256h4L4,3016960,4608,esc50_pcm8,3,2.472161054611206,4
d256h4L4,3016960,4608,esc50_pcm8,4,2.439218521118164,4
d256h4L4,3016960,4608,esc50_pcm8_11khz,1,3.6764281392097473,4
d256h4L4,3016960,4608,esc50_pcm8_11khz,2,3.461788296699524,4
d256h4L4,3016960,4608,esc50_pcm8_11khz,3,3.3849562406539917,4
d256h4L4,3016960,4608,esc50_pcm8_11khz,4,3.3441779613494873,4
d256h4L4,3016960,4608,kolmogorov_dna,1,3.3639700412750244,4
d256h4L4,3016960,4608,kolmogorov_dna,2,3.1644174257914224,4
d256h4L4,3016960,4608,kolmogorov_dna,3,3.1036014556884766,4
d256h4L4,3016960,4608,kolmogorov_dna,4,3.074019193649292,4
d256h4L4,3016960,4608,kolmogorov_text,1,4.1427305936813354,4
d256h4L4,3016960,4608,kolmogorov_text,2,3.829553405443827,4
d256h4L4,3016960,4608,kolmogorov_text,3,3.716881811618805,4
d256h4L4,3016960,4608,kolmogorov_text,4,3.6583094596862793,4
d256h4L4,3016960,4608,llm_compression_arxiv_math,1,3.5954673290252686,4
d256h4L4,3016960,4608,llm_compression_arxiv_math,2,3.304354945818583,4
d256h4L4,3016960,4608,llm_compression_arxiv_math,3,3.201576888561249,4
d256h4L4,3016960,4608,llm_compression_arxiv_math,4,3.1479945182800293,4
d256h4L4,3016960,4608,llm_compression_cc,1,4.044375479221344,4
d256h4L4,3016960,4608,llm_compression_cc,2,3.756537437438965,4
d256h4L4,3016960,4608,llm_compression_cc,3,3.6538277864456177,4
d256h4L4,3016960,4608,llm_compression_cc,4,3.6006228923797607,4
d256h4L4,3016960,4608,llm_compression_python,1,3.1237658262252808,4
d256h4L4,3016960,4608,llm_compression_python,2,2.8628807862599692,4
d256h4L4,3016960,4608,llm_compression_python,3,2.771586239337921,4
d256h4L4,3016960,4608,llm_compression_python,4,2.7243199348449707,4
d256h4L4,3016960,4608,metamath,1,3.3900217413902283,4
d256h4L4,3016960,4608,metamath,2,3.1032554705937705,4
d256h4L4,3016960,4608,metamath,3,3.0017971992492676,4
d256h4L4,3016960,4608,metamath,4,2.9489383697509766,4
d256h4L4,3016960,4608,musicnet_pcm8,1,3.212203562259674,4
d256h4L4,3016960,4608,musicnet_pcm8,2,2.969155232111613,4
d256h4L4,3016960,4608,musicnet_pcm8,3,2.8829938769340515,4
d256h4L4,3016960,4608,musicnet_pcm8,4,2.838454008102417,4
d256h4L4,3016960,4608,musicnet_pcm8_11khz,1,4.2102415561676025,4
d256h4L4,3016960,4608,musicnet_pcm8_11khz,2,3.9529188871383667,4
d256h4L4,3016960,4608,musicnet_pcm8_11khz,3,3.861311674118042,4
d256h4L4,3016960,4608,musicnet_pcm8_11khz,4,3.8128509521484375,4
d256h4L4,3016960,4608,mutopia_melody_16th,1,2.605453073978424,4
d256h4L4,3016960,4608,mutopia_melody_16th,2,2.3920478026072183,4
d256h4L4,3016960,4608,mutopia_melody_16th,3,2.3169367909431458,4
d256h4L4,3016960,4608,mutopia_melody_16th,4,2.2783970832824707,4
d256h4L4,3016960,4608,speech_commands_pcm8,1,2.79420930147171,4
d256h4L4,3016960,4608,speech_commands_pcm8,2,2.6204758087793985,4
d256h4L4,3016960,4608,speech_commands_pcm8,3,2.5576566457748413,4
d256h4L4,3016960,4608,speech_commands_pcm8,4,2.5244903564453125,4
d256h4L4,3016960,4608,speech_commands_pcm8_8khz,1,2.971629559993744,4
d256h4L4,3016960,4608,speech_commands_pcm8_8khz,2,2.7814439137776694,4
d256h4L4,3016960,4608,speech_commands_pcm8_8khz,3,2.70941162109375,4
d256h4L4,3016960,4608,speech_commands_pcm8_8khz,4,2.670598030090332,4
d256h4L4,3016960,4864,aitdcc_a_protein,1,5.38823664188385,4
d256h4L4,3016960,4864,aitdcc_a_protein,2,5.099678834279378,4
d256h4L4,3016960,4864,aitdcc_a_protein,3,5.0007970333099365,4
d256h4L4,3016960,4864,aitdcc_a_protein,4,4.949742317199707,4
d256h4L4,3016960,4864,aitdcc_b_c_source,1,3.480518639087677,4
d256h4L4,3016960,4864,aitdcc_b_c_source,2,3.1889248291651406,4
d256h4L4,3016960,4864,aitdcc_b_c_source,3,3.086344003677368,4
d256h4L4,3016960,4864,aitdcc_b_c_source,4,3.032885789871216,4
d256h4L4,3016960,4864,aitdcc_d_glibc_rand,1,9.267904281616211,4
d256h4L4,3016960,4864,aitdcc_d_glibc_rand,2,8.735709508260092,4
d256h4L4,3016960,4864,aitdcc_d_glibc_rand,3,8.549222946166992,4
d256h4L4,3016960,4864,aitdcc_d_glibc_rand,4,8.449586868286133,4
d256h4L4,3016960,4864,aitdcc_e_atlas_float32,1,8.133407592773438,4
d256h4L4,3016960,4864,aitdcc_e_atlas_float32,2,7.633256912231445,4
d256h4L4,3016960,4864,aitdcc_e_atlas_float32,3,7.459630727767944,4
d256h4L4,3016960,4864,aitdcc_e_atlas_float32,4,7.368310451507568,4
d256h4L4,3016960,4864,aitdcc_g_astronomy,1,3.2355045080184937,4
d256h4L4,3016960,4864,aitdcc_g_astronomy,2,3.057820757230123,4
d256h4L4,3016960,4864,aitdcc_g_astronomy,3,2.998531222343445,4
d256h4L4,3016960,4864,aitdcc_g_astronomy,4,2.9680211544036865,4
d256h4L4,3016960,4864,arithmetic,1,1.4866922050714493,4
d256h4L4,3016960,4864,arithmetic,2,0.9737738867600759,4
d256h4L4,3016960,4864,arithmetic,3,0.8845970183610916,4
d256h4L4,3016960,4864,arithmetic,4,0.8565964102745056,4
d256h4L4,3016960,4864,audio_16bit,1,8.881726026535034,4
d256h4L4,3016960,4864,audio_16bit,2,8.2479248046875,4
d256h4L4,3016960,4864,audio_16bit,3,8.012035846710205,4
d256h4L4,3016960,4864,audio_16bit,4,7.883036136627197,4
d256h4L4,3016960,4864,audio_8bit,1,6.658019781112671,4
d256h4L4,3016960,4864,audio_8bit,2,6.219242970148723,4
d256h4L4,3016960,4864,audio_8bit,3,6.053840637207031,4
d256h4L4,3016960,4864,audio_8bit,4,5.964922904968262,4
d256h4L4,3016960,4864,cifar10_rgb_hwc,1,8.283461332321167,4
d256h4L4,3016960,4864,cifar10_rgb_hwc,2,7.8453084627787275,4
d256h4L4,3016960,4864,cifar10_rgb_hwc,3,7.685676217079163,4
d256h4L4,3016960,4864,cifar10_rgb_hwc,4,7.600046634674072,4
d256h4L4,3016960,4864,cifar10_rgb_planar,1,8.298010349273682,4
d256h4L4,3016960,4864,cifar10_rgb_planar,2,7.8587314287821455,4
d256h4L4,3016960,4864,cifar10_rgb_planar,3,7.699250817298889,4
d256h4L4,3016960,4864,cifar10_rgb_planar,4,7.6135382652282715,4
d256h4L4,3016960,4864,dclm,1,4.31848406791687,4
d256h4L4,3016960,4864,dclm,2,4.035897811253865,4
d256h4L4,3016960,4864,dclm,3,3.935366630554199,4
d256h4L4,3016960,4864,dclm,4,3.882394552230835,4
d256h4L4,3016960,4864,dclm_ranked,1,7.618767023086548,4
d256h4L4,3016960,4864,dclm_ranked,2,7.0435590744018555,4
d256h4L4,3016960,4864,dclm_ranked,3,6.820204734802246,4
d256h4L4,3016960,4864,dclm_ranked,4,6.694477081298828,4
d256h4L4,3016960,4864,dna,1,4.077936887741089,4
d256h4L4,3016960,4864,dna,2,3.8874435424804688,4
d256h4L4,3016960,4864,dna,3,3.8304359912872314,4
d256h4L4,3016960,4864,dna,4,3.802924633026123,4
d256h4L4,3016960,4864,esc50_pcm8,1,2.714423656463623,4
d256h4L4,3016960,4864,esc50_pcm8,2,2.537109692891439,4
d256h4L4,3016960,4864,esc50_pcm8,3,2.4744136333465576,4
d256h4L4,3016960,4864,esc50_pcm8,4,2.44185209274292,4
d256h4L4,3016960,4864,esc50_pcm8_11khz,1,3.672968089580536,4
d256h4L4,3016960,4864,esc50_pcm8_11khz,2,3.4563872814178467,4
d256h4L4,3016960,4864,esc50_pcm8_11khz,3,3.3788946866989136,4
d256h4L4,3016960,4864,esc50_pcm8_11khz,4,3.3380942344665527,4
d256h4L4,3016960,4864,kolmogorov_dna,1,3.408546566963196,4
d256h4L4,3016960,4864,kolmogorov_dna,2,3.205910801887512,4
d256h4L4,3016960,4864,kolmogorov_dna,3,3.151372015476227,4
d256h4L4,3016960,4864,kolmogorov_dna,4,3.125136613845825,4
d256h4L4,3016960,4864,kolmogorov_text,1,4.118714272975922,4
d256h4L4,3016960,4864,kolmogorov_text,2,3.8228068749109902,4
d256h4L4,3016960,4864,kolmogorov_text,3,3.7176130414009094,4
d256h4L4,3016960,4864,kolmogorov_text,4,3.6622767448425293,4
d256h4L4,3016960,4864,llm_compression_arxiv_math,1,3.584647059440613,4
d256h4L4,3016960,4864,llm_compression_arxiv_math,2,3.305698792139689,4
d256h4L4,3016960,4864,llm_compression_arxiv_math,3,3.2057769894599915,4
d256h4L4,3016960,4864,llm_compression_arxiv_math,4,3.15274977684021,4
d256h4L4,3016960,4864,llm_compression_cc,1,4.016263723373413,4
d256h4L4,3016960,4864,llm_compression_cc,2,3.7499197721481323,4
d256h4L4,3016960,4864,llm_compression_cc,3,3.6553887724876404,4
d256h4L4,3016960,4864,llm_compression_cc,4,3.605804681777954,4
d256h4L4,3016960,4864,llm_compression_python,1,3.0883789658546448,4
d256h4L4,3016960,4864,llm_compression_python,2,2.8376538356145224,4
d256h4L4,3016960,4864,llm_compression_python,3,2.7486427426338196,4
d256h4L4,3016960,4864,llm_compression_python,4,2.7022716999053955,4
d256h4L4,3016960,4864,metamath,1,3.3451833724975586,4
d256h4L4,3016960,4864,metamath,2,3.064492702484131,4
d256h4L4,3016960,4864,metamath,3,2.9641369581222534,4
d256h4L4,3016960,4864,metamath,4,2.9113540649414062,4
d256h4L4,3016960,4864,musicnet_pcm8,1,3.212164282798767,4
d256h4L4,3016960,4864,musicnet_pcm8,2,2.969985047976176,4
d256h4L4,3016960,4864,musicnet_pcm8,3,2.8853272795677185,4
d256h4L4,3016960,4864,musicnet_pcm8,4,2.8419601917266846,4
d256h4L4,3016960,4864,musicnet_pcm8_11khz,1,4.212229013442993,4
d256h4L4,3016960,4864,musicnet_pcm8_11khz,2,3.949529528617859,4
d256h4L4,3016960,4864,musicnet_pcm8_11khz,3,3.8573922514915466,4
d256h4L4,3016960,4864,musicnet_pcm8_11khz,4,3.809252977371216,4
d256h4L4,3016960,4864,mutopia_melody_16th,1,2.6237168312072754,4
d256h4L4,3016960,4864,mutopia_melody_16th,2,2.3988064527511597,4
d256h4L4,3016960,4864,mutopia_melody_16th,3,2.318394422531128,4
d256h4L4,3016960,4864,mutopia_melody_16th,4,2.277493953704834,4
d256h4L4,3016960,4864,speech_commands_pcm8,1,2.813013434410095,4
d256h4L4,3016960,4864,speech_commands_pcm8,2,2.6346263885498047,4
d256h4L4,3016960,4864,speech_commands_pcm8,3,2.569983422756195,4
d256h4L4,3016960,4864,speech_commands_pcm8,4,2.53584623336792,4
d256h4L4,3016960,4864,speech_commands_pcm8_8khz,1,3.040699303150177,4
d256h4L4,3016960,4864,speech_commands_pcm8_8khz,2,2.8376559813817344,4
d256h4L4,3016960,4864,speech_commands_pcm8_8khz,3,2.7605719566345215,4
d256h4L4,3016960,4864,speech_commands_pcm8_8khz,4,2.7187905311584473,4
d256h4L4,3016960,5120,aitdcc_a_protein,1,5.205852270126343,4
d256h4L4,3016960,5120,aitdcc_a_protein,2,5.002342859903972,4
d256h4L4,3016960,5120,aitdcc_a_protein,3,4.930147409439087,4
d256h4L4,3016960,5120,aitdcc_a_protein,4,4.89243745803833,4
d256h4L4,3016960,5120,aitdcc_b_c_source,1,3.451161801815033,4
d256h4L4,3016960,5120,aitdcc_b_c_source,2,3.1864618062973022,4
d256h4L4,3016960,5120,aitdcc_b_c_source,3,3.09366637468338,4
d256h4L4,3016960,5120,aitdcc_b_c_source,4,3.045278310775757,4
d256h4L4,3016960,5120,aitdcc_d_glibc_rand,1,9.098176956176758,4
d256h4L4,3016960,5120,aitdcc_d_glibc_rand,2,8.624950408935547,4
d256h4L4,3016960,5120,aitdcc_d_glibc_rand,3,8.464807271957397,4
d256h4L4,3016960,5120,aitdcc_d_glibc_rand,4,8.381526947021484,4
d256h4L4,3016960,5120,aitdcc_e_atlas_float32,1,8.052313804626465,4
d256h4L4,3016960,5120,aitdcc_e_atlas_float32,2,7.567586898803711,4
d256h4L4,3016960,5120,aitdcc_e_atlas_float32,3,7.401704668998718,4
d256h4L4,3016960,5120,aitdcc_e_atlas_float32,4,7.31570291519165,4
d256h4L4,3016960,5120,aitdcc_g_astronomy,1,3.231484591960907,4
d256h4L4,3016960,5120,aitdcc_g_astronomy,2,3.043932795524597,4
d256h4L4,3016960,5120,aitdcc_g_astronomy,3,2.9807778000831604,4
d256h4L4,3016960,5120,aitdcc_g_astronomy,4,2.948596715927124,4
d256h4L4,3016960,5120,arithmetic,1,1.3845336884260178,4
d256h4L4,3016960,5120,arithmetic,2,0.883881151676178,4
d256h4L4,3016960,5120,arithmetic,3,0.824236273765564,4
d256h4L4,3016960,5120,arithmetic,4,0.7996634244918823,4
d256h4L4,3016960,5120,audio_16bit,1,8.866147518157959,4
d256h4L4,3016960,5120,audio_16bit,2,8.220850388209024,4
d256h4L4,3016960,5120,audio_16bit,3,7.987954258918762,4
d256h4L4,3016960,5120,audio_16bit,4,7.8664045333862305,4
d256h4L4,3016960,5120,audio_8bit,1,6.727702617645264,4
d256h4L4,3016960,5120,audio_8bit,2,6.305354674657186,4
d256h4L4,3016960,5120,audio_8bit,3,6.149696588516235,4
d256h4L4,3016960,5120,audio_8bit,4,6.067446231842041,4
d256h4L4,3016960,5120,cifar10_rgb_hwc,1,8.208264946937561,4
d256h4L4,3016960,5120,cifar10_rgb_hwc,2,7.788544257481893,4
d256h4L4,3016960,5120,cifar10_rgb_hwc,3,7.643305659294128,4
d256h4L4,3016960,5120,cifar10_rgb_hwc,4,7.566624164581299,4
d256h4L4,3016960,5120,cifar10_rgb_planar,1,8.215979814529419,4
d256h4L4,3016960,5120,cifar10_rgb_planar,2,7.798192818959554,4
d256h4L4,3016960,5120,cifar10_rgb_planar,3,7.654466032981873,4
d256h4L4,3016960,5120,cifar10_rgb_planar,4,7.578710079193115,4
d256h4L4,3016960,5120,dclm,1,4.296863079071045,4
d256h4L4,3016960,5120,dclm,2,4.033114592234294,4
d256h4L4,3016960,5120,dclm,3,3.938857674598694,4
d256h4L4,3016960,5120,dclm,4,3.8895204067230225,4
d256h4L4,3016960,5120,dclm_ranked,1,7.745704293251038,4
d256h4L4,3016960,5120,dclm_ranked,2,7.226968765258789,4
d256h4L4,3016960,5120,dclm_ranked,3,7.018486976623535,4
d256h4L4,3016960,5120,dclm_ranked,4,6.898549556732178,4
d256h4L4,3016960,5120,dna,1,4.252117276191711,4
d256h4L4,3016960,5120,dna,2,4.034170349438985,4
d256h4L4,3016960,5120,dna,3,3.9682981371879578,4
d256h4L4,3016960,5120,dna,4,3.9364476203918457,4
d256h4L4,3016960,5120,esc50_pcm8,1,2.712754964828491,4
d256h4L4,3016960,5120,esc50_pcm8,2,2.5447294314702353,4
d256h4L4,3016960,5120,esc50_pcm8,3,2.4854148626327515,4
d256h4L4,3016960,5120,esc50_pcm8,4,2.454695224761963,4
d256h4L4,3016960,5120,esc50_pcm8_11khz,1,3.6329579949378967,4
d256h4L4,3016960,5120,esc50_pcm8_11khz,2,3.4333757559458413,4
d256h4L4,3016960,5120,esc50_pcm8_11khz,3,3.362247884273529,4
d256h4L4,3016960,5120,esc50_pcm8_11khz,4,3.3248696327209473,4
d256h4L4,3016960,5120,kolmogorov_dna,1,3.5110665559768677,4
d256h4L4,3016960,5120,kolmogorov_dna,2,3.3053083022435508,4
d256h4L4,3016960,5120,kolmogorov_dna,3,3.2456936836242676,4
d256h4L4,3016960,5120,kolmogorov_dna,4,3.2167727947235107,4
d256h4L4,3016960,5120,kolmogorov_text,1,4.091988205909729,4
d256h4L4,3016960,5120,kolmogorov_text,2,3.8169029553731284,4
d256h4L4,3016960,5120,kolmogorov_text,3,3.718503952026367,4
d256h4L4,3016960,5120,kolmogorov_text,4,3.6669397354125977,4
d256h4L4,3016960,5120,llm_compression_arxiv_math,1,3.575446665287018,4
d256h4L4,3016960,5120,llm_compression_arxiv_math,2,3.318181832631429,4
d256h4L4,3016960,5120,llm_compression_arxiv_math,3,3.227462410926819,4
d256h4L4,3016960,5120,llm_compression_arxiv_math,4,3.1800100803375244,4
d256h4L4,3016960,5120,llm_compression_cc,1,4.001906514167786,4
d256h4L4,3016960,5120,llm_compression_cc,2,3.7517310778299966,4
d256h4L4,3016960,5120,llm_compression_cc,3,3.6622637510299683,4
d256h4L4,3016960,5120,llm_compression_cc,4,3.6154088973999023,4
d256h4L4,3016960,5120,llm_compression_python,1,3.0641056299209595,4
d256h4L4,3016960,5120,llm_compression_python,2,2.8340535958607993,4
d256h4L4,3016960,5120,llm_compression_python,3,2.752915918827057,4
d256h4L4,3016960,5120,llm_compression_python,4,2.7108449935913086,4
d256h4L4,3016960,5120,metamath,1,3.3332735300064087,4
d256h4L4,3016960,5120,metamath,2,3.06514302889506,4
d256h4L4,3016960,5120,metamath,3,2.9710158705711365,4
d256h4L4,3016960,5120,metamath,4,2.92220401763916,4
d256h4L4,3016960,5120,musicnet_pcm8,1,3.2423627972602844,4
d256h4L4,3016960,5120,musicnet_pcm8,2,3.008041183153788,4
d256h4L4,3016960,5120,musicnet_pcm8,3,2.925436854362488,4
d256h4L4,3016960,5120,musicnet_pcm8,4,2.8830394744873047,4
d256h4L4,3016960,5120,musicnet_pcm8_11khz,1,4.176236033439636,4
d256h4L4,3016960,5120,musicnet_pcm8_11khz,2,3.937818090120951,4
d256h4L4,3016960,5120,musicnet_pcm8_11khz,3,3.8533762097358704,4
d256h4L4,3016960,5120,musicnet_pcm8_11khz,4,3.8091681003570557,4
d256h4L4,3016960,5120,mutopia_melody_16th,1,2.5860078930854797,4
d256h4L4,3016960,5120,mutopia_melody_16th,2,2.376771012941996,4
d256h4L4,3016960,5120,mutopia_melody_16th,3,2.302007794380188,4
d256h4L4,3016960,5120,mutopia_melody_16th,4,2.2634835243225098,4
d256h4L4,3016960,5120,speech_commands_pcm8,1,2.794573426246643,4
d256h4L4,3016960,5120,speech_commands_pcm8,2,2.624610344568888,4
d256h4L4,3016960,5120,speech_commands_pcm8,3,2.5631933212280273,4
d256h4L4,3016960,5120,speech_commands_pcm8,4,2.530919313430786,4
d256h4L4,3016960,5120,speech_commands_pcm8_8khz,1,2.9886101484298706,4
d256h4L4,3016960,5120,speech_commands_pcm8_8khz,2,2.793577233950297,4
d256h4L4,3016960,5120,speech_commands_pcm8_8khz,3,2.7196605801582336,4
d256h4L4,3016960,5120,speech_commands_pcm8_8khz,4,2.6797192096710205,4
d256h4L4,3016960,5376,aitdcc_a_protein,1,5.223143219947815,4
d256h4L4,3016960,5376,aitdcc_a_protein,2,4.961957931518555,4
d256h4L4,3016960,5376,aitdcc_a_protein,3,4.87019944190979,4
d256h4L4,3016960,5376,aitdcc_a_protein,4,4.822691917419434,4
d256h4L4,3016960,5376,aitdcc_b_c_source,1,3.4675753116607666,4
d256h4L4,3016960,5376,aitdcc_b_c_source,2,3.20058810710907,4
d256h4L4,3016960,5376,aitdcc_b_c_source,3,3.1085434556007385,4
d256h4L4,3016960,5376,aitdcc_b_c_source,4,3.0612447261810303,4
d256h4L4,3016960,5376,aitdcc_d_glibc_rand,1,8.943985223770142,4
d256h4L4,3016960,5376,aitdcc_d_glibc_rand,2,8.539637565612793,4
d256h4L4,3016960,5376,aitdcc_d_glibc_rand,3,8.398802042007446,4
d256h4L4,3016960,5376,aitdcc_d_glibc_rand,4,8.324984550476074,4
d256h4L4,3016960,5376,aitdcc_e_atlas_float32,1,7.872278690338135,4
d256h4L4,3016960,5376,aitdcc_e_atlas_float32,2,7.4804573853810625,4
d256h4L4,3016960,5376,aitdcc_e_atlas_float32,3,7.34244167804718,4
d256h4L4,3016960,5376,aitdcc_e_atlas_float32,4,7.270227432250977,4
d256h4L4,3016960,5376,aitdcc_g_astronomy,1,3.2445055842399597,4
d256h4L4,3016960,5376,aitdcc_g_astronomy,2,3.0374205112457275,4
d256h4L4,3016960,5376,aitdcc_g_astronomy,3,2.9719399213790894,4
d256h4L4,3016960,5376,aitdcc_g_astronomy,4,2.9387314319610596,4
d256h4L4,3016960,5376,arithmetic,1,1.2094964981079102,4
d256h4L4,3016960,5376,arithmetic,2,0.8155823051929474,4
d256h4L4,3016960,5376,arithmetic,3,0.7645818293094635,4
d256h4L4,3016960,5376,arithmetic,4,0.7441621422767639,4
d256h4L4,3016960,5376,audio_16bit,1,8.901997566223145,4
d256h4L4,3016960,5376,audio_16bit,2,8.238494475682577,4
d256h4L4,3016960,5376,audio_16bit,3,7.999326825141907,4
d256h4L4,3016960,5376,audio_16bit,4,7.875711441040039,4
d256h4L4,3016960,5376,audio_8bit,1,6.828296661376953,4
d256h4L4,3016960,5376,audio_8bit,2,6.366350889205933,4
d256h4L4,3016960,5376,audio_8bit,3,6.208107113838196,4
d256h4L4,3016960,5376,audio_8bit,4,6.126397132873535,4
d256h4L4,3016960,5376,cifar10_rgb_hwc,1,8.169001340866089,4
d256h4L4,3016960,5376,cifar10_rgb_hwc,2,7.78846009572347,4
d256h4L4,3016960,5376,cifar10_rgb_hwc,3,7.651832103729248,4
d256h4L4,3016960,5376,cifar10_rgb_hwc,4,7.579539775848389,4
d256h4L4,3016960,5376,cifar10_rgb_planar,1,8.183124423027039,4
d256h4L4,3016960,5376,cifar10_rgb_planar,2,7.803269704182942,4
d256h4L4,3016960,5376,cifar10_rgb_planar,3,7.6673667430877686,4
d256h4L4,3016960,5376,cifar10_rgb_planar,4,7.595634937286377,4
d256h4L4,3016960,5376,dclm,1,4.2862162590026855,4
d256h4L4,3016960,5376,dclm,2,4.037071148554484,4
d256h4L4,3016960,5376,dclm,3,3.9519280791282654,4
d256h4L4,3016960,5376,dclm,4,3.90824556350708,4
d256h4L4,3016960,5376,dclm_ranked,1,7.876737952232361,4
d256h4L4,3016960,5376,dclm_ranked,2,7.349021752675374,4
d256h4L4,3016960,5376,dclm_ranked,3,7.147783279418945,4
d256h4L4,3016960,5376,dclm_ranked,4,7.036103248596191,4
d256h4L4,3016960,5376,dna,1,4.413153171539307,4
d256h4L4,3016960,5376,dna,2,4.137430667877197,4
d256h4L4,3016960,5376,dna,3,4.0594335198402405,4
d256h4L4,3016960,5376,dna,4,4.023736476898193,4
d256h4L4,3016960,5376,esc50_pcm8,1,2.691325604915619,4
d256h4L4,3016960,5376,esc50_pcm8,2,2.5379106998443604,4
d256h4L4,3016960,5376,esc50_pcm8,3,2.483342409133911,4
d256h4L4,3016960,5376,esc50_pcm8,4,2.4554104804992676,4
d256h4L4,3016960,5376,esc50_pcm8_11khz,1,3.5964731574058533,4
d256h4L4,3016960,5376,esc50_pcm8_11khz,2,3.418336590131124,4
d256h4L4,3016960,5376,esc50_pcm8_11khz,3,3.3545734882354736,4
d256h4L4,3016960,5376,esc50_pcm8_11khz,4,3.3217287063598633,4
d256h4L4,3016960,5376,kolmogorov_dna,1,3.610290825366974,4
d256h4L4,3016960,5376,kolmogorov_dna,2,3.3749879201253257,4
d256h4L4,3016960,5376,kolmogorov_dna,3,3.309967339038849,4
d256h4L4,3016960,5376,kolmogorov_dna,4,3.2797818183898926,4
d256h4L4,3016960,5376,kolmogorov_text,1,4.088108122348785,4
d256h4L4,3016960,5376,kolmogorov_text,2,3.8237544695536294,4
d256h4L4,3016960,5376,kolmogorov_text,3,3.731376588344574,4
d256h4L4,3016960,5376,kolmogorov_text,4,3.683539628982544,4
d256h4L4,3016960,5376,llm_compression_arxiv_math,1,3.57961905002594,4
d256h4L4,3016960,5376,llm_compression_arxiv_math,2,3.3253702322642007,4
d256h4L4,3016960,5376,llm_compression_arxiv_math,3,3.238296926021576,4
d256h4L4,3016960,5376,llm_compression_arxiv_math,4,3.1935901641845703,4
d256h4L4,3016960,5376,llm_compression_cc,1,3.9987040758132935,4
d256h4L4,3016960,5376,llm_compression_cc,2,3.7593639691670737,4
d256h4L4,3016960,5376,llm_compression_cc,3,3.6775670647621155,4
d256h4L4,3016960,5376,llm_compression_cc,4,3.63562273979187,4
d256h4L4,3016960,5376,llm_compression_python,1,3.0562541484832764,4
d256h4L4,3016960,5376,llm_compression_python,2,2.8360081911087036,4
d256h4L4,3016960,5376,llm_compression_python,3,2.759548783302307,4
d256h4L4,3016960,5376,llm_compression_python,4,2.720167636871338,4
d256h4L4,3016960,5376,metamath,1,3.3502864241600037,4
d256h4L4,3016960,5376,metamath,2,3.090036630630493,4
d256h4L4,3016960,5376,metamath,3,2.9977275729179382,4
d256h4L4,3016960,5376,metamath,4,2.9494564533233643,4
d256h4L4,3016960,5376,musicnet_pcm8,1,3.218712031841278,4
d256h4L4,3016960,5376,musicnet_pcm8,2,3.0061238606770835,4
d256h4L4,3016960,5376,musicnet_pcm8,3,2.9311565160751343,4
d256h4L4,3016960,5376,musicnet_pcm8,4,2.892996072769165,4
d256h4L4,3016960,5376,musicnet_pcm8_11khz,1,4.1353312730789185,4
d256h4L4,3016960,5376,musicnet_pcm8_11khz,2,3.924360712369283,4
d256h4L4,3016960,5376,musicnet_pcm8_11khz,3,3.8493571281433105,4
d256h4L4,3016960,5376,musicnet_pcm8_11khz,4,3.811030387878418,4
d256h4L4,3016960,5376,mutopia_melody_16th,1,2.599916934967041,4
d256h4L4,3016960,5376,mutopia_melody_16th,2,2.3822800318400064,4
d256h4L4,3016960,5376,mutopia_melody_16th,3,2.3068729043006897,4
d256h4L4,3016960,5376,mutopia_melody_16th,4,2.268214225769043,4
d256h4L4,3016960,5376,speech_commands_pcm8,1,2.774270176887512,4
d256h4L4,3016960,5376,speech_commands_pcm8,2,2.61541211605072,4
d256h4L4,3016960,5376,speech_commands_pcm8,3,2.55803906917572,4
d256h4L4,3016960,5376,speech_commands_pcm8,4,2.528485059738159,4
d256h4L4,3016960,5376,speech_commands_pcm8_8khz,1,2.9692694544792175,4
d256h4L4,3016960,5376,speech_commands_pcm8_8khz,2,2.779862562815348,4
d256h4L4,3016960,5376,speech_commands_pcm8_8khz,3,2.7089542746543884,4
d256h4L4,3016960,5376,speech_commands_pcm8_8khz,4,2.6715805530548096,4
d256h4L4,3016960,5632,aitdcc_a_protein,1,5.12675678730011,4
d256h4L4,3016960,5632,aitdcc_a_protein,2,4.911469221115112,4
d256h4L4,3016960,5632,aitdcc_a_protein,3,4.837069988250732,4
d256h4L4,3016960,5632,aitdcc_a_protein,4,4.798980712890625,4
d256h4L4,3016960,5632,aitdcc_b_c_source,1,3.418135106563568,4
d256h4L4,3016960,5632,aitdcc_b_c_source,2,3.162068247795105,4
d256h4L4,3016960,5632,aitdcc_b_c_source,3,3.073106288909912,4
d256h4L4,3016960,5632,aitdcc_b_c_source,4,3.027188777923584,4
d256h4L4,3016960,5632,aitdcc_d_glibc_rand,1,8.823263168334961,4
d256h4L4,3016960,5632,aitdcc_d_glibc_rand,2,8.460137685139975,4
d256h4L4,3016960,5632,aitdcc_d_glibc_rand,3,8.337566614151001,4
d256h4L4,3016960,5632,aitdcc_d_glibc_rand,4,8.272533416748047,4
d256h4L4,3016960,5632,aitdcc_e_atlas_float32,1,7.77972149848938,4
d256h4L4,3016960,5632,aitdcc_e_atlas_float32,2,7.420122067133586,4
d256h4L4,3016960,5632,aitdcc_e_atlas_float32,3,7.3016180992126465,4
d256h4L4,3016960,5632,aitdcc_e_atlas_float32,4,7.239664077758789,4
d256h4L4,3016960,5632,aitdcc_g_astronomy,1,3.226756513118744,4
d256h4L4,3016960,5632,aitdcc_g_astronomy,2,3.016410748163859,4
d256h4L4,3016960,5632,aitdcc_g_astronomy,3,2.9545929431915283,4
d256h4L4,3016960,5632,aitdcc_g_astronomy,4,2.9233627319335938,4
d256h4L4,3016960,5632,arithmetic,1,0.9005584269762039,4
d256h4L4,3016960,5632,arithmetic,2,0.724617083867391,4
d256h4L4,3016960,5632,arithmetic,3,0.6867287009954453,4
d256h4L4,3016960,5632,arithmetic,4,0.6728978157043457,4
d256h4L4,3016960,5632,audio_16bit,1,8.70729398727417,4
d256h4L4,3016960,5632,audio_16bit,2,8.121588309605917,4
d256h4L4,3016960,5632,audio_16bit,3,7.901201367378235,4
d256h4L4,3016960,5632,audio_16bit,4,7.781941890716553,4
d256h4L4,3016960,5632,audio_8bit,1,6.682137846946716,4
d256h4L4,3016960,5632,audio_8bit,2,6.265208005905151,4
d256h4L4,3016960,5632,audio_8bit,3,6.119756460189819,4
d256h4L4,3016960,5632,audio_8bit,4,6.044744968414307,4
d256h4L4,3016960,5632,cifar10_rgb_hwc,1,8.133260846138,4
d256h4L4,3016960,5632,cifar10_rgb_hwc,2,7.767544666926066,4
d256h4L4,3016960,5632,cifar10_rgb_hwc,3,7.637832760810852,4
d256h4L4,3016960,5632,cifar10_rgb_hwc,4,7.568749904632568,4
d256h4L4,3016960,5632,cifar10_rgb_planar,1,8.148330211639404,4
d256h4L4,3016960,5632,cifar10_rgb_planar,2,7.783323287963867,4
d256h4L4,3016960,5632,cifar10_rgb_planar,3,7.654112339019775,4
d256h4L4,3016960,5632,cifar10_rgb_planar,4,7.585331916809082,4
d256h4L4,3016960,5632,dclm,1,4.222388982772827,4
d256h4L4,3016960,5632,dclm,2,3.9892190297444663,4
d256h4L4,3016960,5632,dclm,3,3.9063668251037598,4
d256h4L4,3016960,5632,dclm,4,3.8633713722229004,4
d256h4L4,3016960,5632,dclm_ranked,1,7.60971736907959,4
d256h4L4,3016960,5632,dclm_ranked,2,7.087787787119548,4
d256h4L4,3016960,5632,dclm_ranked,3,6.8944171667099,4
d256h4L4,3016960,5632,dclm_ranked,4,6.789064884185791,4
d256h4L4,3016960,5632,dna,1,4.429283976554871,4
d256h4L4,3016960,5632,dna,2,4.136964996655782,4
d256h4L4,3016960,5632,dna,3,4.057939112186432,4
d256h4L4,3016960,5632,dna,4,4.019833564758301,4
d256h4L4,3016960,5632,esc50_pcm8,1,2.673163652420044,4
d256h4L4,3016960,5632,esc50_pcm8,2,2.520413080851237,4
d256h4L4,3016960,5632,esc50_pcm8,3,2.4663203358650208,4
d256h4L4,3016960,5632,esc50_pcm8,4,2.4384045600891113,4
d256h4L4,3016960,5632,esc50_pcm8_11khz,1,3.5689669847488403,4
d256h4L4,3016960,5632,esc50_pcm8_11khz,2,3.3931522369384766,4
d256h4L4,3016960,5632,esc50_pcm8_11khz,3,3.3306933641433716,4
d256h4L4,3016960,5632,esc50_pcm8_11khz,4,3.2980644702911377,4
d256h4L4,3016960,5632,kolmogorov_dna,1,3.605638563632965,4
d256h4L4,3016960,5632,kolmogorov_dna,2,3.3744113047917685,4
d256h4L4,3016960,5632,kolmogorov_dna,3,3.316341757774353,4
d256h4L4,3016960,5632,kolmogorov_dna,4,3.2890563011169434,4
d256h4L4,3016960,5632,kolmogorov_text,1,4.024923741817474,4
d256h4L4,3016960,5632,kolmogorov_text,2,3.774293303489685,4
d256h4L4,3016960,5632,kolmogorov_text,3,3.6859863996505737,4
d256h4L4,3016960,5632,kolmogorov_text,4,3.64017653465271,4
d256h4L4,3016960,5632,llm_compression_arxiv_math,1,3.530364990234375,4
d256h4L4,3016960,5632,llm_compression_arxiv_math,2,3.2856568098068237,4
d256h4L4,3016960,5632,llm_compression_arxiv_math,3,3.1995714902877808,4
d256h4L4,3016960,5632,llm_compression_arxiv_math,4,3.1548900604248047,4
d256h4L4,3016960,5632,llm_compression_cc,1,3.9333869218826294,4
d256h4L4,3016960,5632,llm_compression_cc,2,3.70953102906545,4
d256h4L4,3016960,5632,llm_compression_cc,3,3.6308624148368835,4
d256h4L4,3016960,5632,llm_compression_cc,4,3.590230703353882,4
d256h4L4,3016960,5632,llm_compression_python,1,3.024251878261566,4
d256h4L4,3016960,5632,llm_compression_python,2,2.807334820429484,4
d256h4L4,3016960,5632,llm_compression_python,3,2.7314009070396423,4
d256h4L4,3016960,5632,llm_compression_python,4,2.6920785903930664,4
d256h4L4,3016960,5632,metamath,1,3.27986216545105,4
d256h4L4,3016960,5632,metamath,2,3.0261996189753213,4
d256h4L4,3016960,5632,metamath,3,2.936894118785858,4
d256h4L4,3016960,5632,metamath,4,2.890052556991577,4
d256h4L4,3016960,5632,musicnet_pcm8,1,3.194549083709717,4
d256h4L4,3016960,5632,musicnet_pcm8,2,2.979385574658712,4
d256h4L4,3016960,5632,musicnet_pcm8,3,2.903830587863922,4
d256h4L4,3016960,5632,musicnet_pcm8,4,2.8653600215911865,4
d256h4L4,3016960,5632,musicnet_pcm8_11khz,1,4.102092504501343,4
d256h4L4,3016960,5632,musicnet_pcm8_11khz,2,3.891417463620504,4
d256h4L4,3016960,5632,musicnet_pcm8_11khz,3,3.817962348461151,4
d256h4L4,3016960,5632,musicnet_pcm8_11khz,4,3.7799644470214844,4
d256h4L4,3016960,5632,mutopia_melody_16th,1,2.593531370162964,4
d256h4L4,3016960,5632,mutopia_melody_16th,2,2.384004235267639,4
d256h4L4,3016960,5632,mutopia_melody_16th,3,2.3099460005760193,4
d256h4L4,3016960,5632,mutopia_melody_16th,4,2.2718772888183594,4
d256h4L4,3016960,5632,speech_commands_pcm8,1,2.7538726329803467,4
d256h4L4,3016960,5632,speech_commands_pcm8,2,2.598920226097107,4
d256h4L4,3016960,5632,speech_commands_pcm8,3,2.542730152606964,4
d256h4L4,3016960,5632,speech_commands_pcm8,4,2.513413906097412,4
d256h4L4,3016960,5632,speech_commands_pcm8_8khz,1,2.9375224113464355,4
d256h4L4,3016960,5632,speech_commands_pcm8_8khz,2,2.754222551981608,4
d256h4L4,3016960,5632,speech_commands_pcm8_8khz,3,2.685128331184387,4
d256h4L4,3016960,5632,speech_commands_pcm8_8khz,4,2.6481361389160156,4
d256h4L4,3016960,5888,aitdcc_a_protein,1,5.0926806926727295,4
d256h4L4,3016960,5888,aitdcc_a_protein,2,4.885105133056641,4
d256h4L4,3016960,5888,aitdcc_a_protein,3,4.812425255775452,4
d256h4L4,3016960,5888,aitdcc_a_protein,4,4.773730754852295,4
d256h4L4,3016960,5888,aitdcc_b_c_source,1,3.367415487766266,4
d256h4L4,3016960,5888,aitdcc_b_c_source,2,3.1248203913370767,4
d256h4L4,3016960,5888,aitdcc_b_c_source,3,3.0400550365448,4
d256h4L4,3016960,5888,aitdcc_b_c_source,4,2.9962515830993652,4
d256h4L4,3016960,5888,aitdcc_d_glibc_rand,1,8.842875957489014,4
d256h4L4,3016960,5888,aitdcc_d_glibc_rand,2,8.484354337056478,4
d256h4L4,3016960,5888,aitdcc_d_glibc_rand,3,8.359109878540039,4
d256h4L4,3016960,5888,aitdcc_d_glibc_rand,4,8.293417930603027,4
d256h4L4,3016960,5888,aitdcc_e_atlas_float32,1,7.878839135169983,4
d256h4L4,3016960,5888,aitdcc_e_atlas_float32,2,7.485089461008708,4
d256h4L4,3016960,5888,aitdcc_e_atlas_float32,3,7.352745413780212,4
d256h4L4,3016960,5888,aitdcc_e_atlas_float32,4,7.283605575561523,4
d256h4L4,3016960,5888,aitdcc_g_astronomy,1,3.184165596961975,4
d256h4L4,3016960,5888,aitdcc_g_astronomy,2,2.992390831311544,4
d256h4L4,3016960,5888,aitdcc_g_astronomy,3,2.9303252696990967,4
d256h4L4,3016960,5888,aitdcc_g_astronomy,4,2.8996427059173584,4
d256h4L4,3016960,5888,arithmetic,1,0.9562658667564392,4
d256h4L4,3016960,5888,arithmetic,2,0.7257961829503378,4
d256h4L4,3016960,5888,arithmetic,3,0.6853586137294769,4
d256h4L4,3016960,5888,arithmetic,4,0.6704369187355042,4
d256h4L4,3016960,5888,audio_16bit,1,8.609321594238281,4
d256h4L4,3016960,5888,audio_16bit,2,8.019278049468994,4
d256h4L4,3016960,5888,audio_16bit,3,7.806490898132324,4
d256h4L4,3016960,5888,audio_16bit,4,7.693486213684082,4
d256h4L4,3016960,5888,audio_8bit,1,6.600037932395935,4
d256h4L4,3016960,5888,audio_8bit,2,6.171003262201945,4
d256h4L4,3016960,5888,audio_8bit,3,6.026150822639465,4
d256h4L4,3016960,5888,audio_8bit,4,5.951588153839111,4
d256h4L4,3016960,5888,cifar10_rgb_hwc,1,8.121299743652344,4
d256h4L4,3016960,5888,cifar10_rgb_hwc,2,7.764753341674805,4
d256h4L4,3016960,5888,cifar10_rgb_hwc,3,7.631951689720154,4
d256h4L4,3016960,5888,cifar10_rgb_hwc,4,7.561165809631348,4
d256h4L4,3016960,5888,cifar10_rgb_planar,1,8.132094860076904,4
d256h4L4,3016960,5888,cifar10_rgb_planar,2,7.778033177057902,4
d256h4L4,3016960,5888,cifar10_rgb_planar,3,7.646750330924988,4
d256h4L4,3016960,5888,cifar10_rgb_planar,4,7.576965808868408,4
d256h4L4,3016960,5888,dclm,1,4.149906754493713,4
d256h4L4,3016960,5888,dclm,2,3.939693729082743,4
d256h4L4,3016960,5888,dclm,3,3.865274429321289,4
d256h4L4,3016960,5888,dclm,4,3.826401710510254,4
d256h4L4,3016960,5888,dclm_ranked,1,7.58600115776062,4
d256h4L4,3016960,5888,dclm_ranked,2,7.0422126452128095,4
d256h4L4,3016960,5888,dclm_ranked,3,6.854828357696533,4
d256h4L4,3016960,5888,dclm_ranked,4,6.754878044128418,4
d256h4L4,3016960,5888,dna,1,4.3098636865615845,4
d256h4L4,3016960,5888,dna,2,4.056973695755005,4
d256h4L4,3016960,5888,dna,3,3.983603298664093,4
d256h4L4,3016960,5888,dna,4,3.948554754257202,4
d256h4L4,3016960,5888,esc50_pcm8,1,2.6802974939346313,4
d256h4L4,3016960,5888,esc50_pcm8,2,2.5215001900990806,4
d256h4L4,3016960,5888,esc50_pcm8,3,2.463975250720978,4
d256h4L4,3016960,5888,esc50_pcm8,4,2.434048891067505,4
d256h4L4,3016960,5888,esc50_pcm8_11khz,1,3.5774903893470764,4
d256h4L4,3016960,5888,esc50_pcm8_11khz,2,3.3954426844914756,4
d256h4L4,3016960,5888,esc50_pcm8_11khz,3,3.3288316130638123,4
d256h4L4,3016960,5888,esc50_pcm8_11khz,4,3.293896436691284,4
d256h4L4,3016960,5888,kolmogorov_dna,1,3.599770247936249,4
d256h4L4,3016960,5888,kolmogorov_dna,2,3.3481661081314087,4
d256h4L4,3016960,5888,kolmogorov_dna,3,3.279029130935669,4
d256h4L4,3016960,5888,kolmogorov_dna,4,3.245929002761841,4
d256h4L4,3016960,5888,kolmogorov_text,1,3.9590705037117004,4
d256h4L4,3016960,5888,kolmogorov_text,2,3.7244381109873452,4
d256h4L4,3016960,5888,kolmogorov_text,3,3.64136666059494,4
d256h4L4,3016960,5888,kolmogorov_text,4,3.598121166229248,4
d256h4L4,3016960,5888,llm_compression_arxiv_math,1,3.4724467992782593,4
d256h4L4,3016960,5888,llm_compression_arxiv_math,2,3.241065820058187,4
d256h4L4,3016960,5888,llm_compression_arxiv_math,3,3.1595168709754944,4
d256h4L4,3016960,5888,llm_compression_arxiv_math,4,3.1171035766601562,4
d256h4L4,3016960,5888,llm_compression_cc,1,3.8649900555610657,4
d256h4L4,3016960,5888,llm_compression_cc,2,3.6617802381515503,4
d256h4L4,3016960,5888,llm_compression_cc,3,3.5902230739593506,4
d256h4L4,3016960,5888,llm_compression_cc,4,3.553159236907959,4
d256h4L4,3016960,5888,llm_compression_python,1,2.9554207921028137,4
d256h4L4,3016960,5888,llm_compression_python,2,2.7543786764144897,4
d256h4L4,3016960,5888,llm_compression_python,3,2.683812975883484,4
d256h4L4,3016960,5888,llm_compression_python,4,2.6471095085144043,4
d256h4L4,3016960,5888,metamath,1,3.257983982563019,4
d256h4L4,3016960,5888,metamath,2,3.0115169286727905,4
d256h4L4,3016960,5888,metamath,3,2.925329566001892,4
d256h4L4,3016960,5888,metamath,4,2.8806025981903076,4
d256h4L4,3016960,5888,musicnet_pcm8,1,3.1966466903686523,4
d256h4L4,3016960,5888,musicnet_pcm8,2,2.971182386080424,4
d256h4L4,3016960,5888,musicnet_pcm8,3,2.89102840423584,4
d256h4L4,3016960,5888,musicnet_pcm8,4,2.849713087081909,4
d256h4L4,3016960,5888,musicnet_pcm8_11khz,1,4.112114667892456,4
d256h4L4,3016960,5888,musicnet_pcm8_11khz,2,3.891404628753662,4
d256h4L4,3016960,5888,musicnet_pcm8_11khz,3,3.811784029006958,4
d256h4L4,3016960,5888,musicnet_pcm8_11khz,4,3.770193099975586,4
d256h4L4,3016960,5888,mutopia_melody_16th,1,2.5521860122680664,4
d256h4L4,3016960,5888,mutopia_melody_16th,2,2.3573370377222695,4
d256h4L4,3016960,5888,mutopia_melody_16th,3,2.2855831384658813,4
d256h4L4,3016960,5888,mutopia_melody_16th,4,2.248492479324341,4
d256h4L4,3016960,5888,speech_commands_pcm8,1,2.7716264128684998,4
d256h4L4,3016960,5888,speech_commands_pcm8,2,2.6088295380274453,4
d256h4L4,3016960,5888,speech_commands_pcm8,3,2.5486223697662354,4
d256h4L4,3016960,5888,speech_commands_pcm8,4,2.516852855682373,4
d256h4L4,3016960,5888,speech_commands_pcm8_8khz,1,2.980497658252716,4
d256h4L4,3016960,5888,speech_commands_pcm8_8khz,2,2.7871917883555093,4
d256h4L4,3016960,5888,speech_commands_pcm8_8khz,3,2.712833285331726,4
d256h4L4,3016960,5888,speech_commands_pcm8_8khz,4,2.67244291305542,4
d256h4L4,3016960,6144,aitdcc_a_protein,1,5.067452073097229,4
d256h4L4,3016960,6144,aitdcc_a_protein,2,4.869939009348552,4
d256h4L4,3016960,6144,aitdcc_a_protein,3,4.80184006690979,4
d256h4L4,3016960,6144,aitdcc_a_protein,4,4.766849040985107,4
d256h4L4,3016960,6144,aitdcc_b_c_source,1,3.3234795331954956,4
d256h4L4,3016960,6144,aitdcc_b_c_source,2,3.0780139764149985,4
d256h4L4,3016960,6144,aitdcc_b_c_source,3,2.9915751814842224,4
d256h4L4,3016960,6144,aitdcc_b_c_source,4,2.9465081691741943,4
d256h4L4,3016960,6144,aitdcc_d_glibc_rand,1,9.027315616607666,4
d256h4L4,3016960,6144,aitdcc_d_glibc_rand,2,8.569995562235514,4
d256h4L4,3016960,6144,aitdcc_d_glibc_rand,3,8.428687572479248,4
d256h4L4,3016960,6144,aitdcc_d_glibc_rand,4,8.355405807495117,4
d256h4L4,3016960,6144,aitdcc_e_atlas_float32,1,7.866180181503296,4
d256h4L4,3016960,6144,aitdcc_e_atlas_float32,2,7.454906781514485,4
d256h4L4,3016960,6144,aitdcc_e_atlas_float32,3,7.322774052619934,4
d256h4L4,3016960,6144,aitdcc_e_atlas_float32,4,7.25480318069458,4
d256h4L4,3016960,6144,aitdcc_g_astronomy,1,3.1731845140457153,4
d256h4L4,3016960,6144,aitdcc_g_astronomy,2,3.002694924672445,4
d256h4L4,3016960,6144,aitdcc_g_astronomy,3,2.9449873566627502,4
d256h4L4,3016960,6144,aitdcc_g_astronomy,4,2.9173851013183594,4
d256h4L4,3016960,6144,arithmetic,1,0.8238097578287125,4
d256h4L4,3016960,6144,arithmetic,2,0.6651352147261301,4
d256h4L4,3016960,6144,arithmetic,3,0.6303163319826126,4
d256h4L4,3016960,6144,arithmetic,4,0.6175532341003418,4
d256h4L4,3016960,6144,audio_16bit,1,8.567905187606812,4
d256h4L4,3016960,6144,audio_16bit,2,8.035979270935059,4
d256h4L4,3016960,6144,audio_16bit,3,7.841982126235962,4
d256h4L4,3016960,6144,audio_16bit,4,7.737484455108643,4
d256h4L4,3016960,6144,audio_8bit,1,6.562736630439758,4
d256h4L4,3016960,6144,audio_8bit,2,6.150192817052205,4
d256h4L4,3016960,6144,audio_8bit,3,6.011847138404846,4
d256h4L4,3016960,6144,audio_8bit,4,5.940718173980713,4
d256h4L4,3016960,6144,cifar10_rgb_hwc,1,8.189593195915222,4
d256h4L4,3016960,6144,cifar10_rgb_hwc,2,7.802691141764323,4
d256h4L4,3016960,6144,cifar10_rgb_hwc,3,7.6627044677734375,4
d256h4L4,3016960,6144,cifar10_rgb_hwc,4,7.588674545288086,4
d256h4L4,3016960,6144,cifar10_rgb_planar,1,8.204254865646362,4
d256h4L4,3016960,6144,cifar10_rgb_planar,2,7.818793217341105,4
d256h4L4,3016960,6144,cifar10_rgb_planar,3,7.6802144050598145,4
d256h4L4,3016960,6144,cifar10_rgb_planar,4,7.607003211975098,4
d256h4L4,3016960,6144,dclm,1,4.181960821151733,4
d256h4L4,3016960,6144,dclm,2,3.955409367879232,4
d256h4L4,3016960,6144,dclm,3,3.8740862011909485,4
d256h4L4,3016960,6144,dclm,4,3.831881523132324,4
d256h4L4,3016960,6144,dclm_ranked,1,7.472075939178467,4
d256h4L4,3016960,6144,dclm_ranked,2,7.037951151529948,4
d256h4L4,3016960,6144,dclm_ranked,3,6.868146300315857,4
d256h4L4,3016960,6144,dclm_ranked,4,6.774232864379883,4
d256h4L4,3016960,6144,dna,1,4.339255154132843,4
d256h4L4,3016960,6144,dna,2,4.08011257648468,4
d256h4L4,3016960,6144,dna,3,3.9970266819000244,4
d256h4L4,3016960,6144,dna,4,3.9588053226470947,4
d256h4L4,3016960,6144,esc50_pcm8,1,2.6688801646232605,4
d256h4L4,3016960,6144,esc50_pcm8,2,2.507333437601725,4
d256h4L4,3016960,6144,esc50_pcm8,3,2.4494723677635193,4
d256h4L4,3016960,6144,esc50_pcm8,4,2.419606924057007,4
d256h4L4,3016960,6144,esc50_pcm8_11khz,1,3.5709455013275146,4
d256h4L4,3016960,6144,esc50_pcm8_11khz,2,3.387388586997986,4
d256h4L4,3016960,6144,esc50_pcm8_11khz,3,3.3210169672966003,4
d256h4L4,3016960,6144,esc50_pcm8_11khz,4,3.286360502243042,4
d256h4L4,3016960,6144,kolmogorov_dna,1,3.561989963054657,4
d256h4L4,3016960,6144,kolmogorov_dna,2,3.35170571009318,4
d256h4L4,3016960,6144,kolmogorov_dna,3,3.288161873817444,4
d256h4L4,3016960,6144,kolmogorov_dna,4,3.2581565380096436,4
d256h4L4,3016960,6144,kolmogorov_text,1,3.975171744823456,4
d256h4L4,3016960,6144,kolmogorov_text,2,3.727995753288269,4
d256h4L4,3016960,6144,kolmogorov_text,3,3.6390031576156616,4
d256h4L4,3016960,6144,kolmogorov_text,4,3.5925047397613525,4
d256h4L4,3016960,6144,llm_compression_arxiv_math,1,3.4419212341308594,4
d256h4L4,3016960,6144,llm_compression_arxiv_math,2,3.206355571746826,4
d256h4L4,3016960,6144,llm_compression_arxiv_math,3,3.1223520040512085,4
d256h4L4,3016960,6144,llm_compression_arxiv_math,4,3.0783610343933105,4
d256h4L4,3016960,6144,llm_compression_cc,1,3.885449230670929,4
d256h4L4,3016960,6144,llm_compression_cc,2,3.6694706281026206,4
d256h4L4,3016960,6144,llm_compression_cc,3,3.592870354652405,4
d256h4L4,3016960,6144,llm_compression_cc,4,3.5533130168914795,4
d256h4L4,3016960,6144,llm_compression_python,1,2.944017708301544,4
d256h4L4,3016960,6144,llm_compression_python,2,2.738755702972412,4
d256h4L4,3016960,6144,llm_compression_python,3,2.6658207178115845,4
d256h4L4,3016960,6144,llm_compression_python,4,2.627591133117676,4
d256h4L4,3016960,6144,metamath,1,3.2253836393356323,4
d256h4L4,3016960,6144,metamath,2,2.9714577198028564,4
d256h4L4,3016960,6144,metamath,3,2.8822063207626343,4
d256h4L4,3016960,6144,metamath,4,2.835589647293091,4
d256h4L4,3016960,6144,musicnet_pcm8,1,3.1615520119667053,4
d256h4L4,3016960,6144,musicnet_pcm8,2,2.9297585487365723,4
d256h4L4,3016960,6144,musicnet_pcm8,3,2.8473578095436096,4
d256h4L4,3016960,6144,musicnet_pcm8,4,2.805250644683838,4
d256h4L4,3016960,6144,musicnet_pcm8_11khz,1,4.094929337501526,4
d256h4L4,3016960,6144,musicnet_pcm8_11khz,2,3.8724449078241983,4
d256h4L4,3016960,6144,musicnet_pcm8_11khz,3,3.792605221271515,4
d256h4L4,3016960,6144,musicnet_pcm8_11khz,4,3.751025438308716,4
d256h4L4,3016960,6144,mutopia_melody_16th,1,2.5016804337501526,4
d256h4L4,3016960,6144,mutopia_melody_16th,2,2.3111609617869058,4
d256h4L4,3016960,6144,mutopia_melody_16th,3,2.2421895265579224,4
d256h4L4,3016960,6144,mutopia_melody_16th,4,2.2064425945281982,4
d256h4L4,3016960,6144,speech_commands_pcm8,1,2.759470582008362,4
d256h4L4,3016960,6144,speech_commands_pcm8,2,2.596708138783773,4
d256h4L4,3016960,6144,speech_commands_pcm8,3,2.5366477966308594,4
d256h4L4,3016960,6144,speech_commands_pcm8,4,2.505215644836426,4
d256h4L4,3016960,6144,speech_commands_pcm8_8khz,1,2.9690192341804504,4
d256h4L4,3016960,6144,speech_commands_pcm8_8khz,2,2.7800217469533286,4
d256h4L4,3016960,6144,speech_commands_pcm8_8khz,3,2.7069209814071655,4
d256h4L4,3016960,6144,speech_commands_pcm8_8khz,4,2.6673080921173096,4
d256h4L4,3016960,6400,aitdcc_a_protein,1,5.079825043678284,4
d256h4L4,3016960,6400,aitdcc_a_protein,2,4.853754997253418,4
d256h4L4,3016960,6400,aitdcc_a_protein,3,4.781146764755249,4
d256h4L4,3016960,6400,aitdcc_a_protein,4,4.746087074279785,4
d256h4L4,3016960,6400,aitdcc_b_c_source,1,3.3156086206436157,4
d256h4L4,3016960,6400,aitdcc_b_c_source,2,3.0631466706593833,4
d256h4L4,3016960,6400,aitdcc_b_c_source,3,2.974454164505005,4
d256h4L4,3016960,6400,aitdcc_b_c_source,4,2.928163528442383,4
d256h4L4,3016960,6400,aitdcc_d_glibc_rand,1,9.035266160964966,4
d256h4L4,3016960,6400,aitdcc_d_glibc_rand,2,8.584054311116537,4
d256h4L4,3016960,6400,aitdcc_d_glibc_rand,3,8.441329002380371,4
d256h4L4,3016960,6400,aitdcc_d_glibc_rand,4,8.367241859436035,4
d256h4L4,3016960,6400,aitdcc_e_atlas_float32,1,7.905451536178589,4
d256h4L4,3016960,6400,aitdcc_e_atlas_float32,2,7.473722696304321,4
d256h4L4,3016960,6400,aitdcc_e_atlas_float32,3,7.333434700965881,4
d256h4L4,3016960,6400,aitdcc_e_atlas_float32,4,7.261943817138672,4
d256h4L4,3016960,6400,aitdcc_g_astronomy,1,3.093800127506256,4
d256h4L4,3016960,6400,aitdcc_g_astronomy,2,2.9294381936391196,4
d256h4L4,3016960,6400,aitdcc_g_astronomy,3,2.8775970339775085,4
d256h4L4,3016960,6400,aitdcc_g_astronomy,4,2.852963447570801,4
d256h4L4,3016960,6400,arithmetic,1,0.8177307993173599,4
d256h4L4,3016960,6400,arithmetic,2,0.649960845708847,4
d256h4L4,3016960,6400,arithmetic,3,0.6146224737167358,4
d256h4L4,3016960,6400,arithmetic,4,0.6018151044845581,4
d256h4L4,3016960,6400,audio_16bit,1,8.413874626159668,4
d256h4L4,3016960,6400,audio_16bit,2,7.875164270401001,4
d256h4L4,3016960,6400,audio_16bit,3,7.687515616416931,4
d256h4L4,3016960,6400,audio_16bit,4,7.589517116546631,4
d256h4L4,3016960,6400,audio_8bit,1,6.521211266517639,4
d256h4L4,3016960,6400,audio_8bit,2,6.096168835957845,4
d256h4L4,3016960,6400,audio_8bit,3,5.946948885917664,4
d256h4L4,3016960,6400,audio_8bit,4,5.872086048126221,4
d256h4L4,3016960,6400,cifar10_rgb_hwc,1,8.157460331916809,4
d256h4L4,3016960,6400,cifar10_rgb_hwc,2,7.784864981969197,4
d256h4L4,3016960,6400,cifar10_rgb_hwc,3,7.64704155921936,4
d256h4L4,3016960,6400,cifar10_rgb_hwc,4,7.57371711730957,4
d256h4L4,3016960,6400,cifar10_rgb_planar,1,8.165709018707275,4
d256h4L4,3016960,6400,cifar10_rgb_planar,2,7.795602798461914,4
d256h4L4,3016960,6400,cifar10_rgb_planar,3,7.659125208854675,4
d256h4L4,3016960,6400,cifar10_rgb_planar,4,7.5865068435668945,4
d256h4L4,3016960,6400,dclm,1,4.144870758056641,4
d256h4L4,3016960,6400,dclm,2,3.914930502573649,4
d256h4L4,3016960,6400,dclm,3,3.833982825279236,4
d256h4L4,3016960,6400,dclm,4,3.791530132293701,4
d256h4L4,3016960,6400,dclm_ranked,1,7.177845358848572,4
d256h4L4,3016960,6400,dclm_ranked,2,6.713422616322835,4
d256h4L4,3016960,6400,dclm_ranked,3,6.5469173192977905,4
d256h4L4,3016960,6400,dclm_ranked,4,6.461485385894775,4
d256h4L4,3016960,6400,dna,1,4.30103862285614,4
d256h4L4,3016960,6400,dna,2,4.034502943356832,4
d256h4L4,3016960,6400,dna,3,3.941412091255188,4
d256h4L4,3016960,6400,dna,4,3.899843454360962,4
d256h4L4,3016960,6400,esc50_pcm8,1,2.663606822490692,4
d256h4L4,3016960,6400,esc50_pcm8,2,2.5046260754267373,4
d256h4L4,3016960,6400,esc50_pcm8,3,2.447164237499237,4
d256h4L4,3016960,6400,esc50_pcm8,4,2.417387008666992,4
d256h4L4,3016960,6400,esc50_pcm8_11khz,1,3.5606626868247986,4
d256h4L4,3016960,6400,esc50_pcm8_11khz,2,3.3848841985066733,4
d256h4L4,3016960,6400,esc50_pcm8_11khz,3,3.3205094933509827,4
d256h4L4,3016960,6400,esc50_pcm8_11khz,4,3.2864508628845215,4
d256h4L4,3016960,6400,kolmogorov_dna,1,3.5263267159461975,4
d256h4L4,3016960,6400,kolmogorov_dna,2,3.3116074403127036,4
d256h4L4,3016960,6400,kolmogorov_dna,3,3.246470868587494,4
d256h4L4,3016960,6400,kolmogorov_dna,4,3.2159547805786133,4
d256h4L4,3016960,6400,kolmogorov_text,1,3.9359195232391357,4
d256h4L4,3016960,6400,kolmogorov_text,2,3.6919944286346436,4
d256h4L4,3016960,6400,kolmogorov_text,3,3.6058437824249268,4
d256h4L4,3016960,6400,kolmogorov_text,4,3.5606563091278076,4
d256h4L4,3016960,6400,llm_compression_arxiv_math,1,3.4296488761901855,4
d256h4L4,3016960,6400,llm_compression_arxiv_math,2,3.1899631023406982,4
d256h4L4,3016960,6400,llm_compression_arxiv_math,3,3.1052650809288025,4
d256h4L4,3016960,6400,llm_compression_arxiv_math,4,3.060818910598755,4
d256h4L4,3016960,6400,llm_compression_cc,1,3.8479852080345154,4
d256h4L4,3016960,6400,llm_compression_cc,2,3.6290957927703857,4
d256h4L4,3016960,6400,llm_compression_cc,3,3.5523332953453064,4
d256h4L4,3016960,6400,llm_compression_cc,4,3.512280225753784,4
d256h4L4,3016960,6400,llm_compression_python,1,2.9266887307167053,4
d256h4L4,3016960,6400,llm_compression_python,2,2.717472036679586,4
d256h4L4,3016960,6400,llm_compression_python,3,2.6435725688934326,4
d256h4L4,3016960,6400,llm_compression_python,4,2.6047964096069336,4
d256h4L4,3016960,6400,metamath,1,3.186518371105194,4
d256h4L4,3016960,6400,metamath,2,2.937622626622518,4
d256h4L4,3016960,6400,metamath,3,2.8503270149230957,4
d256h4L4,3016960,6400,metamath,4,2.8050527572631836,4
d256h4L4,3016960,6400,musicnet_pcm8,1,3.1655455827713013,4
d256h4L4,3016960,6400,musicnet_pcm8,2,2.936567187309265,4
d256h4L4,3016960,6400,musicnet_pcm8,3,2.854785442352295,4
d256h4L4,3016960,6400,musicnet_pcm8,4,2.8130202293395996,4
d256h4L4,3016960,6400,musicnet_pcm8_11khz,1,4.087135910987854,4
d256h4L4,3016960,6400,musicnet_pcm8_11khz,2,3.875372886657715,4
d256h4L4,3016960,6400,musicnet_pcm8_11khz,3,3.7988805770874023,4
d256h4L4,3016960,6400,musicnet_pcm8_11khz,4,3.7586777210235596,4
d256h4L4,3016960,6400,mutopia_melody_16th,1,2.4839791655540466,4
d256h4L4,3016960,6400,mutopia_melody_16th,2,2.296393354733785,4
d256h4L4,3016960,6400,mutopia_melody_16th,3,2.2297184467315674,4
d256h4L4,3016960,6400,mutopia_melody_16th,4,2.195908546447754,4
d256h4L4,3016960,6400,speech_commands_pcm8,1,2.7475544214248657,4
d256h4L4,3016960,6400,speech_commands_pcm8,2,2.589819351832072,4
d256h4L4,3016960,6400,speech_commands_pcm8,3,2.5317927598953247,4
d256h4L4,3016960,6400,speech_commands_pcm8,4,2.5013680458068848,4
d256h4L4,3016960,6400,speech_commands_pcm8_8khz,1,2.939553141593933,4
d256h4L4,3016960,6400,speech_commands_pcm8_8khz,2,2.754133145014445,4
d256h4L4,3016960,6400,speech_commands_pcm8_8khz,3,2.684091091156006,4
d256h4L4,3016960,6400,speech_commands_pcm8_8khz,4,2.6464176177978516,4
d256h4L4,3016960,6656,aitdcc_a_protein,1,5.002564787864685,4
d256h4L4,3016960,6656,aitdcc_a_protein,2,4.829212029774983,4
d256h4L4,3016960,6656,aitdcc_a_protein,3,4.770713448524475,4
d256h4L4,3016960,6656,aitdcc_a_protein,4,4.740997791290283,4
d256h4L4,3016960,6656,aitdcc_b_c_source,1,3.26596599817276,4
d256h4L4,3016960,6656,aitdcc_b_c_source,2,3.0297744274139404,4
d256h4L4,3016960,6656,aitdcc_b_c_source,3,2.9488685727119446,4
d256h4L4,3016960,6656,aitdcc_b_c_source,4,2.9070608615875244,4
d256h4L4,3016960,6656,aitdcc_d_glibc_rand,1,8.953014612197876,4
d256h4L4,3016960,6656,aitdcc_d_glibc_rand,2,8.519224007924398,4
d256h4L4,3016960,6656,aitdcc_d_glibc_rand,3,8.393840074539185,4
d256h4L4,3016960,6656,aitdcc_d_glibc_rand,4,8.329789161682129,4
d256h4L4,3016960,6656,aitdcc_e_atlas_float32,1,7.913570284843445,4
d256h4L4,3016960,6656,aitdcc_e_atlas_float32,2,7.4535932540893555,4
d256h4L4,3016960,6656,aitdcc_e_atlas_float32,3,7.314617156982422,4
d256h4L4,3016960,6656,aitdcc_e_atlas_float32,4,7.244006156921387,4
d256h4L4,3016960,6656,aitdcc_g_astronomy,1,3.0473769307136536,4
d256h4L4,3016960,6656,aitdcc_g_astronomy,2,2.908573269844055,4
d256h4L4,3016960,6656,aitdcc_g_astronomy,3,2.860512435436249,4
d256h4L4,3016960,6656,aitdcc_g_astronomy,4,2.8358519077301025,4
d256h4L4,3016960,6656,arithmetic,1,0.9005929380655289,4
d256h4L4,3016960,6656,arithmetic,2,0.7062427302201589,4
d256h4L4,3016960,6656,arithmetic,3,0.6688016653060913,4
d256h4L4,3016960,6656,arithmetic,4,0.6546974778175354,4
d256h4L4,3016960,6656,audio_16bit,1,8.435173869132996,4
d256h4L4,3016960,6656,audio_16bit,2,7.931521972020467,4
d256h4L4,3016960,6656,audio_16bit,3,7.754988670349121,4
d256h4L4,3016960,6656,audio_16bit,4,7.665511608123779,4
d256h4L4,3016960,6656,audio_8bit,1,6.480504155158997,4
d256h4L4,3016960,6656,audio_8bit,2,6.102931181589763,4
d256h4L4,3016960,6656,audio_8bit,3,5.971418619155884,4
d256h4L4,3016960,6656,audio_8bit,4,5.906627178192139,4
d256h4L4,3016960,6656,cifar10_rgb_hwc,1,8.06745982170105,4
d256h4L4,3016960,6656,cifar10_rgb_hwc,2,7.7373770872751875,4
d256h4L4,3016960,6656,cifar10_rgb_hwc,3,7.62001895904541,4
d256h4L4,3016960,6656,cifar10_rgb_hwc,4,7.558248043060303,4
d256h4L4,3016960,6656,cifar10_rgb_planar,1,8.07773208618164,4
d256h4L4,3016960,6656,cifar10_rgb_planar,2,7.750431060791016,4
d256h4L4,3016960,6656,cifar10_rgb_planar,3,7.63486921787262,4
d256h4L4,3016960,6656,cifar10_rgb_planar,4,7.574092388153076,4
d256h4L4,3016960,6656,dclm,1,4.096982479095459,4
d256h4L4,3016960,6656,dclm,2,3.884868780771891,4
d256h4L4,3016960,6656,dclm,3,3.813293218612671,4
d256h4L4,3016960,6656,dclm,4,3.7768514156341553,4
d256h4L4,3016960,6656,dclm_ranked,1,7.119583487510681,4
d256h4L4,3016960,6656,dclm_ranked,2,6.731413046518962,4
d256h4L4,3016960,6656,dclm_ranked,3,6.584295272827148,4
d256h4L4,3016960,6656,dclm_ranked,4,6.508538722991943,4
d256h4L4,3016960,6656,dna,1,4.263201177120209,4
d256h4L4,3016960,6656,dna,2,4.032410979270935,4
d256h4L4,3016960,6656,dna,3,3.955366849899292,4
d256h4L4,3016960,6656,dna,4,3.9194960594177246,4
d256h4L4,3016960,6656,esc50_pcm8,1,2.63936048746109,4
d256h4L4,3016960,6656,esc50_pcm8,2,2.4963669379552207,4
d256h4L4,3016960,6656,esc50_pcm8,3,2.446758210659027,4
d256h4L4,3016960,6656,esc50_pcm8,4,2.421462297439575,4
d256h4L4,3016960,6656,esc50_pcm8_11khz,1,3.51935213804245,4
d256h4L4,3016960,6656,esc50_pcm8_11khz,2,3.3618052005767822,4
d256h4L4,3016960,6656,esc50_pcm8_11khz,3,3.3074238896369934,4
d256h4L4,3016960,6656,esc50_pcm8_11khz,4,3.2793211936950684,4
d256h4L4,3016960,6656,kolmogorov_dna,1,3.5060012340545654,4
d256h4L4,3016960,6656,kolmogorov_dna,2,3.3110504150390625,4
d256h4L4,3016960,6656,kolmogorov_dna,3,3.250732123851776,4
d256h4L4,3016960,6656,kolmogorov_dna,4,3.222191333770752,4
d256h4L4,3016960,6656,kolmogorov_text,1,3.888943612575531,4
d256h4L4,3016960,6656,kolmogorov_text,2,3.660809954007467,4
d256h4L4,3016960,6656,kolmogorov_text,3,3.583113968372345,4
d256h4L4,3016960,6656,kolmogorov_text,4,3.5432558059692383,4
d256h4L4,3016960,6656,llm_compression_arxiv_math,1,3.380219578742981,4
d256h4L4,3016960,6656,llm_compression_arxiv_math,2,3.1597325801849365,4
d256h4L4,3016960,6656,llm_compression_arxiv_math,3,3.083826184272766,4
d256h4L4,3016960,6656,llm_compression_arxiv_math,4,3.0447089672088623,4
d256h4L4,3016960,6656,llm_compression_cc,1,3.8080402612686157,4
d256h4L4,3016960,6656,llm_compression_cc,2,3.6051552295684814,4
d256h4L4,3016960,6656,llm_compression_cc,3,3.537349760532379,4
d256h4L4,3016960,6656,llm_compression_cc,4,3.5029900074005127,4
d256h4L4,3016960,6656,llm_compression_python,1,2.8800005316734314,4
d256h4L4,3016960,6656,llm_compression_python,2,2.6861797173817954,4
d256h4L4,3016960,6656,llm_compression_python,3,2.6195754408836365,4
d256h4L4,3016960,6656,llm_compression_python,4,2.5852513313293457,4
d256h4L4,3016960,6656,metamath,1,3.1410900950431824,4
d256h4L4,3016960,6656,metamath,2,2.912586530049642,4
d256h4L4,3016960,6656,metamath,3,2.8333938121795654,4
d256h4L4,3016960,6656,metamath,4,2.792163372039795,4
d256h4L4,3016960,6656,musicnet_pcm8,1,3.1421773433685303,4
d256h4L4,3016960,6656,musicnet_pcm8,2,2.935653328895569,4
d256h4L4,3016960,6656,musicnet_pcm8,3,2.864386200904846,4
d256h4L4,3016960,6656,musicnet_pcm8,4,2.8284173011779785,4
d256h4L4,3016960,6656,musicnet_pcm8_11khz,1,4.0462406277656555,4
d256h4L4,3016960,6656,musicnet_pcm8_11khz,2,3.8550745248794556,4
d256h4L4,3016960,6656,musicnet_pcm8_11khz,3,3.7904016375541687,4
d256h4L4,3016960,6656,musicnet_pcm8_11khz,4,3.757160186767578,4
d256h4L4,3016960,6656,mutopia_melody_16th,1,2.4874573945999146,4
d256h4L4,3016960,6656,mutopia_melody_16th,2,2.2983584801355996,4
d256h4L4,3016960,6656,mutopia_melody_16th,3,2.230556011199951,4
d256h4L4,3016960,6656,mutopia_melody_16th,4,2.1955957412719727,4
d256h4L4,3016960,6656,speech_commands_pcm8,1,2.7214288115501404,4
d256h4L4,3016960,6656,speech_commands_pcm8,2,2.578433354695638,4
d256h4L4,3016960,6656,speech_commands_pcm8,3,2.52753484249115,4
d256h4L4,3016960,6656,speech_commands_pcm8,4,2.501143455505371,4
d256h4L4,3016960,6656,speech_commands_pcm8_8khz,1,2.895525813102722,4
d256h4L4,3016960,6656,speech_commands_pcm8_8khz,2,2.727523843447367,4
d256h4L4,3016960,6656,speech_commands_pcm8_8khz,3,2.664842188358307,4
d256h4L4,3016960,6656,speech_commands_pcm8_8khz,4,2.6312811374664307,4
d256h4L4,3016960,6912,aitdcc_a_protein,1,4.995700359344482,4
d256h4L4,3016960,6912,aitdcc_a_protein,2,4.824021100997925,4
d256h4L4,3016960,6912,aitdcc_a_protein,3,4.77027428150177,4
d256h4L4,3016960,6912,aitdcc_a_protein,4,4.743165016174316,4
d256h4L4,3016960,6912,aitdcc_b_c_source,1,3.281425416469574,4
d256h4L4,3016960,6912,aitdcc_b_c_source,2,3.0737111568450928,4
d256h4L4,3016960,6912,aitdcc_b_c_source,3,3.0005719661712646,4
d256h4L4,3016960,6912,aitdcc_b_c_source,4,2.9625844955444336,4
d256h4L4,3016960,6912,aitdcc_d_glibc_rand,1,8.925428628921509,4
d256h4L4,3016960,6912,aitdcc_d_glibc_rand,2,8.474246342976889,4
d256h4L4,3016960,6912,aitdcc_d_glibc_rand,3,8.352298498153687,4
d256h4L4,3016960,6912,aitdcc_d_glibc_rand,4,8.290111541748047,4
d256h4L4,3016960,6912,aitdcc_e_atlas_float32,1,7.8238765001297,4
d256h4L4,3016960,6912,aitdcc_e_atlas_float32,2,7.421980539957683,4
d256h4L4,3016960,6912,aitdcc_e_atlas_float32,3,7.300266265869141,4
d256h4L4,3016960,6912,aitdcc_e_atlas_float32,4,7.237852573394775,4
d256h4L4,3016960,6912,aitdcc_g_astronomy,1,3.0414615273475647,4
d256h4L4,3016960,6912,aitdcc_g_astronomy,2,2.893861492474874,4
d256h4L4,3016960,6912,aitdcc_g_astronomy,3,2.8441668152809143,4
d256h4L4,3016960,6912,aitdcc_g_astronomy,4,2.8191394805908203,4
d256h4L4,3016960,6912,arithmetic,1,1.1279523372650146,4
d256h4L4,3016960,6912,arithmetic,2,0.827601820230484,4
d256h4L4,3016960,6912,arithmetic,3,0.7730472534894943,4
d256h4L4,3016960,6912,arithmetic,4,0.7526648044586182,4
d256h4L4,3016960,6912,audio_16bit,1,8.495690941810608,4
d256h4L4,3016960,6912,audio_16bit,2,7.933469533920288,4
d256h4L4,3016960,6912,audio_16bit,3,7.72838819026947,4
d256h4L4,3016960,6912,audio_16bit,4,7.625840187072754,4
d256h4L4,3016960,6912,audio_8bit,1,6.419549584388733,4
d256h4L4,3016960,6912,audio_8bit,2,6.049040238062541,4
d256h4L4,3016960,6912,audio_8bit,3,5.923760414123535,4
d256h4L4,3016960,6912,audio_8bit,4,5.861949443817139,4
d256h4L4,3016960,6912,cifar10_rgb_hwc,1,7.986637353897095,4
d256h4L4,3016960,6912,cifar10_rgb_hwc,2,7.693921645482381,4
d256h4L4,3016960,6912,cifar10_rgb_hwc,3,7.589989185333252,4
d256h4L4,3016960,6912,cifar10_rgb_hwc,4,7.535589694976807,4
d256h4L4,3016960,6912,cifar10_rgb_planar,1,8.006375670433044,4
d256h4L4,3016960,6912,cifar10_rgb_planar,2,7.715738852818807,4
d256h4L4,3016960,6912,cifar10_rgb_planar,3,7.613069176673889,4
d256h4L4,3016960,6912,cifar10_rgb_planar,4,7.559357643127441,4
d256h4L4,3016960,6912,dclm,1,4.115881562232971,4
d256h4L4,3016960,6912,dclm,2,3.922457496325175,4
d256h4L4,3016960,6912,dclm,3,3.8540163040161133,4
d256h4L4,3016960,6912,dclm,4,3.8186490535736084,4
d256h4L4,3016960,6912,dclm_ranked,1,7.218260407447815,4
d256h4L4,3016960,6912,dclm_ranked,2,6.830906709035237,4
d256h4L4,3016960,6912,dclm_ranked,3,6.686429858207703,4
d256h4L4,3016960,6912,dclm_ranked,4,6.61561393737793,4
d256h4L4,3016960,6912,dna,1,4.31323516368866,4
d256h4L4,3016960,6912,dna,2,4.089237014452617,4
d256h4L4,3016960,6912,dna,3,4.010066747665405,4
d256h4L4,3016960,6912,dna,4,3.9719748497009277,4
d256h4L4,3016960,6912,esc50_pcm8,1,2.642593801021576,4
d256h4L4,3016960,6912,esc50_pcm8,2,2.5129730701446533,4
d256h4L4,3016960,6912,esc50_pcm8,3,2.4670830965042114,4
d256h4L4,3016960,6912,esc50_pcm8,4,2.4435746669769287,4
d256h4L4,3016960,6912,esc50_pcm8_11khz,1,3.5052292943000793,4
d256h4L4,3016960,6912,esc50_pcm8_11khz,2,3.363089124361674,4
d256h4L4,3016960,6912,esc50_pcm8_11khz,3,3.31278920173645,4
d256h4L4,3016960,6912,esc50_pcm8_11khz,4,3.2866950035095215,4
d256h4L4,3016960,6912,kolmogorov_dna,1,3.5312827229499817,4
d256h4L4,3016960,6912,kolmogorov_dna,2,3.3507620096206665,4
d256h4L4,3016960,6912,kolmogorov_dna,3,3.291059732437134,4
d256h4L4,3016960,6912,kolmogorov_dna,4,3.2621521949768066,4
d256h4L4,3016960,6912,kolmogorov_text,1,3.901342809200287,4
d256h4L4,3016960,6912,kolmogorov_text,2,3.6937917868296304,4
d256h4L4,3016960,6912,kolmogorov_text,3,3.621044933795929,4
d256h4L4,3016960,6912,kolmogorov_text,4,3.5833115577697754,4
d256h4L4,3016960,6912,llm_compression_arxiv_math,1,3.4087570905685425,4
d256h4L4,3016960,6912,llm_compression_arxiv_math,2,3.20584499835968,4
d256h4L4,3016960,6912,llm_compression_arxiv_math,3,3.1350661516189575,4
d256h4L4,3016960,6912,llm_compression_arxiv_math,4,3.0985069274902344,4
d256h4L4,3016960,6912,llm_compression_cc,1,3.8287233114242554,4
d256h4L4,3016960,6912,llm_compression_cc,2,3.6425131956736245,4
d256h4L4,3016960,6912,llm_compression_cc,3,3.5770343542099,4
d256h4L4,3016960,6912,llm_compression_cc,4,3.543269395828247,4
d256h4L4,3016960,6912,llm_compression_python,1,2.8915985822677612,4
d256h4L4,3016960,6912,llm_compression_python,2,2.7139610846837363,4
d256h4L4,3016960,6912,llm_compression_python,3,2.651914954185486,4
d256h4L4,3016960,6912,llm_compression_python,4,2.619810104370117,4
d256h4L4,3016960,6912,metamath,1,3.1535221934318542,4
d256h4L4,3016960,6912,metamath,2,2.9375502665837607,4
d256h4L4,3016960,6912,metamath,3,2.8615798950195312,4
d256h4L4,3016960,6912,metamath,4,2.821979284286499,4
d256h4L4,3016960,6912,musicnet_pcm8,1,3.168095648288727,4
d256h4L4,3016960,6912,musicnet_pcm8,2,2.982622583707174,4
d256h4L4,3016960,6912,musicnet_pcm8,3,2.9167712926864624,4
d256h4L4,3016960,6912,musicnet_pcm8,4,2.883175849914551,4
d256h4L4,3016960,6912,musicnet_pcm8_11khz,1,4.031739354133606,4
d256h4L4,3016960,6912,musicnet_pcm8_11khz,2,3.865988612174988,4
d256h4L4,3016960,6912,musicnet_pcm8_11khz,3,3.807503879070282,4
d256h4L4,3016960,6912,musicnet_pcm8_11khz,4,3.777172803878784,4
d256h4L4,3016960,6912,mutopia_melody_16th,1,2.4822041988372803,4
d256h4L4,3016960,6912,mutopia_melody_16th,2,2.29149329662323,4
d256h4L4,3016960,6912,mutopia_melody_16th,3,2.223857045173645,4
d256h4L4,3016960,6912,mutopia_melody_16th,4,2.188706636428833,4
d256h4L4,3016960,6912,speech_commands_pcm8,1,2.721872091293335,4
d256h4L4,3016960,6912,speech_commands_pcm8,2,2.586636543273926,4
d256h4L4,3016960,6912,speech_commands_pcm8,3,2.53783518075943,4
d256h4L4,3016960,6912,speech_commands_pcm8,4,2.51235294342041,4
d256h4L4,3016960,6912,speech_commands_pcm8_8khz,1,2.884706676006317,4
d256h4L4,3016960,6912,speech_commands_pcm8_8khz,2,2.716309110323588,4
d256h4L4,3016960,6912,speech_commands_pcm8_8khz,3,2.655133306980133,4
d256h4L4,3016960,6912,speech_commands_pcm8_8khz,4,2.622910737991333,4
d256h4L4,3016960,7168,aitdcc_a_protein,1,4.954806327819824,4
d256h4L4,3016960,7168,aitdcc_a_protein,2,4.7995874881744385,4
d256h4L4,3016960,7168,aitdcc_a_protein,3,4.7481735944747925,4
d256h4L4,3016960,7168,aitdcc_a_protein,4,4.722092151641846,4
d256h4L4,3016960,7168,aitdcc_b_c_source,1,3.2525891065597534,4
d256h4L4,3016960,7168,aitdcc_b_c_source,2,3.0274926821390786,4
d256h4L4,3016960,7168,aitdcc_b_c_source,3,2.948061227798462,4
d256h4L4,3016960,7168,aitdcc_b_c_source,4,2.906463146209717,4
d256h4L4,3016960,7168,aitdcc_d_glibc_rand,1,9.003838539123535,4
d256h4L4,3016960,7168,aitdcc_d_glibc_rand,2,8.552894592285156,4
d256h4L4,3016960,7168,aitdcc_d_glibc_rand,3,8.417819499969482,4
d256h4L4,3016960,7168,aitdcc_d_glibc_rand,4,8.34915828704834,4
d256h4L4,3016960,7168,aitdcc_e_atlas_float32,1,7.909589529037476,4
d256h4L4,3016960,7168,aitdcc_e_atlas_float32,2,7.460922320683797,4
d256h4L4,3016960,7168,aitdcc_e_atlas_float32,3,7.323301196098328,4
d256h4L4,3016960,7168,aitdcc_e_atlas_float32,4,7.253880977630615,4
d256h4L4,3016960,7168,aitdcc_g_astronomy,1,3.064525604248047,4
d256h4L4,3016960,7168,aitdcc_g_astronomy,2,2.9324965874354043,4
d256h4L4,3016960,7168,aitdcc_g_astronomy,3,2.884676456451416,4
d256h4L4,3016960,7168,aitdcc_g_astronomy,4,2.859745979309082,4
d256h4L4,3016960,7168,arithmetic,1,1.125169724225998,4
d256h4L4,3016960,7168,arithmetic,2,0.8148495455582937,4
d256h4L4,3016960,7168,arithmetic,3,0.7576973885297775,4
d256h4L4,3016960,7168,arithmetic,4,0.7375154495239258,4
d256h4L4,3016960,7168,audio_16bit,1,8.382426023483276,4
d256h4L4,3016960,7168,audio_16bit,2,7.884327570597331,4
d256h4L4,3016960,7168,audio_16bit,3,7.706543564796448,4
d256h4L4,3016960,7168,audio_16bit,4,7.614278793334961,4
d256h4L4,3016960,7168,audio_8bit,1,6.4404648542404175,4
d256h4L4,3016960,7168,audio_8bit,2,6.05320143699646,4
d256h4L4,3016960,7168,audio_8bit,3,5.919028639793396,4
d256h4L4,3016960,7168,audio_8bit,4,5.85282564163208,4
d256h4L4,3016960,7168,cifar10_rgb_hwc,1,8.108325004577637,4
d256h4L4,3016960,7168,cifar10_rgb_hwc,2,7.764163017272949,4
d256h4L4,3016960,7168,cifar10_rgb_hwc,3,7.640331983566284,4
d256h4L4,3016960,7168,cifar10_rgb_hwc,4,7.574692249298096,4
d256h4L4,3016960,7168,cifar10_rgb_planar,1,8.115145683288574,4
d256h4L4,3016960,7168,cifar10_rgb_planar,2,7.774631500244141,4
d256h4L4,3016960,7168,cifar10_rgb_planar,3,7.652000665664673,4
d256h4L4,3016960,7168,cifar10_rgb_planar,4,7.586743354797363,4
d256h4L4,3016960,7168,dclm,1,4.072054624557495,4
d256h4L4,3016960,7168,dclm,2,3.8737289110819497,4
d256h4L4,3016960,7168,dclm,3,3.802428126335144,4
d256h4L4,3016960,7168,dclm,4,3.7651875019073486,4
d256h4L4,3016960,7168,dclm_ranked,1,7.356470465660095,4
d256h4L4,3016960,7168,dclm_ranked,2,6.898952484130859,4
d256h4L4,3016960,7168,dclm_ranked,3,6.735727787017822,4
d256h4L4,3016960,7168,dclm_ranked,4,6.65269136428833,4
d256h4L4,3016960,7168,dna,1,4.300255596637726,4
d256h4L4,3016960,7168,dna,2,4.073256293932597,4
d256h4L4,3016960,7168,dna,3,3.9936856031417847,4
d256h4L4,3016960,7168,dna,4,3.955580234527588,4
d256h4L4,3016960,7168,esc50_pcm8,1,2.6400707960128784,4
d256h4L4,3016960,7168,esc50_pcm8,2,2.4936009645462036,4
d256h4L4,3016960,7168,esc50_pcm8,3,2.4424691796302795,4
d256h4L4,3016960,7168,esc50_pcm8,4,2.4162065982818604,4
d256h4L4,3016960,7168,esc50_pcm8_11khz,1,3.509606122970581,4
d256h4L4,3016960,7168,esc50_pcm8_11khz,2,3.347248355547587,4
d256h4L4,3016960,7168,esc50_pcm8_11khz,3,3.291220963001251,4
d256h4L4,3016960,7168,esc50_pcm8_11khz,4,3.262197971343994,4
d256h4L4,3016960,7168,kolmogorov_dna,1,3.5631319284439087,4
d256h4L4,3016960,7168,kolmogorov_dna,2,3.3441286087036133,4
d256h4L4,3016960,7168,kolmogorov_dna,3,3.272799253463745,4
d256h4L4,3016960,7168,kolmogorov_dna,4,3.2386868000030518,4
d256h4L4,3016960,7168,kolmogorov_text,1,3.8645270466804504,4
d256h4L4,3016960,7168,kolmogorov_text,2,3.6463756163915,4
d256h4L4,3016960,7168,kolmogorov_text,3,3.56805819272995,4
d256h4L4,3016960,7168,kolmogorov_text,4,3.526947498321533,4
d256h4L4,3016960,7168,llm_compression_arxiv_math,1,3.3720792531967163,4
d256h4L4,3016960,7168,llm_compression_arxiv_math,2,3.153862555821737,4
d256h4L4,3016960,7168,llm_compression_arxiv_math,3,3.0764516592025757,4
d256h4L4,3016960,7168,llm_compression_arxiv_math,4,3.035841464996338,4
d256h4L4,3016960,7168,llm_compression_cc,1,3.7816103100776672,4
d256h4L4,3016960,7168,llm_compression_cc,2,3.5903226931889853,4
d256h4L4,3016960,7168,llm_compression_cc,3,3.52204430103302,4
d256h4L4,3016960,7168,llm_compression_cc,4,3.486584424972534,4
d256h4L4,3016960,7168,llm_compression_python,1,2.8568384051322937,4
d256h4L4,3016960,7168,llm_compression_python,2,2.671044111251831,4
d256h4L4,3016960,7168,llm_compression_python,3,2.6053444147109985,4
d256h4L4,3016960,7168,llm_compression_python,4,2.5711541175842285,4
d256h4L4,3016960,7168,metamath,1,3.1301777958869934,4
d256h4L4,3016960,7168,metamath,2,2.8935482501983643,4
d256h4L4,3016960,7168,metamath,3,2.8097007274627686,4
d256h4L4,3016960,7168,metamath,4,2.7657816410064697,4
d256h4L4,3016960,7168,musicnet_pcm8,1,3.1438589692115784,4
d256h4L4,3016960,7168,musicnet_pcm8,2,2.937534729639689,4
d256h4L4,3016960,7168,musicnet_pcm8,3,2.8648754954338074,4
d256h4L4,3016960,7168,musicnet_pcm8,4,2.8276915550231934,4
d256h4L4,3016960,7168,musicnet_pcm8_11khz,1,4.021542131900787,4
d256h4L4,3016960,7168,musicnet_pcm8_11khz,2,3.8305413722991943,4
d256h4L4,3016960,7168,musicnet_pcm8_11khz,3,3.7653937339782715,4
d256h4L4,3016960,7168,musicnet_pcm8_11khz,4,3.731621503829956,4
d256h4L4,3016960,7168,mutopia_melody_16th,1,2.4678118228912354,4
d256h4L4,3016960,7168,mutopia_melody_16th,2,2.2898873488108316,4
d256h4L4,3016960,7168,mutopia_melody_16th,3,2.226329207420349,4
d256h4L4,3016960,7168,mutopia_melody_16th,4,2.193930149078369,4
d256h4L4,3016960,7168,speech_commands_pcm8,1,2.7329756021499634,4
d256h4L4,3016960,7168,speech_commands_pcm8,2,2.5801671743392944,4
d256h4L4,3016960,7168,speech_commands_pcm8,3,2.526270568370819,4
d256h4L4,3016960,7168,speech_commands_pcm8,4,2.498399019241333,4
d256h4L4,3016960,7168,speech_commands_pcm8_8khz,1,2.9302685856819153,4
d256h4L4,3016960,7168,speech_commands_pcm8_8khz,2,2.7441241343816123,4
d256h4L4,3016960,7168,speech_commands_pcm8_8khz,3,2.676751673221588,4
d256h4L4,3016960,7168,speech_commands_pcm8_8khz,4,2.6413753032684326,4
d256h4L4,3016960,7424,aitdcc_a_protein,1,4.956676721572876,4
d256h4L4,3016960,7424,aitdcc_a_protein,2,4.807993173599243,4
d256h4L4,3016960,7424,aitdcc_a_protein,3,4.7574944496154785,4
d256h4L4,3016960,7424,aitdcc_a_protein,4,4.731923580169678,4
d256h4L4,3016960,7424,aitdcc_b_c_source,1,3.2485445141792297,4
d256h4L4,3016960,7424,aitdcc_b_c_source,2,3.0355480511983237,4
d256h4L4,3016960,7424,aitdcc_b_c_source,3,2.9608289003372192,4
d256h4L4,3016960,7424,aitdcc_b_c_source,4,2.922034502029419,4
d256h4L4,3016960,7424,aitdcc_d_glibc_rand,1,8.862346172332764,4
d256h4L4,3016960,7424,aitdcc_d_glibc_rand,2,8.48225196202596,4
d256h4L4,3016960,7424,aitdcc_d_glibc_rand,3,8.359493732452393,4
d256h4L4,3016960,7424,aitdcc_d_glibc_rand,4,8.296082496643066,4
d256h4L4,3016960,7424,aitdcc_e_atlas_float32,1,7.891613006591797,4
d256h4L4,3016960,7424,aitdcc_e_atlas_float32,2,7.488071044286092,4
d256h4L4,3016960,7424,aitdcc_e_atlas_float32,3,7.35641610622406,4
d256h4L4,3016960,7424,aitdcc_e_atlas_float32,4,7.2880048751831055,4
d256h4L4,3016960,7424,aitdcc_g_astronomy,1,2.977284848690033,4
d256h4L4,3016960,7424,aitdcc_g_astronomy,2,2.857488512992859,4
d256h4L4,3016960,7424,aitdcc_g_astronomy,3,2.8196581602096558,4
d256h4L4,3016960,7424,aitdcc_g_astronomy,4,2.801279306411743,4
d256h4L4,3016960,7424,arithmetic,1,1.2721063643693924,4
d256h4L4,3016960,7424,arithmetic,2,0.8623212079207102,4
d256h4L4,3016960,7424,arithmetic,3,0.7986455410718918,4
d256h4L4,3016960,7424,arithmetic,4,0.7770267128944397,4
d256h4L4,3016960,7424,audio_16bit,1,8.368936538696289,4
d256h4L4,3016960,7424,audio_16bit,2,7.899590492248535,4
d256h4L4,3016960,7424,audio_16bit,3,7.734918594360352,4
d256h4L4,3016960,7424,audio_16bit,4,7.650666236877441,4
d256h4L4,3016960,7424,audio_8bit,1,6.415772199630737,4
d256h4L4,3016960,7424,audio_8bit,2,6.002296368281047,4
d256h4L4,3016960,7424,audio_8bit,3,5.862770438194275,4
d256h4L4,3016960,7424,audio_8bit,4,5.794383525848389,4
d256h4L4,3016960,7424,cifar10_rgb_hwc,1,8.01527738571167,4
d256h4L4,3016960,7424,cifar10_rgb_hwc,2,7.706553936004639,4
d256h4L4,3016960,7424,cifar10_rgb_hwc,3,7.596322417259216,4
d256h4L4,3016960,7424,cifar10_rgb_hwc,4,7.539031505584717,4
d256h4L4,3016960,7424,cifar10_rgb_planar,1,8.027278304100037,4
d256h4L4,3016960,7424,cifar10_rgb_planar,2,7.720777591069539,4
d256h4L4,3016960,7424,cifar10_rgb_planar,3,7.611050486564636,4
d256h4L4,3016960,7424,cifar10_rgb_planar,4,7.553961753845215,4
d256h4L4,3016960,7424,dclm,1,4.079666376113892,4
d256h4L4,3016960,7424,dclm,2,3.8874008655548096,4
d256h4L4,3016960,7424,dclm,3,3.8207570910453796,4
d256h4L4,3016960,7424,dclm,4,3.787243127822876,4
d256h4L4,3016960,7424,dclm_ranked,1,7.247131705284119,4
d256h4L4,3016960,7424,dclm_ranked,2,6.819814999898274,4
d256h4L4,3016960,7424,dclm_ranked,3,6.678372621536255,4
d256h4L4,3016960,7424,dclm_ranked,4,6.60581636428833,4
d256h4L4,3016960,7424,dna,1,4.281275987625122,4
d256h4L4,3016960,7424,dna,2,4.033854444821675,4
d256h4L4,3016960,7424,dna,3,3.9516102075576782,4
d256h4L4,3016960,7424,dna,4,3.912393808364868,4
d256h4L4,3016960,7424,esc50_pcm8,1,2.6202653646469116,4
d256h4L4,3016960,7424,esc50_pcm8,2,2.4860833088556924,4
d256h4L4,3016960,7424,esc50_pcm8,3,2.439197599887848,4
d256h4L4,3016960,7424,esc50_pcm8,4,2.415318012237549,4
d256h4L4,3016960,7424,esc50_pcm8_11khz,1,3.478764295578003,4
d256h4L4,3016960,7424,esc50_pcm8_11khz,2,3.3331923882166543,4
d256h4L4,3016960,7424,esc50_pcm8_11khz,3,3.2825900316238403,4
d256h4L4,3016960,7424,esc50_pcm8_11khz,4,3.256652355194092,4
d256h4L4,3016960,7424,kolmogorov_dna,1,3.5364603996276855,4
d256h4L4,3016960,7424,kolmogorov_dna,2,3.322090268135071,4
d256h4L4,3016960,7424,kolmogorov_dna,3,3.2557002902030945,4
d256h4L4,3016960,7424,kolmogorov_dna,4,3.2235636711120605,4
d256h4L4,3016960,7424,kolmogorov_text,1,3.8605844974517822,4
d256h4L4,3016960,7424,kolmogorov_text,2,3.6591195662816367,4
d256h4L4,3016960,7424,kolmogorov_text,3,3.5882381200790405,4
d256h4L4,3016960,7424,kolmogorov_text,4,3.5518906116485596,4
d256h4L4,3016960,7424,llm_compression_arxiv_math,1,3.3654900193214417,4
d256h4L4,3016960,7424,llm_compression_arxiv_math,2,3.161021113395691,4
d256h4L4,3016960,7424,llm_compression_arxiv_math,3,3.0891301035881042,4
d256h4L4,3016960,7424,llm_compression_arxiv_math,4,3.051827907562256,4
d256h4L4,3016960,7424,llm_compression_cc,1,3.793036460876465,4
d256h4L4,3016960,7424,llm_compression_cc,2,3.609496275583903,4
d256h4L4,3016960,7424,llm_compression_cc,3,3.5463765263557434,4
d256h4L4,3016960,7424,llm_compression_cc,4,3.5146522521972656,4
d256h4L4,3016960,7424,llm_compression_python,1,2.867314636707306,4
d256h4L4,3016960,7424,llm_compression_python,2,2.69059427579244,4
d256h4L4,3016960,7424,llm_compression_python,3,2.628975749015808,4
d256h4L4,3016960,7424,llm_compression_python,4,2.597365379333496,4
d256h4L4,3016960,7424,metamath,1,3.1153501868247986,4
d256h4L4,3016960,7424,metamath,2,2.900283098220825,4
d256h4L4,3016960,7424,metamath,3,2.8243751525878906,4
d256h4L4,3016960,7424,metamath,4,2.7850546836853027,4
d256h4L4,3016960,7424,musicnet_pcm8,1,3.1241855025291443,4
d256h4L4,3016960,7424,musicnet_pcm8,2,2.9341380993525186,4
d256h4L4,3016960,7424,musicnet_pcm8,3,2.8679110407829285,4
d256h4L4,3016960,7424,musicnet_pcm8,4,2.8344874382019043,4
d256h4L4,3016960,7424,musicnet_pcm8_11khz,1,3.9951853156089783,4
d256h4L4,3016960,7424,musicnet_pcm8_11khz,2,3.822052796681722,4
d256h4L4,3016960,7424,musicnet_pcm8_11khz,3,3.763122797012329,4
d256h4L4,3016960,7424,musicnet_pcm8_11khz,4,3.732923746109009,4
d256h4L4,3016960,7424,mutopia_melody_16th,1,2.4381542801856995,4
d256h4L4,3016960,7424,mutopia_melody_16th,2,2.276553471883138,4
d256h4L4,3016960,7424,mutopia_melody_16th,3,2.219506859779358,4
d256h4L4,3016960,7424,mutopia_melody_16th,4,2.190511465072632,4
d256h4L4,3016960,7424,speech_commands_pcm8,1,2.6923261880874634,4
d256h4L4,3016960,7424,speech_commands_pcm8,2,2.554765264193217,4
d256h4L4,3016960,7424,speech_commands_pcm8,3,2.506132423877716,4
d256h4L4,3016960,7424,speech_commands_pcm8,4,2.481156826019287,4
d256h4L4,3016960,7424,speech_commands_pcm8_8khz,1,2.841623365879059,4
d256h4L4,3016960,7424,speech_commands_pcm8_8khz,2,2.6790951093037925,4
d256h4L4,3016960,7424,speech_commands_pcm8_8khz,3,2.619414448738098,4
d256h4L4,3016960,7424,speech_commands_pcm8_8khz,4,2.5879929065704346,4
d256h4L4,3016960,7680,aitdcc_a_protein,1,4.91384220123291,4
d256h4L4,3016960,7680,aitdcc_a_protein,2,4.760209163029988,4
d256h4L4,3016960,7680,aitdcc_a_protein,3,4.708274602890015,4
d256h4L4,3016960,7680,aitdcc_a_protein,4,4.682110786437988,4
d256h4L4,3016960,7680,aitdcc_b_c_source,1,3.1928091645240784,4
d256h4L4,3016960,7680,aitdcc_b_c_source,2,2.983835140864054,4
d256h4L4,3016960,7680,aitdcc_b_c_source,3,2.9099634289741516,4
d256h4L4,3016960,7680,aitdcc_b_c_source,4,2.871375322341919,4
d256h4L4,3016960,7680,aitdcc_d_glibc_rand,1,8.87498688697815,4
d256h4L4,3016960,7680,aitdcc_d_glibc_rand,2,8.491318702697754,4
d256h4L4,3016960,7680,aitdcc_d_glibc_rand,3,8.364573001861572,4
d256h4L4,3016960,7680,aitdcc_d_glibc_rand,4,8.29952621459961,4
d256h4L4,3016960,7680,aitdcc_e_atlas_float32,1,7.849870085716248,4
d256h4L4,3016960,7680,aitdcc_e_atlas_float32,2,7.460883855819702,4
d256h4L4,3016960,7680,aitdcc_e_atlas_float32,3,7.332633137702942,4
d256h4L4,3016960,7680,aitdcc_e_atlas_float32,4,7.26710844039917,4
d256h4L4,3016960,7680,aitdcc_g_astronomy,1,3.0134881138801575,4
d256h4L4,3016960,7680,aitdcc_g_astronomy,2,2.9060805241266885,4
d256h4L4,3016960,7680,aitdcc_g_astronomy,3,2.870187222957611,4
d256h4L4,3016960,7680,aitdcc_g_astronomy,4,2.85207200050354,4
d256h4L4,3016960,7680,arithmetic,1,1.6168396472930908,4
d256h4L4,3016960,7680,arithmetic,2,0.9258221983909607,4
d256h4L4,3016960,7680,arithmetic,3,0.8407713174819946,4
d256h4L4,3016960,7680,arithmetic,4,0.8138275742530823,4
d256h4L4,3016960,7680,audio_16bit,1,8.363796353340149,4
d256h4L4,3016960,7680,audio_16bit,2,7.814287980397542,4
d256h4L4,3016960,7680,audio_16bit,3,7.624648332595825,4
d256h4L4,3016960,7680,audio_16bit,4,7.5307722091674805,4
d256h4L4,3016960,7680,audio_8bit,1,6.410053253173828,4
d256h4L4,3016960,7680,audio_8bit,2,5.965545574824016,4
d256h4L4,3016960,7680,audio_8bit,3,5.8199474811553955,4
d256h4L4,3016960,7680,audio_8bit,4,5.748100280761719,4
d256h4L4,3016960,7680,cifar10_rgb_hwc,1,8.058833599090576,4
d256h4L4,3016960,7680,cifar10_rgb_hwc,2,7.725402275721232,4
d256h4L4,3016960,7680,cifar10_rgb_hwc,3,7.604059815406799,4
d256h4L4,3016960,7680,cifar10_rgb_hwc,4,7.5401692390441895,4
d256h4L4,3016960,7680,cifar10_rgb_planar,1,8.067578077316284,4
d256h4L4,3016960,7680,cifar10_rgb_planar,2,7.737792094548543,4
d256h4L4,3016960,7680,cifar10_rgb_planar,3,7.617517948150635,4
d256h4L4,3016960,7680,cifar10_rgb_planar,4,7.554013252258301,4
d256h4L4,3016960,7680,dclm,1,4.043689131736755,4
d256h4L4,3016960,7680,dclm,2,3.855589191118876,4
d256h4L4,3016960,7680,dclm,3,3.78889137506485,4
d256h4L4,3016960,7680,dclm,4,3.7541415691375732,4
d256h4L4,3016960,7680,dclm_ranked,1,7.304367184638977,4
d256h4L4,3016960,7680,dclm_ranked,2,6.806689580281575,4
d256h4L4,3016960,7680,dclm_ranked,3,6.638994574546814,4
d256h4L4,3016960,7680,dclm_ranked,4,6.554358005523682,4
d256h4L4,3016960,7680,dna,1,4.404640197753906,4
d256h4L4,3016960,7680,dna,2,4.098051349322001,4
d256h4L4,3016960,7680,dna,3,3.98941832780838,4
d256h4L4,3016960,7680,dna,4,3.937814950942993,4
d256h4L4,3016960,7680,esc50_pcm8,1,2.622177302837372,4
d256h4L4,3016960,7680,esc50_pcm8,2,2.483458479245504,4
d256h4L4,3016960,7680,esc50_pcm8,3,2.433899700641632,4
d256h4L4,3016960,7680,esc50_pcm8,4,2.408403158187866,4
d256h4L4,3016960,7680,esc50_pcm8_11khz,1,3.489890694618225,4
d256h4L4,3016960,7680,esc50_pcm8_11khz,2,3.338900089263916,4
d256h4L4,3016960,7680,esc50_pcm8_11khz,3,3.2842244505882263,4
d256h4L4,3016960,7680,esc50_pcm8_11khz,4,3.255627155303955,4
d256h4L4,3016960,7680,kolmogorov_dna,1,3.6162927746772766,4
d256h4L4,3016960,7680,kolmogorov_dna,2,3.3638545672098794,4
d256h4L4,3016960,7680,kolmogorov_dna,3,3.2800376415252686,4
d256h4L4,3016960,7680,kolmogorov_dna,4,3.240666389465332,4
d256h4L4,3016960,7680,kolmogorov_text,1,3.8242357969284058,4
d256h4L4,3016960,7680,kolmogorov_text,2,3.621070226033529,4
d256h4L4,3016960,7680,kolmogorov_text,3,3.5493772625923157,4
d256h4L4,3016960,7680,kolmogorov_text,4,3.5120322704315186,4
d256h4L4,3016960,7680,llm_compression_arxiv_math,1,3.31824791431427,4
d256h4L4,3016960,7680,llm_compression_arxiv_math,2,3.1122360229492188,4
d256h4L4,3016960,7680,llm_compression_arxiv_math,3,3.039553940296173,4
d256h4L4,3016960,7680,llm_compression_arxiv_math,4,3.0016355514526367,4
d256h4L4,3016960,7680,llm_compression_cc,1,3.750451624393463,4
d256h4L4,3016960,7680,llm_compression_cc,2,3.569665710131327,4
d256h4L4,3016960,7680,llm_compression_cc,3,3.5061143040657043,4
d256h4L4,3016960,7680,llm_compression_cc,4,3.47312593460083,4
d256h4L4,3016960,7680,llm_compression_python,1,2.822069466114044,4
d256h4L4,3016960,7680,llm_compression_python,2,2.644392450650533,4
d256h4L4,3016960,7680,llm_compression_python,3,2.582015872001648,4
d256h4L4,3016960,7680,llm_compression_python,4,2.549576997756958,4
d256h4L4,3016960,7680,metamath,1,3.0895866751670837,4
d256h4L4,3016960,7680,metamath,2,2.875973661740621,4
d256h4L4,3016960,7680,metamath,3,2.799743890762329,4
d256h4L4,3016960,7680,metamath,4,2.759679079055786,4
d256h4L4,3016960,7680,musicnet_pcm8,1,3.1168041229248047,4
d256h4L4,3016960,7680,musicnet_pcm8,2,2.9187005758285522,4
d256h4L4,3016960,7680,musicnet_pcm8,3,2.8486008048057556,4
d256h4L4,3016960,7680,musicnet_pcm8,4,2.813015937805176,4
d256h4L4,3016960,7680,musicnet_pcm8_11khz,1,4.001623034477234,4
d256h4L4,3016960,7680,musicnet_pcm8_11khz,2,3.824493646621704,4
d256h4L4,3016960,7680,musicnet_pcm8_11khz,3,3.7609752416610718,4
d256h4L4,3016960,7680,musicnet_pcm8_11khz,4,3.7277982234954834,4
d256h4L4,3016960,7680,mutopia_melody_16th,1,2.456387162208557,4
d256h4L4,3016960,7680,mutopia_melody_16th,2,2.27040163675944,4
d256h4L4,3016960,7680,mutopia_melody_16th,3,2.2036678791046143,4
d256h4L4,3016960,7680,mutopia_melody_16th,4,2.1694138050079346,4
d256h4L4,3016960,7680,speech_commands_pcm8,1,2.7107065320014954,4
d256h4L4,3016960,7680,speech_commands_pcm8,2,2.5660270055135093,4
d256h4L4,3016960,7680,speech_commands_pcm8,3,2.5133780241012573,4
d256h4L4,3016960,7680,speech_commands_pcm8,4,2.4859259128570557,4
d256h4L4,3016960,7680,speech_commands_pcm8_8khz,1,2.875700891017914,4
d256h4L4,3016960,7680,speech_commands_pcm8_8khz,2,2.7035167614618936,4
d256h4L4,3016960,7680,speech_commands_pcm8_8khz,3,2.6385332345962524,4
d256h4L4,3016960,7680,speech_commands_pcm8_8khz,4,2.6038126945495605,4
d256h4L4,3016960,7936,aitdcc_a_protein,1,4.89098060131073,4
d256h4L4,3016960,7936,aitdcc_a_protein,2,4.73945967356364,4
d256h4L4,3016960,7936,aitdcc_a_protein,3,4.688103914260864,4
d256h4L4,3016960,7936,aitdcc_a_protein,4,4.6626200675964355,4
d256h4L4,3016960,7936,aitdcc_b_c_source,1,3.2017211318016052,4
d256h4L4,3016960,7936,aitdcc_b_c_source,2,2.98114808400472,4
d256h4L4,3016960,7936,aitdcc_b_c_source,3,2.903563916683197,4
d256h4L4,3016960,7936,aitdcc_b_c_source,4,2.8630990982055664,4
d256h4L4,3016960,7936,aitdcc_d_glibc_rand,1,9.007280111312866,4
d256h4L4,3016960,7936,aitdcc_d_glibc_rand,2,8.59772777557373,4
d256h4L4,3016960,7936,aitdcc_d_glibc_rand,3,8.456960678100586,4
d256h4L4,3016960,7936,aitdcc_d_glibc_rand,4,8.383882522583008,4
d256h4L4,3016960,7936,aitdcc_e_atlas_float32,1,7.947953820228577,4
d256h4L4,3016960,7936,aitdcc_e_atlas_float32,2,7.526694059371948,4
d256h4L4,3016960,7936,aitdcc_e_atlas_float32,3,7.381654143333435,4
d256h4L4,3016960,7936,aitdcc_e_atlas_float32,4,7.305384159088135,4
d256h4L4,3016960,7936,aitdcc_g_astronomy,1,2.966158449649811,4
d256h4L4,3016960,7936,aitdcc_g_astronomy,2,2.8517707188924155,4
d256h4L4,3016960,7936,aitdcc_g_astronomy,3,2.813904047012329,4
d256h4L4,3016960,7936,aitdcc_g_astronomy,4,2.7950148582458496,4
d256h4L4,3016960,7936,arithmetic,1,1.4390841275453568,4
d256h4L4,3016960,7936,arithmetic,2,0.8958679139614105,4
d256h4L4,3016960,7936,arithmetic,3,0.8188455253839493,4
d256h4L4,3016960,7936,arithmetic,4,0.7938569784164429,4
d256h4L4,3016960,7936,audio_16bit,1,8.336494207382202,4
d256h4L4,3016960,7936,audio_16bit,2,7.7988637288411455,4
d256h4L4,3016960,7936,audio_16bit,3,7.601527571678162,4
d256h4L4,3016960,7936,audio_16bit,4,7.499270915985107,4
d256h4L4,3016960,7936,audio_8bit,1,6.247002005577087,4
d256h4L4,3016960,7936,audio_8bit,2,5.809672673543294,4
d256h4L4,3016960,7936,audio_8bit,3,5.662722706794739,4
d256h4L4,3016960,7936,audio_8bit,4,5.587281703948975,4
d256h4L4,3016960,7936,cifar10_rgb_hwc,1,8.126271963119507,4
d256h4L4,3016960,7936,cifar10_rgb_hwc,2,7.775166829427083,4
d256h4L4,3016960,7936,cifar10_rgb_hwc,3,7.64729380607605,4
d256h4L4,3016960,7936,cifar10_rgb_hwc,4,7.580219745635986,4
d256h4L4,3016960,7936,cifar10_rgb_planar,1,8.133864402770996,4
d256h4L4,3016960,7936,cifar10_rgb_planar,2,7.786366780598958,4
d256h4L4,3016960,7936,cifar10_rgb_planar,3,7.659175395965576,4
d256h4L4,3016960,7936,cifar10_rgb_planar,4,7.592315196990967,4
d256h4L4,3016960,7936,dclm,1,4.054509162902832,4
d256h4L4,3016960,7936,dclm,2,3.852208216985067,4
d256h4L4,3016960,7936,dclm,3,3.780911386013031,4
d256h4L4,3016960,7936,dclm,4,3.7438886165618896,4
d256h4L4,3016960,7936,dclm_ranked,1,7.139811635017395,4
d256h4L4,3016960,7936,dclm_ranked,2,6.637237628300984,4
d256h4L4,3016960,7936,dclm_ranked,3,6.447641134262085,4
d256h4L4,3016960,7936,dclm_ranked,4,6.347768306732178,4
d256h4L4,3016960,7936,dna,1,4.136810600757599,4
d256h4L4,3016960,7936,dna,2,3.9042654832204184,4
d256h4L4,3016960,7936,dna,3,3.824821650981903,4
d256h4L4,3016960,7936,dna,4,3.785219430923462,4
d256h4L4,3016960,7936,esc50_pcm8,1,2.6200928688049316,4
d256h4L4,3016960,7936,esc50_pcm8,2,2.480294108390808,4
d256h4L4,3016960,7936,esc50_pcm8,3,2.4308367371559143,4
d256h4L4,3016960,7936,esc50_pcm8,4,2.4056179523468018,4
d256h4L4,3016960,7936,esc50_pcm8_11khz,1,3.48691987991333,4
d256h4L4,3016960,7936,esc50_pcm8_11khz,2,3.3340512911478677,4
d256h4L4,3016960,7936,esc50_pcm8_11khz,3,3.2806031703948975,4
d256h4L4,3016960,7936,esc50_pcm8_11khz,4,3.2531139850616455,4
d256h4L4,3016960,7936,kolmogorov_dna,1,3.46146297454834,4
d256h4L4,3016960,7936,kolmogorov_dna,2,3.2650278011957803,4
d256h4L4,3016960,7936,kolmogorov_dna,3,3.2000712752342224,4
d256h4L4,3016960,7936,kolmogorov_dna,4,3.1679978370666504,4
d256h4L4,3016960,7936,kolmogorov_text,1,3.8454644083976746,4
d256h4L4,3016960,7936,kolmogorov_text,2,3.626545866330465,4
d256h4L4,3016960,7936,kolmogorov_text,3,3.548418879508972,4
d256h4L4,3016960,7936,kolmogorov_text,4,3.5074713230133057,4
d256h4L4,3016960,7936,llm_compression_arxiv_math,1,3.3289754390716553,4
d256h4L4,3016960,7936,llm_compression_arxiv_math,2,3.114304502805074,4
d256h4L4,3016960,7936,llm_compression_arxiv_math,3,3.038178503513336,4
d256h4L4,3016960,7936,llm_compression_arxiv_math,4,2.9981632232666016,4
d256h4L4,3016960,7936,llm_compression_cc,1,3.7629297971725464,4
d256h4L4,3016960,7936,llm_compression_cc,2,3.567112604777018,4
d256h4L4,3016960,7936,llm_compression_cc,3,3.4989402294158936,4
d256h4L4,3016960,7936,llm_compression_cc,4,3.4636459350585938,4
d256h4L4,3016960,7936,llm_compression_python,1,2.7976388335227966,4
d256h4L4,3016960,7936,llm_compression_python,2,2.616854707400004,4
d256h4L4,3016960,7936,llm_compression_python,3,2.5531020164489746,4
d256h4L4,3016960,7936,llm_compression_python,4,2.519784450531006,4
d256h4L4,3016960,7936,metamath,1,3.0637826323509216,4
d256h4L4,3016960,7936,metamath,2,2.845232685407003,4
d256h4L4,3016960,7936,metamath,3,2.7681800723075867,4
d256h4L4,3016960,7936,metamath,4,2.728062152862549,4
d256h4L4,3016960,7936,musicnet_pcm8,1,3.113394320011139,4
d256h4L4,3016960,7936,musicnet_pcm8,2,2.9109365542729697,4
d256h4L4,3016960,7936,musicnet_pcm8,3,2.8395540714263916,4
d256h4L4,3016960,7936,musicnet_pcm8,4,2.803403615951538,4
d256h4L4,3016960,7936,musicnet_pcm8_11khz,1,3.992411434650421,4
d256h4L4,3016960,7936,musicnet_pcm8_11khz,2,3.8105010191599527,4
d256h4L4,3016960,7936,musicnet_pcm8_11khz,3,3.747829854488373,4
d256h4L4,3016960,7936,musicnet_pcm8_11khz,4,3.715693712234497,4
d256h4L4,3016960,7936,mutopia_melody_16th,1,2.4285351634025574,4
d256h4L4,3016960,7936,mutopia_melody_16th,2,2.2569934527079263,4
d256h4L4,3016960,7936,mutopia_melody_16th,3,2.1967978477478027,4
d256h4L4,3016960,7936,mutopia_melody_16th,4,2.16615629196167,4
d256h4L4,3016960,7936,speech_commands_pcm8,1,2.704292058944702,4
d256h4L4,3016960,7936,speech_commands_pcm8,2,2.5613224506378174,4
d256h4L4,3016960,7936,speech_commands_pcm8,3,2.510373294353485,4
d256h4L4,3016960,7936,speech_commands_pcm8,4,2.4840991497039795,4
d256h4L4,3016960,7936,speech_commands_pcm8_8khz,1,2.876672387123108,4
d256h4L4,3016960,7936,speech_commands_pcm8_8khz,2,2.7115403413772583,4
d256h4L4,3016960,7936,speech_commands_pcm8_8khz,3,2.6499717831611633,4
d256h4L4,3016960,7936,speech_commands_pcm8_8khz,4,2.6175405979156494,4
d256h4L4,3016960,8191,aitdcc_a_protein,1,4.8846577405929565,4
d256h4L4,3016960,8191,aitdcc_a_protein,2,4.738928238550822,4
d256h4L4,3016960,8191,aitdcc_a_protein,3,4.689181685447693,4
d256h4L4,3016960,8191,aitdcc_a_protein,4,4.663531303405762,4
d256h4L4,3016960,8191,aitdcc_b_c_source,1,3.1841647624969482,4
d256h4L4,3016960,8191,aitdcc_b_c_source,2,2.9860824743906655,4
d256h4L4,3016960,8191,aitdcc_b_c_source,3,2.916278839111328,4
d256h4L4,3016960,8191,aitdcc_b_c_source,4,2.8799874782562256,4
d256h4L4,3016960,8191,aitdcc_d_glibc_rand,1,8.747479438781738,4
d256h4L4,3016960,8191,aitdcc_d_glibc_rand,2,8.4356476465861,4
d256h4L4,3016960,8191,aitdcc_d_glibc_rand,3,8.323681354522705,4
d256h4L4,3016960,8191,aitdcc_d_glibc_rand,4,8.265071868896484,4
d256h4L4,3016960,8191,aitdcc_e_atlas_float32,1,7.834929466247559,4
d256h4L4,3016960,8191,aitdcc_e_atlas_float32,2,7.490334510803223,4
d256h4L4,3016960,8191,aitdcc_e_atlas_float32,3,7.368490695953369,4
d256h4L4,3016960,8191,aitdcc_e_atlas_float32,4,7.303864479064941,4
d256h4L4,3016960,8191,aitdcc_g_astronomy,1,2.935133457183838,4
d256h4L4,3016960,8191,aitdcc_g_astronomy,2,2.8199395338694253,4
d256h4L4,3016960,8191,aitdcc_g_astronomy,3,2.779823958873749,4
d256h4L4,3016960,8191,aitdcc_g_astronomy,4,2.759622097015381,4
d256h4L4,3016960,8191,arithmetic,1,1.6085163205862045,4
d256h4L4,3016960,8191,arithmetic,2,0.9267070889472961,4
d256h4L4,3016960,8191,arithmetic,3,0.8434461057186127,4
d256h4L4,3016960,8191,arithmetic,4,0.8163591623306274,4
d256h4L4,3016960,8191,audio_16bit,1,8.21886432170868,4
d256h4L4,3016960,8191,audio_16bit,2,7.747943162918091,4
d256h4L4,3016960,8191,audio_16bit,3,7.570628881454468,4
d256h4L4,3016960,8191,audio_16bit,4,7.477637767791748,4
d256h4L4,3016960,8191,audio_8bit,1,6.265907526016235,4
d256h4L4,3016960,8191,audio_8bit,2,5.849189201990764,4
d256h4L4,3016960,8191,audio_8bit,3,5.699652791023254,4
d256h4L4,3016960,8191,audio_8bit,4,5.6190996170043945,4
d256h4L4,3016960,8191,cifar10_rgb_hwc,1,7.998116135597229,4
d256h4L4,3016960,8191,cifar10_rgb_hwc,2,7.696450392405192,4
d256h4L4,3016960,8191,cifar10_rgb_hwc,3,7.586896181106567,4
d256h4L4,3016960,8191,cifar10_rgb_hwc,4,7.529695510864258,4
d256h4L4,3016960,8191,cifar10_rgb_planar,1,8.014052152633667,4
d256h4L4,3016960,8191,cifar10_rgb_planar,2,7.713663578033447,4
d256h4L4,3016960,8191,cifar10_rgb_planar,3,7.604455590248108,4
d256h4L4,3016960,8191,cifar10_rgb_planar,4,7.547452449798584,4
d256h4L4,3016960,8191,dclm,1,4.031713843345642,4
d256h4L4,3016960,8191,dclm,2,3.858941912651062,4
d256h4L4,3016960,8191,dclm,3,3.797259569168091,4
d256h4L4,3016960,8191,dclm,4,3.7650833129882812,4
d256h4L4,3016960,8191,dclm_ranked,1,7.209239959716797,4
d256h4L4,3016960,8191,dclm_ranked,2,6.7214211622873945,4
d256h4L4,3016960,8191,dclm_ranked,3,6.540849089622498,4
d256h4L4,3016960,8191,dclm_ranked,4,6.445583820343018,4
d256h4L4,3016960,8191,dna,1,4.186707854270935,4
d256h4L4,3016960,8191,dna,2,3.9512394269307456,4
d256h4L4,3016960,8191,dna,3,3.866576611995697,4
d256h4L4,3016960,8191,dna,4,3.820103645324707,4
d256h4L4,3016960,8191,esc50_pcm8,1,2.6031934022903442,4
d256h4L4,3016960,8191,esc50_pcm8,2,2.47578763961792,4
d256h4L4,3016960,8191,esc50_pcm8,3,2.4307451248168945,4
d256h4L4,3016960,8191,esc50_pcm8,4,2.407933235168457,4
d256h4L4,3016960,8191,esc50_pcm8_11khz,1,3.4583842754364014,4
d256h4L4,3016960,8191,esc50_pcm8_11khz,2,3.3192835648854575,4
d256h4L4,3016960,8191,esc50_pcm8_11khz,3,3.2704543471336365,4
d256h4L4,3016960,8191,esc50_pcm8_11khz,4,3.245457649230957,4
d256h4L4,3016960,8191,kolmogorov_dna,1,3.456627607345581,4
d256h4L4,3016960,8191,kolmogorov_dna,2,3.259317715962728,4
d256h4L4,3016960,8191,kolmogorov_dna,3,3.192843019962311,4
d256h4L4,3016960,8191,kolmogorov_dna,4,3.1579582691192627,4
d256h4L4,3016960,8191,kolmogorov_text,1,3.80603164434433,4
d256h4L4,3016960,8191,kolmogorov_text,2,3.621305783589681,4
d256h4L4,3016960,8191,kolmogorov_text,3,3.5552462339401245,4
d256h4L4,3016960,8191,kolmogorov_text,4,3.5206689834594727,4
d256h4L4,3016960,8191,llm_compression_arxiv_math,1,3.2928948998451233,4
d256h4L4,3016960,8191,llm_compression_arxiv_math,2,3.106859485308329,4
d256h4L4,3016960,8191,llm_compression_arxiv_math,3,3.0412359833717346,4
d256h4L4,3016960,8191,llm_compression_arxiv_math,4,3.0069727897644043,4
d256h4L4,3016960,8191,llm_compression_cc,1,3.7444267868995667,4
d256h4L4,3016960,8191,llm_compression_cc,2,3.577625552813212,4
d256h4L4,3016960,8191,llm_compression_cc,3,3.5185399651527405,4
d256h4L4,3016960,8191,llm_compression_cc,4,3.4877796173095703,4
d256h4L4,3016960,8191,llm_compression_python,1,2.7957761883735657,4
d256h4L4,3016960,8191,llm_compression_python,2,2.633112112681071,4
d256h4L4,3016960,8191,llm_compression_python,3,2.5758568048477173,4
d256h4L4,3016960,8191,llm_compression_python,4,2.54610538482666,4
d256h4L4,3016960,8191,metamath,1,3.0672885179519653,4
d256h4L4,3016960,8191,metamath,2,2.8633835713068643,4
d256h4L4,3016960,8191,metamath,3,2.79101699590683,4
d256h4L4,3016960,8191,metamath,4,2.7534220218658447,4
d256h4L4,3016960,8191,musicnet_pcm8,1,3.105418384075165,4
d256h4L4,3016960,8191,musicnet_pcm8,2,2.920418858528137,4
d256h4L4,3016960,8191,musicnet_pcm8,3,2.8553149104118347,4
d256h4L4,3016960,8191,musicnet_pcm8,4,2.822535514831543,4
d256h4L4,3016960,8191,musicnet_pcm8_11khz,1,3.968665659427643,4
d256h4L4,3016960,8191,musicnet_pcm8_11khz,2,3.802038073539734,4
d256h4L4,3016960,8191,musicnet_pcm8_11khz,3,3.744357109069824,4
d256h4L4,3016960,8191,musicnet_pcm8_11khz,4,3.7149658203125,4
d256h4L4,3016960,8191,mutopia_melody_16th,1,2.4263909459114075,4
d256h4L4,3016960,8191,mutopia_melody_16th,2,2.2643094460169473,4
d256h4L4,3016960,8191,mutopia_melody_16th,3,2.2066116333007812,4
d256h4L4,3016960,8191,mutopia_melody_16th,4,2.177255868911743,4
d256h4L4,3016960,8191,speech_commands_pcm8,1,2.6823753714561462,4
d256h4L4,3016960,8191,speech_commands_pcm8,2,2.553315798441569,4
d256h4L4,3016960,8191,speech_commands_pcm8,3,2.5067309141159058,4
d256h4L4,3016960,8191,speech_commands_pcm8,4,2.482712745666504,4
d256h4L4,3016960,8191,speech_commands_pcm8_8khz,1,2.838351249694824,4
d256h4L4,3016960,8191,speech_commands_pcm8_8khz,2,2.687164783477783,4
d256h4L4,3016960,8191,speech_commands_pcm8_8khz,3,2.630528211593628,4
d256h4L4,3016960,8191,speech_commands_pcm8_8khz,4,2.6005444526672363,4
d256h4L8,6033664,3840,aitdcc_a_protein,1,5.811244249343872,4
d256h4L8,6033664,3840,aitdcc_a_protein,2,5.399316628774007,4
d256h4L8,6033664,3840,aitdcc_a_protein,3,5.249787926673889,4
d256h4L8,6033664,3840,aitdcc_a_protein,4,5.1702799797058105,4
d256h4L8,6033664,3840,aitdcc_b_c_source,1,3.9637433886528015,4
d256h4L8,6033664,3840,aitdcc_b_c_source,2,3.5126778284708657,4
d256h4L8,6033664,3840,aitdcc_b_c_source,3,3.366740345954895,4
d256h4L8,6033664,3840,aitdcc_b_c_source,4,3.2939059734344482,4
d256h4L8,6033664,3840,aitdcc_d_glibc_rand,1,8.981561422348022,4
d256h4L8,6033664,3840,aitdcc_d_glibc_rand,2,8.616952737172445,4
d256h4L8,6033664,3840,aitdcc_d_glibc_rand,3,8.478788614273071,4
d256h4L8,6033664,3840,aitdcc_d_glibc_rand,4,8.402911186218262,4
d256h4L8,6033664,3840,aitdcc_e_atlas_float32,1,7.835943937301636,4
d256h4L8,6033664,3840,aitdcc_e_atlas_float32,2,7.468088070551555,4
d256h4L8,6033664,3840,aitdcc_e_atlas_float32,3,7.331276059150696,4
d256h4L8,6033664,3840,aitdcc_e_atlas_float32,4,7.257596492767334,4
d256h4L8,6033664,3840,aitdcc_g_astronomy,1,3.3261528611183167,4
d256h4L8,6033664,3840,aitdcc_g_astronomy,2,3.133978764216105,4
d256h4L8,6033664,3840,aitdcc_g_astronomy,3,3.064966142177582,4
d256h4L8,6033664,3840,aitdcc_g_astronomy,4,3.029421091079712,4
d256h4L8,6033664,3840,arithmetic,1,0.9291214346885681,4
d256h4L8,6033664,3840,arithmetic,2,0.7772120038668314,4
d256h4L8,6033664,3840,arithmetic,3,0.7482624053955078,4
d256h4L8,6033664,3840,arithmetic,4,0.7364702820777893,4
d256h4L8,6033664,3840,audio_16bit,1,8.091256856918335,4
d256h4L8,6033664,3840,audio_16bit,2,7.646835724512736,4
d256h4L8,6033664,3840,audio_16bit,3,7.47437846660614,4
d256h4L8,6033664,3840,audio_16bit,4,7.3795623779296875,4
d256h4L8,6033664,3840,audio_8bit,1,6.0062175989151,4
d256h4L8,6033664,3840,audio_8bit,2,5.553098837534587,4
d256h4L8,6033664,3840,audio_8bit,3,5.389748454093933,4
d256h4L8,6033664,3840,audio_8bit,4,5.303715705871582,4
d256h4L8,6033664,3840,cifar10_rgb_hwc,1,8.38994026184082,4
d256h4L8,6033664,3840,cifar10_rgb_hwc,2,7.947686592737834,4
d256h4L8,6033664,3840,cifar10_rgb_hwc,3,7.7827606201171875,4
d256h4L8,6033664,3840,cifar10_rgb_hwc,4,7.693644046783447,4
d256h4L8,6033664,3840,cifar10_rgb_planar,1,8.38455605506897,4
d256h4L8,6033664,3840,cifar10_rgb_planar,2,7.953717629114787,4
d256h4L8,6033664,3840,cifar10_rgb_planar,3,7.793256402015686,4
d256h4L8,6033664,3840,cifar10_rgb_planar,4,7.706305980682373,4
d256h4L8,6033664,3840,dclm,1,4.648999810218811,4
d256h4L8,6033664,3840,dclm,2,4.273096640904744,4
d256h4L8,6033664,3840,dclm,3,4.141808986663818,4
d256h4L8,6033664,3840,dclm,4,4.073419570922852,4
d256h4L8,6033664,3840,dclm_ranked,1,6.534093022346497,4
d256h4L8,6033664,3840,dclm_ranked,2,5.943146387736003,4
d256h4L8,6033664,3840,dclm_ranked,3,5.729501128196716,4
d256h4L8,6033664,3840,dclm_ranked,4,5.619350910186768,4
d256h4L8,6033664,3840,dna,1,3.8762993216514587,4
d256h4L8,6033664,3840,dna,2,3.6225229104359946,4
d256h4L8,6033664,3840,dna,3,3.538895606994629,4
d256h4L8,6033664,3840,dna,4,3.496480941772461,4
d256h4L8,6033664,3840,esc50_pcm8,1,3.0349950790405273,4
d256h4L8,6033664,3840,esc50_pcm8,2,2.754006107648214,4
d256h4L8,6033664,3840,esc50_pcm8,3,2.6656752228736877,4
d256h4L8,6033664,3840,esc50_pcm8,4,2.6219935417175293,4
d256h4L8,6033664,3840,esc50_pcm8_11khz,1,3.936117112636566,4
d256h4L8,6033664,3840,esc50_pcm8_11khz,2,3.656757911046346,4
d256h4L8,6033664,3840,esc50_pcm8_11khz,3,3.5584042072296143,4
d256h4L8,6033664,3840,esc50_pcm8_11khz,4,3.5068016052246094,4
d256h4L8,6033664,3840,kolmogorov_dna,1,3.325532615184784,4
d256h4L8,6033664,3840,kolmogorov_dna,2,3.1042338609695435,4
d256h4L8,6033664,3840,kolmogorov_dna,3,3.033802807331085,4
d256h4L8,6033664,3840,kolmogorov_dna,4,2.9991226196289062,4
d256h4L8,6033664,3840,kolmogorov_text,1,4.508141994476318,4
d256h4L8,6033664,3840,kolmogorov_text,2,4.094862858454387,4
d256h4L8,6033664,3840,kolmogorov_text,3,3.9531863927841187,4
d256h4L8,6033664,3840,kolmogorov_text,4,3.8804771900177,4
d256h4L8,6033664,3840,llm_compression_arxiv_math,1,4.014699876308441,4
d256h4L8,6033664,3840,llm_compression_arxiv_math,2,3.59880538781484,4
d256h4L8,6033664,3840,llm_compression_arxiv_math,3,3.459214746952057,4
d256h4L8,6033664,3840,llm_compression_arxiv_math,4,3.388612985610962,4
d256h4L8,6033664,3840,llm_compression_cc,1,4.377949476242065,4
d256h4L8,6033664,3840,llm_compression_cc,2,4.012728452682495,4
d256h4L8,6033664,3840,llm_compression_cc,3,3.8859558701515198,4
d256h4L8,6033664,3840,llm_compression_cc,4,3.8201282024383545,4
d256h4L8,6033664,3840,llm_compression_python,1,3.494086265563965,4
d256h4L8,6033664,3840,llm_compression_python,2,3.09358541170756,4
d256h4L8,6033664,3840,llm_compression_python,3,2.9623697996139526,4
d256h4L8,6033664,3840,llm_compression_python,4,2.896428346633911,4
d256h4L8,6033664,3840,metamath,1,3.705147922039032,4
d256h4L8,6033664,3840,metamath,2,3.300649801890055,4
d256h4L8,6033664,3840,metamath,3,3.1650044322013855,4
d256h4L8,6033664,3840,metamath,4,3.096083641052246,4
d256h4L8,6033664,3840,musicnet_pcm8,1,3.6324999928474426,4
d256h4L8,6033664,3840,musicnet_pcm8,2,3.284843405087789,4
d256h4L8,6033664,3840,musicnet_pcm8,3,3.169761002063751,4
d256h4L8,6033664,3840,musicnet_pcm8,4,3.1107280254364014,4
d256h4L8,6033664,3840,musicnet_pcm8_11khz,1,4.575368165969849,4
d256h4L8,6033664,3840,musicnet_pcm8_11khz,2,4.238323291142781,4
d256h4L8,6033664,3840,musicnet_pcm8_11khz,3,4.1175373792648315,4
d256h4L8,6033664,3840,musicnet_pcm8_11khz,4,4.053036689758301,4
d256h4L8,6033664,3840,mutopia_melody_16th,1,2.973450183868408,4
d256h4L8,6033664,3840,mutopia_melody_16th,2,2.6017293532689414,4
d256h4L8,6033664,3840,mutopia_melody_16th,3,2.480240046977997,4
d256h4L8,6033664,3840,mutopia_melody_16th,4,2.4238669872283936,4
d256h4L8,6033664,3840,speech_commands_pcm8,1,3.0877416729927063,4
d256h4L8,6033664,3840,speech_commands_pcm8,2,2.8282469511032104,4
d256h4L8,6033664,3840,speech_commands_pcm8,3,2.7389772534370422,4
d256h4L8,6033664,3840,speech_commands_pcm8,4,2.6940531730651855,4
d256h4L8,6033664,3840,speech_commands_pcm8_8khz,1,3.2422192096710205,4
d256h4L8,6033664,3840,speech_commands_pcm8_8khz,2,2.953158219655355,4
d256h4L8,6033664,3840,speech_commands_pcm8_8khz,3,2.850038528442383,4
d256h4L8,6033664,3840,speech_commands_pcm8_8khz,4,2.7979049682617188,4
d256h4L8,6033664,4096,aitdcc_a_protein,1,5.650021910667419,4
d256h4L8,6033664,4096,aitdcc_a_protein,2,5.292866150538127,4
d256h4L8,6033664,4096,aitdcc_a_protein,3,5.1633617877960205,4
d256h4L8,6033664,4096,aitdcc_a_protein,4,5.094850540161133,4
d256h4L8,6033664,4096,aitdcc_b_c_source,1,3.896025538444519,4
d256h4L8,6033664,4096,aitdcc_b_c_source,2,3.46513032913208,4
d256h4L8,6033664,4096,aitdcc_b_c_source,3,3.3292391300201416,4
d256h4L8,6033664,4096,aitdcc_b_c_source,4,3.261303186416626,4
d256h4L8,6033664,4096,aitdcc_d_glibc_rand,1,9.054486513137817,4
d256h4L8,6033664,4096,aitdcc_d_glibc_rand,2,8.65791384379069,4
d256h4L8,6033664,4096,aitdcc_d_glibc_rand,3,8.508094072341919,4
d256h4L8,6033664,4096,aitdcc_d_glibc_rand,4,8.426186561584473,4
d256h4L8,6033664,4096,aitdcc_e_atlas_float32,1,7.837034821510315,4
d256h4L8,6033664,4096,aitdcc_e_atlas_float32,2,7.468104362487793,4
d256h4L8,6033664,4096,aitdcc_e_atlas_float32,3,7.33374810218811,4
d256h4L8,6033664,4096,aitdcc_e_atlas_float32,4,7.26176118850708,4
d256h4L8,6033664,4096,aitdcc_g_astronomy,1,3.2233095169067383,4
d256h4L8,6033664,4096,aitdcc_g_astronomy,2,3.051578084627787,4
d256h4L8,6033664,4096,aitdcc_g_astronomy,3,2.9894264340400696,4
d256h4L8,6033664,4096,aitdcc_g_astronomy,4,2.956427812576294,4
d256h4L8,6033664,4096,arithmetic,1,1.2879838645458221,4
d256h4L8,6033664,4096,arithmetic,2,0.8804214894771576,4
d256h4L8,6033664,4096,arithmetic,3,0.8306891620159149,4
d256h4L8,6033664,4096,arithmetic,4,0.8125250935554504,4
d256h4L8,6033664,4096,audio_16bit,1,8.213001728057861,4
d256h4L8,6033664,4096,audio_16bit,2,7.733813126881917,4
d256h4L8,6033664,4096,audio_16bit,3,7.5577898025512695,4
d256h4L8,6033664,4096,audio_16bit,4,7.4629669189453125,4
d256h4L8,6033664,4096,audio_8bit,1,6.153594493865967,4
d256h4L8,6033664,4096,audio_8bit,2,5.640155553817749,4
d256h4L8,6033664,4096,audio_8bit,3,5.481151819229126,4
d256h4L8,6033664,4096,audio_8bit,4,5.398045063018799,4
d256h4L8,6033664,4096,cifar10_rgb_hwc,1,8.393556594848633,4
d256h4L8,6033664,4096,cifar10_rgb_hwc,2,7.9422221183776855,4
d256h4L8,6033664,4096,cifar10_rgb_hwc,3,7.7759690284729,4
d256h4L8,6033664,4096,cifar10_rgb_hwc,4,7.686342239379883,4
d256h4L8,6033664,4096,cifar10_rgb_planar,1,8.382068037986755,4
d256h4L8,6033664,4096,cifar10_rgb_planar,2,7.9418502648671465,4
d256h4L8,6033664,4096,cifar10_rgb_planar,3,7.779577612876892,4
d256h4L8,6033664,4096,cifar10_rgb_planar,4,7.691928386688232,4
d256h4L8,6033664,4096,dclm,1,4.628404498100281,4
d256h4L8,6033664,4096,dclm,2,4.2431708971659345,4
d256h4L8,6033664,4096,dclm,3,4.114153504371643,4
d256h4L8,6033664,4096,dclm,4,4.046867370605469,4
d256h4L8,6033664,4096,dclm_ranked,1,6.679667711257935,4
d256h4L8,6033664,4096,dclm_ranked,2,6.023462851842244,4
d256h4L8,6033664,4096,dclm_ranked,3,5.792962074279785,4
d256h4L8,6033664,4096,dclm_ranked,4,5.6707916259765625,4
d256h4L8,6033664,4096,dna,1,4.017681837081909,4
d256h4L8,6033664,4096,dna,2,3.703882575035095,4
d256h4L8,6033664,4096,dna,3,3.6150742769241333,4
d256h4L8,6033664,4096,dna,4,3.5711159706115723,4
d256h4L8,6033664,4096,esc50_pcm8,1,3.0062867403030396,4
d256h4L8,6033664,4096,esc50_pcm8,2,2.7300800482432046,4
d256h4L8,6033664,4096,esc50_pcm8,3,2.644454061985016,4
d256h4L8,6033664,4096,esc50_pcm8,4,2.601738214492798,4
d256h4L8,6033664,4096,esc50_pcm8_11khz,1,3.9010236859321594,4
d256h4L8,6033664,4096,esc50_pcm8_11khz,2,3.6240137418111167,4
d256h4L8,6033664,4096,esc50_pcm8_11khz,3,3.528078019618988,4
d256h4L8,6033664,4096,esc50_pcm8_11khz,4,3.4778482913970947,4
d256h4L8,6033664,4096,kolmogorov_dna,1,3.4165550470352173,4
d256h4L8,6033664,4096,kolmogorov_dna,2,3.157790780067444,4
d256h4L8,6033664,4096,kolmogorov_dna,3,3.080556273460388,4
d256h4L8,6033664,4096,kolmogorov_dna,4,3.042479991912842,4
d256h4L8,6033664,4096,kolmogorov_text,1,4.468325734138489,4
d256h4L8,6033664,4096,kolmogorov_text,2,4.051533818244934,4
d256h4L8,6033664,4096,kolmogorov_text,3,3.9143444895744324,4
d256h4L8,6033664,4096,kolmogorov_text,4,3.8440909385681152,4
d256h4L8,6033664,4096,llm_compression_arxiv_math,1,3.975312054157257,4
d256h4L8,6033664,4096,llm_compression_arxiv_math,2,3.566390554110209,4
d256h4L8,6033664,4096,llm_compression_arxiv_math,3,3.433382749557495,4
d256h4L8,6033664,4096,llm_compression_arxiv_math,4,3.3659250736236572,4
d256h4L8,6033664,4096,llm_compression_cc,1,4.342932045459747,4
d256h4L8,6033664,4096,llm_compression_cc,2,3.970638712247213,4
d256h4L8,6033664,4096,llm_compression_cc,3,3.8467432856559753,4
d256h4L8,6033664,4096,llm_compression_cc,4,3.7824161052703857,4
d256h4L8,6033664,4096,llm_compression_python,1,3.448609232902527,4
d256h4L8,6033664,4096,llm_compression_python,2,3.0580301682154336,4
d256h4L8,6033664,4096,llm_compression_python,3,2.9368085265159607,4
d256h4L8,6033664,4096,llm_compression_python,4,2.8760581016540527,4
d256h4L8,6033664,4096,metamath,1,3.6418567895889282,4
d256h4L8,6033664,4096,metamath,2,3.2490191062291465,4
d256h4L8,6033664,4096,metamath,3,3.1200045347213745,4
d256h4L8,6033664,4096,metamath,4,3.054460048675537,4
d256h4L8,6033664,4096,musicnet_pcm8,1,3.589936316013336,4
d256h4L8,6033664,4096,musicnet_pcm8,2,3.247264822324117,4
d256h4L8,6033664,4096,musicnet_pcm8,3,3.136840581893921,4
d256h4L8,6033664,4096,musicnet_pcm8,4,3.0802767276763916,4
d256h4L8,6033664,4096,musicnet_pcm8_11khz,1,4.525205731391907,4
d256h4L8,6033664,4096,musicnet_pcm8_11khz,2,4.196739832560222,4
d256h4L8,6033664,4096,musicnet_pcm8_11khz,3,4.0812894105911255,4
d256h4L8,6033664,4096,musicnet_pcm8_11khz,4,4.019972324371338,4
d256h4L8,6033664,4096,mutopia_melody_16th,1,2.86335289478302,4
d256h4L8,6033664,4096,mutopia_melody_16th,2,2.509908159573873,4
d256h4L8,6033664,4096,mutopia_melody_16th,3,2.397631883621216,4
d256h4L8,6033664,4096,mutopia_melody_16th,4,2.3459835052490234,4
d256h4L8,6033664,4096,speech_commands_pcm8,1,3.0701454877853394,4
d256h4L8,6033664,4096,speech_commands_pcm8,2,2.806380351384481,4
d256h4L8,6033664,4096,speech_commands_pcm8,3,2.717642366886139,4
d256h4L8,6033664,4096,speech_commands_pcm8,4,2.6727817058563232,4
d256h4L8,6033664,4096,speech_commands_pcm8_8khz,1,3.2275707125663757,4
d256h4L8,6033664,4096,speech_commands_pcm8_8khz,2,2.932814836502075,4
d256h4L8,6033664,4096,speech_commands_pcm8_8khz,3,2.829434871673584,4
d256h4L8,6033664,4096,speech_commands_pcm8_8khz,4,2.7766458988189697,4
d256h4L8,6033664,4352,aitdcc_a_protein,1,5.708086848258972,4
d256h4L8,6033664,4352,aitdcc_a_protein,2,5.296290000279744,4
d256h4L8,6033664,4352,aitdcc_a_protein,3,5.152951955795288,4
d256h4L8,6033664,4352,aitdcc_a_protein,4,5.079263210296631,4
d256h4L8,6033664,4352,aitdcc_b_c_source,1,3.8584030270576477,4
d256h4L8,6033664,4352,aitdcc_b_c_source,2,3.4126087029774985,4
d256h4L8,6033664,4352,aitdcc_b_c_source,3,3.270265281200409,4
d256h4L8,6033664,4352,aitdcc_b_c_source,4,3.1985583305358887,4
d256h4L8,6033664,4352,aitdcc_d_glibc_rand,1,9.21894907951355,4
d256h4L8,6033664,4352,aitdcc_d_glibc_rand,2,8.767575105031332,4
d256h4L8,6033664,4352,aitdcc_d_glibc_rand,3,8.592224597930908,4
d256h4L8,6033664,4352,aitdcc_d_glibc_rand,4,8.495513916015625,4
d256h4L8,6033664,4352,aitdcc_e_atlas_float32,1,8.022085189819336,4
d256h4L8,6033664,4352,aitdcc_e_atlas_float32,2,7.594745556513469,4
d256h4L8,6033664,4352,aitdcc_e_atlas_float32,3,7.437376976013184,4
d256h4L8,6033664,4352,aitdcc_e_atlas_float32,4,7.35282564163208,4
d256h4L8,6033664,4352,aitdcc_g_astronomy,1,3.333031415939331,4
d256h4L8,6033664,4352,aitdcc_g_astronomy,2,3.1208571990331015,4
d256h4L8,6033664,4352,aitdcc_g_astronomy,3,3.0460634231567383,4
d256h4L8,6033664,4352,aitdcc_g_astronomy,4,3.007822036743164,4
d256h4L8,6033664,4352,arithmetic,1,1.9371020197868347,4
d256h4L8,6033664,4352,arithmetic,2,1.1327500939369202,4
d256h4L8,6033664,4352,arithmetic,3,1.0226573795080185,4
d256h4L8,6033664,4352,arithmetic,4,0.9884157776832581,4
d256h4L8,6033664,4352,audio_16bit,1,8.456972599029541,4
d256h4L8,6033664,4352,audio_16bit,2,7.903391281763713,4
d256h4L8,6033664,4352,audio_16bit,3,7.687795162200928,4
d256h4L8,6033664,4352,audio_16bit,4,7.572725772857666,4
d256h4L8,6033664,4352,audio_8bit,1,6.445878386497498,4
d256h4L8,6033664,4352,audio_8bit,2,5.834409952163696,4
d256h4L8,6033664,4352,audio_8bit,3,5.608820080757141,4
d256h4L8,6033664,4352,audio_8bit,4,5.503910064697266,4
d256h4L8,6033664,4352,cifar10_rgb_hwc,1,8.483837842941284,4
d256h4L8,6033664,4352,cifar10_rgb_hwc,2,8.006057421366373,4
d256h4L8,6033664,4352,cifar10_rgb_hwc,3,7.826596617698669,4
d256h4L8,6033664,4352,cifar10_rgb_hwc,4,7.729410171508789,4
d256h4L8,6033664,4352,cifar10_rgb_planar,1,8.477763891220093,4
d256h4L8,6033664,4352,cifar10_rgb_planar,2,8.009714047114054,4
d256h4L8,6033664,4352,cifar10_rgb_planar,3,7.833905100822449,4
d256h4L8,6033664,4352,cifar10_rgb_planar,4,7.738246440887451,4
d256h4L8,6033664,4352,dclm,1,4.6172871589660645,4
d256h4L8,6033664,4352,dclm,2,4.219066460927327,4
d256h4L8,6033664,4352,dclm,3,4.080245852470398,4
d256h4L8,6033664,4352,dclm,4,4.0075602531433105,4
d256h4L8,6033664,4352,dclm_ranked,1,7.126489281654358,4
d256h4L8,6033664,4352,dclm_ranked,2,6.3111692269643145,4
d256h4L8,6033664,4352,dclm_ranked,3,5.99454128742218,4
d256h4L8,6033664,4352,dclm_ranked,4,5.8448896408081055,4
d256h4L8,6033664,4352,dna,1,4.701295018196106,4
d256h4L8,6033664,4352,dna,2,4.022548317909241,4
d256h4L8,6033664,4352,dna,3,3.811800003051758,4
d256h4L8,6033664,4352,dna,4,3.7156455516815186,4
d256h4L8,6033664,4352,esc50_pcm8,1,3.012394905090332,4
d256h4L8,6033664,4352,esc50_pcm8,2,2.736950159072876,4
d256h4L8,6033664,4352,esc50_pcm8,3,2.6493676900863647,4
d256h4L8,6033664,4352,esc50_pcm8,4,2.6051387786865234,4
d256h4L8,6033664,4352,esc50_pcm8_11khz,1,3.930035948753357,4
d256h4L8,6033664,4352,esc50_pcm8_11khz,2,3.646278897921244,4
d256h4L8,6033664,4352,esc50_pcm8_11khz,3,3.5463660955429077,4
d256h4L8,6033664,4352,esc50_pcm8_11khz,4,3.493802785873413,4
d256h4L8,6033664,4352,kolmogorov_dna,1,4.02907395362854,4
d256h4L8,6033664,4352,kolmogorov_dna,2,3.442680915196737,4
d256h4L8,6033664,4352,kolmogorov_dna,3,3.287940800189972,4
d256h4L8,6033664,4352,kolmogorov_dna,4,3.2216086387634277,4
d256h4L8,6033664,4352,kolmogorov_text,1,4.464068293571472,4
d256h4L8,6033664,4352,kolmogorov_text,2,4.036212722460429,4
d256h4L8,6033664,4352,kolmogorov_text,3,3.8905072808265686,4
d256h4L8,6033664,4352,kolmogorov_text,4,3.815173387527466,4
d256h4L8,6033664,4352,llm_compression_arxiv_math,1,3.943562388420105,4
d256h4L8,6033664,4352,llm_compression_arxiv_math,2,3.519982933998108,4
d256h4L8,6033664,4352,llm_compression_arxiv_math,3,3.38008189201355,4
d256h4L8,6033664,4352,llm_compression_arxiv_math,4,3.308640718460083,4
d256h4L8,6033664,4352,llm_compression_cc,1,4.328923344612122,4
d256h4L8,6033664,4352,llm_compression_cc,2,3.9426814317703247,4
d256h4L8,6033664,4352,llm_compression_cc,3,3.809207260608673,4
d256h4L8,6033664,4352,llm_compression_cc,4,3.7395055294036865,4
d256h4L8,6033664,4352,llm_compression_python,1,3.416419744491577,4
d256h4L8,6033664,4352,llm_compression_python,2,3.012738505999247,4
d256h4L8,6033664,4352,llm_compression_python,3,2.8843477368354797,4
d256h4L8,6033664,4352,llm_compression_python,4,2.819438934326172,4
d256h4L8,6033664,4352,metamath,1,3.647930681705475,4
d256h4L8,6033664,4352,metamath,2,3.227886120478312,4
d256h4L8,6033664,4352,metamath,3,3.0897997617721558,4
d256h4L8,6033664,4352,metamath,4,3.0194244384765625,4
d256h4L8,6033664,4352,musicnet_pcm8,1,3.5988478660583496,4
d256h4L8,6033664,4352,musicnet_pcm8,2,3.2468644777933755,4
d256h4L8,6033664,4352,musicnet_pcm8,3,3.1313926577568054,4
d256h4L8,6033664,4352,musicnet_pcm8,4,3.072547435760498,4
d256h4L8,6033664,4352,musicnet_pcm8_11khz,1,4.553700804710388,4
d256h4L8,6033664,4352,musicnet_pcm8_11khz,2,4.211042165756226,4
d256h4L8,6033664,4352,musicnet_pcm8_11khz,3,4.089099884033203,4
d256h4L8,6033664,4352,musicnet_pcm8_11khz,4,4.024714469909668,4
d256h4L8,6033664,4352,mutopia_melody_16th,1,2.86800479888916,4
d256h4L8,6033664,4352,mutopia_melody_16th,2,2.5190641482671103,4
d256h4L8,6033664,4352,mutopia_melody_16th,3,2.406280755996704,4
d256h4L8,6033664,4352,mutopia_melody_16th,4,2.353813409805298,4
d256h4L8,6033664,4352,speech_commands_pcm8,1,3.059755027294159,4
d256h4L8,6033664,4352,speech_commands_pcm8,2,2.807487686475118,4
d256h4L8,6033664,4352,speech_commands_pcm8,3,2.720662236213684,4
d256h4L8,6033664,4352,speech_commands_pcm8,4,2.675719976425171,4
d256h4L8,6033664,4352,speech_commands_pcm8_8khz,1,3.1901776790618896,4
d256h4L8,6033664,4352,speech_commands_pcm8_8khz,2,2.922197103500366,4
d256h4L8,6033664,4352,speech_commands_pcm8_8khz,3,2.825629711151123,4
d256h4L8,6033664,4352,speech_commands_pcm8_8khz,4,2.7744927406311035,4
d256h4L8,6033664,4608,aitdcc_a_protein,1,5.7037447690963745,4
d256h4L8,6033664,4608,aitdcc_a_protein,2,5.294348239898682,4
d256h4L8,6033664,4608,aitdcc_a_protein,3,5.151269793510437,4
d256h4L8,6033664,4608,aitdcc_a_protein,4,5.076937198638916,4
d256h4L8,6033664,4608,aitdcc_b_c_source,1,4.186292231082916,4
d256h4L8,6033664,4608,aitdcc_b_c_source,2,3.6084333658218384,4
d256h4L8,6033664,4608,aitdcc_b_c_source,3,3.4537481665611267,4
d256h4L8,6033664,4608,aitdcc_b_c_source,4,3.3782541751861572,4
d256h4L8,6033664,4608,aitdcc_d_glibc_rand,1,8.978839635848999,4
d256h4L8,6033664,4608,aitdcc_d_glibc_rand,2,8.598606904347738,4
d256h4L8,6033664,4608,aitdcc_d_glibc_rand,3,8.455538272857666,4
d256h4L8,6033664,4608,aitdcc_d_glibc_rand,4,8.377725601196289,4
d256h4L8,6033664,4608,aitdcc_e_atlas_float32,1,7.867310643196106,4
d256h4L8,6033664,4608,aitdcc_e_atlas_float32,2,7.49381947517395,4
d256h4L8,6033664,4608,aitdcc_e_atlas_float32,3,7.356688380241394,4
d256h4L8,6033664,4608,aitdcc_e_atlas_float32,4,7.283075332641602,4
d256h4L8,6033664,4608,aitdcc_g_astronomy,1,3.37008798122406,4
d256h4L8,6033664,4608,aitdcc_g_astronomy,2,3.143961469332377,4
d256h4L8,6033664,4608,aitdcc_g_astronomy,3,3.0652841925621033,4
d256h4L8,6033664,4608,aitdcc_g_astronomy,4,3.0236902236938477,4
d256h4L8,6033664,4608,arithmetic,1,2.371616542339325,4
d256h4L8,6033664,4608,arithmetic,2,1.5063601434230804,4
d256h4L8,6033664,4608,arithmetic,3,1.2897522300481796,4
d256h4L8,6033664,4608,arithmetic,4,1.2291182279586792,4
d256h4L8,6033664,4608,audio_16bit,1,8.220151543617249,4
d256h4L8,6033664,4608,audio_16bit,2,7.713269631067912,4
d256h4L8,6033664,4608,audio_16bit,3,7.519411206245422,4
d256h4L8,6033664,4608,audio_16bit,4,7.4111175537109375,4
d256h4L8,6033664,4608,audio_8bit,1,6.397708773612976,4
d256h4L8,6033664,4608,audio_8bit,2,5.726543267567952,4
d256h4L8,6033664,4608,audio_8bit,3,5.461228251457214,4
d256h4L8,6033664,4608,audio_8bit,4,5.3215436935424805,4
d256h4L8,6033664,4608,cifar10_rgb_hwc,1,8.368880033493042,4
d256h4L8,6033664,4608,cifar10_rgb_hwc,2,7.924094597498576,4
d256h4L8,6033664,4608,cifar10_rgb_hwc,3,7.762888193130493,4
d256h4L8,6033664,4608,cifar10_rgb_hwc,4,7.676713943481445,4
d256h4L8,6033664,4608,cifar10_rgb_planar,1,8.374274492263794,4
d256h4L8,6033664,4608,cifar10_rgb_planar,2,7.935687303543091,4
d256h4L8,6033664,4608,cifar10_rgb_planar,3,7.777366042137146,4
d256h4L8,6033664,4608,cifar10_rgb_planar,4,7.6926422119140625,4
d256h4L8,6033664,4608,dclm,1,4.803387880325317,4
d256h4L8,6033664,4608,dclm,2,4.3446595668792725,4
d256h4L8,6033664,4608,dclm,3,4.205493927001953,4
d256h4L8,6033664,4608,dclm,4,4.134819984436035,4
d256h4L8,6033664,4608,dclm_ranked,1,6.974231123924255,4
d256h4L8,6033664,4608,dclm_ranked,2,6.193899552027385,4
d256h4L8,6033664,4608,dclm_ranked,3,5.878859877586365,4
d256h4L8,6033664,4608,dclm_ranked,4,5.723286151885986,4
d256h4L8,6033664,4608,dna,1,4.817941844463348,4
d256h4L8,6033664,4608,dna,2,4.015183051427205,4
d256h4L8,6033664,4608,dna,3,3.7162140607833862,4
d256h4L8,6033664,4608,dna,4,3.553145408630371,4
d256h4L8,6033664,4608,esc50_pcm8,1,3.11823970079422,4
d256h4L8,6033664,4608,esc50_pcm8,2,2.7838947772979736,4
d256h4L8,6033664,4608,esc50_pcm8,3,2.6911016702651978,4
d256h4L8,6033664,4608,esc50_pcm8,4,2.6459105014801025,4
d256h4L8,6033664,4608,esc50_pcm8_11khz,1,3.966432750225067,4
d256h4L8,6033664,4608,esc50_pcm8_11khz,2,3.6446645657221475,4
d256h4L8,6033664,4608,esc50_pcm8_11khz,3,3.544920027256012,4
d256h4L8,6033664,4608,esc50_pcm8_11khz,4,3.4941647052764893,4
d256h4L8,6033664,4608,kolmogorov_dna,1,4.0553025007247925,4
d256h4L8,6033664,4608,kolmogorov_dna,2,3.43826957543691,4
d256h4L8,6033664,4608,kolmogorov_dna,3,3.2613869309425354,4
d256h4L8,6033664,4608,kolmogorov_dna,4,3.177518367767334,4
d256h4L8,6033664,4608,kolmogorov_text,1,4.678058505058289,4
d256h4L8,6033664,4608,kolmogorov_text,2,4.176800608634949,4
d256h4L8,6033664,4608,kolmogorov_text,3,4.030365884304047,4
d256h4L8,6033664,4608,kolmogorov_text,4,3.956925868988037,4
d256h4L8,6033664,4608,llm_compression_arxiv_math,1,4.246791779994965,4
d256h4L8,6033664,4608,llm_compression_arxiv_math,2,3.7184267044067383,4
d256h4L8,6033664,4608,llm_compression_arxiv_math,3,3.5720142126083374,4
d256h4L8,6033664,4608,llm_compression_arxiv_math,4,3.5001699924468994,4
d256h4L8,6033664,4608,llm_compression_cc,1,4.557514309883118,4
d256h4L8,6033664,4608,llm_compression_cc,2,4.096129933993022,4
d256h4L8,6033664,4608,llm_compression_cc,3,3.9584479928016663,4
d256h4L8,6033664,4608,llm_compression_cc,4,3.8890109062194824,4
d256h4L8,6033664,4608,llm_compression_python,1,3.660426914691925,4
d256h4L8,6033664,4608,llm_compression_python,2,3.1583014726638794,4
d256h4L8,6033664,4608,llm_compression_python,3,3.023683726787567,4
d256h4L8,6033664,4608,llm_compression_python,4,2.9574813842773438,4
d256h4L8,6033664,4608,metamath,1,3.878189444541931,4
d256h4L8,6033664,4608,metamath,2,3.3790365060170493,4
d256h4L8,6033664,4608,metamath,3,3.240275204181671,4
d256h4L8,6033664,4608,metamath,4,3.172070264816284,4
d256h4L8,6033664,4608,musicnet_pcm8,1,3.8804308772087097,4
d256h4L8,6033664,4608,musicnet_pcm8,2,3.3964237769444785,4
d256h4L8,6033664,4608,musicnet_pcm8,3,3.265583336353302,4
d256h4L8,6033664,4608,musicnet_pcm8,4,3.2020015716552734,4
d256h4L8,6033664,4608,musicnet_pcm8_11khz,1,4.641377568244934,4
d256h4L8,6033664,4608,musicnet_pcm8_11khz,2,4.240455667177836,4
d256h4L8,6033664,4608,musicnet_pcm8_11khz,3,4.116213500499725,4
d256h4L8,6033664,4608,musicnet_pcm8_11khz,4,4.052830696105957,4
d256h4L8,6033664,4608,mutopia_melody_16th,1,2.980654001235962,4
d256h4L8,6033664,4608,mutopia_melody_16th,2,2.6053899923960366,4
d256h4L8,6033664,4608,mutopia_melody_16th,3,2.4995521903038025,4
d256h4L8,6033664,4608,mutopia_melody_16th,4,2.4503321647644043,4
d256h4L8,6033664,4608,speech_commands_pcm8,1,3.1363035440444946,4
d256h4L8,6033664,4608,speech_commands_pcm8,2,2.8366846640904746,4
d256h4L8,6033664,4608,speech_commands_pcm8,3,2.746386170387268,4
d256h4L8,6033664,4608,speech_commands_pcm8,4,2.7012548446655273,4
d256h4L8,6033664,4608,speech_commands_pcm8_8khz,1,3.2430533170700073,4
d256h4L8,6033664,4608,speech_commands_pcm8_8khz,2,2.938010017077128,4
d256h4L8,6033664,4608,speech_commands_pcm8_8khz,3,2.8418254256248474,4
d256h4L8,6033664,4608,speech_commands_pcm8_8khz,4,2.7925164699554443,4
d256h4L8,6033664,4864,aitdcc_a_protein,1,5.540868043899536,4
d256h4L8,6033664,4864,aitdcc_a_protein,2,5.1735594272613525,4
d256h4L8,6033664,4864,aitdcc_a_protein,3,5.0415239334106445,4
d256h4L8,6033664,4864,aitdcc_a_protein,4,4.973121643066406,4
d256h4L8,6033664,4864,aitdcc_b_c_source,1,3.8034827709198,4
d256h4L8,6033664,4864,aitdcc_b_c_source,2,3.3727039098739624,4
d256h4L8,6033664,4864,aitdcc_b_c_source,3,3.2374412417411804,4
d256h4L8,6033664,4864,aitdcc_b_c_source,4,3.169734477996826,4
d256h4L8,6033664,4864,aitdcc_d_glibc_rand,1,9.01596736907959,4
d256h4L8,6033664,4864,aitdcc_d_glibc_rand,2,8.630438645680746,4
d256h4L8,6033664,4864,aitdcc_d_glibc_rand,3,8.48405933380127,4
d256h4L8,6033664,4864,aitdcc_d_glibc_rand,4,8.404112815856934,4
d256h4L8,6033664,4864,aitdcc_e_atlas_float32,1,7.872807264328003,4
d256h4L8,6033664,4864,aitdcc_e_atlas_float32,2,7.483619054158528,4
d256h4L8,6033664,4864,aitdcc_e_atlas_float32,3,7.336108207702637,4
d256h4L8,6033664,4864,aitdcc_e_atlas_float32,4,7.2561187744140625,4
d256h4L8,6033664,4864,aitdcc_g_astronomy,1,3.256541430950165,4
d256h4L8,6033664,4864,aitdcc_g_astronomy,2,3.0545854568481445,4
d256h4L8,6033664,4864,aitdcc_g_astronomy,3,2.9804969429969788,4
d256h4L8,6033664,4864,aitdcc_g_astronomy,4,2.9405176639556885,4
d256h4L8,6033664,4864,arithmetic,1,1.1328647583723068,4
d256h4L8,6033664,4864,arithmetic,2,0.7978894710540771,4
d256h4L8,6033664,4864,arithmetic,3,0.7465974688529968,4
d256h4L8,6033664,4864,arithmetic,4,0.7303723096847534,4
d256h4L8,6033664,4864,audio_16bit,1,8.25362777709961,4
d256h4L8,6033664,4864,audio_16bit,2,7.676186482111613,4
d256h4L8,6033664,4864,audio_16bit,3,7.425819993019104,4
d256h4L8,6033664,4864,audio_16bit,4,7.273077011108398,4
d256h4L8,6033664,4864,audio_8bit,1,6.1982128620147705,4
d256h4L8,6033664,4864,audio_8bit,2,5.479660431543986,4
d256h4L8,6033664,4864,audio_8bit,3,5.188574433326721,4
d256h4L8,6033664,4864,audio_8bit,4,5.017615795135498,4
d256h4L8,6033664,4864,cifar10_rgb_hwc,1,8.3833589553833,4
d256h4L8,6033664,4864,cifar10_rgb_hwc,2,7.929707050323486,4
d256h4L8,6033664,4864,cifar10_rgb_hwc,3,7.7613303661346436,4
d256h4L8,6033664,4864,cifar10_rgb_hwc,4,7.6707000732421875,4
d256h4L8,6033664,4864,cifar10_rgb_planar,1,8.377241492271423,4
d256h4L8,6033664,4864,cifar10_rgb_planar,2,7.933821837107341,4
d256h4L8,6033664,4864,cifar10_rgb_planar,3,7.7695780992507935,4
d256h4L8,6033664,4864,cifar10_rgb_planar,4,7.680872917175293,4
d256h4L8,6033664,4864,dclm,1,4.580414652824402,4
d256h4L8,6033664,4864,dclm,2,4.1818461418151855,4
d256h4L8,6033664,4864,dclm,3,4.0471566915512085,4
d256h4L8,6033664,4864,dclm,4,3.977170944213867,4
d256h4L8,6033664,4864,dclm_ranked,1,6.9053003787994385,4
d256h4L8,6033664,4864,dclm_ranked,2,6.040811697642009,4
d256h4L8,6033664,4864,dclm_ranked,3,5.737066388130188,4
d256h4L8,6033664,4864,dclm_ranked,4,5.57096004486084,4
d256h4L8,6033664,4864,dna,1,4.504735350608826,4
d256h4L8,6033664,4864,dna,2,3.7767546574274697,4
d256h4L8,6033664,4864,dna,3,3.530786871910095,4
d256h4L8,6033664,4864,dna,4,3.3799424171447754,4
d256h4L8,6033664,4864,esc50_pcm8,1,2.9655598998069763,4
d256h4L8,6033664,4864,esc50_pcm8,2,2.6969231367111206,4
d256h4L8,6033664,4864,esc50_pcm8,3,2.614517629146576,4
d256h4L8,6033664,4864,esc50_pcm8,4,2.5734381675720215,4
d256h4L8,6033664,4864,esc50_pcm8_11khz,1,3.881070554256439,4
d256h4L8,6033664,4864,esc50_pcm8_11khz,2,3.6027794679005942,4
d256h4L8,6033664,4864,esc50_pcm8_11khz,3,3.5090054869651794,4
d256h4L8,6033664,4864,esc50_pcm8_11khz,4,3.460638999938965,4
d256h4L8,6033664,4864,kolmogorov_dna,1,3.8724153637886047,4
d256h4L8,6033664,4864,kolmogorov_dna,2,3.298756957054138,4
d256h4L8,6033664,4864,kolmogorov_dna,3,3.125520169734955,4
d256h4L8,6033664,4864,kolmogorov_dna,4,3.0304040908813477,4
d256h4L8,6033664,4864,kolmogorov_text,1,4.415730178356171,4
d256h4L8,6033664,4864,kolmogorov_text,2,3.9907086292902627,4
d256h4L8,6033664,4864,kolmogorov_text,3,3.8513222336769104,4
d256h4L8,6033664,4864,kolmogorov_text,4,3.7798542976379395,4
d256h4L8,6033664,4864,llm_compression_arxiv_math,1,3.913253128528595,4
d256h4L8,6033664,4864,llm_compression_arxiv_math,2,3.4914812644322715,4
d256h4L8,6033664,4864,llm_compression_arxiv_math,3,3.3569315671920776,4
d256h4L8,6033664,4864,llm_compression_arxiv_math,4,3.288874864578247,4
d256h4L8,6033664,4864,llm_compression_cc,1,4.294024646282196,4
d256h4L8,6033664,4864,llm_compression_cc,2,3.910596489906311,4
d256h4L8,6033664,4864,llm_compression_cc,3,3.781851887702942,4
d256h4L8,6033664,4864,llm_compression_cc,4,3.715228796005249,4
d256h4L8,6033664,4864,llm_compression_python,1,3.3738006353378296,4
d256h4L8,6033664,4864,llm_compression_python,2,2.9823465744654336,4
d256h4L8,6033664,4864,llm_compression_python,3,2.861116945743561,4
d256h4L8,6033664,4864,llm_compression_python,4,2.800297975540161,4
d256h4L8,6033664,4864,metamath,1,3.576330244541168,4
d256h4L8,6033664,4864,metamath,2,3.185748338699341,4
d256h4L8,6033664,4864,metamath,3,3.059987485408783,4
d256h4L8,6033664,4864,metamath,4,2.995936632156372,4
d256h4L8,6033664,4864,musicnet_pcm8,1,3.5220208764076233,4
d256h4L8,6033664,4864,musicnet_pcm8,2,3.1898066202799478,4
d256h4L8,6033664,4864,musicnet_pcm8,3,3.0835460424423218,4
d256h4L8,6033664,4864,musicnet_pcm8,4,3.029576301574707,4
d256h4L8,6033664,4864,musicnet_pcm8_11khz,1,4.485500812530518,4
d256h4L8,6033664,4864,musicnet_pcm8_11khz,2,4.155198375384013,4
d256h4L8,6033664,4864,musicnet_pcm8_11khz,3,4.043072819709778,4
d256h4L8,6033664,4864,musicnet_pcm8_11khz,4,3.984731435775757,4
d256h4L8,6033664,4864,mutopia_melody_16th,1,2.8140789270401,4
d256h4L8,6033664,4864,mutopia_melody_16th,2,2.4624016682306924,4
d256h4L8,6033664,4864,mutopia_melody_16th,3,2.357927620410919,4
d256h4L8,6033664,4864,mutopia_melody_16th,4,2.309140682220459,4
d256h4L8,6033664,4864,speech_commands_pcm8,1,3.0327964425086975,4
d256h4L8,6033664,4864,speech_commands_pcm8,2,2.7803776264190674,4
d256h4L8,6033664,4864,speech_commands_pcm8,3,2.6959203481674194,4
d256h4L8,6033664,4864,speech_commands_pcm8,4,2.652939796447754,4
d256h4L8,6033664,4864,speech_commands_pcm8_8khz,1,3.2025980353355408,4
d256h4L8,6033664,4864,speech_commands_pcm8_8khz,2,2.9212944904963174,4
d256h4L8,6033664,4864,speech_commands_pcm8_8khz,3,2.8207315802574158,4
d256h4L8,6033664,4864,speech_commands_pcm8_8khz,4,2.7688093185424805,4
d256h4L8,6033664,5120,aitdcc_a_protein,1,5.518254399299622,4
d256h4L8,6033664,5120,aitdcc_a_protein,2,5.197738726933797,4
d256h4L8,6033664,5120,aitdcc_a_protein,3,5.084377884864807,4
d256h4L8,6033664,5120,aitdcc_a_protein,4,5.0251264572143555,4
d256h4L8,6033664,5120,aitdcc_b_c_source,1,3.85579651594162,4
d256h4L8,6033664,5120,aitdcc_b_c_source,2,3.4107135931650796,4
d256h4L8,6033664,5120,aitdcc_b_c_source,3,3.273768723011017,4
d256h4L8,6033664,5120,aitdcc_b_c_source,4,3.2055208683013916,4
d256h4L8,6033664,5120,aitdcc_d_glibc_rand,1,9.001713514328003,4
d256h4L8,6033664,5120,aitdcc_d_glibc_rand,2,8.623586495717367,4
d256h4L8,6033664,5120,aitdcc_d_glibc_rand,3,8.481933832168579,4
d256h4L8,6033664,5120,aitdcc_d_glibc_rand,4,8.405229568481445,4
d256h4L8,6033664,5120,aitdcc_e_atlas_float32,1,7.899003863334656,4
d256h4L8,6033664,5120,aitdcc_e_atlas_float32,2,7.512055555979411,4
d256h4L8,6033664,5120,aitdcc_e_atlas_float32,3,7.367677688598633,4
d256h4L8,6033664,5120,aitdcc_e_atlas_float32,4,7.289860248565674,4
d256h4L8,6033664,5120,aitdcc_g_astronomy,1,3.2843109369277954,4
d256h4L8,6033664,5120,aitdcc_g_astronomy,2,3.0933314164479575,4
d256h4L8,6033664,5120,aitdcc_g_astronomy,3,3.022725760936737,4
d256h4L8,6033664,5120,aitdcc_g_astronomy,4,2.985856056213379,4
d256h4L8,6033664,5120,arithmetic,1,1.4521514624357224,4
d256h4L8,6033664,5120,arithmetic,2,0.9127582013607025,4
d256h4L8,6033664,5120,arithmetic,3,0.8285960257053375,4
d256h4L8,6033664,5120,arithmetic,4,0.8050456047058105,4
d256h4L8,6033664,5120,audio_16bit,1,8.44641399383545,4
d256h4L8,6033664,5120,audio_16bit,2,7.918637037277222,4
d256h4L8,6033664,5120,audio_16bit,3,7.721786737442017,4
d256h4L8,6033664,5120,audio_16bit,4,7.613700866699219,4
d256h4L8,6033664,5120,audio_8bit,1,6.556561708450317,4
d256h4L8,6033664,5120,audio_8bit,2,5.862543265024821,4
d256h4L8,6033664,5120,audio_8bit,3,5.6006410121917725,4
d256h4L8,6033664,5120,audio_8bit,4,5.46552848815918,4
d256h4L8,6033664,5120,cifar10_rgb_hwc,1,8.394453883171082,4
d256h4L8,6033664,5120,cifar10_rgb_hwc,2,7.947620868682861,4
d256h4L8,6033664,5120,cifar10_rgb_hwc,3,7.784199118614197,4
d256h4L8,6033664,5120,cifar10_rgb_hwc,4,7.696859359741211,4
d256h4L8,6033664,5120,cifar10_rgb_planar,1,8.39490258693695,4
d256h4L8,6033664,5120,cifar10_rgb_planar,2,7.954971075057983,4
d256h4L8,6033664,5120,cifar10_rgb_planar,3,7.794215559959412,4
d256h4L8,6033664,5120,cifar10_rgb_planar,4,7.70808744430542,4
d256h4L8,6033664,5120,dclm,1,4.596874833106995,4
d256h4L8,6033664,5120,dclm,2,4.1951979001363116,4
d256h4L8,6033664,5120,dclm,3,4.0613895654678345,4
d256h4L8,6033664,5120,dclm,4,3.9925379753112793,4
d256h4L8,6033664,5120,dclm_ranked,1,7.297070622444153,4
d256h4L8,6033664,5120,dclm_ranked,2,6.452004591623942,4
d256h4L8,6033664,5120,dclm_ranked,3,6.15830659866333,4
d256h4L8,6033664,5120,dclm_ranked,4,6.015200614929199,4
d256h4L8,6033664,5120,dna,1,4.740864038467407,4
d256h4L8,6033664,5120,dna,2,4.048920591672261,4
d256h4L8,6033664,5120,dna,3,3.863412320613861,4
d256h4L8,6033664,5120,dna,4,3.7924375534057617,4
d256h4L8,6033664,5120,esc50_pcm8,1,2.9701544046401978,4
d256h4L8,6033664,5120,esc50_pcm8,2,2.6953261295954385,4
d256h4L8,6033664,5120,esc50_pcm8,3,2.611185073852539,4
d256h4L8,6033664,5120,esc50_pcm8,4,2.5695290565490723,4
d256h4L8,6033664,5120,esc50_pcm8_11khz,1,3.8814620971679688,4
d256h4L8,6033664,5120,esc50_pcm8_11khz,2,3.593262871106466,4
d256h4L8,6033664,5120,esc50_pcm8_11khz,3,3.4955440759658813,4
d256h4L8,6033664,5120,esc50_pcm8_11khz,4,3.4453859329223633,4
d256h4L8,6033664,5120,kolmogorov_dna,1,4.062277436256409,4
d256h4L8,6033664,5120,kolmogorov_dna,2,3.4891236623128257,4
d256h4L8,6033664,5120,kolmogorov_dna,3,3.337412476539612,4
d256h4L8,6033664,5120,kolmogorov_dna,4,3.276228666305542,4
d256h4L8,6033664,5120,kolmogorov_text,1,4.429505348205566,4
d256h4L8,6033664,5120,kolmogorov_text,2,4.003227194150289,4
d256h4L8,6033664,5120,kolmogorov_text,3,3.8648133277893066,4
d256h4L8,6033664,5120,kolmogorov_text,4,3.7942402362823486,4
d256h4L8,6033664,5120,llm_compression_arxiv_math,1,3.9114442467689514,4
d256h4L8,6033664,5120,llm_compression_arxiv_math,2,3.4905460278193154,4
d256h4L8,6033664,5120,llm_compression_arxiv_math,3,3.3575648069381714,4
d256h4L8,6033664,5120,llm_compression_arxiv_math,4,3.290546178817749,4
d256h4L8,6033664,5120,llm_compression_cc,1,4.301907420158386,4
d256h4L8,6033664,5120,llm_compression_cc,2,3.915415048599243,4
d256h4L8,6033664,5120,llm_compression_cc,3,3.7870450019836426,4
d256h4L8,6033664,5120,llm_compression_cc,4,3.7213213443756104,4
d256h4L8,6033664,5120,llm_compression_python,1,3.3912183046340942,4
d256h4L8,6033664,5120,llm_compression_python,2,2.994130492210388,4
d256h4L8,6033664,5120,llm_compression_python,3,2.873071312904358,4
d256h4L8,6033664,5120,llm_compression_python,4,2.812849283218384,4
d256h4L8,6033664,5120,metamath,1,3.639097034931183,4
d256h4L8,6033664,5120,metamath,2,3.238226056098938,4
d256h4L8,6033664,5120,metamath,3,3.1111162304878235,4
d256h4L8,6033664,5120,metamath,4,3.046780586242676,4
d256h4L8,6033664,5120,musicnet_pcm8,1,3.5292603373527527,4
d256h4L8,6033664,5120,musicnet_pcm8,2,3.1939125855763755,4
d256h4L8,6033664,5120,musicnet_pcm8,3,3.0872527956962585,4
d256h4L8,6033664,5120,musicnet_pcm8,4,3.033358097076416,4
d256h4L8,6033664,5120,musicnet_pcm8_11khz,1,4.470475077629089,4
d256h4L8,6033664,5120,musicnet_pcm8_11khz,2,4.133169809977214,4
d256h4L8,6033664,5120,musicnet_pcm8_11khz,3,4.017811954021454,4
d256h4L8,6033664,5120,musicnet_pcm8_11khz,4,3.9581403732299805,4
d256h4L8,6033664,5120,mutopia_melody_16th,1,2.8635478019714355,4
d256h4L8,6033664,5120,mutopia_melody_16th,2,2.5303415060043335,4
d256h4L8,6033664,5120,mutopia_melody_16th,3,2.4282416105270386,4
d256h4L8,6033664,5120,mutopia_melody_16th,4,2.3791282176971436,4
d256h4L8,6033664,5120,speech_commands_pcm8,1,3.0385777354240417,4
d256h4L8,6033664,5120,speech_commands_pcm8,2,2.7717652718226113,4
d256h4L8,6033664,5120,speech_commands_pcm8,3,2.683483302593231,4
d256h4L8,6033664,5120,speech_commands_pcm8,4,2.63934588432312,4
d256h4L8,6033664,5120,speech_commands_pcm8_8khz,1,3.1968740820884705,4
d256h4L8,6033664,5120,speech_commands_pcm8_8khz,2,2.89648167292277,4
d256h4L8,6033664,5120,speech_commands_pcm8_8khz,3,2.792923331260681,4
d256h4L8,6033664,5120,speech_commands_pcm8_8khz,4,2.7409417629241943,4
d256h4L8,6033664,5376,aitdcc_a_protein,1,6.086993098258972,4
d256h4L8,6033664,5376,aitdcc_a_protein,2,5.444693724314372,4
d256h4L8,6033664,5376,aitdcc_a_protein,3,5.263422250747681,4
d256h4L8,6033664,5376,aitdcc_a_protein,4,5.17303466796875,4
d256h4L8,6033664,5376,aitdcc_b_c_source,1,5.0053388476371765,4
d256h4L8,6033664,5376,aitdcc_b_c_source,2,3.7715278466542563,4
d256h4L8,6033664,5376,aitdcc_b_c_source,3,3.540573477745056,4
d256h4L8,6033664,5376,aitdcc_b_c_source,4,3.4439446926116943,4
d256h4L8,6033664,5376,aitdcc_d_glibc_rand,1,9.032559394836426,4
d256h4L8,6033664,5376,aitdcc_d_glibc_rand,2,8.63500452041626,4
d256h4L8,6033664,5376,aitdcc_d_glibc_rand,3,8.482972860336304,4
d256h4L8,6033664,5376,aitdcc_d_glibc_rand,4,8.39964485168457,4
d256h4L8,6033664,5376,aitdcc_e_atlas_float32,1,8.176203608512878,4
d256h4L8,6033664,5376,aitdcc_e_atlas_float32,2,7.660420735677083,4
d256h4L8,6033664,5376,aitdcc_e_atlas_float32,3,7.485991835594177,4
d256h4L8,6033664,5376,aitdcc_e_atlas_float32,4,7.393124103546143,4
d256h4L8,6033664,5376,aitdcc_g_astronomy,1,4.065585911273956,4
d256h4L8,6033664,5376,aitdcc_g_astronomy,2,3.3653162717819214,4
d256h4L8,6033664,5376,aitdcc_g_astronomy,3,3.2429779171943665,4
d256h4L8,6033664,5376,aitdcc_g_astronomy,4,3.185033082962036,4
d256h4L8,6033664,5376,arithmetic,1,3.5217879861593246,4
d256h4L8,6033664,5376,arithmetic,2,1.7745426297187805,4
d256h4L8,6033664,5376,arithmetic,3,1.3864513635635376,4
d256h4L8,6033664,5376,arithmetic,4,1.2987275123596191,4
d256h4L8,6033664,5376,audio_16bit,1,8.632397651672363,4
d256h4L8,6033664,5376,audio_16bit,2,8.030757745107016,4
d256h4L8,6033664,5376,audio_16bit,3,7.788101315498352,4
d256h4L8,6033664,5376,audio_16bit,4,7.663836479187012,4
d256h4L8,6033664,5376,audio_8bit,1,7.138440847396851,4
d256h4L8,6033664,5376,audio_8bit,2,6.374958515167236,4
d256h4L8,6033664,5376,audio_8bit,3,6.061116933822632,4
d256h4L8,6033664,5376,audio_8bit,4,5.899056434631348,4
d256h4L8,6033664,5376,cifar10_rgb_hwc,1,8.535650372505188,4
d256h4L8,6033664,5376,cifar10_rgb_hwc,2,8.037439346313477,4
d256h4L8,6033664,5376,cifar10_rgb_hwc,3,7.856223225593567,4
d256h4L8,6033664,5376,cifar10_rgb_hwc,4,7.761577606201172,4
d256h4L8,6033664,5376,cifar10_rgb_planar,1,8.536766290664673,4
d256h4L8,6033664,5376,cifar10_rgb_planar,2,8.044498205184937,4
d256h4L8,6033664,5376,cifar10_rgb_planar,3,7.867952108383179,4
d256h4L8,6033664,5376,cifar10_rgb_planar,4,7.7754740715026855,4
d256h4L8,6033664,5376,dclm,1,5.4232940673828125,4
d256h4L8,6033664,5376,dclm,2,4.504542509714763,4
d256h4L8,6033664,5376,dclm,3,4.304949700832367,4
d256h4L8,6033664,5376,dclm,4,4.213419437408447,4
d256h4L8,6033664,5376,dclm_ranked,1,7.96305251121521,4
d256h4L8,6033664,5376,dclm_ranked,2,7.065765539805095,4
d256h4L8,6033664,5376,dclm_ranked,3,6.737713932991028,4
d256h4L8,6033664,5376,dclm_ranked,4,6.569881916046143,4
d256h4L8,6033664,5376,dna,1,5.3845720291137695,4
d256h4L8,6033664,5376,dna,2,4.466486533482869,4
d256h4L8,6033664,5376,dna,3,4.159941136837006,4
d256h4L8,6033664,5376,dna,4,4.02564001083374,4
d256h4L8,6033664,5376,esc50_pcm8,1,3.5764326453208923,4
d256h4L8,6033664,5376,esc50_pcm8,2,2.968096295992533,4
d256h4L8,6033664,5376,esc50_pcm8,3,2.8311136960983276,4
d256h4L8,6033664,5376,esc50_pcm8,4,2.772097587585449,4
d256h4L8,6033664,5376,esc50_pcm8_11khz,1,4.2889633774757385,4
d256h4L8,6033664,5376,esc50_pcm8_11khz,2,3.7915417750676474,4
d256h4L8,6033664,5376,esc50_pcm8_11khz,3,3.6582447290420532,4
d256h4L8,6033664,5376,esc50_pcm8_11khz,4,3.5940921306610107,4
d256h4L8,6033664,5376,kolmogorov_dna,1,4.685268521308899,4
d256h4L8,6033664,5376,kolmogorov_dna,2,3.8650134404500327,4
d256h4L8,6033664,5376,kolmogorov_dna,3,3.5964696407318115,4
d256h4L8,6033664,5376,kolmogorov_dna,4,3.48606538772583,4
d256h4L8,6033664,5376,kolmogorov_text,1,5.328312873840332,4
d256h4L8,6033664,5376,kolmogorov_text,2,4.320149779319763,4
d256h4L8,6033664,5376,kolmogorov_text,3,4.109372317790985,4
d256h4L8,6033664,5376,kolmogorov_text,4,4.015275955200195,4
d256h4L8,6033664,5376,llm_compression_arxiv_math,1,5.0059685707092285,4
d256h4L8,6033664,5376,llm_compression_arxiv_math,2,3.861601988474528,4
d256h4L8,6033664,5376,llm_compression_arxiv_math,3,3.642702102661133,4
d256h4L8,6033664,5376,llm_compression_arxiv_math,4,3.548898696899414,4
d256h4L8,6033664,5376,llm_compression_cc,1,5.191308617591858,4
d256h4L8,6033664,5376,llm_compression_cc,2,4.246331691741943,4
d256h4L8,6033664,5376,llm_compression_cc,3,4.052747011184692,4
d256h4L8,6033664,5376,llm_compression_cc,4,3.964700222015381,4
d256h4L8,6033664,5376,llm_compression_python,1,4.538885474205017,4
d256h4L8,6033664,5376,llm_compression_python,2,3.3729711771011353,4
d256h4L8,6033664,5376,llm_compression_python,3,3.16033536195755,4
d256h4L8,6033664,5376,llm_compression_python,4,3.0723135471343994,4
d256h4L8,6033664,5376,metamath,1,4.729709088802338,4
d256h4L8,6033664,5376,metamath,2,3.606144825617472,4
d256h4L8,6033664,5376,metamath,3,3.3967456817626953,4
d256h4L8,6033664,5376,metamath,4,3.3064846992492676,4
d256h4L8,6033664,5376,musicnet_pcm8,1,4.54598730802536,4
d256h4L8,6033664,5376,musicnet_pcm8,2,3.615797519683838,4
d256h4L8,6033664,5376,musicnet_pcm8,3,3.4369008541107178,4
d256h4L8,6033664,5376,musicnet_pcm8,4,3.3578073978424072,4
d256h4L8,6033664,5376,musicnet_pcm8_11khz,1,4.97652542591095,4
d256h4L8,6033664,5376,musicnet_pcm8_11khz,2,4.3865121603012085,4
d256h4L8,6033664,5376,musicnet_pcm8_11khz,3,4.230173945426941,4
d256h4L8,6033664,5376,musicnet_pcm8_11khz,4,4.15334939956665,4
d256h4L8,6033664,5376,mutopia_melody_16th,1,3.6135441064834595,4
d256h4L8,6033664,5376,mutopia_melody_16th,2,2.8452640374501548,4
d256h4L8,6033664,5376,mutopia_melody_16th,3,2.671578288078308,4
d256h4L8,6033664,5376,mutopia_melody_16th,4,2.602403402328491,4
d256h4L8,6033664,5376,speech_commands_pcm8,1,3.540984332561493,4
d256h4L8,6033664,5376,speech_commands_pcm8,2,2.9987600644429526,4
d256h4L8,6033664,5376,speech_commands_pcm8,3,2.8653356432914734,4
d256h4L8,6033664,5376,speech_commands_pcm8,4,2.804018020629883,4
d256h4L8,6033664,5376,speech_commands_pcm8_8khz,1,3.5335609912872314,4
d256h4L8,6033664,5376,speech_commands_pcm8_8khz,2,3.051889419555664,4
d256h4L8,6033664,5376,speech_commands_pcm8_8khz,3,2.9128793478012085,4
d256h4L8,6033664,5376,speech_commands_pcm8_8khz,4,2.8470706939697266,4
d256h4L8,6033664,5632,aitdcc_a_protein,1,6.213248610496521,4
d256h4L8,6033664,5632,aitdcc_a_protein,2,5.637572606404622,4
d256h4L8,6033664,5632,aitdcc_a_protein,3,5.430888295173645,4
d256h4L8,6033664,5632,aitdcc_a_protein,4,5.323588848114014,4
d256h4L8,6033664,5632,aitdcc_b_c_source,1,5.102511048316956,4
d256h4L8,6033664,5632,aitdcc_b_c_source,2,4.01460615793864,4
d256h4L8,6033664,5632,aitdcc_b_c_source,3,3.7313839197158813,4
d256h4L8,6033664,5632,aitdcc_b_c_source,4,3.5987753868103027,4
d256h4L8,6033664,5632,aitdcc_d_glibc_rand,1,9.146082639694214,4
d256h4L8,6033664,5632,aitdcc_d_glibc_rand,2,8.721051375071207,4
d256h4L8,6033664,5632,aitdcc_d_glibc_rand,3,8.562013387680054,4
d256h4L8,6033664,5632,aitdcc_d_glibc_rand,4,8.474967956542969,4
d256h4L8,6033664,5632,aitdcc_e_atlas_float32,1,8.105705976486206,4
d256h4L8,6033664,5632,aitdcc_e_atlas_float32,2,7.638078451156616,4
d256h4L8,6033664,5632,aitdcc_e_atlas_float32,3,7.468387007713318,4
d256h4L8,6033664,5632,aitdcc_e_atlas_float32,4,7.377806663513184,4
d256h4L8,6033664,5632,aitdcc_g_astronomy,1,3.906603515148163,4
d256h4L8,6033664,5632,aitdcc_g_astronomy,2,3.3812585274378457,4
d256h4L8,6033664,5632,aitdcc_g_astronomy,3,3.2618287205696106,4
d256h4L8,6033664,5632,aitdcc_g_astronomy,4,3.2038533687591553,4
d256h4L8,6033664,5632,arithmetic,1,2.933861166238785,4
d256h4L8,6033664,5632,arithmetic,2,1.2879551251729329,4
d256h4L8,6033664,5632,arithmetic,3,1.1525712460279465,4
d256h4L8,6033664,5632,arithmetic,4,1.1071215867996216,4
d256h4L8,6033664,5632,audio_16bit,1,8.597851276397705,4
d256h4L8,6033664,5632,audio_16bit,2,8.012816826502482,4
d256h4L8,6033664,5632,audio_16bit,3,7.798783779144287,4
d256h4L8,6033664,5632,audio_16bit,4,7.682633399963379,4
d256h4L8,6033664,5632,audio_8bit,1,6.857205867767334,4
d256h4L8,6033664,5632,audio_8bit,2,6.103221972783406,4
d256h4L8,6033664,5632,audio_8bit,3,5.873745918273926,4
d256h4L8,6033664,5632,audio_8bit,4,5.756131649017334,4
d256h4L8,6033664,5632,cifar10_rgb_hwc,1,8.728797316551208,4
d256h4L8,6033664,5632,cifar10_rgb_hwc,2,8.184767484664917,4
d256h4L8,6033664,5632,cifar10_rgb_hwc,3,7.983853340148926,4
d256h4L8,6033664,5632,cifar10_rgb_hwc,4,7.876249313354492,4
d256h4L8,6033664,5632,cifar10_rgb_planar,1,8.716764688491821,4
d256h4L8,6033664,5632,cifar10_rgb_planar,2,8.179213921229044,4
d256h4L8,6033664,5632,cifar10_rgb_planar,3,7.98247504234314,4
d256h4L8,6033664,5632,cifar10_rgb_planar,4,7.877072334289551,4
d256h4L8,6033664,5632,dclm,1,5.443026065826416,4
d256h4L8,6033664,5632,dclm,2,4.702070871988933,4
d256h4L8,6033664,5632,dclm,3,4.474095106124878,4
d256h4L8,6033664,5632,dclm,4,4.363209247589111,4
d256h4L8,6033664,5632,dclm_ranked,1,7.296491980552673,4
d256h4L8,6033664,5632,dclm_ranked,2,6.628583113352458,4
d256h4L8,6033664,5632,dclm_ranked,3,6.3785377740859985,4
d256h4L8,6033664,5632,dclm_ranked,4,6.24716329574585,4
d256h4L8,6033664,5632,dna,1,4.646818161010742,4
d256h4L8,6033664,5632,dna,2,4.178300182024638,4
d256h4L8,6033664,5632,dna,3,4.0461220145225525,4
d256h4L8,6033664,5632,dna,4,3.985183000564575,4
d256h4L8,6033664,5632,esc50_pcm8,1,3.673530340194702,4
d256h4L8,6033664,5632,esc50_pcm8,2,3.09369428952535,4
d256h4L8,6033664,5632,esc50_pcm8,3,2.9344924688339233,4
d256h4L8,6033664,5632,esc50_pcm8,4,2.861133098602295,4
d256h4L8,6033664,5632,esc50_pcm8_11khz,1,4.3858712911605835,4
d256h4L8,6033664,5632,esc50_pcm8_11khz,2,3.896119753519694,4
d256h4L8,6033664,5632,esc50_pcm8_11khz,3,3.747213840484619,4
d256h4L8,6033664,5632,esc50_pcm8_11khz,4,3.6723458766937256,4
d256h4L8,6033664,5632,kolmogorov_dna,1,4.023141384124756,4
d256h4L8,6033664,5632,kolmogorov_dna,2,3.550243894259135,4
d256h4L8,6033664,5632,kolmogorov_dna,3,3.4181911945343018,4
d256h4L8,6033664,5632,kolmogorov_dna,4,3.3584465980529785,4
d256h4L8,6033664,5632,kolmogorov_text,1,5.410818159580231,4
d256h4L8,6033664,5632,kolmogorov_text,2,4.547535339991252,4
d256h4L8,6033664,5632,kolmogorov_text,3,4.299091696739197,4
d256h4L8,6033664,5632,kolmogorov_text,4,4.179203987121582,4
d256h4L8,6033664,5632,llm_compression_arxiv_math,1,5.125313222408295,4
d256h4L8,6033664,5632,llm_compression_arxiv_math,2,4.112673282623291,4
d256h4L8,6033664,5632,llm_compression_arxiv_math,3,3.837807059288025,4
d256h4L8,6033664,5632,llm_compression_arxiv_math,4,3.709604263305664,4
d256h4L8,6033664,5632,llm_compression_cc,1,5.255664646625519,4
d256h4L8,6033664,5632,llm_compression_cc,2,4.463063359260559,4
d256h4L8,6033664,5632,llm_compression_cc,3,4.230240106582642,4
d256h4L8,6033664,5632,llm_compression_cc,4,4.1191534996032715,4
d256h4L8,6033664,5632,llm_compression_python,1,4.522818505764008,4
d256h4L8,6033664,5632,llm_compression_python,2,3.5767491658528647,4
d256h4L8,6033664,5632,llm_compression_python,3,3.32141649723053,4
d256h4L8,6033664,5632,llm_compression_python,4,3.2013542652130127,4
d256h4L8,6033664,5632,metamath,1,4.76630163192749,4
d256h4L8,6033664,5632,metamath,2,3.788579980532328,4
d256h4L8,6033664,5632,metamath,3,3.5329330563545227,4
d256h4L8,6033664,5632,metamath,4,3.4111149311065674,4
d256h4L8,6033664,5632,musicnet_pcm8,1,4.767372190952301,4
d256h4L8,6033664,5632,musicnet_pcm8,2,3.8676772117614746,4
d256h4L8,6033664,5632,musicnet_pcm8,3,3.639159917831421,4
d256h4L8,6033664,5632,musicnet_pcm8,4,3.535939931869507,4
d256h4L8,6033664,5632,musicnet_pcm8_11khz,1,5.1443634033203125,4
d256h4L8,6033664,5632,musicnet_pcm8_11khz,2,4.56252908706665,4
d256h4L8,6033664,5632,musicnet_pcm8_11khz,3,4.376654505729675,4
d256h4L8,6033664,5632,musicnet_pcm8_11khz,4,4.282670974731445,4
d256h4L8,6033664,5632,mutopia_melody_16th,1,3.572271227836609,4
d256h4L8,6033664,5632,mutopia_melody_16th,2,2.930208762486776,4
d256h4L8,6033664,5632,mutopia_melody_16th,3,2.721186935901642,4
d256h4L8,6033664,5632,mutopia_melody_16th,4,2.618253707885742,4
d256h4L8,6033664,5632,speech_commands_pcm8,1,3.576278269290924,4
d256h4L8,6033664,5632,speech_commands_pcm8,2,3.0735018650690713,4
d256h4L8,6033664,5632,speech_commands_pcm8,3,2.931694805622101,4
d256h4L8,6033664,5632,speech_commands_pcm8,4,2.862886667251587,4
d256h4L8,6033664,5632,speech_commands_pcm8_8khz,1,3.5405991077423096,4
d256h4L8,6033664,5632,speech_commands_pcm8_8khz,2,3.11083976427714,4
d256h4L8,6033664,5632,speech_commands_pcm8_8khz,3,2.9727611541748047,4
d256h4L8,6033664,5632,speech_commands_pcm8_8khz,4,2.9031920433044434,4
d256h4L8,6033664,5888,aitdcc_a_protein,1,5.73792564868927,4
d256h4L8,6033664,5888,aitdcc_a_protein,2,5.328779856363933,4
d256h4L8,6033664,5888,aitdcc_a_protein,3,5.177870750427246,4
d256h4L8,6033664,5888,aitdcc_a_protein,4,5.098031520843506,4
d256h4L8,6033664,5888,aitdcc_b_c_source,1,4.731712579727173,4
d256h4L8,6033664,5888,aitdcc_b_c_source,2,3.7414745092391968,4
d256h4L8,6033664,5888,aitdcc_b_c_source,3,3.520795464515686,4
d256h4L8,6033664,5888,aitdcc_b_c_source,4,3.4229211807250977,4
d256h4L8,6033664,5888,aitdcc_d_glibc_rand,1,9.175694704055786,4
d256h4L8,6033664,5888,aitdcc_d_glibc_rand,2,8.730480511983236,4
d256h4L8,6033664,5888,aitdcc_d_glibc_rand,3,8.566515684127808,4
d256h4L8,6033664,5888,aitdcc_d_glibc_rand,4,8.476858139038086,4
d256h4L8,6033664,5888,aitdcc_e_atlas_float32,1,8.082635641098022,4
d256h4L8,6033664,5888,aitdcc_e_atlas_float32,2,7.638848702112834,4
d256h4L8,6033664,5888,aitdcc_e_atlas_float32,3,7.475955247879028,4
d256h4L8,6033664,5888,aitdcc_e_atlas_float32,4,7.388095855712891,4
d256h4L8,6033664,5888,aitdcc_g_astronomy,1,3.4082042574882507,4
d256h4L8,6033664,5888,aitdcc_g_astronomy,2,3.1634931166966758,4
d256h4L8,6033664,5888,aitdcc_g_astronomy,3,3.0842493176460266,4
d256h4L8,6033664,5888,aitdcc_g_astronomy,4,3.044534921646118,4
d256h4L8,6033664,5888,arithmetic,1,2.975471019744873,4
d256h4L8,6033664,5888,arithmetic,2,1.3340814510981243,4
d256h4L8,6033664,5888,arithmetic,3,1.18662990629673,4
d256h4L8,6033664,5888,arithmetic,4,1.1385807991027832,4
d256h4L8,6033664,5888,audio_16bit,1,8.44673204421997,4
d256h4L8,6033664,5888,audio_16bit,2,7.900499741236369,4
d256h4L8,6033664,5888,audio_16bit,3,7.687795877456665,4
d256h4L8,6033664,5888,audio_16bit,4,7.570446014404297,4
d256h4L8,6033664,5888,audio_8bit,1,6.624879360198975,4
d256h4L8,6033664,5888,audio_8bit,2,6.071481704711914,4
d256h4L8,6033664,5888,audio_8bit,3,5.858307600021362,4
d256h4L8,6033664,5888,audio_8bit,4,5.742767333984375,4
d256h4L8,6033664,5888,cifar10_rgb_hwc,1,8.682931184768677,4
d256h4L8,6033664,5888,cifar10_rgb_hwc,2,8.139554262161255,4
d256h4L8,6033664,5888,cifar10_rgb_hwc,3,7.9403685331344604,4
d256h4L8,6033664,5888,cifar10_rgb_hwc,4,7.834270477294922,4
d256h4L8,6033664,5888,cifar10_rgb_planar,1,8.673757195472717,4
d256h4L8,6033664,5888,cifar10_rgb_planar,2,8.139459133148193,4
d256h4L8,6033664,5888,cifar10_rgb_planar,3,7.945943355560303,4
d256h4L8,6033664,5888,cifar10_rgb_planar,4,7.8423027992248535,4
d256h4L8,6033664,5888,dclm,1,5.050499677658081,4
d256h4L8,6033664,5888,dclm,2,4.422423919041951,4
d256h4L8,6033664,5888,dclm,3,4.245408654212952,4
d256h4L8,6033664,5888,dclm,4,4.16043758392334,4
d256h4L8,6033664,5888,dclm_ranked,1,7.186123847961426,4
d256h4L8,6033664,5888,dclm_ranked,2,6.643341859181722,4
d256h4L8,6033664,5888,dclm_ranked,3,6.436281085014343,4
d256h4L8,6033664,5888,dclm_ranked,4,6.326118469238281,4
d256h4L8,6033664,5888,dna,1,4.282343924045563,4
d256h4L8,6033664,5888,dna,2,4.028882662455241,4
d256h4L8,6033664,5888,dna,3,3.9459386467933655,4
d256h4L8,6033664,5888,dna,4,3.904775857925415,4
d256h4L8,6033664,5888,esc50_pcm8,1,3.3879950046539307,4
d256h4L8,6033664,5888,esc50_pcm8,2,2.920174996058146,4
d256h4L8,6033664,5888,esc50_pcm8,3,2.794059097766876,4
d256h4L8,6033664,5888,esc50_pcm8,4,2.7352123260498047,4
d256h4L8,6033664,5888,esc50_pcm8_11khz,1,4.120798110961914,4
d256h4L8,6033664,5888,esc50_pcm8_11khz,2,3.729729413986206,4
d256h4L8,6033664,5888,esc50_pcm8_11khz,3,3.6089946031570435,4
d256h4L8,6033664,5888,esc50_pcm8_11khz,4,3.547962188720703,4
d256h4L8,6033664,5888,kolmogorov_dna,1,3.6430341601371765,4
d256h4L8,6033664,5888,kolmogorov_dna,2,3.3888699611028037,4
d256h4L8,6033664,5888,kolmogorov_dna,3,3.307195007801056,4
d256h4L8,6033664,5888,kolmogorov_dna,4,3.267265558242798,4
d256h4L8,6033664,5888,kolmogorov_text,1,5.024862110614777,4
d256h4L8,6033664,5888,kolmogorov_text,2,4.270028829574585,4
d256h4L8,6033664,5888,kolmogorov_text,3,4.073785424232483,4
d256h4L8,6033664,5888,kolmogorov_text,4,3.9819345474243164,4
d256h4L8,6033664,5888,llm_compression_arxiv_math,1,4.713737726211548,4
d256h4L8,6033664,5888,llm_compression_arxiv_math,2,3.8086077769597373,4
d256h4L8,6033664,5888,llm_compression_arxiv_math,3,3.599506914615631,4
d256h4L8,6033664,5888,llm_compression_arxiv_math,4,3.504507303237915,4
d256h4L8,6033664,5888,llm_compression_cc,1,4.843908667564392,4
d256h4L8,6033664,5888,llm_compression_cc,2,4.168802976608276,4
d256h4L8,6033664,5888,llm_compression_cc,3,3.9911110401153564,4
d256h4L8,6033664,5888,llm_compression_cc,4,3.9067795276641846,4
d256h4L8,6033664,5888,llm_compression_python,1,4.135869383811951,4
d256h4L8,6033664,5888,llm_compression_python,2,3.307755430539449,4
d256h4L8,6033664,5888,llm_compression_python,3,3.1114749908447266,4
d256h4L8,6033664,5888,llm_compression_python,4,3.024113416671753,4
d256h4L8,6033664,5888,metamath,1,4.436402440071106,4
d256h4L8,6033664,5888,metamath,2,3.5498321056365967,4
d256h4L8,6033664,5888,metamath,3,3.3451846837997437,4
d256h4L8,6033664,5888,metamath,4,3.249629020690918,4
d256h4L8,6033664,5888,musicnet_pcm8,1,4.316813170909882,4
d256h4L8,6033664,5888,musicnet_pcm8,2,3.5815797249476113,4
d256h4L8,6033664,5888,musicnet_pcm8,3,3.4061736464500427,4
d256h4L8,6033664,5888,musicnet_pcm8,4,3.3231375217437744,4
d256h4L8,6033664,5888,musicnet_pcm8_11khz,1,4.802342057228088,4
d256h4L8,6033664,5888,musicnet_pcm8_11khz,2,4.333055814107259,4
d256h4L8,6033664,5888,musicnet_pcm8_11khz,3,4.186024188995361,4
d256h4L8,6033664,5888,musicnet_pcm8_11khz,4,4.110124111175537,4
d256h4L8,6033664,5888,mutopia_melody_16th,1,3.2281814217567444,4
d256h4L8,6033664,5888,mutopia_melody_16th,2,2.704889496167501,4
d256h4L8,6033664,5888,mutopia_melody_16th,3,2.544261932373047,4
d256h4L8,6033664,5888,mutopia_melody_16th,4,2.4696035385131836,4
d256h4L8,6033664,5888,speech_commands_pcm8,1,3.364933967590332,4
d256h4L8,6033664,5888,speech_commands_pcm8,2,2.936615983645121,4
d256h4L8,6033664,5888,speech_commands_pcm8,3,2.8171521425247192,4
d256h4L8,6033664,5888,speech_commands_pcm8,4,2.759312629699707,4
d256h4L8,6033664,5888,speech_commands_pcm8_8khz,1,3.3944164514541626,4
d256h4L8,6033664,5888,speech_commands_pcm8_8khz,2,3.001248598098755,4
d256h4L8,6033664,5888,speech_commands_pcm8_8khz,3,2.878278434276581,4
d256h4L8,6033664,5888,speech_commands_pcm8_8khz,4,2.817725896835327,4
d256h4L8,6033664,6144,aitdcc_a_protein,1,5.513283848762512,4
d256h4L8,6033664,6144,aitdcc_a_protein,2,5.165935198465983,4
d256h4L8,6033664,6144,aitdcc_a_protein,3,5.0381178855896,4
d256h4L8,6033664,6144,aitdcc_a_protein,4,4.970358848571777,4
d256h4L8,6033664,6144,aitdcc_b_c_source,1,4.533343434333801,4
d256h4L8,6033664,6144,aitdcc_b_c_source,2,3.701079249382019,4
d256h4L8,6033664,6144,aitdcc_b_c_source,3,3.511902868747711,4
d256h4L8,6033664,6144,aitdcc_b_c_source,4,3.4283266067504883,4
d256h4L8,6033664,6144,aitdcc_d_glibc_rand,1,8.935121297836304,4
d256h4L8,6033664,6144,aitdcc_d_glibc_rand,2,8.564952373504639,4
d256h4L8,6033664,6144,aitdcc_d_glibc_rand,3,8.432314395904541,4
d256h4L8,6033664,6144,aitdcc_d_glibc_rand,4,8.361383438110352,4
d256h4L8,6033664,6144,aitdcc_e_atlas_float32,1,7.914584159851074,4
d256h4L8,6033664,6144,aitdcc_e_atlas_float32,2,7.514948685963948,4
d256h4L8,6033664,6144,aitdcc_e_atlas_float32,3,7.369571924209595,4
d256h4L8,6033664,6144,aitdcc_e_atlas_float32,4,7.2922892570495605,4
d256h4L8,6033664,6144,aitdcc_g_astronomy,1,3.3595112562179565,4
d256h4L8,6033664,6144,aitdcc_g_astronomy,2,3.1352235873540244,4
d256h4L8,6033664,6144,aitdcc_g_astronomy,3,3.060758650302887,4
d256h4L8,6033664,6144,aitdcc_g_astronomy,4,3.0222744941711426,4
d256h4L8,6033664,6144,arithmetic,1,2.7340540885925293,4
d256h4L8,6033664,6144,arithmetic,2,1.198976884285609,4
d256h4L8,6033664,6144,arithmetic,3,1.0974697023630142,4
d256h4L8,6033664,6144,arithmetic,4,1.0584454536437988,4
d256h4L8,6033664,6144,audio_16bit,1,8.312157154083252,4
d256h4L8,6033664,6144,audio_16bit,2,7.822364727656047,4
d256h4L8,6033664,6144,audio_16bit,3,7.631525754928589,4
d256h4L8,6033664,6144,audio_16bit,4,7.527499675750732,4
d256h4L8,6033664,6144,audio_8bit,1,6.578485131263733,4
d256h4L8,6033664,6144,audio_8bit,2,6.100187540054321,4
d256h4L8,6033664,6144,audio_8bit,3,5.92160165309906,4
d256h4L8,6033664,6144,audio_8bit,4,5.823821544647217,4
d256h4L8,6033664,6144,cifar10_rgb_hwc,1,8.473673582077026,4
d256h4L8,6033664,6144,cifar10_rgb_hwc,2,8.009378353754679,4
d256h4L8,6033664,6144,cifar10_rgb_hwc,3,7.843830943107605,4
d256h4L8,6033664,6144,cifar10_rgb_hwc,4,7.757484436035156,4
d256h4L8,6033664,6144,cifar10_rgb_planar,1,8.46938145160675,4
d256h4L8,6033664,6144,cifar10_rgb_planar,2,8.012322266896566,4
d256h4L8,6033664,6144,cifar10_rgb_planar,3,7.850291848182678,4
d256h4L8,6033664,6144,cifar10_rgb_planar,4,7.765208721160889,4
d256h4L8,6033664,6144,dclm,1,4.868054032325745,4
d256h4L8,6033664,6144,dclm,2,4.333292563756307,4
d256h4L8,6033664,6144,dclm,3,4.1832170486450195,4
d256h4L8,6033664,6144,dclm,4,4.110580921173096,4
d256h4L8,6033664,6144,dclm_ranked,1,7.106551885604858,4
d256h4L8,6033664,6144,dclm_ranked,2,6.56268850962321,4
d256h4L8,6033664,6144,dclm_ranked,3,6.366360425949097,4
d256h4L8,6033664,6144,dclm_ranked,4,6.263795375823975,4
d256h4L8,6033664,6144,dna,1,4.3807578682899475,4
d256h4L8,6033664,6144,dna,2,4.072093049685161,4
d256h4L8,6033664,6144,dna,3,3.972747325897217,4
d256h4L8,6033664,6144,dna,4,3.9223670959472656,4
d256h4L8,6033664,6144,esc50_pcm8,1,3.2706382870674133,4
d256h4L8,6033664,6144,esc50_pcm8,2,2.874281565348307,4
d256h4L8,6033664,6144,esc50_pcm8,3,2.7683637738227844,4
d256h4L8,6033664,6144,esc50_pcm8,4,2.7194366455078125,4
d256h4L8,6033664,6144,esc50_pcm8_11khz,1,3.995919942855835,4
d256h4L8,6033664,6144,esc50_pcm8_11khz,2,3.660284082094828,4
d256h4L8,6033664,6144,esc50_pcm8_11khz,3,3.559212028980255,4
d256h4L8,6033664,6144,esc50_pcm8_11khz,4,3.5089492797851562,4
d256h4L8,6033664,6144,kolmogorov_dna,1,3.655141830444336,4
d256h4L8,6033664,6144,kolmogorov_dna,2,3.3875969648361206,4
d256h4L8,6033664,6144,kolmogorov_dna,3,3.3012190461158752,4
d256h4L8,6033664,6144,kolmogorov_dna,4,3.258749008178711,4
d256h4L8,6033664,6144,kolmogorov_text,1,4.831791520118713,4
d256h4L8,6033664,6144,kolmogorov_text,2,4.1878502368927,4
d256h4L8,6033664,6144,kolmogorov_text,3,4.0217097997665405,4
d256h4L8,6033664,6144,kolmogorov_text,4,3.9430527687072754,4
d256h4L8,6033664,6144,llm_compression_arxiv_math,1,4.521261990070343,4
d256h4L8,6033664,6144,llm_compression_arxiv_math,2,3.7638820012410483,4
d256h4L8,6033664,6144,llm_compression_arxiv_math,3,3.587429165840149,4
d256h4L8,6033664,6144,llm_compression_arxiv_math,4,3.50746750831604,4
d256h4L8,6033664,6144,llm_compression_cc,1,4.65162992477417,4
d256h4L8,6033664,6144,llm_compression_cc,2,4.084242939949036,4
d256h4L8,6033664,6144,llm_compression_cc,3,3.933611571788788,4
d256h4L8,6033664,6144,llm_compression_cc,4,3.86135196685791,4
d256h4L8,6033664,6144,llm_compression_python,1,3.948712468147278,4
d256h4L8,6033664,6144,llm_compression_python,2,3.2459975481033325,4
d256h4L8,6033664,6144,llm_compression_python,3,3.0788376927375793,4
d256h4L8,6033664,6144,llm_compression_python,4,3.0050177574157715,4
d256h4L8,6033664,6144,metamath,1,4.297570526599884,4
d256h4L8,6033664,6144,metamath,2,3.508548458417257,4
d256h4L8,6033664,6144,metamath,3,3.328890085220337,4
d256h4L8,6033664,6144,metamath,4,3.246189832687378,4
d256h4L8,6033664,6144,musicnet_pcm8,1,4.202097237110138,4
d256h4L8,6033664,6144,musicnet_pcm8,2,3.549675186475118,4
d256h4L8,6033664,6144,musicnet_pcm8,3,3.398631513118744,4
d256h4L8,6033664,6144,musicnet_pcm8,4,3.3278746604919434,4
d256h4L8,6033664,6144,musicnet_pcm8_11khz,1,4.6538121700286865,4
d256h4L8,6033664,6144,musicnet_pcm8_11khz,2,4.250640710194905,4
d256h4L8,6033664,6144,musicnet_pcm8_11khz,3,4.126108288764954,4
d256h4L8,6033664,6144,musicnet_pcm8_11khz,4,4.063379764556885,4
d256h4L8,6033664,6144,mutopia_melody_16th,1,3.161496162414551,4
d256h4L8,6033664,6144,mutopia_melody_16th,2,2.7045647303263345,4
d256h4L8,6033664,6144,mutopia_melody_16th,3,2.562286376953125,4
d256h4L8,6033664,6144,mutopia_melody_16th,4,2.496856212615967,4
d256h4L8,6033664,6144,speech_commands_pcm8,1,3.2391955256462097,4
d256h4L8,6033664,6144,speech_commands_pcm8,2,2.8783222834269204,4
d256h4L8,6033664,6144,speech_commands_pcm8,3,2.7798954844474792,4
d256h4L8,6033664,6144,speech_commands_pcm8,4,2.732841730117798,4
d256h4L8,6033664,6144,speech_commands_pcm8_8khz,1,3.205753207206726,4
d256h4L8,6033664,6144,speech_commands_pcm8_8khz,2,2.9002599716186523,4
d256h4L8,6033664,6144,speech_commands_pcm8_8khz,3,2.8031628131866455,4
d256h4L8,6033664,6144,speech_commands_pcm8_8khz,4,2.755662441253662,4
d256h4L8,6033664,6400,aitdcc_a_protein,1,5.662618041038513,4
d256h4L8,6033664,6400,aitdcc_a_protein,2,5.26740837097168,4
d256h4L8,6033664,6400,aitdcc_a_protein,3,5.127621650695801,4
d256h4L8,6033664,6400,aitdcc_a_protein,4,5.056849479675293,4
d256h4L8,6033664,6400,aitdcc_b_c_source,1,3.890060782432556,4
d256h4L8,6033664,6400,aitdcc_b_c_source,2,3.445333401362101,4
d256h4L8,6033664,6400,aitdcc_b_c_source,3,3.30635666847229,4
d256h4L8,6033664,6400,aitdcc_b_c_source,4,3.237471580505371,4
d256h4L8,6033664,6400,aitdcc_d_glibc_rand,1,8.889142990112305,4
d256h4L8,6033664,6400,aitdcc_d_glibc_rand,2,8.54538091023763,4
d256h4L8,6033664,6400,aitdcc_d_glibc_rand,3,8.418669939041138,4
d256h4L8,6033664,6400,aitdcc_d_glibc_rand,4,8.350435256958008,4
d256h4L8,6033664,6400,aitdcc_e_atlas_float32,1,7.859212875366211,4
d256h4L8,6033664,6400,aitdcc_e_atlas_float32,2,7.4960399468739825,4
d256h4L8,6033664,6400,aitdcc_e_atlas_float32,3,7.362781524658203,4
d256h4L8,6033664,6400,aitdcc_e_atlas_float32,4,7.291227340698242,4
d256h4L8,6033664,6400,aitdcc_g_astronomy,1,3.1781598925590515,4
d256h4L8,6033664,6400,aitdcc_g_astronomy,2,2.9931142727533975,4
d256h4L8,6033664,6400,aitdcc_g_astronomy,3,2.9303802251815796,4
d256h4L8,6033664,6400,aitdcc_g_astronomy,4,2.8978233337402344,4
d256h4L8,6033664,6400,arithmetic,1,0.9353367984294891,4
d256h4L8,6033664,6400,arithmetic,2,0.8030184408028921,4
d256h4L8,6033664,6400,arithmetic,3,0.7726621627807617,4
d256h4L8,6033664,6400,arithmetic,4,0.7599309682846069,4
d256h4L8,6033664,6400,audio_16bit,1,8.046001672744751,4
d256h4L8,6033664,6400,audio_16bit,2,7.587273677190145,4
d256h4L8,6033664,6400,audio_16bit,3,7.407075643539429,4
d256h4L8,6033664,6400,audio_16bit,4,7.3064446449279785,4
d256h4L8,6033664,6400,audio_8bit,1,6.06827986240387,4
d256h4L8,6033664,6400,audio_8bit,2,5.6562275886535645,4
d256h4L8,6033664,6400,audio_8bit,3,5.501553297042847,4
d256h4L8,6033664,6400,audio_8bit,4,5.416471481323242,4
d256h4L8,6033664,6400,cifar10_rgb_hwc,1,8.325150966644287,4
d256h4L8,6033664,6400,cifar10_rgb_hwc,2,7.912353277206421,4
d256h4L8,6033664,6400,cifar10_rgb_hwc,3,7.759512901306152,4
d256h4L8,6033664,6400,cifar10_rgb_hwc,4,7.676621913909912,4
d256h4L8,6033664,6400,cifar10_rgb_planar,1,8.331347942352295,4
d256h4L8,6033664,6400,cifar10_rgb_planar,2,7.923024415969849,4
d256h4L8,6033664,6400,cifar10_rgb_planar,3,7.771363377571106,4
d256h4L8,6033664,6400,cifar10_rgb_planar,4,7.68915319442749,4
d256h4L8,6033664,6400,dclm,1,4.636760950088501,4
d256h4L8,6033664,6400,dclm,2,4.227856556574504,4
d256h4L8,6033664,6400,dclm,3,4.090143918991089,4
d256h4L8,6033664,6400,dclm,4,4.020747184753418,4
d256h4L8,6033664,6400,dclm_ranked,1,6.6174468994140625,4
d256h4L8,6033664,6400,dclm_ranked,2,6.102750062942505,4
d256h4L8,6033664,6400,dclm_ranked,3,5.896798491477966,4
d256h4L8,6033664,6400,dclm_ranked,4,5.783924579620361,4
d256h4L8,6033664,6400,dna,1,4.039693355560303,4
d256h4L8,6033664,6400,dna,2,3.8182031710942588,4
d256h4L8,6033664,6400,dna,3,3.7523062229156494,4
d256h4L8,6033664,6400,dna,4,3.721133232116699,4
d256h4L8,6033664,6400,esc50_pcm8,1,2.931526780128479,4
d256h4L8,6033664,6400,esc50_pcm8,2,2.686442255973816,4
d256h4L8,6033664,6400,esc50_pcm8,3,2.6097352504730225,4
d256h4L8,6033664,6400,esc50_pcm8,4,2.5701959133148193,4
d256h4L8,6033664,6400,esc50_pcm8_11khz,1,3.8251633644104004,4
d256h4L8,6033664,6400,esc50_pcm8_11khz,2,3.5660096406936646,4
d256h4L8,6033664,6400,esc50_pcm8_11khz,3,3.477218508720398,4
d256h4L8,6033664,6400,esc50_pcm8_11khz,4,3.4305458068847656,4
d256h4L8,6033664,6400,kolmogorov_dna,1,3.425678312778473,4
d256h4L8,6033664,6400,kolmogorov_dna,2,3.2150485515594482,4
d256h4L8,6033664,6400,kolmogorov_dna,3,3.1505038142204285,4
d256h4L8,6033664,6400,kolmogorov_dna,4,3.1191110610961914,4
d256h4L8,6033664,6400,kolmogorov_text,1,4.471408843994141,4
d256h4L8,6033664,6400,kolmogorov_text,2,4.038751840591431,4
d256h4L8,6033664,6400,kolmogorov_text,3,3.895607829093933,4
d256h4L8,6033664,6400,kolmogorov_text,4,3.823110342025757,4
d256h4L8,6033664,6400,llm_compression_arxiv_math,1,4.029869496822357,4
d256h4L8,6033664,6400,llm_compression_arxiv_math,2,3.5741263230641684,4
d256h4L8,6033664,6400,llm_compression_arxiv_math,3,3.4303925037384033,4
d256h4L8,6033664,6400,llm_compression_arxiv_math,4,3.358818292617798,4
d256h4L8,6033664,6400,llm_compression_cc,1,4.365782558917999,4
d256h4L8,6033664,6400,llm_compression_cc,2,3.962223529815674,4
d256h4L8,6033664,6400,llm_compression_cc,3,3.8278244137763977,4
d256h4L8,6033664,6400,llm_compression_cc,4,3.760221481323242,4
d256h4L8,6033664,6400,llm_compression_python,1,3.434422552585602,4
d256h4L8,6033664,6400,llm_compression_python,2,3.0262043476104736,4
d256h4L8,6033664,6400,llm_compression_python,3,2.8992006182670593,4
d256h4L8,6033664,6400,llm_compression_python,4,2.835989236831665,4
d256h4L8,6033664,6400,metamath,1,3.663527011871338,4
d256h4L8,6033664,6400,metamath,2,3.254694938659668,4
d256h4L8,6033664,6400,metamath,3,3.1240846514701843,4
d256h4L8,6033664,6400,metamath,4,3.058202028274536,4
d256h4L8,6033664,6400,musicnet_pcm8,1,3.5610382556915283,4
d256h4L8,6033664,6400,musicnet_pcm8,2,3.2404590845108032,4
d256h4L8,6033664,6400,musicnet_pcm8,3,3.1338314414024353,4
d256h4L8,6033664,6400,musicnet_pcm8,4,3.0787291526794434,4
d256h4L8,6033664,6400,musicnet_pcm8_11khz,1,4.437850832939148,4
d256h4L8,6033664,6400,musicnet_pcm8_11khz,2,4.124563376108806,4
d256h4L8,6033664,6400,musicnet_pcm8_11khz,3,4.014503180980682,4
d256h4L8,6033664,6400,musicnet_pcm8_11khz,4,3.9566726684570312,4
d256h4L8,6033664,6400,mutopia_melody_16th,1,2.889890491962433,4
d256h4L8,6033664,6400,mutopia_melody_16th,2,2.513363798459371,4
d256h4L8,6033664,6400,mutopia_melody_16th,3,2.393839418888092,4
d256h4L8,6033664,6400,mutopia_melody_16th,4,2.3358068466186523,4
d256h4L8,6033664,6400,speech_commands_pcm8,1,2.949383556842804,4
d256h4L8,6033664,6400,speech_commands_pcm8,2,2.72308087348938,4
d256h4L8,6033664,6400,speech_commands_pcm8,3,2.648585617542267,4
d256h4L8,6033664,6400,speech_commands_pcm8,4,2.6098997592926025,4
d256h4L8,6033664,6400,speech_commands_pcm8_8khz,1,3.040426254272461,4
d256h4L8,6033664,6400,speech_commands_pcm8_8khz,2,2.800788084665934,4
d256h4L8,6033664,6400,speech_commands_pcm8_8khz,3,2.7216485738754272,4
d256h4L8,6033664,6400,speech_commands_pcm8_8khz,4,2.68051815032959,4
d256h4L8,6033664,6656,aitdcc_a_protein,1,5.5426342487335205,4
d256h4L8,6033664,6656,aitdcc_a_protein,2,5.183099110921224,4
d256h4L8,6033664,6656,aitdcc_a_protein,3,5.054518342018127,4
d256h4L8,6033664,6656,aitdcc_a_protein,4,4.988176345825195,4
d256h4L8,6033664,6656,aitdcc_b_c_source,1,3.710494816303253,4
d256h4L8,6033664,6656,aitdcc_b_c_source,2,3.3243393500645957,4
d256h4L8,6033664,6656,aitdcc_b_c_source,3,3.202363073825836,4
d256h4L8,6033664,6656,aitdcc_b_c_source,4,3.1397769451141357,4
d256h4L8,6033664,6656,aitdcc_d_glibc_rand,1,8.88172435760498,4
d256h4L8,6033664,6656,aitdcc_d_glibc_rand,2,8.548684279123941,4
d256h4L8,6033664,6656,aitdcc_d_glibc_rand,3,8.424601078033447,4
d256h4L8,6033664,6656,aitdcc_d_glibc_rand,4,8.357203483581543,4
d256h4L8,6033664,6656,aitdcc_e_atlas_float32,1,7.854055881500244,4
d256h4L8,6033664,6656,aitdcc_e_atlas_float32,2,7.5056421756744385,4
d256h4L8,6033664,6656,aitdcc_e_atlas_float32,3,7.375842571258545,4
d256h4L8,6033664,6656,aitdcc_e_atlas_float32,4,7.305746078491211,4
d256h4L8,6033664,6656,aitdcc_g_astronomy,1,3.1284037828445435,4
d256h4L8,6033664,6656,aitdcc_g_astronomy,2,2.954583247502645,4
d256h4L8,6033664,6656,aitdcc_g_astronomy,3,2.894597291946411,4
d256h4L8,6033664,6656,aitdcc_g_astronomy,4,2.8644917011260986,4
d256h4L8,6033664,6656,arithmetic,1,0.7834113836288452,4
d256h4L8,6033664,6656,arithmetic,2,0.6888184249401093,4
d256h4L8,6033664,6656,arithmetic,3,0.6668193638324738,4
d256h4L8,6033664,6656,arithmetic,4,0.6578517556190491,4
d256h4L8,6033664,6656,audio_16bit,1,8.118661403656006,4
d256h4L8,6033664,6656,audio_16bit,2,7.644367933273315,4
d256h4L8,6033664,6656,audio_16bit,3,7.4577261209487915,4
d256h4L8,6033664,6656,audio_16bit,4,7.3542046546936035,4
d256h4L8,6033664,6656,audio_8bit,1,6.194923043251038,4
d256h4L8,6033664,6656,audio_8bit,2,5.763376235961914,4
d256h4L8,6033664,6656,audio_8bit,3,5.606569766998291,4
d256h4L8,6033664,6656,audio_8bit,4,5.523550033569336,4
d256h4L8,6033664,6656,cifar10_rgb_hwc,1,8.294118285179138,4
d256h4L8,6033664,6656,cifar10_rgb_hwc,2,7.893152634302775,4
d256h4L8,6033664,6656,cifar10_rgb_hwc,3,7.743523836135864,4
d256h4L8,6033664,6656,cifar10_rgb_hwc,4,7.661533355712891,4
d256h4L8,6033664,6656,cifar10_rgb_planar,1,8.296309232711792,4
d256h4L8,6033664,6656,cifar10_rgb_planar,2,7.904339710871379,4
d256h4L8,6033664,6656,cifar10_rgb_planar,3,7.757658958435059,4
d256h4L8,6033664,6656,cifar10_rgb_planar,4,7.677590847015381,4
d256h4L8,6033664,6656,dclm,1,4.537291169166565,4
d256h4L8,6033664,6656,dclm,2,4.171010176340739,4
d256h4L8,6033664,6656,dclm,3,4.046331286430359,4
d256h4L8,6033664,6656,dclm,4,3.9820566177368164,4
d256h4L8,6033664,6656,dclm_ranked,1,6.530952095985413,4
d256h4L8,6033664,6656,dclm_ranked,2,5.9872167110443115,4
d256h4L8,6033664,6656,dclm_ranked,3,5.772231578826904,4
d256h4L8,6033664,6656,dclm_ranked,4,5.654555797576904,4
d256h4L8,6033664,6656,dna,1,4.030148804187775,4
d256h4L8,6033664,6656,dna,2,3.7949575185775757,4
d256h4L8,6033664,6656,dna,3,3.72582870721817,4
d256h4L8,6033664,6656,dna,4,3.693068504333496,4
d256h4L8,6033664,6656,esc50_pcm8,1,2.9351561069488525,4
d256h4L8,6033664,6656,esc50_pcm8,2,2.6943848530451455,4
d256h4L8,6033664,6656,esc50_pcm8,3,2.617933213710785,4
d256h4L8,6033664,6656,esc50_pcm8,4,2.5782382488250732,4
d256h4L8,6033664,6656,esc50_pcm8_11khz,1,3.8046085238456726,4
d256h4L8,6033664,6656,esc50_pcm8_11khz,2,3.5569015741348267,4
d256h4L8,6033664,6656,esc50_pcm8_11khz,3,3.469868779182434,4
d256h4L8,6033664,6656,esc50_pcm8_11khz,4,3.4235947132110596,4
d256h4L8,6033664,6656,kolmogorov_dna,1,3.41521155834198,4
d256h4L8,6033664,6656,kolmogorov_dna,2,3.196495215098063,4
d256h4L8,6033664,6656,kolmogorov_dna,3,3.1291452050209045,4
d256h4L8,6033664,6656,kolmogorov_dna,4,3.096604347229004,4
d256h4L8,6033664,6656,kolmogorov_text,1,4.3464895486831665,4
d256h4L8,6033664,6656,kolmogorov_text,2,3.9647165536880493,4
d256h4L8,6033664,6656,kolmogorov_text,3,3.83804053068161,4
d256h4L8,6033664,6656,kolmogorov_text,4,3.7728607654571533,4
d256h4L8,6033664,6656,llm_compression_arxiv_math,1,3.826549470424652,4
d256h4L8,6033664,6656,llm_compression_arxiv_math,2,3.445670406023661,4
d256h4L8,6033664,6656,llm_compression_arxiv_math,3,3.3225677609443665,4
d256h4L8,6033664,6656,llm_compression_arxiv_math,4,3.2591075897216797,4
d256h4L8,6033664,6656,llm_compression_cc,1,4.240718483924866,4
d256h4L8,6033664,6656,llm_compression_cc,2,3.888823390007019,4
d256h4L8,6033664,6656,llm_compression_cc,3,3.7700902819633484,4
d256h4L8,6033664,6656,llm_compression_cc,4,3.709137439727783,4
d256h4L8,6033664,6656,llm_compression_python,1,3.283715009689331,4
d256h4L8,6033664,6656,llm_compression_python,2,2.932165265083313,4
d256h4L8,6033664,6656,llm_compression_python,3,2.8220834732055664,4
d256h4L8,6033664,6656,llm_compression_python,4,2.765842914581299,4
d256h4L8,6033664,6656,metamath,1,3.522506535053253,4
d256h4L8,6033664,6656,metamath,2,3.170958081881205,4
d256h4L8,6033664,6656,metamath,3,3.0539175868034363,4
d256h4L8,6033664,6656,metamath,4,2.9925661087036133,4
d256h4L8,6033664,6656,musicnet_pcm8,1,3.542703866958618,4
d256h4L8,6033664,6656,musicnet_pcm8,2,3.2295682430267334,4
d256h4L8,6033664,6656,musicnet_pcm8,3,3.1235823035240173,4
d256h4L8,6033664,6656,musicnet_pcm8,4,3.0687217712402344,4
d256h4L8,6033664,6656,musicnet_pcm8_11khz,1,4.422927260398865,4
d256h4L8,6033664,6656,musicnet_pcm8_11khz,2,4.11874532699585,4
d256h4L8,6033664,6656,musicnet_pcm8_11khz,3,4.009609878063202,4
d256h4L8,6033664,6656,musicnet_pcm8_11khz,4,3.951686382293701,4
d256h4L8,6033664,6656,mutopia_melody_16th,1,2.7002375721931458,4
d256h4L8,6033664,6656,mutopia_melody_16th,2,2.4005372126897178,4
d256h4L8,6033664,6656,mutopia_melody_16th,3,2.314254879951477,4
d256h4L8,6033664,6656,mutopia_melody_16th,4,2.2703745365142822,4
d256h4L8,6033664,6656,speech_commands_pcm8,1,2.9507506489753723,4
d256h4L8,6033664,6656,speech_commands_pcm8,2,2.7313353220621743,4
d256h4L8,6033664,6656,speech_commands_pcm8,3,2.657473623752594,4
d256h4L8,6033664,6656,speech_commands_pcm8,4,2.6187174320220947,4
d256h4L8,6033664,6656,speech_commands_pcm8_8khz,1,3.0384020805358887,4
d256h4L8,6033664,6656,speech_commands_pcm8_8khz,2,2.8139785528182983,4
d256h4L8,6033664,6656,speech_commands_pcm8_8khz,3,2.7364413142204285,4
d256h4L8,6033664,6656,speech_commands_pcm8_8khz,4,2.695176124572754,4
d256h4L8,6033664,6912,aitdcc_a_protein,1,5.3726325035095215,4
d256h4L8,6033664,6912,aitdcc_a_protein,2,5.089051087697347,4
d256h4L8,6033664,6912,aitdcc_a_protein,3,4.989482045173645,4
d256h4L8,6033664,6912,aitdcc_a_protein,4,4.937353610992432,4
d256h4L8,6033664,6912,aitdcc_b_c_source,1,4.404871225357056,4
d256h4L8,6033664,6912,aitdcc_b_c_source,2,3.5875019629796348,4
d256h4L8,6033664,6912,aitdcc_b_c_source,3,3.429151713848114,4
d256h4L8,6033664,6912,aitdcc_b_c_source,4,3.353088617324829,4
d256h4L8,6033664,6912,aitdcc_d_glibc_rand,1,8.822178602218628,4
d256h4L8,6033664,6912,aitdcc_d_glibc_rand,2,8.48214832941691,4
d256h4L8,6033664,6912,aitdcc_d_glibc_rand,3,8.360461711883545,4
d256h4L8,6033664,6912,aitdcc_d_glibc_rand,4,8.295236587524414,4
d256h4L8,6033664,6912,aitdcc_e_atlas_float32,1,7.799104452133179,4
d256h4L8,6033664,6912,aitdcc_e_atlas_float32,2,7.434884548187256,4
d256h4L8,6033664,6912,aitdcc_e_atlas_float32,3,7.303099751472473,4
d256h4L8,6033664,6912,aitdcc_e_atlas_float32,4,7.233044624328613,4
d256h4L8,6033664,6912,aitdcc_g_astronomy,1,3.2927239537239075,4
d256h4L8,6033664,6912,aitdcc_g_astronomy,2,3.064657727877299,4
d256h4L8,6033664,6912,aitdcc_g_astronomy,3,2.9934645891189575,4
d256h4L8,6033664,6912,aitdcc_g_astronomy,4,2.9581682682037354,4
d256h4L8,6033664,6912,arithmetic,1,2.734094962477684,4
d256h4L8,6033664,6912,arithmetic,2,1.1642607748508453,4
d256h4L8,6033664,6912,arithmetic,3,1.0720655024051666,4
d256h4L8,6033664,6912,arithmetic,4,1.035134196281433,4
d256h4L8,6033664,6912,audio_16bit,1,8.119710445404053,4
d256h4L8,6033664,6912,audio_16bit,2,7.656310955683391,4
d256h4L8,6033664,6912,audio_16bit,3,7.481833577156067,4
d256h4L8,6033664,6912,audio_16bit,4,7.38700008392334,4
d256h4L8,6033664,6912,audio_8bit,1,6.255164861679077,4
d256h4L8,6033664,6912,audio_8bit,2,5.783163706461589,4
d256h4L8,6033664,6912,audio_8bit,3,5.6297794580459595,4
d256h4L8,6033664,6912,audio_8bit,4,5.550703048706055,4
d256h4L8,6033664,6912,cifar10_rgb_hwc,1,8.272188901901245,4
d256h4L8,6033664,6912,cifar10_rgb_hwc,2,7.838984966278076,4
d256h4L8,6033664,6912,cifar10_rgb_hwc,3,7.691709876060486,4
d256h4L8,6033664,6912,cifar10_rgb_hwc,4,7.61300802230835,4
d256h4L8,6033664,6912,cifar10_rgb_planar,1,8.300162196159363,4
d256h4L8,6033664,6912,cifar10_rgb_planar,2,7.872106870015462,4
d256h4L8,6033664,6912,cifar10_rgb_planar,3,7.725820422172546,4
d256h4L8,6033664,6912,cifar10_rgb_planar,4,7.647946834564209,4
d256h4L8,6033664,6912,dclm,1,4.866614937782288,4
d256h4L8,6033664,6912,dclm,2,4.332147200902303,4
d256h4L8,6033664,6912,dclm,3,4.189464807510376,4
d256h4L8,6033664,6912,dclm,4,4.1200175285339355,4
d256h4L8,6033664,6912,dclm_ranked,1,6.774973630905151,4
d256h4L8,6033664,6912,dclm_ranked,2,6.154208342234294,4
d256h4L8,6033664,6912,dclm_ranked,3,5.924533843994141,4
d256h4L8,6033664,6912,dclm_ranked,4,5.803035259246826,4
d256h4L8,6033664,6912,dna,1,4.207316637039185,4
d256h4L8,6033664,6912,dna,2,3.9320727984110513,4
d256h4L8,6033664,6912,dna,3,3.850222170352936,4
d256h4L8,6033664,6912,dna,4,3.8096795082092285,4
d256h4L8,6033664,6912,esc50_pcm8,1,3.2774559259414673,4
d256h4L8,6033664,6912,esc50_pcm8,2,2.84159517288208,4
d256h4L8,6033664,6912,esc50_pcm8,3,2.74883633852005,4
d256h4L8,6033664,6912,esc50_pcm8,4,2.70369029045105,4
d256h4L8,6033664,6912,esc50_pcm8_11khz,1,3.947603464126587,4
d256h4L8,6033664,6912,esc50_pcm8_11khz,2,3.6118181943893433,4
d256h4L8,6033664,6912,esc50_pcm8_11khz,3,3.521367311477661,4
d256h4L8,6033664,6912,esc50_pcm8_11khz,4,3.4753692150115967,4
d256h4L8,6033664,6912,kolmogorov_dna,1,3.5924379229545593,4
d256h4L8,6033664,6912,kolmogorov_dna,2,3.3138997157414756,4
d256h4L8,6033664,6912,kolmogorov_dna,3,3.228268802165985,4
d256h4L8,6033664,6912,kolmogorov_dna,4,3.1854560375213623,4
d256h4L8,6033664,6912,kolmogorov_text,1,4.806473910808563,4
d256h4L8,6033664,6912,kolmogorov_text,2,4.154340028762817,4
d256h4L8,6033664,6912,kolmogorov_text,3,4.004243612289429,4
d256h4L8,6033664,6912,kolmogorov_text,4,3.931403636932373,4
d256h4L8,6033664,6912,llm_compression_arxiv_math,1,4.46555882692337,4
d256h4L8,6033664,6912,llm_compression_arxiv_math,2,3.7099764347076416,4
d256h4L8,6033664,6912,llm_compression_arxiv_math,3,3.552185833454132,4
d256h4L8,6033664,6912,llm_compression_arxiv_math,4,3.4760751724243164,4
d256h4L8,6033664,6912,llm_compression_cc,1,4.6337661147117615,4
d256h4L8,6033664,6912,llm_compression_cc,2,4.076526482899983,4
d256h4L8,6033664,6912,llm_compression_cc,3,3.9355323910713196,4
d256h4L8,6033664,6912,llm_compression_cc,4,3.8673291206359863,4
d256h4L8,6033664,6912,llm_compression_python,1,3.950608193874359,4
d256h4L8,6033664,6912,llm_compression_python,2,3.206036925315857,4
d256h4L8,6033664,6912,llm_compression_python,3,3.0599149465560913,4
d256h4L8,6033664,6912,llm_compression_python,4,2.9904966354370117,4
d256h4L8,6033664,6912,metamath,1,4.182055950164795,4
d256h4L8,6033664,6912,metamath,2,3.40896213054657,4
d256h4L8,6033664,6912,metamath,3,3.2574923634529114,4
d256h4L8,6033664,6912,metamath,4,3.184361219406128,4
d256h4L8,6033664,6912,musicnet_pcm8,1,4.257904291152954,4
d256h4L8,6033664,6912,musicnet_pcm8,2,3.5475992361704507,4
d256h4L8,6033664,6912,musicnet_pcm8,3,3.410051941871643,4
d256h4L8,6033664,6912,musicnet_pcm8,4,3.345254421234131,4
d256h4L8,6033664,6912,musicnet_pcm8_11khz,1,4.615238904953003,4
d256h4L8,6033664,6912,musicnet_pcm8_11khz,2,4.212238550186157,4
d256h4L8,6033664,6912,musicnet_pcm8_11khz,3,4.100682199001312,4
d256h4L8,6033664,6912,musicnet_pcm8_11khz,4,4.044419288635254,4
d256h4L8,6033664,6912,mutopia_melody_16th,1,2.8757742643356323,4
d256h4L8,6033664,6912,mutopia_melody_16th,2,2.4892534414927163,4
d256h4L8,6033664,6912,mutopia_melody_16th,3,2.3910300731658936,4
d256h4L8,6033664,6912,mutopia_melody_16th,4,2.3413007259368896,4
d256h4L8,6033664,6912,speech_commands_pcm8,1,3.244417667388916,4
d256h4L8,6033664,6912,speech_commands_pcm8,2,2.846298654874166,4
d256h4L8,6033664,6912,speech_commands_pcm8,3,2.7567352056503296,4
d256h4L8,6033664,6912,speech_commands_pcm8,4,2.712387800216675,4
d256h4L8,6033664,6912,speech_commands_pcm8_8khz,1,3.2390459775924683,4
d256h4L8,6033664,6912,speech_commands_pcm8_8khz,2,2.8715898990631104,4
d256h4L8,6033664,6912,speech_commands_pcm8_8khz,3,2.783612072467804,4
d256h4L8,6033664,6912,speech_commands_pcm8_8khz,4,2.738955020904541,4
d256h4L8,6033664,7168,aitdcc_a_protein,1,5.398046970367432,4
d256h4L8,6033664,7168,aitdcc_a_protein,2,5.089999198913574,4
d256h4L8,6033664,7168,aitdcc_a_protein,3,4.985254168510437,4
d256h4L8,6033664,7168,aitdcc_a_protein,4,4.931140422821045,4
d256h4L8,6033664,7168,aitdcc_b_c_source,1,3.937893271446228,4
d256h4L8,6033664,7168,aitdcc_b_c_source,2,3.4124730030695596,4
d256h4L8,6033664,7168,aitdcc_b_c_source,3,3.281899631023407,4
d256h4L8,6033664,7168,aitdcc_b_c_source,4,3.217714548110962,4
d256h4L8,6033664,7168,aitdcc_d_glibc_rand,1,8.829503059387207,4
d256h4L8,6033664,7168,aitdcc_d_glibc_rand,2,8.499566237131754,4
d256h4L8,6033664,7168,aitdcc_d_glibc_rand,3,8.381047010421753,4
d256h4L8,6033664,7168,aitdcc_d_glibc_rand,4,8.317423820495605,4
d256h4L8,6033664,7168,aitdcc_e_atlas_float32,1,7.776980042457581,4
d256h4L8,6033664,7168,aitdcc_e_atlas_float32,2,7.430272897084554,4
d256h4L8,6033664,7168,aitdcc_e_atlas_float32,3,7.302391052246094,4
d256h4L8,6033664,7168,aitdcc_e_atlas_float32,4,7.233431816101074,4
d256h4L8,6033664,7168,aitdcc_g_astronomy,1,3.077353537082672,4
d256h4L8,6033664,7168,aitdcc_g_astronomy,2,2.9033515453338623,4
d256h4L8,6033664,7168,aitdcc_g_astronomy,3,2.84420508146286,4
d256h4L8,6033664,7168,aitdcc_g_astronomy,4,2.8134827613830566,4
d256h4L8,6033664,7168,arithmetic,1,1.45273919403553,4
d256h4L8,6033664,7168,arithmetic,2,0.9466977814833323,4
d256h4L8,6033664,7168,arithmetic,3,0.8887846171855927,4
d256h4L8,6033664,7168,arithmetic,4,0.8656737208366394,4
d256h4L8,6033664,7168,audio_16bit,1,8.23241937160492,4
d256h4L8,6033664,7168,audio_16bit,2,7.734569946924846,4
d256h4L8,6033664,7168,audio_16bit,3,7.542805194854736,4
d256h4L8,6033664,7168,audio_16bit,4,7.438762664794922,4
d256h4L8,6033664,7168,audio_8bit,1,6.118496298789978,4
d256h4L8,6033664,7168,audio_8bit,2,5.690590302149455,4
d256h4L8,6033664,7168,audio_8bit,3,5.531857371330261,4
d256h4L8,6033664,7168,audio_8bit,4,5.447245121002197,4
d256h4L8,6033664,7168,cifar10_rgb_hwc,1,8.259017944335938,4
d256h4L8,6033664,7168,cifar10_rgb_hwc,2,7.84953514734904,4
d256h4L8,6033664,7168,cifar10_rgb_hwc,3,7.702159285545349,4
d256h4L8,6033664,7168,cifar10_rgb_hwc,4,7.62233304977417,4
d256h4L8,6033664,7168,cifar10_rgb_planar,1,8.269600629806519,4
d256h4L8,6033664,7168,cifar10_rgb_planar,2,7.864310185114543,4
d256h4L8,6033664,7168,cifar10_rgb_planar,3,7.7181316614151,4
d256h4L8,6033664,7168,cifar10_rgb_planar,4,7.6392011642456055,4
d256h4L8,6033664,7168,dclm,1,4.5903273820877075,4
d256h4L8,6033664,7168,dclm,2,4.1829454104105634,4
d256h4L8,6033664,7168,dclm,3,4.061611115932465,4
d256h4L8,6033664,7168,dclm,4,4.00105094909668,4
d256h4L8,6033664,7168,dclm_ranked,1,6.837391495704651,4
d256h4L8,6033664,7168,dclm_ranked,2,6.236789147059123,4
d256h4L8,6033664,7168,dclm_ranked,3,5.99585747718811,4
d256h4L8,6033664,7168,dclm_ranked,4,5.862621784210205,4
d256h4L8,6033664,7168,dna,1,4.084888517856598,4
d256h4L8,6033664,7168,dna,2,3.800660173098246,4
d256h4L8,6033664,7168,dna,3,3.715958893299103,4
d256h4L8,6033664,7168,dna,4,3.674922227859497,4
d256h4L8,6033664,7168,esc50_pcm8,1,2.943839728832245,4
d256h4L8,6033664,7168,esc50_pcm8,2,2.68988307317098,4
d256h4L8,6033664,7168,esc50_pcm8,3,2.6164186596870422,4
d256h4L8,6033664,7168,esc50_pcm8,4,2.578596353530884,4
d256h4L8,6033664,7168,esc50_pcm8_11khz,1,3.792362630367279,4
d256h4L8,6033664,7168,esc50_pcm8_11khz,2,3.543456514676412,4
d256h4L8,6033664,7168,esc50_pcm8_11khz,3,3.462074339389801,4
d256h4L8,6033664,7168,esc50_pcm8_11khz,4,3.4192237854003906,4
d256h4L8,6033664,7168,kolmogorov_dna,1,3.477948486804962,4
d256h4L8,6033664,7168,kolmogorov_dna,2,3.2313972314198813,4
d256h4L8,6033664,7168,kolmogorov_dna,3,3.1551950573921204,4
d256h4L8,6033664,7168,kolmogorov_dna,4,3.118199586868286,4
d256h4L8,6033664,7168,kolmogorov_text,1,4.445671319961548,4
d256h4L8,6033664,7168,kolmogorov_text,2,3.9930918216705322,4
d256h4L8,6033664,7168,kolmogorov_text,3,3.865550398826599,4
d256h4L8,6033664,7168,kolmogorov_text,4,3.80206561088562,4
d256h4L8,6033664,7168,llm_compression_arxiv_math,1,4.0475897789001465,4
d256h4L8,6033664,7168,llm_compression_arxiv_math,2,3.539488434791565,4
d256h4L8,6033664,7168,llm_compression_arxiv_math,3,3.409639298915863,4
d256h4L8,6033664,7168,llm_compression_arxiv_math,4,3.3456971645355225,4
d256h4L8,6033664,7168,llm_compression_cc,1,4.326511085033417,4
d256h4L8,6033664,7168,llm_compression_cc,2,3.9123284816741943,4
d256h4L8,6033664,7168,llm_compression_cc,3,3.7934206128120422,4
d256h4L8,6033664,7168,llm_compression_cc,4,3.734490156173706,4
d256h4L8,6033664,7168,llm_compression_python,1,3.5015056133270264,4
d256h4L8,6033664,7168,llm_compression_python,2,3.0219674507776895,4
d256h4L8,6033664,7168,llm_compression_python,3,2.903484523296356,4
d256h4L8,6033664,7168,llm_compression_python,4,2.845146417617798,4
d256h4L8,6033664,7168,metamath,1,3.680005729198456,4
d256h4L8,6033664,7168,metamath,2,3.214922467867533,4
d256h4L8,6033664,7168,metamath,3,3.091526746749878,4
d256h4L8,6033664,7168,metamath,4,3.0303869247436523,4
d256h4L8,6033664,7168,musicnet_pcm8,1,3.6263736486434937,4
d256h4L8,6033664,7168,musicnet_pcm8,2,3.2693912585576377,4
d256h4L8,6033664,7168,musicnet_pcm8,3,3.1630634665489197,4
d256h4L8,6033664,7168,musicnet_pcm8,4,3.108776330947876,4
d256h4L8,6033664,7168,musicnet_pcm8_11khz,1,4.423087239265442,4
d256h4L8,6033664,7168,musicnet_pcm8_11khz,2,4.120708465576172,4
d256h4L8,6033664,7168,musicnet_pcm8_11khz,3,4.0195048451423645,4
d256h4L8,6033664,7168,musicnet_pcm8_11khz,4,3.966264247894287,4
d256h4L8,6033664,7168,mutopia_melody_16th,1,2.749773919582367,4
d256h4L8,6033664,7168,mutopia_melody_16th,2,2.394583066304525,4
d256h4L8,6033664,7168,mutopia_melody_16th,3,2.306094706058502,4
d256h4L8,6033664,7168,mutopia_melody_16th,4,2.262368679046631,4
d256h4L8,6033664,7168,speech_commands_pcm8,1,2.9443860054016113,4
d256h4L8,6033664,7168,speech_commands_pcm8,2,2.714167594909668,4
d256h4L8,6033664,7168,speech_commands_pcm8,3,2.643726110458374,4
d256h4L8,6033664,7168,speech_commands_pcm8,4,2.607232093811035,4
d256h4L8,6033664,7168,speech_commands_pcm8_8khz,1,3.016322135925293,4
d256h4L8,6033664,7168,speech_commands_pcm8_8khz,2,2.7721559206644693,4
d256h4L8,6033664,7168,speech_commands_pcm8_8khz,3,2.6975157260894775,4
d256h4L8,6033664,7168,speech_commands_pcm8_8khz,4,2.6587400436401367,4
d256h4L8,6033664,7424,aitdcc_a_protein,1,5.486987113952637,4
d256h4L8,6033664,7424,aitdcc_a_protein,2,5.142009178797404,4
d256h4L8,6033664,7424,aitdcc_a_protein,3,5.03361177444458,4
d256h4L8,6033664,7424,aitdcc_a_protein,4,4.978622913360596,4
d256h4L8,6033664,7424,aitdcc_b_c_source,1,3.858035385608673,4
d256h4L8,6033664,7424,aitdcc_b_c_source,2,3.395195563634237,4
d256h4L8,6033664,7424,aitdcc_b_c_source,3,3.2613613605499268,4
d256h4L8,6033664,7424,aitdcc_b_c_source,4,3.193438768386841,4
d256h4L8,6033664,7424,aitdcc_d_glibc_rand,1,8.813666820526123,4
d256h4L8,6033664,7424,aitdcc_d_glibc_rand,2,8.49369446436564,4
d256h4L8,6033664,7424,aitdcc_d_glibc_rand,3,8.375523805618286,4
d256h4L8,6033664,7424,aitdcc_d_glibc_rand,4,8.311418533325195,4
d256h4L8,6033664,7424,aitdcc_e_atlas_float32,1,7.782712697982788,4
d256h4L8,6033664,7424,aitdcc_e_atlas_float32,2,7.434950749079387,4
d256h4L8,6033664,7424,aitdcc_e_atlas_float32,3,7.305665731430054,4
d256h4L8,6033664,7424,aitdcc_e_atlas_float32,4,7.2353835105896,4
d256h4L8,6033664,7424,aitdcc_g_astronomy,1,3.11388236284256,4
d256h4L8,6033664,7424,aitdcc_g_astronomy,2,2.947734991709391,4
d256h4L8,6033664,7424,aitdcc_g_astronomy,3,2.892311155796051,4
d256h4L8,6033664,7424,aitdcc_g_astronomy,4,2.86399245262146,4
d256h4L8,6033664,7424,arithmetic,1,1.7487995028495789,4
d256h4L8,6033664,7424,arithmetic,2,1.163450688123703,4
d256h4L8,6033664,7424,arithmetic,3,1.0409985333681107,4
d256h4L8,6033664,7424,arithmetic,4,1.0043232440948486,4
d256h4L8,6033664,7424,audio_16bit,1,8.098907947540283,4
d256h4L8,6033664,7424,audio_16bit,2,7.608125289281209,4
d256h4L8,6033664,7424,audio_16bit,3,7.416193842887878,4
d256h4L8,6033664,7424,audio_16bit,4,7.311440467834473,4
d256h4L8,6033664,7424,audio_8bit,1,6.37395715713501,4
d256h4L8,6033664,7424,audio_8bit,2,5.913771152496338,4
d256h4L8,6033664,7424,audio_8bit,3,5.747581481933594,4
d256h4L8,6033664,7424,audio_8bit,4,5.660049915313721,4
d256h4L8,6033664,7424,cifar10_rgb_hwc,1,8.250343084335327,4
d256h4L8,6033664,7424,cifar10_rgb_hwc,2,7.846930185953776,4
d256h4L8,6033664,7424,cifar10_rgb_hwc,3,7.70059072971344,4
d256h4L8,6033664,7424,cifar10_rgb_hwc,4,7.621264457702637,4
d256h4L8,6033664,7424,cifar10_rgb_planar,1,8.25285530090332,4
d256h4L8,6033664,7424,cifar10_rgb_planar,2,7.857694307963054,4
d256h4L8,6033664,7424,cifar10_rgb_planar,3,7.713971972465515,4
d256h4L8,6033664,7424,cifar10_rgb_planar,4,7.636020660400391,4
d256h4L8,6033664,7424,dclm,1,4.5768784284591675,4
d256h4L8,6033664,7424,dclm,2,4.188600937525432,4
d256h4L8,6033664,7424,dclm,3,4.062584578990936,4
d256h4L8,6033664,7424,dclm,4,3.997901201248169,4
d256h4L8,6033664,7424,dclm_ranked,1,7.065236449241638,4
d256h4L8,6033664,7424,dclm_ranked,2,6.498111804326375,4
d256h4L8,6033664,7424,dclm_ranked,3,6.251405954360962,4
d256h4L8,6033664,7424,dclm_ranked,4,6.107814311981201,4
d256h4L8,6033664,7424,dna,1,4.041057527065277,4
d256h4L8,6033664,7424,dna,2,3.799996574719747,4
d256h4L8,6033664,7424,dna,3,3.7212747931480408,4
d256h4L8,6033664,7424,dna,4,3.6810591220855713,4
d256h4L8,6033664,7424,esc50_pcm8,1,2.902494728565216,4
d256h4L8,6033664,7424,esc50_pcm8,2,2.6595738728841147,4
d256h4L8,6033664,7424,esc50_pcm8,3,2.588580846786499,4
d256h4L8,6033664,7424,esc50_pcm8,4,2.5517613887786865,4
d256h4L8,6033664,7424,esc50_pcm8_11khz,1,3.783069372177124,4
d256h4L8,6033664,7424,esc50_pcm8_11khz,2,3.530837376912435,4
d256h4L8,6033664,7424,esc50_pcm8_11khz,3,3.4491294026374817,4
d256h4L8,6033664,7424,esc50_pcm8_11khz,4,3.4060661792755127,4
d256h4L8,6033664,7424,kolmogorov_dna,1,3.5259581208229065,4
d256h4L8,6033664,7424,kolmogorov_dna,2,3.2876935799916587,4
d256h4L8,6033664,7424,kolmogorov_dna,3,3.2142969369888306,4
d256h4L8,6033664,7424,kolmogorov_dna,4,3.1784117221832275,4
d256h4L8,6033664,7424,kolmogorov_text,1,4.404874563217163,4
d256h4L8,6033664,7424,kolmogorov_text,2,3.9857799212137857,4
d256h4L8,6033664,7424,kolmogorov_text,3,3.85468727350235,4
d256h4L8,6033664,7424,kolmogorov_text,4,3.78739857673645,4
d256h4L8,6033664,7424,llm_compression_arxiv_math,1,3.9459527134895325,4
d256h4L8,6033664,7424,llm_compression_arxiv_math,2,3.5037125746409097,4
d256h4L8,6033664,7424,llm_compression_arxiv_math,3,3.372785806655884,4
d256h4L8,6033664,7424,llm_compression_arxiv_math,4,3.30597186088562,4
d256h4L8,6033664,7424,llm_compression_cc,1,4.2949429750442505,4
d256h4L8,6033664,7424,llm_compression_cc,2,3.914332906405131,4
d256h4L8,6033664,7424,llm_compression_cc,3,3.792907953262329,4
d256h4L8,6033664,7424,llm_compression_cc,4,3.730928659439087,4
d256h4L8,6033664,7424,llm_compression_python,1,3.4363369941711426,4
d256h4L8,6033664,7424,llm_compression_python,2,3.0082150300343833,4
d256h4L8,6033664,7424,llm_compression_python,3,2.88509464263916,4
d256h4L8,6033664,7424,llm_compression_python,4,2.8227736949920654,4
d256h4L8,6033664,7424,metamath,1,3.5436702370643616,4
d256h4L8,6033664,7424,metamath,2,3.1504412492116294,4
d256h4L8,6033664,7424,metamath,3,3.033332943916321,4
d256h4L8,6033664,7424,metamath,4,2.9733011722564697,4
d256h4L8,6033664,7424,musicnet_pcm8,1,3.522595524787903,4
d256h4L8,6033664,7424,musicnet_pcm8,2,3.1971853574117026,4
d256h4L8,6033664,7424,musicnet_pcm8,3,3.0969271659851074,4
d256h4L8,6033664,7424,musicnet_pcm8,4,3.0453476905822754,4
d256h4L8,6033664,7424,musicnet_pcm8_11khz,1,4.402060627937317,4
d256h4L8,6033664,7424,musicnet_pcm8_11khz,2,4.09373418490092,4
d256h4L8,6033664,7424,musicnet_pcm8_11khz,3,3.9911776185035706,4
d256h4L8,6033664,7424,musicnet_pcm8_11khz,4,3.9373738765716553,4
d256h4L8,6033664,7424,mutopia_melody_16th,1,2.720811367034912,4
d256h4L8,6033664,7424,mutopia_melody_16th,2,2.3865540822347007,4
d256h4L8,6033664,7424,mutopia_melody_16th,3,2.3017977476119995,4
d256h4L8,6033664,7424,mutopia_melody_16th,4,2.2592742443084717,4
d256h4L8,6033664,7424,speech_commands_pcm8,1,2.9290131330490112,4
d256h4L8,6033664,7424,speech_commands_pcm8,2,2.702394406000773,4
d256h4L8,6033664,7424,speech_commands_pcm8,3,2.632831335067749,4
d256h4L8,6033664,7424,speech_commands_pcm8,4,2.5964527130126953,4
d256h4L8,6033664,7424,speech_commands_pcm8_8khz,1,3.024951159954071,4
d256h4L8,6033664,7424,speech_commands_pcm8_8khz,2,2.7847853899002075,4
d256h4L8,6033664,7424,speech_commands_pcm8_8khz,3,2.710687518119812,4
d256h4L8,6033664,7424,speech_commands_pcm8_8khz,4,2.671588897705078,4
d256h4L8,6033664,7680,aitdcc_a_protein,1,5.416091799736023,4
d256h4L8,6033664,7680,aitdcc_a_protein,2,5.125954866409302,4
d256h4L8,6033664,7680,aitdcc_a_protein,3,5.021034121513367,4
d256h4L8,6033664,7680,aitdcc_a_protein,4,4.966761589050293,4
d256h4L8,6033664,7680,aitdcc_b_c_source,1,3.621695339679718,4
d256h4L8,6033664,7680,aitdcc_b_c_source,2,3.2602038383483887,4
d256h4L8,6033664,7680,aitdcc_b_c_source,3,3.1521904468536377,4
d256h4L8,6033664,7680,aitdcc_b_c_source,4,3.0969111919403076,4
d256h4L8,6033664,7680,aitdcc_d_glibc_rand,1,8.742785215377808,4
d256h4L8,6033664,7680,aitdcc_d_glibc_rand,2,8.445873737335205,4
d256h4L8,6033664,7680,aitdcc_d_glibc_rand,3,8.334725618362427,4
d256h4L8,6033664,7680,aitdcc_d_glibc_rand,4,8.274859428405762,4
d256h4L8,6033664,7680,aitdcc_e_atlas_float32,1,7.774874210357666,4
d256h4L8,6033664,7680,aitdcc_e_atlas_float32,2,7.445814847946167,4
d256h4L8,6033664,7680,aitdcc_e_atlas_float32,3,7.322633385658264,4
d256h4L8,6033664,7680,aitdcc_e_atlas_float32,4,7.2564263343811035,4
d256h4L8,6033664,7680,aitdcc_g_astronomy,1,3.1136204600334167,4
d256h4L8,6033664,7680,aitdcc_g_astronomy,2,2.9401219685872397,4
d256h4L8,6033664,7680,aitdcc_g_astronomy,3,2.879638135433197,4
d256h4L8,6033664,7680,aitdcc_g_astronomy,4,2.8488261699676514,4
d256h4L8,6033664,7680,arithmetic,1,2.1033253967761993,4
d256h4L8,6033664,7680,arithmetic,2,1.1272612810134888,4
d256h4L8,6033664,7680,arithmetic,3,1.0110909342765808,4
d256h4L8,6033664,7680,arithmetic,4,0.9750304222106934,4
d256h4L8,6033664,7680,audio_16bit,1,8.223751544952393,4
d256h4L8,6033664,7680,audio_16bit,2,7.697174310684204,4
d256h4L8,6033664,7680,audio_16bit,3,7.49947714805603,4
d256h4L8,6033664,7680,audio_16bit,4,7.394859313964844,4
d256h4L8,6033664,7680,audio_8bit,1,6.529948472976685,4
d256h4L8,6033664,7680,audio_8bit,2,5.962276776631673,4
d256h4L8,6033664,7680,audio_8bit,3,5.755943417549133,4
d256h4L8,6033664,7680,audio_8bit,4,5.6561279296875,4
d256h4L8,6033664,7680,cifar10_rgb_hwc,1,8.181088209152222,4
d256h4L8,6033664,7680,cifar10_rgb_hwc,2,7.809858878453572,4
d256h4L8,6033664,7680,cifar10_rgb_hwc,3,7.672603011131287,4
d256h4L8,6033664,7680,cifar10_rgb_hwc,4,7.598692893981934,4
d256h4L8,6033664,7680,cifar10_rgb_planar,1,8.184123873710632,4
d256h4L8,6033664,7680,cifar10_rgb_planar,2,7.821548223495483,4
d256h4L8,6033664,7680,cifar10_rgb_planar,3,7.686585783958435,4
d256h4L8,6033664,7680,cifar10_rgb_planar,4,7.613773822784424,4
d256h4L8,6033664,7680,dclm,1,4.405218720436096,4
d256h4L8,6033664,7680,dclm,2,4.09876533349355,4
d256h4L8,6033664,7680,dclm,3,3.995495319366455,4
d256h4L8,6033664,7680,dclm,4,3.9424703121185303,4
d256h4L8,6033664,7680,dclm_ranked,1,7.123584270477295,4
d256h4L8,6033664,7680,dclm_ranked,2,6.527259270350139,4
d256h4L8,6033664,7680,dclm_ranked,3,6.283444762229919,4
d256h4L8,6033664,7680,dclm_ranked,4,6.149127006530762,4
d256h4L8,6033664,7680,dna,1,4.332947373390198,4
d256h4L8,6033664,7680,dna,2,3.9545673529307046,4
d256h4L8,6033664,7680,dna,3,3.8372591733932495,4
d256h4L8,6033664,7680,dna,4,3.788505792617798,4
d256h4L8,6033664,7680,esc50_pcm8,1,2.8231425285339355,4
d256h4L8,6033664,7680,esc50_pcm8,2,2.6115835905075073,4
d256h4L8,6033664,7680,esc50_pcm8,3,2.5490739941596985,4
d256h4L8,6033664,7680,esc50_pcm8,4,2.5166015625,4
d256h4L8,6033664,7680,esc50_pcm8_11khz,1,3.689955472946167,4
d256h4L8,6033664,7680,esc50_pcm8_11khz,2,3.474771499633789,4
d256h4L8,6033664,7680,esc50_pcm8_11khz,3,3.4028819799423218,4
d256h4L8,6033664,7680,esc50_pcm8_11khz,4,3.365063428878784,4
d256h4L8,6033664,7680,kolmogorov_dna,1,3.7207037210464478,4
d256h4L8,6033664,7680,kolmogorov_dna,2,3.3763142426808677,4
d256h4L8,6033664,7680,kolmogorov_dna,3,3.275713801383972,4
d256h4L8,6033664,7680,kolmogorov_dna,4,3.2316815853118896,4
d256h4L8,6033664,7680,kolmogorov_text,1,4.21501088142395,4
d256h4L8,6033664,7680,kolmogorov_text,2,3.8860676685969033,4
d256h4L8,6033664,7680,kolmogorov_text,3,3.7797879576683044,4
d256h4L8,6033664,7680,kolmogorov_text,4,3.7250571250915527,4
d256h4L8,6033664,7680,llm_compression_arxiv_math,1,3.7344343066215515,4
d256h4L8,6033664,7680,llm_compression_arxiv_math,2,3.3961872259775796,4
d256h4L8,6033664,7680,llm_compression_arxiv_math,3,3.2911075353622437,4
d256h4L8,6033664,7680,llm_compression_arxiv_math,4,3.2371888160705566,4
d256h4L8,6033664,7680,llm_compression_cc,1,4.113505005836487,4
d256h4L8,6033664,7680,llm_compression_cc,2,3.815418283144633,4
d256h4L8,6033664,7680,llm_compression_cc,3,3.7155508995056152,4
d256h4L8,6033664,7680,llm_compression_cc,4,3.6643831729888916,4
d256h4L8,6033664,7680,llm_compression_python,1,3.217200815677643,4
d256h4L8,6033664,7680,llm_compression_python,2,2.8898590008417764,4
d256h4L8,6033664,7680,llm_compression_python,3,2.7917720079421997,4
d256h4L8,6033664,7680,llm_compression_python,4,2.7416183948516846,4
d256h4L8,6033664,7680,metamath,1,3.3840667605400085,4
d256h4L8,6033664,7680,metamath,2,3.050655404726664,4
d256h4L8,6033664,7680,metamath,3,2.9464462399482727,4
d256h4L8,6033664,7680,metamath,4,2.8927361965179443,4
d256h4L8,6033664,7680,musicnet_pcm8,1,3.3678338527679443,4
d256h4L8,6033664,7680,musicnet_pcm8,2,3.110995888710022,4
d256h4L8,6033664,7680,musicnet_pcm8,3,3.0272862911224365,4
d256h4L8,6033664,7680,musicnet_pcm8,4,2.9837253093719482,4
d256h4L8,6033664,7680,musicnet_pcm8_11khz,1,4.258510708808899,4
d256h4L8,6033664,7680,musicnet_pcm8_11khz,2,4.009925206502278,4
d256h4L8,6033664,7680,musicnet_pcm8_11khz,3,3.923817217350006,4
d256h4L8,6033664,7680,musicnet_pcm8_11khz,4,3.8784842491149902,4
d256h4L8,6033664,7680,mutopia_melody_16th,1,2.640189528465271,4
d256h4L8,6033664,7680,mutopia_melody_16th,2,2.3413485288619995,4
d256h4L8,6033664,7680,mutopia_melody_16th,3,2.263051748275757,4
d256h4L8,6033664,7680,mutopia_melody_16th,4,2.223660945892334,4
d256h4L8,6033664,7680,speech_commands_pcm8,1,2.8594082593917847,4
d256h4L8,6033664,7680,speech_commands_pcm8,2,2.663146654764811,4
d256h4L8,6033664,7680,speech_commands_pcm8,3,2.601152002811432,4
d256h4L8,6033664,7680,speech_commands_pcm8,4,2.5687482357025146,4
d256h4L8,6033664,7680,speech_commands_pcm8_8khz,1,2.966095268726349,4
d256h4L8,6033664,7680,speech_commands_pcm8_8khz,2,2.7516239086786904,4
d256h4L8,6033664,7680,speech_commands_pcm8_8khz,3,2.6829662919044495,4
d256h4L8,6033664,7680,speech_commands_pcm8_8khz,4,2.6466407775878906,4
d256h4L8,6033664,7936,aitdcc_a_protein,1,5.367770671844482,4
d256h4L8,6033664,7936,aitdcc_a_protein,2,5.109352429707845,4
d256h4L8,6033664,7936,aitdcc_a_protein,3,5.015956997871399,4
d256h4L8,6033664,7936,aitdcc_a_protein,4,4.967581748962402,4
d256h4L8,6033664,7936,aitdcc_b_c_source,1,3.644465148448944,4
d256h4L8,6033664,7936,aitdcc_b_c_source,2,3.296892762184143,4
d256h4L8,6033664,7936,aitdcc_b_c_source,3,3.1944680213928223,4
d256h4L8,6033664,7936,aitdcc_b_c_source,4,3.142688274383545,4
d256h4L8,6033664,7936,aitdcc_d_glibc_rand,1,8.703479528427124,4
d256h4L8,6033664,7936,aitdcc_d_glibc_rand,2,8.418864409128824,4
d256h4L8,6033664,7936,aitdcc_d_glibc_rand,3,8.313905239105225,4
d256h4L8,6033664,7936,aitdcc_d_glibc_rand,4,8.25800895690918,4
d256h4L8,6033664,7936,aitdcc_e_atlas_float32,1,7.727798104286194,4
d256h4L8,6033664,7936,aitdcc_e_atlas_float32,2,7.417750199635823,4
d256h4L8,6033664,7936,aitdcc_e_atlas_float32,3,7.304342269897461,4
d256h4L8,6033664,7936,aitdcc_e_atlas_float32,4,7.244068622589111,4
d256h4L8,6033664,7936,aitdcc_g_astronomy,1,3.063851237297058,4
d256h4L8,6033664,7936,aitdcc_g_astronomy,2,2.916734735171,4
d256h4L8,6033664,7936,aitdcc_g_astronomy,3,2.868151903152466,4
d256h4L8,6033664,7936,aitdcc_g_astronomy,4,2.8436012268066406,4
d256h4L8,6033664,7936,arithmetic,1,2.1164408177137375,4
d256h4L8,6033664,7936,arithmetic,2,1.1327126920223236,4
d256h4L8,6033664,7936,arithmetic,3,1.0172861963510513,4
d256h4L8,6033664,7936,arithmetic,4,0.9794246554374695,4
d256h4L8,6033664,7936,audio_16bit,1,8.134229302406311,4
d256h4L8,6033664,7936,audio_16bit,2,7.62240203221639,4
d256h4L8,6033664,7936,audio_16bit,3,7.446717143058777,4
d256h4L8,6033664,7936,audio_16bit,4,7.353875160217285,4
d256h4L8,6033664,7936,audio_8bit,1,6.540335416793823,4
d256h4L8,6033664,7936,audio_8bit,2,5.956665754318237,4
d256h4L8,6033664,7936,audio_8bit,3,5.758370637893677,4
d256h4L8,6033664,7936,audio_8bit,4,5.658697605133057,4
d256h4L8,6033664,7936,cifar10_rgb_hwc,1,8.145418167114258,4
d256h4L8,6033664,7936,cifar10_rgb_hwc,2,7.794756889343262,4
d256h4L8,6033664,7936,cifar10_rgb_hwc,3,7.667519927024841,4
d256h4L8,6033664,7936,cifar10_rgb_hwc,4,7.599726676940918,4
d256h4L8,6033664,7936,cifar10_rgb_planar,1,8.152784824371338,4
d256h4L8,6033664,7936,cifar10_rgb_planar,2,7.810069640477498,4
d256h4L8,6033664,7936,cifar10_rgb_planar,3,7.684920310974121,4
d256h4L8,6033664,7936,cifar10_rgb_planar,4,7.618137836456299,4
d256h4L8,6033664,7936,dclm,1,4.423262357711792,4
d256h4L8,6033664,7936,dclm,2,4.131963491439819,4
d256h4L8,6033664,7936,dclm,3,4.035804867744446,4
d256h4L8,6033664,7936,dclm,4,3.986304759979248,4
d256h4L8,6033664,7936,dclm_ranked,1,6.992178201675415,4
d256h4L8,6033664,7936,dclm_ranked,2,6.438325087229411,4
d256h4L8,6033664,7936,dclm_ranked,3,6.219180583953857,4
d256h4L8,6033664,7936,dclm_ranked,4,6.101639747619629,4
d256h4L8,6033664,7936,dna,1,4.489482820034027,4
d256h4L8,6033664,7936,dna,2,4.071890195210774,4
d256h4L8,6033664,7936,dna,3,3.9354699850082397,4
d256h4L8,6033664,7936,dna,4,3.8728301525115967,4
d256h4L8,6033664,7936,esc50_pcm8,1,2.818364202976227,4
d256h4L8,6033664,7936,esc50_pcm8,2,2.615429639816284,4
d256h4L8,6033664,7936,esc50_pcm8,3,2.555824875831604,4
d256h4L8,6033664,7936,esc50_pcm8,4,2.5251684188842773,4
d256h4L8,6033664,7936,esc50_pcm8_11khz,1,3.682989537715912,4
d256h4L8,6033664,7936,esc50_pcm8_11khz,2,3.483664870262146,4
d256h4L8,6033664,7936,esc50_pcm8_11khz,3,3.4172369241714478,4
d256h4L8,6033664,7936,esc50_pcm8_11khz,4,3.3824543952941895,4
d256h4L8,6033664,7936,kolmogorov_dna,1,3.790391743183136,4
d256h4L8,6033664,7936,kolmogorov_dna,2,3.430133899052938,4
d256h4L8,6033664,7936,kolmogorov_dna,3,3.3249563574790955,4
d256h4L8,6033664,7936,kolmogorov_dna,4,3.2781572341918945,4
d256h4L8,6033664,7936,kolmogorov_text,1,4.240444600582123,4
d256h4L8,6033664,7936,kolmogorov_text,2,3.920042355855306,4
d256h4L8,6033664,7936,kolmogorov_text,3,3.818632125854492,4
d256h4L8,6033664,7936,kolmogorov_text,4,3.7665352821350098,4
d256h4L8,6033664,7936,llm_compression_arxiv_math,1,3.75564181804657,4
d256h4L8,6033664,7936,llm_compression_arxiv_math,2,3.4305776357650757,4
d256h4L8,6033664,7936,llm_compression_arxiv_math,3,3.330030679702759,4
d256h4L8,6033664,7936,llm_compression_arxiv_math,4,3.278611660003662,4
d256h4L8,6033664,7936,llm_compression_cc,1,4.138778388500214,4
d256h4L8,6033664,7936,llm_compression_cc,2,3.8544658422470093,4
d256h4L8,6033664,7936,llm_compression_cc,3,3.7615132927894592,4
d256h4L8,6033664,7936,llm_compression_cc,4,3.7137868404388428,4
d256h4L8,6033664,7936,llm_compression_python,1,3.2233996987342834,4
d256h4L8,6033664,7936,llm_compression_python,2,2.908401687939962,4
d256h4L8,6033664,7936,llm_compression_python,3,2.8162424564361572,4
d256h4L8,6033664,7936,llm_compression_python,4,2.7693793773651123,4
d256h4L8,6033664,7936,metamath,1,3.3675620555877686,4
d256h4L8,6033664,7936,metamath,2,3.0616959730784097,4
d256h4L8,6033664,7936,metamath,3,2.9664576649665833,4
d256h4L8,6033664,7936,metamath,4,2.9174094200134277,4
d256h4L8,6033664,7936,musicnet_pcm8,1,3.379759192466736,4
d256h4L8,6033664,7936,musicnet_pcm8,2,3.122694174448649,4
d256h4L8,6033664,7936,musicnet_pcm8,3,3.0395315885543823,4
d256h4L8,6033664,7936,musicnet_pcm8,4,2.996614694595337,4
d256h4L8,6033664,7936,musicnet_pcm8_11khz,1,4.261870622634888,4
d256h4L8,6033664,7936,musicnet_pcm8_11khz,2,4.022900740305583,4
d256h4L8,6033664,7936,musicnet_pcm8_11khz,3,3.94061416387558,4
d256h4L8,6033664,7936,musicnet_pcm8_11khz,4,3.8975512981414795,4
d256h4L8,6033664,7936,mutopia_melody_16th,1,2.642479360103607,4
d256h4L8,6033664,7936,mutopia_melody_16th,2,2.3674770991007485,4
d256h4L8,6033664,7936,mutopia_melody_16th,3,2.2927858233451843,4
d256h4L8,6033664,7936,mutopia_melody_16th,4,2.2557754516601562,4
d256h4L8,6033664,7936,speech_commands_pcm8,1,2.85337233543396,4
d256h4L8,6033664,7936,speech_commands_pcm8,2,2.671455423037211,4
d256h4L8,6033664,7936,speech_commands_pcm8,3,2.6133257150650024,4
d256h4L8,6033664,7936,speech_commands_pcm8,4,2.5829930305480957,4
d256h4L8,6033664,7936,speech_commands_pcm8_8khz,1,2.946492850780487,4
d256h4L8,6033664,7936,speech_commands_pcm8_8khz,2,2.754169146219889,4
d256h4L8,6033664,7936,speech_commands_pcm8_8khz,3,2.691168189048767,4
d256h4L8,6033664,7936,speech_commands_pcm8_8khz,4,2.6580049991607666,4
d256h4L8,6033664,8191,aitdcc_a_protein,1,5.342966556549072,4
d256h4L8,6033664,8191,aitdcc_a_protein,2,5.103610436121623,4
d256h4L8,6033664,8191,aitdcc_a_protein,3,5.016884088516235,4
d256h4L8,6033664,8191,aitdcc_a_protein,4,4.972812175750732,4
d256h4L8,6033664,8191,aitdcc_b_c_source,1,3.594512641429901,4
d256h4L8,6033664,8191,aitdcc_b_c_source,2,3.238858143488566,4
d256h4L8,6033664,8191,aitdcc_b_c_source,3,3.131307303905487,4
d256h4L8,6033664,8191,aitdcc_b_c_source,4,3.0768754482269287,4
d256h4L8,6033664,8191,aitdcc_d_glibc_rand,1,8.715517282485962,4
d256h4L8,6033664,8191,aitdcc_d_glibc_rand,2,8.426864465077719,4
d256h4L8,6033664,8191,aitdcc_d_glibc_rand,3,8.320321798324585,4
d256h4L8,6033664,8191,aitdcc_d_glibc_rand,4,8.262931823730469,4
d256h4L8,6033664,8191,aitdcc_e_atlas_float32,1,7.795737862586975,4
d256h4L8,6033664,8191,aitdcc_e_atlas_float32,2,7.420798381169637,4
d256h4L8,6033664,8191,aitdcc_e_atlas_float32,3,7.293901562690735,4
d256h4L8,6033664,8191,aitdcc_e_atlas_float32,4,7.226965427398682,4
d256h4L8,6033664,8191,aitdcc_g_astronomy,1,3.050851881504059,4
d256h4L8,6033664,8191,aitdcc_g_astronomy,2,2.892751773198446,4
d256h4L8,6033664,8191,aitdcc_g_astronomy,3,2.8377291560173035,4
d256h4L8,6033664,8191,aitdcc_g_astronomy,4,2.8095781803131104,4
d256h4L8,6033664,8191,arithmetic,1,1.9888505339622498,4
d256h4L8,6033664,8191,arithmetic,2,1.000227650006612,4
d256h4L8,6033664,8191,arithmetic,3,0.9135615974664688,4
d256h4L8,6033664,8191,arithmetic,4,0.8824626803398132,4
d256h4L8,6033664,8191,audio_16bit,1,8.225936889648438,4
d256h4L8,6033664,8191,audio_16bit,2,7.634641647338867,4
d256h4L8,6033664,8191,audio_16bit,3,7.445416569709778,4
d256h4L8,6033664,8191,audio_16bit,4,7.346287727355957,4
d256h4L8,6033664,8191,audio_8bit,1,6.493835926055908,4
d256h4L8,6033664,8191,audio_8bit,2,5.81582768758138,4
d256h4L8,6033664,8191,audio_8bit,3,5.618519425392151,4
d256h4L8,6033664,8191,audio_8bit,4,5.5236687660217285,4
d256h4L8,6033664,8191,cifar10_rgb_hwc,1,8.153582096099854,4
d256h4L8,6033664,8191,cifar10_rgb_hwc,2,7.79365348815918,4
d256h4L8,6033664,8191,cifar10_rgb_hwc,3,7.66148829460144,4
d256h4L8,6033664,8191,cifar10_rgb_hwc,4,7.590427398681641,4
d256h4L8,6033664,8191,cifar10_rgb_planar,1,8.160761833190918,4
d256h4L8,6033664,8191,cifar10_rgb_planar,2,7.809268951416016,4
d256h4L8,6033664,8191,cifar10_rgb_planar,3,7.679199814796448,4
d256h4L8,6033664,8191,cifar10_rgb_planar,4,7.608975410461426,4
d256h4L8,6033664,8191,dclm,1,4.397668242454529,4
d256h4L8,6033664,8191,dclm,2,4.093588670094808,4
d256h4L8,6033664,8191,dclm,3,3.991789221763611,4
d256h4L8,6033664,8191,dclm,4,3.9395580291748047,4
d256h4L8,6033664,8191,dclm_ranked,1,6.9678263664245605,4
d256h4L8,6033664,8191,dclm_ranked,2,6.424525022506714,4
d256h4L8,6033664,8191,dclm_ranked,3,6.218699932098389,4
d256h4L8,6033664,8191,dclm_ranked,4,6.107796669006348,4
d256h4L8,6033664,8191,dna,1,4.472585082054138,4
d256h4L8,6033664,8191,dna,2,4.012851635615031,4
d256h4L8,6033664,8191,dna,3,3.8862890005111694,4
d256h4L8,6033664,8191,dna,4,3.829073429107666,4
d256h4L8,6033664,8191,esc50_pcm8,1,2.795398771762848,4
d256h4L8,6033664,8191,esc50_pcm8,2,2.590404669443766,4
d256h4L8,6033664,8191,esc50_pcm8,3,2.5292872190475464,4
d256h4L8,6033664,8191,esc50_pcm8,4,2.4978578090667725,4
d256h4L8,6033664,8191,esc50_pcm8_11khz,1,3.6762824654579163,4
d256h4L8,6033664,8191,esc50_pcm8_11khz,2,3.469523231188456,4
d256h4L8,6033664,8191,esc50_pcm8_11khz,3,3.4003623127937317,4
d256h4L8,6033664,8191,esc50_pcm8_11khz,4,3.364299774169922,4
d256h4L8,6033664,8191,kolmogorov_dna,1,3.823984980583191,4
d256h4L8,6033664,8191,kolmogorov_dna,2,3.4351617097854614,4
d256h4L8,6033664,8191,kolmogorov_dna,3,3.3275062441825867,4
d256h4L8,6033664,8191,kolmogorov_dna,4,3.278355598449707,4
d256h4L8,6033664,8191,kolmogorov_text,1,4.198571026325226,4
d256h4L8,6033664,8191,kolmogorov_text,2,3.8729090690612793,4
d256h4L8,6033664,8191,kolmogorov_text,3,3.7673940658569336,4
d256h4L8,6033664,8191,kolmogorov_text,4,3.713287115097046,4
d256h4L8,6033664,8191,llm_compression_arxiv_math,1,3.702324688434601,4
d256h4L8,6033664,8191,llm_compression_arxiv_math,2,3.3626293341318765,4
d256h4L8,6033664,8191,llm_compression_arxiv_math,3,3.257471024990082,4
d256h4L8,6033664,8191,llm_compression_arxiv_math,4,3.204139232635498,4
d256h4L8,6033664,8191,llm_compression_cc,1,4.11006098985672,4
d256h4L8,6033664,8191,llm_compression_cc,2,3.8154321908950806,4
d256h4L8,6033664,8191,llm_compression_cc,3,3.7174723744392395,4
d256h4L8,6033664,8191,llm_compression_cc,4,3.667325973510742,4
d256h4L8,6033664,8191,llm_compression_python,1,3.165352165699005,4
d256h4L8,6033664,8191,llm_compression_python,2,2.854029575983683,4
d256h4L8,6033664,8191,llm_compression_python,3,2.760889172554016,4
d256h4L8,6033664,8191,llm_compression_python,4,2.7138407230377197,4
d256h4L8,6033664,8191,metamath,1,3.3260377049446106,4
d256h4L8,6033664,8191,metamath,2,3.024183909098307,4
d256h4L8,6033664,8191,metamath,3,2.9303699731826782,4
d256h4L8,6033664,8191,metamath,4,2.8824071884155273,4
d256h4L8,6033664,8191,musicnet_pcm8,1,3.3316688537597656,4
d256h4L8,6033664,8191,musicnet_pcm8,2,3.071433703104655,4
d256h4L8,6033664,8191,musicnet_pcm8,3,2.9868916273117065,4
d256h4L8,6033664,8191,musicnet_pcm8,4,2.943262815475464,4
d256h4L8,6033664,8191,musicnet_pcm8_11khz,1,4.246365904808044,4
d256h4L8,6033664,8191,musicnet_pcm8_11khz,2,4.00089172522227,4
d256h4L8,6033664,8191,musicnet_pcm8_11khz,3,3.91651451587677,4
d256h4L8,6033664,8191,musicnet_pcm8_11khz,4,3.872573137283325,4
d256h4L8,6033664,8191,mutopia_melody_16th,1,2.6130599975585938,4
d256h4L8,6033664,8191,mutopia_melody_16th,2,2.3340219259262085,4
d256h4L8,6033664,8191,mutopia_melody_16th,3,2.2600629329681396,4
d256h4L8,6033664,8191,mutopia_melody_16th,4,2.2229864597320557,4
d256h4L8,6033664,8191,speech_commands_pcm8,1,2.8303033113479614,4
d256h4L8,6033664,8191,speech_commands_pcm8,2,2.6450708309809365,4
d256h4L8,6033664,8191,speech_commands_pcm8,3,2.585356831550598,4
d256h4L8,6033664,8191,speech_commands_pcm8,4,2.5542588233947754,4
d256h4L8,6033664,8191,speech_commands_pcm8_8khz,1,2.9291970133781433,4
d256h4L8,6033664,8191,speech_commands_pcm8_8khz,2,2.734864354133606,4
d256h4L8,6033664,8191,speech_commands_pcm8_8khz,3,2.6705178022384644,4
d256h4L8,6033664,8191,speech_commands_pcm8_8khz,4,2.636688709259033,4
d64h1L1,65728,3840,aitdcc_a_protein,1,6.047724008560181,4
d64h1L1,65728,3840,aitdcc_a_protein,2,5.635660648345947,4
d64h1L1,65728,3840,aitdcc_a_protein,3,5.484758973121643,4
d64h1L1,65728,3840,aitdcc_a_protein,4,5.403789043426514,4
d64h1L1,65728,3840,aitdcc_b_c_source,1,7.617112994194031,4
d64h1L1,65728,3840,aitdcc_b_c_source,2,7.003275314966838,4
d64h1L1,65728,3840,aitdcc_b_c_source,3,6.763563513755798,4
d64h1L1,65728,3840,aitdcc_b_c_source,4,6.628035068511963,4
d64h1L1,65728,3840,aitdcc_d_glibc_rand,1,9.057939767837524,4
d64h1L1,65728,3840,aitdcc_d_glibc_rand,2,8.568592071533203,4
d64h1L1,65728,3840,aitdcc_d_glibc_rand,3,8.403961896896362,4
d64h1L1,65728,3840,aitdcc_d_glibc_rand,4,8.320287704467773,4
d64h1L1,65728,3840,aitdcc_e_atlas_float32,1,9.172549486160278,4
d64h1L1,65728,3840,aitdcc_e_atlas_float32,2,8.401650587717691,4
d64h1L1,65728,3840,aitdcc_e_atlas_float32,3,8.11617374420166,4
d64h1L1,65728,3840,aitdcc_e_atlas_float32,4,7.963045120239258,4
d64h1L1,65728,3840,aitdcc_g_astronomy,1,4.501320481300354,4
d64h1L1,65728,3840,aitdcc_g_astronomy,2,4.106555342674255,4
d64h1L1,65728,3840,aitdcc_g_astronomy,3,3.9615085124969482,4
d64h1L1,65728,3840,aitdcc_g_astronomy,4,3.8871405124664307,4
d64h1L1,65728,3840,arithmetic,1,8.483256578445435,4
d64h1L1,65728,3840,arithmetic,2,7.955224514007568,4
d64h1L1,65728,3840,arithmetic,3,7.7784552574157715,4
d64h1L1,65728,3840,arithmetic,4,7.6894659996032715,4
d64h1L1,65728,3840,audio_16bit,1,9.11666226387024,4
d64h1L1,65728,3840,audio_16bit,2,8.422048886617025,4
d64h1L1,65728,3840,audio_16bit,3,8.165749073028564,4
d64h1L1,65728,3840,audio_16bit,4,8.029823303222656,4
d64h1L1,65728,3840,audio_8bit,1,7.083152532577515,4
d64h1L1,65728,3840,audio_8bit,2,6.678499221801758,4
d64h1L1,65728,3840,audio_8bit,3,6.540343284606934,4
d64h1L1,65728,3840,audio_8bit,4,6.470428943634033,4
d64h1L1,65728,3840,cifar10_rgb_hwc,1,9.00083327293396,4
d64h1L1,65728,3840,cifar10_rgb_hwc,2,8.336961269378662,4
d64h1L1,65728,3840,cifar10_rgb_hwc,3,8.104841232299805,4
d64h1L1,65728,3840,cifar10_rgb_hwc,4,7.986016273498535,4
d64h1L1,65728,3840,cifar10_rgb_planar,1,8.963618993759155,4
d64h1L1,65728,3840,cifar10_rgb_planar,2,8.301902294158936,4
d64h1L1,65728,3840,cifar10_rgb_planar,3,8.069381952285767,4
d64h1L1,65728,3840,cifar10_rgb_planar,4,7.949722766876221,4
d64h1L1,65728,3840,dclm,1,6.663154482841492,4
d64h1L1,65728,3840,dclm,2,6.191794474919637,4
d64h1L1,65728,3840,dclm,3,6.001697063446045,4
d64h1L1,65728,3840,dclm,4,5.903432369232178,4
d64h1L1,65728,3840,dclm_ranked,1,7.821158766746521,4
d64h1L1,65728,3840,dclm_ranked,2,7.296492179234822,4
d64h1L1,65728,3840,dclm_ranked,3,7.119744658470154,4
d64h1L1,65728,3840,dclm_ranked,4,7.030156135559082,4
d64h1L1,65728,3840,dna,1,4.891615986824036,4
d64h1L1,65728,3840,dna,2,4.748778502146403,4
d64h1L1,65728,3840,dna,3,4.700948357582092,4
d64h1L1,65728,3840,dna,4,4.676900863647461,4
d64h1L1,65728,3840,esc50_pcm8,1,4.743826627731323,4
d64h1L1,65728,3840,esc50_pcm8,2,4.426814476648967,4
d64h1L1,65728,3840,esc50_pcm8,3,4.311763882637024,4
d64h1L1,65728,3840,esc50_pcm8,4,4.251614570617676,4
d64h1L1,65728,3840,esc50_pcm8_11khz,1,5.049977660179138,4
d64h1L1,65728,3840,esc50_pcm8_11khz,2,4.684545358022054,4
d64h1L1,65728,3840,esc50_pcm8_11khz,3,4.550548076629639,4
d64h1L1,65728,3840,esc50_pcm8_11khz,4,4.479860305786133,4
d64h1L1,65728,3840,kolmogorov_dna,1,4.209877252578735,4
d64h1L1,65728,3840,kolmogorov_dna,2,4.070872982343038,4
d64h1L1,65728,3840,kolmogorov_dna,3,4.019079923629761,4
d64h1L1,65728,3840,kolmogorov_dna,4,3.9936232566833496,4
d64h1L1,65728,3840,kolmogorov_text,1,6.987526893615723,4
d64h1L1,65728,3840,kolmogorov_text,2,6.454762776692708,4
d64h1L1,65728,3840,kolmogorov_text,3,6.245796322822571,4
d64h1L1,65728,3840,kolmogorov_text,4,6.140143394470215,4
d64h1L1,65728,3840,llm_compression_arxiv_math,1,7.170980334281921,4
d64h1L1,65728,3840,llm_compression_arxiv_math,2,6.612297773361206,4
d64h1L1,65728,3840,llm_compression_arxiv_math,3,6.400227189064026,4
d64h1L1,65728,3840,llm_compression_arxiv_math,4,6.289068222045898,4
d64h1L1,65728,3840,llm_compression_cc,1,6.62995707988739,4
d64h1L1,65728,3840,llm_compression_cc,2,6.154165665308635,4
d64h1L1,65728,3840,llm_compression_cc,3,5.965736746788025,4
d64h1L1,65728,3840,llm_compression_cc,4,5.870250225067139,4
d64h1L1,65728,3840,llm_compression_python,1,6.689192771911621,4
d64h1L1,65728,3840,llm_compression_python,2,6.2093574206034345,4
d64h1L1,65728,3840,llm_compression_python,3,6.023976922035217,4
d64h1L1,65728,3840,llm_compression_python,4,5.921449184417725,4
d64h1L1,65728,3840,metamath,1,7.254260897636414,4
d64h1L1,65728,3840,metamath,2,6.6602104504903155,4
d64h1L1,65728,3840,metamath,3,6.442264795303345,4
d64h1L1,65728,3840,metamath,4,6.323686599731445,4
d64h1L1,65728,3840,musicnet_pcm8,1,6.378400087356567,4
d64h1L1,65728,3840,musicnet_pcm8,2,5.904098033905029,4
d64h1L1,65728,3840,musicnet_pcm8,3,5.732212543487549,4
d64h1L1,65728,3840,musicnet_pcm8,4,5.642933368682861,4
d64h1L1,65728,3840,musicnet_pcm8_11khz,1,6.034742474555969,4
d64h1L1,65728,3840,musicnet_pcm8_11khz,2,5.561319907506307,4
d64h1L1,65728,3840,musicnet_pcm8_11khz,3,5.388076424598694,4
d64h1L1,65728,3840,musicnet_pcm8_11khz,4,5.296921730041504,4
d64h1L1,65728,3840,mutopia_melody_16th,1,4.707118272781372,4
d64h1L1,65728,3840,mutopia_melody_16th,2,4.369581778844197,4
d64h1L1,65728,3840,mutopia_melody_16th,3,4.242231965065002,4
d64h1L1,65728,3840,mutopia_melody_16th,4,4.17663049697876,4
d64h1L1,65728,3840,speech_commands_pcm8,1,4.74181067943573,4
d64h1L1,65728,3840,speech_commands_pcm8,2,4.429081916809082,4
d64h1L1,65728,3840,speech_commands_pcm8,3,4.312361478805542,4
d64h1L1,65728,3840,speech_commands_pcm8,4,4.250458717346191,4
d64h1L1,65728,3840,speech_commands_pcm8_8khz,1,5.044508099555969,4
d64h1L1,65728,3840,speech_commands_pcm8_8khz,2,4.716608126958211,4
d64h1L1,65728,3840,speech_commands_pcm8_8khz,3,4.591265082359314,4
d64h1L1,65728,3840,speech_commands_pcm8_8khz,4,4.523795127868652,4
d64h1L1,65728,4096,aitdcc_a_protein,1,6.154383301734924,4
d64h1L1,65728,4096,aitdcc_a_protein,2,5.7423975467681885,4
d64h1L1,65728,4096,aitdcc_a_protein,3,5.596550703048706,4
d64h1L1,65728,4096,aitdcc_a_protein,4,5.515631675720215,4
d64h1L1,65728,4096,aitdcc_b_c_source,1,7.503244996070862,4
d64h1L1,65728,4096,aitdcc_b_c_source,2,6.893711646397908,4
d64h1L1,65728,4096,aitdcc_b_c_source,3,6.669041633605957,4
d64h1L1,65728,4096,aitdcc_b_c_source,4,6.548445224761963,4
d64h1L1,65728,4096,aitdcc_d_glibc_rand,1,8.787035465240479,4
d64h1L1,65728,4096,aitdcc_d_glibc_rand,2,8.426811854044596,4
d64h1L1,65728,4096,aitdcc_d_glibc_rand,3,8.304636240005493,4
d64h1L1,65728,4096,aitdcc_d_glibc_rand,4,8.242701530456543,4
d64h1L1,65728,4096,aitdcc_e_atlas_float32,1,8.67915654182434,4
d64h1L1,65728,4096,aitdcc_e_atlas_float32,2,8.015552043914795,4
d64h1L1,65728,4096,aitdcc_e_atlas_float32,3,7.768167853355408,4
d64h1L1,65728,4096,aitdcc_e_atlas_float32,4,7.6374053955078125,4
d64h1L1,65728,4096,aitdcc_g_astronomy,1,4.236127495765686,4
d64h1L1,65728,4096,aitdcc_g_astronomy,2,3.870760718981425,4
d64h1L1,65728,4096,aitdcc_g_astronomy,3,3.7576170563697815,4
d64h1L1,65728,4096,aitdcc_g_astronomy,4,3.69838809967041,4
d64h1L1,65728,4096,arithmetic,1,8.293697118759155,4
d64h1L1,65728,4096,arithmetic,2,7.861388921737671,4
d64h1L1,65728,4096,arithmetic,3,7.717882752418518,4
d64h1L1,65728,4096,arithmetic,4,7.645899295806885,4
d64h1L1,65728,4096,audio_16bit,1,8.95699405670166,4
d64h1L1,65728,4096,audio_16bit,2,8.311325867970785,4
d64h1L1,65728,4096,audio_16bit,3,8.083739280700684,4
d64h1L1,65728,4096,audio_16bit,4,7.966238498687744,4
d64h1L1,65728,4096,audio_8bit,1,6.905424118041992,4
d64h1L1,65728,4096,audio_8bit,2,6.546687920888265,4
d64h1L1,65728,4096,audio_8bit,3,6.4309468269348145,4
d64h1L1,65728,4096,audio_8bit,4,6.372690677642822,4
d64h1L1,65728,4096,cifar10_rgb_hwc,1,8.769143342971802,4
d64h1L1,65728,4096,cifar10_rgb_hwc,2,8.212408542633057,4
d64h1L1,65728,4096,cifar10_rgb_hwc,3,8.020744800567627,4
d64h1L1,65728,4096,cifar10_rgb_hwc,4,7.923324108123779,4
d64h1L1,65728,4096,cifar10_rgb_planar,1,8.740185260772705,4
d64h1L1,65728,4096,cifar10_rgb_planar,2,8.182713985443115,4
d64h1L1,65728,4096,cifar10_rgb_planar,3,7.990283131599426,4
d64h1L1,65728,4096,cifar10_rgb_planar,4,7.892192840576172,4
d64h1L1,65728,4096,dclm,1,6.635225415229797,4
d64h1L1,65728,4096,dclm,2,6.1258126099904375,4
d64h1L1,65728,4096,dclm,3,5.919974207878113,4
d64h1L1,65728,4096,dclm,4,5.808680534362793,4
d64h1L1,65728,4096,dclm_ranked,1,7.698378920555115,4
d64h1L1,65728,4096,dclm_ranked,2,7.222971439361572,4
d64h1L1,65728,4096,dclm_ranked,3,7.066695332527161,4
d64h1L1,65728,4096,dclm_ranked,4,6.988369941711426,4
d64h1L1,65728,4096,dna,1,4.895262837409973,4
d64h1L1,65728,4096,dna,2,4.736424207687378,4
d64h1L1,65728,4096,dna,3,4.680655479431152,4
d64h1L1,65728,4096,dna,4,4.655978202819824,4
d64h1L1,65728,4096,esc50_pcm8,1,4.67825722694397,4
d64h1L1,65728,4096,esc50_pcm8,2,4.378169695536296,4
d64h1L1,65728,4096,esc50_pcm8,3,4.266913175582886,4
d64h1L1,65728,4096,esc50_pcm8,4,4.207489013671875,4
d64h1L1,65728,4096,esc50_pcm8_11khz,1,4.987099051475525,4
d64h1L1,65728,4096,esc50_pcm8_11khz,2,4.639307975769043,4
d64h1L1,65728,4096,esc50_pcm8_11khz,3,4.508470773696899,4
d64h1L1,65728,4096,esc50_pcm8_11khz,4,4.437453746795654,4
d64h1L1,65728,4096,kolmogorov_dna,1,4.24976110458374,4
d64h1L1,65728,4096,kolmogorov_dna,2,4.103976567586263,4
d64h1L1,65728,4096,kolmogorov_dna,3,4.05216658115387,4
d64h1L1,65728,4096,kolmogorov_dna,4,4.0293755531311035,4
d64h1L1,65728,4096,kolmogorov_text,1,6.9451223611831665,4
d64h1L1,65728,4096,kolmogorov_text,2,6.392237504323323,4
d64h1L1,65728,4096,kolmogorov_text,3,6.173974394798279,4
d64h1L1,65728,4096,kolmogorov_text,4,6.058267593383789,4
d64h1L1,65728,4096,llm_compression_arxiv_math,1,7.13307249546051,4
d64h1L1,65728,4096,llm_compression_arxiv_math,2,6.565407355626424,4
d64h1L1,65728,4096,llm_compression_arxiv_math,3,6.347959399223328,4
d64h1L1,65728,4096,llm_compression_arxiv_math,4,6.236105442047119,4
d64h1L1,65728,4096,llm_compression_cc,1,6.6223835945129395,4
d64h1L1,65728,4096,llm_compression_cc,2,6.1144131024678545,4
d64h1L1,65728,4096,llm_compression_cc,3,5.909919381141663,4
d64h1L1,65728,4096,llm_compression_cc,4,5.800822734832764,4
d64h1L1,65728,4096,llm_compression_python,1,6.64990508556366,4
d64h1L1,65728,4096,llm_compression_python,2,6.110685030619304,4
d64h1L1,65728,4096,llm_compression_python,3,5.907811760902405,4
d64h1L1,65728,4096,llm_compression_python,4,5.796573638916016,4
d64h1L1,65728,4096,metamath,1,7.242936372756958,4
d64h1L1,65728,4096,metamath,2,6.598626931508382,4
d64h1L1,65728,4096,metamath,3,6.360383868217468,4
d64h1L1,65728,4096,metamath,4,6.2344818115234375,4
d64h1L1,65728,4096,musicnet_pcm8,1,6.271479368209839,4
d64h1L1,65728,4096,musicnet_pcm8,2,5.845925649007161,4
d64h1L1,65728,4096,musicnet_pcm8,3,5.687912464141846,4
d64h1L1,65728,4096,musicnet_pcm8,4,5.604273319244385,4
d64h1L1,65728,4096,musicnet_pcm8_11khz,1,5.94566023349762,4
d64h1L1,65728,4096,musicnet_pcm8_11khz,2,5.50558614730835,4
d64h1L1,65728,4096,musicnet_pcm8_11khz,3,5.340632081031799,4
d64h1L1,65728,4096,musicnet_pcm8_11khz,4,5.251335620880127,4
d64h1L1,65728,4096,mutopia_melody_16th,1,4.588807582855225,4
d64h1L1,65728,4096,mutopia_melody_16th,2,4.240543365478516,4
d64h1L1,65728,4096,mutopia_melody_16th,3,4.111829042434692,4
d64h1L1,65728,4096,mutopia_melody_16th,4,4.04201602935791,4
d64h1L1,65728,4096,speech_commands_pcm8,1,4.669111013412476,4
d64h1L1,65728,4096,speech_commands_pcm8,2,4.36132009824117,4
d64h1L1,65728,4096,speech_commands_pcm8,3,4.241015076637268,4
d64h1L1,65728,4096,speech_commands_pcm8,4,4.173244476318359,4
d64h1L1,65728,4096,speech_commands_pcm8_8khz,1,4.995822310447693,4
d64h1L1,65728,4096,speech_commands_pcm8_8khz,2,4.645255168279012,4
d64h1L1,65728,4096,speech_commands_pcm8_8khz,3,4.499896049499512,4
d64h1L1,65728,4096,speech_commands_pcm8_8khz,4,4.415852069854736,4
d64h1L1,65728,4352,aitdcc_a_protein,1,6.012688755989075,4
d64h1L1,65728,4352,aitdcc_a_protein,2,5.695936282475789,4
d64h1L1,65728,4352,aitdcc_a_protein,3,5.589105129241943,4
d64h1L1,65728,4352,aitdcc_a_protein,4,5.532341003417969,4
d64h1L1,65728,4352,aitdcc_b_c_source,1,7.467468500137329,4
d64h1L1,65728,4352,aitdcc_b_c_source,2,6.829071680704753,4
d64h1L1,65728,4352,aitdcc_b_c_source,3,6.5919764041900635,4
d64h1L1,65728,4352,aitdcc_b_c_source,4,6.460070610046387,4
d64h1L1,65728,4352,aitdcc_d_glibc_rand,1,8.65388798713684,4
d64h1L1,65728,4352,aitdcc_d_glibc_rand,2,8.35295327504476,4
d64h1L1,65728,4352,aitdcc_d_glibc_rand,3,8.252449989318848,4
d64h1L1,65728,4352,aitdcc_d_glibc_rand,4,8.201666831970215,4
d64h1L1,65728,4352,aitdcc_e_atlas_float32,1,8.493524551391602,4
d64h1L1,65728,4352,aitdcc_e_atlas_float32,2,7.88277808825175,4
d64h1L1,65728,4352,aitdcc_e_atlas_float32,3,7.662175416946411,4
d64h1L1,65728,4352,aitdcc_e_atlas_float32,4,7.546883583068848,4
d64h1L1,65728,4352,aitdcc_g_astronomy,1,4.428277134895325,4
d64h1L1,65728,4352,aitdcc_g_astronomy,2,4.050557891527812,4
d64h1L1,65728,4352,aitdcc_g_astronomy,3,3.938383400440216,4
d64h1L1,65728,4352,aitdcc_g_astronomy,4,3.8796257972717285,4
d64h1L1,65728,4352,arithmetic,1,8.191590785980225,4
d64h1L1,65728,4352,arithmetic,2,7.80594261487325,4
d64h1L1,65728,4352,arithmetic,3,7.679343342781067,4
d64h1L1,65728,4352,arithmetic,4,7.615918159484863,4
d64h1L1,65728,4352,audio_16bit,1,8.832868099212646,4
d64h1L1,65728,4352,audio_16bit,2,8.23838996887207,4
d64h1L1,65728,4352,audio_16bit,3,8.027068257331848,4
d64h1L1,65728,4352,audio_16bit,4,7.917937278747559,4
d64h1L1,65728,4352,audio_8bit,1,6.951814532279968,4
d64h1L1,65728,4352,audio_8bit,2,6.589978535970052,4
d64h1L1,65728,4352,audio_8bit,3,6.469301223754883,4
d64h1L1,65728,4352,audio_8bit,4,6.410135269165039,4
d64h1L1,65728,4352,cifar10_rgb_hwc,1,8.649996995925903,4
d64h1L1,65728,4352,cifar10_rgb_hwc,2,8.156225045522055,4
d64h1L1,65728,4352,cifar10_rgb_hwc,3,7.985806226730347,4
d64h1L1,65728,4352,cifar10_rgb_hwc,4,7.899110794067383,4
d64h1L1,65728,4352,cifar10_rgb_planar,1,8.624139308929443,4
d64h1L1,65728,4352,cifar10_rgb_planar,2,8.129681905110678,4
d64h1L1,65728,4352,cifar10_rgb_planar,3,7.958264350891113,4
d64h1L1,65728,4352,cifar10_rgb_planar,4,7.870704174041748,4
d64h1L1,65728,4352,dclm,1,6.611541152000427,4
d64h1L1,65728,4352,dclm,2,6.087034702301025,4
d64h1L1,65728,4352,dclm,3,5.879807114601135,4
d64h1L1,65728,4352,dclm,4,5.762759685516357,4
d64h1L1,65728,4352,dclm_ranked,1,7.650186777114868,4
d64h1L1,65728,4352,dclm_ranked,2,7.187366485595703,4
d64h1L1,65728,4352,dclm_ranked,3,7.033696413040161,4
d64h1L1,65728,4352,dclm_ranked,4,6.948914051055908,4
d64h1L1,65728,4352,dna,1,4.997511625289917,4
d64h1L1,65728,4352,dna,2,4.829124291737874,4
d64h1L1,65728,4352,dna,3,4.7688387632369995,4
d64h1L1,65728,4352,dna,4,4.735174179077148,4
d64h1L1,65728,4352,esc50_pcm8,1,4.6299803256988525,4
d64h1L1,65728,4352,esc50_pcm8,2,4.334579626719157,4
d64h1L1,65728,4352,esc50_pcm8,3,4.230210065841675,4
d64h1L1,65728,4352,esc50_pcm8,4,4.177916526794434,4
d64h1L1,65728,4352,esc50_pcm8_11khz,1,4.947574019432068,4
d64h1L1,65728,4352,esc50_pcm8_11khz,2,4.606136878331502,4
d64h1L1,65728,4352,esc50_pcm8_11khz,3,4.484511613845825,4
d64h1L1,65728,4352,esc50_pcm8_11khz,4,4.423349857330322,4
d64h1L1,65728,4352,kolmogorov_dna,1,4.329808592796326,4
d64h1L1,65728,4352,kolmogorov_dna,2,4.132233699162801,4
d64h1L1,65728,4352,kolmogorov_dna,3,4.058517754077911,4
d64h1L1,65728,4352,kolmogorov_dna,4,4.024142265319824,4
d64h1L1,65728,4352,kolmogorov_text,1,6.909932732582092,4
d64h1L1,65728,4352,kolmogorov_text,2,6.35536511739095,4
d64h1L1,65728,4352,kolmogorov_text,3,6.143659591674805,4
d64h1L1,65728,4352,kolmogorov_text,4,6.026642322540283,4
d64h1L1,65728,4352,llm_compression_arxiv_math,1,7.088167786598206,4
d64h1L1,65728,4352,llm_compression_arxiv_math,2,6.507796287536621,4
d64h1L1,65728,4352,llm_compression_arxiv_math,3,6.301592826843262,4
d64h1L1,65728,4352,llm_compression_arxiv_math,4,6.1908464431762695,4
d64h1L1,65728,4352,llm_compression_cc,1,6.598169684410095,4
d64h1L1,65728,4352,llm_compression_cc,2,6.073164780934651,4
d64h1L1,65728,4352,llm_compression_cc,3,5.869625210762024,4
d64h1L1,65728,4352,llm_compression_cc,4,5.756392002105713,4
d64h1L1,65728,4352,llm_compression_python,1,6.579503178596497,4
d64h1L1,65728,4352,llm_compression_python,2,6.04521910349528,4
d64h1L1,65728,4352,llm_compression_python,3,5.8433345556259155,4
d64h1L1,65728,4352,llm_compression_python,4,5.730974197387695,4
d64h1L1,65728,4352,metamath,1,7.163938760757446,4
d64h1L1,65728,4352,metamath,2,6.530086596806844,4
d64h1L1,65728,4352,metamath,3,6.3107253313064575,4
d64h1L1,65728,4352,metamath,4,6.19406795501709,4
d64h1L1,65728,4352,musicnet_pcm8,1,6.248792767524719,4
d64h1L1,65728,4352,musicnet_pcm8,2,5.833301146825154,4
d64h1L1,65728,4352,musicnet_pcm8,3,5.68743360042572,4
d64h1L1,65728,4352,musicnet_pcm8,4,5.612887382507324,4
d64h1L1,65728,4352,musicnet_pcm8_11khz,1,5.908387780189514,4
d64h1L1,65728,4352,musicnet_pcm8_11khz,2,5.478015740712483,4
d64h1L1,65728,4352,musicnet_pcm8_11khz,3,5.326625347137451,4
d64h1L1,65728,4352,musicnet_pcm8_11khz,4,5.249411582946777,4
d64h1L1,65728,4352,mutopia_melody_16th,1,4.652866721153259,4
d64h1L1,65728,4352,mutopia_melody_16th,2,4.251514752705892,4
d64h1L1,65728,4352,mutopia_melody_16th,3,4.104576230049133,4
d64h1L1,65728,4352,mutopia_melody_16th,4,4.02802848815918,4
d64h1L1,65728,4352,speech_commands_pcm8,1,4.620017170906067,4
d64h1L1,65728,4352,speech_commands_pcm8,2,4.311752239863078,4
d64h1L1,65728,4352,speech_commands_pcm8,3,4.199831008911133,4
d64h1L1,65728,4352,speech_commands_pcm8,4,4.142824172973633,4
d64h1L1,65728,4352,speech_commands_pcm8_8khz,1,4.943097233772278,4
d64h1L1,65728,4352,speech_commands_pcm8_8khz,2,4.58524735768636,4
d64h1L1,65728,4352,speech_commands_pcm8_8khz,3,4.446754336357117,4
d64h1L1,65728,4352,speech_commands_pcm8_8khz,4,4.375718116760254,4
d64h1L1,65728,4608,aitdcc_a_protein,1,6.001119017601013,4
d64h1L1,65728,4608,aitdcc_a_protein,2,5.6391909917195635,4
d64h1L1,65728,4608,aitdcc_a_protein,3,5.520274996757507,4
d64h1L1,65728,4608,aitdcc_a_protein,4,5.463071346282959,4
d64h1L1,65728,4608,aitdcc_b_c_source,1,7.409923195838928,4
d64h1L1,65728,4608,aitdcc_b_c_source,2,6.819641987482707,4
d64h1L1,65728,4608,aitdcc_b_c_source,3,6.612836837768555,4
d64h1L1,65728,4608,aitdcc_b_c_source,4,6.506144046783447,4
d64h1L1,65728,4608,aitdcc_d_glibc_rand,1,8.547237157821655,4
d64h1L1,65728,4608,aitdcc_d_glibc_rand,2,8.294723192850748,4
d64h1L1,65728,4608,aitdcc_d_glibc_rand,3,8.210584878921509,4
d64h1L1,65728,4608,aitdcc_d_glibc_rand,4,8.167956352233887,4
d64h1L1,65728,4608,aitdcc_e_atlas_float32,1,8.298935890197754,4
d64h1L1,65728,4608,aitdcc_e_atlas_float32,2,7.756832202275594,4
d64h1L1,65728,4608,aitdcc_e_atlas_float32,3,7.562324047088623,4
d64h1L1,65728,4608,aitdcc_e_atlas_float32,4,7.461764335632324,4
d64h1L1,65728,4608,aitdcc_g_astronomy,1,4.423414468765259,4
d64h1L1,65728,4608,aitdcc_g_astronomy,2,4.108102560043335,4
d64h1L1,65728,4608,aitdcc_g_astronomy,3,3.99156391620636,4
d64h1L1,65728,4608,aitdcc_g_astronomy,4,3.9286811351776123,4
d64h1L1,65728,4608,arithmetic,1,8.098176121711731,4
d64h1L1,65728,4608,arithmetic,2,7.76743761698405,4
d64h1L1,65728,4608,arithmetic,3,7.659961938858032,4
d64h1L1,65728,4608,arithmetic,4,7.606571674346924,4
d64h1L1,65728,4608,audio_16bit,1,8.707275867462158,4
d64h1L1,65728,4608,audio_16bit,2,8.15406084060669,4
d64h1L1,65728,4608,audio_16bit,3,7.961116552352905,4
d64h1L1,65728,4608,audio_16bit,4,7.861232757568359,4
d64h1L1,65728,4608,audio_8bit,1,6.9425212144851685,4
d64h1L1,65728,4608,audio_8bit,2,6.617078145345052,4
d64h1L1,65728,4608,audio_8bit,3,6.507931709289551,4
d64h1L1,65728,4608,audio_8bit,4,6.452056407928467,4
d64h1L1,65728,4608,cifar10_rgb_hwc,1,8.509492874145508,4
d64h1L1,65728,4608,cifar10_rgb_hwc,2,8.086204369862875,4
d64h1L1,65728,4608,cifar10_rgb_hwc,3,7.943365454673767,4
d64h1L1,65728,4608,cifar10_rgb_hwc,4,7.870996952056885,4
d64h1L1,65728,4608,cifar10_rgb_planar,1,8.490293264389038,4
d64h1L1,65728,4608,cifar10_rgb_planar,2,8.064770380655924,4
d64h1L1,65728,4608,cifar10_rgb_planar,3,7.9208914041519165,4
d64h1L1,65728,4608,cifar10_rgb_planar,4,7.847868919372559,4
d64h1L1,65728,4608,dclm,1,6.609928607940674,4
d64h1L1,65728,4608,dclm,2,6.117752393086751,4
d64h1L1,65728,4608,dclm,3,5.924823760986328,4
d64h1L1,65728,4608,dclm,4,5.817037105560303,4
d64h1L1,65728,4608,dclm_ranked,1,7.639461517333984,4
d64h1L1,65728,4608,dclm_ranked,2,7.151864051818848,4
d64h1L1,65728,4608,dclm_ranked,3,6.984434723854065,4
d64h1L1,65728,4608,dclm_ranked,4,6.895440578460693,4
d64h1L1,65728,4608,dna,1,4.979565978050232,4
d64h1L1,65728,4608,dna,2,4.826221148173015,4
d64h1L1,65728,4608,dna,3,4.774806022644043,4
d64h1L1,65728,4608,dna,4,4.751104831695557,4
d64h1L1,65728,4608,esc50_pcm8,1,4.563182234764099,4
d64h1L1,65728,4608,esc50_pcm8,2,4.2887372970581055,4
d64h1L1,65728,4608,esc50_pcm8,3,4.189303755760193,4
d64h1L1,65728,4608,esc50_pcm8,4,4.136524677276611,4
d64h1L1,65728,4608,esc50_pcm8_11khz,1,4.871788740158081,4
d64h1L1,65728,4608,esc50_pcm8_11khz,2,4.553824265797933,4
d64h1L1,65728,4608,esc50_pcm8_11khz,3,4.436737418174744,4
d64h1L1,65728,4608,esc50_pcm8_11khz,4,4.374090671539307,4
d64h1L1,65728,4608,kolmogorov_dna,1,4.2668105363845825,4
d64h1L1,65728,4608,kolmogorov_dna,2,4.101519266764323,4
d64h1L1,65728,4608,kolmogorov_dna,3,4.047385811805725,4
d64h1L1,65728,4608,kolmogorov_dna,4,4.023422718048096,4
d64h1L1,65728,4608,kolmogorov_text,1,6.928179621696472,4
d64h1L1,65728,4608,kolmogorov_text,2,6.390334049860637,4
d64h1L1,65728,4608,kolmogorov_text,3,6.1865198612213135,4
d64h1L1,65728,4608,kolmogorov_text,4,6.076217174530029,4
d64h1L1,65728,4608,llm_compression_arxiv_math,1,7.094488024711609,4
d64h1L1,65728,4608,llm_compression_arxiv_math,2,6.587109565734863,4
d64h1L1,65728,4608,llm_compression_arxiv_math,3,6.397453427314758,4
d64h1L1,65728,4608,llm_compression_arxiv_math,4,6.294941425323486,4
d64h1L1,65728,4608,llm_compression_cc,1,6.593250632286072,4
d64h1L1,65728,4608,llm_compression_cc,2,6.109646558761597,4
d64h1L1,65728,4608,llm_compression_cc,3,5.9209219217300415,4
d64h1L1,65728,4608,llm_compression_cc,4,5.815777778625488,4
d64h1L1,65728,4608,llm_compression_python,1,6.588598847389221,4
d64h1L1,65728,4608,llm_compression_python,2,6.0567145347595215,4
d64h1L1,65728,4608,llm_compression_python,3,5.867954254150391,4
d64h1L1,65728,4608,llm_compression_python,4,5.768881797790527,4
d64h1L1,65728,4608,metamath,1,7.151922225952148,4
d64h1L1,65728,4608,metamath,2,6.537280559539795,4
d64h1L1,65728,4608,metamath,3,6.330320477485657,4
d64h1L1,65728,4608,metamath,4,6.224138259887695,4
d64h1L1,65728,4608,musicnet_pcm8,1,6.245015501976013,4
d64h1L1,65728,4608,musicnet_pcm8,2,5.8493326505025225,4
d64h1L1,65728,4608,musicnet_pcm8,3,5.708729863166809,4
d64h1L1,65728,4608,musicnet_pcm8,4,5.635209083557129,4
d64h1L1,65728,4608,musicnet_pcm8_11khz,1,5.864606261253357,4
d64h1L1,65728,4608,musicnet_pcm8_11khz,2,5.448859055836995,4
d64h1L1,65728,4608,musicnet_pcm8_11khz,3,5.297718048095703,4
d64h1L1,65728,4608,musicnet_pcm8_11khz,4,5.2174763679504395,4
d64h1L1,65728,4608,mutopia_melody_16th,1,4.517265200614929,4
d64h1L1,65728,4608,mutopia_melody_16th,2,4.151900211970012,4
d64h1L1,65728,4608,mutopia_melody_16th,3,4.014369785785675,4
d64h1L1,65728,4608,mutopia_melody_16th,4,3.93900728225708,4
d64h1L1,65728,4608,speech_commands_pcm8,1,4.494128346443176,4
d64h1L1,65728,4608,speech_commands_pcm8,2,4.207550207773845,4
d64h1L1,65728,4608,speech_commands_pcm8,3,4.09844172000885,4
d64h1L1,65728,4608,speech_commands_pcm8,4,4.039132118225098,4
d64h1L1,65728,4608,speech_commands_pcm8_8khz,1,4.75159215927124,4
d64h1L1,65728,4608,speech_commands_pcm8_8khz,2,4.417582194010417,4
d64h1L1,65728,4608,speech_commands_pcm8_8khz,3,4.28339159488678,4
d64h1L1,65728,4608,speech_commands_pcm8_8khz,4,4.20911169052124,4
d64h1L1,65728,4864,aitdcc_a_protein,1,6.04400372505188,4
d64h1L1,65728,4864,aitdcc_a_protein,2,5.6025880972544355,4
d64h1L1,65728,4864,aitdcc_a_protein,3,5.4661476612091064,4
d64h1L1,65728,4864,aitdcc_a_protein,4,5.393062114715576,4
d64h1L1,65728,4864,aitdcc_b_c_source,1,7.376508951187134,4
d64h1L1,65728,4864,aitdcc_b_c_source,2,6.782216151555379,4
d64h1L1,65728,4864,aitdcc_b_c_source,3,6.572843313217163,4
d64h1L1,65728,4864,aitdcc_b_c_source,4,6.460651397705078,4
d64h1L1,65728,4864,aitdcc_d_glibc_rand,1,8.545212984085083,4
d64h1L1,65728,4864,aitdcc_d_glibc_rand,2,8.29654328028361,4
d64h1L1,65728,4864,aitdcc_d_glibc_rand,3,8.212671041488647,4
d64h1L1,65728,4864,aitdcc_d_glibc_rand,4,8.170109748840332,4
d64h1L1,65728,4864,aitdcc_e_atlas_float32,1,8.349563121795654,4
d64h1L1,65728,4864,aitdcc_e_atlas_float32,2,7.8103718757629395,4
d64h1L1,65728,4864,aitdcc_e_atlas_float32,3,7.615243315696716,4
d64h1L1,65728,4864,aitdcc_e_atlas_float32,4,7.51228666305542,4
d64h1L1,65728,4864,aitdcc_g_astronomy,1,4.505180716514587,4
d64h1L1,65728,4864,aitdcc_g_astronomy,2,4.137892683347066,4
d64h1L1,65728,4864,aitdcc_g_astronomy,3,4.004783809185028,4
d64h1L1,65728,4864,aitdcc_g_astronomy,4,3.9323980808258057,4
d64h1L1,65728,4864,arithmetic,1,8.100526571273804,4
d64h1L1,65728,4864,arithmetic,2,7.765565713246663,4
d64h1L1,65728,4864,arithmetic,3,7.6569870710372925,4
d64h1L1,65728,4864,arithmetic,4,7.60284948348999,4
d64h1L1,65728,4864,audio_16bit,1,8.645628213882446,4
d64h1L1,65728,4864,audio_16bit,2,8.117066939671835,4
d64h1L1,65728,4864,audio_16bit,3,7.930717587471008,4
d64h1L1,65728,4864,audio_16bit,4,7.833703994750977,4
d64h1L1,65728,4864,audio_8bit,1,6.87506103515625,4
d64h1L1,65728,4864,audio_8bit,2,6.55052391688029,4
d64h1L1,65728,4864,audio_8bit,3,6.443514943122864,4
d64h1L1,65728,4864,audio_8bit,4,6.387945175170898,4
d64h1L1,65728,4864,cifar10_rgb_hwc,1,8.521110773086548,4
d64h1L1,65728,4864,cifar10_rgb_hwc,2,8.096035162607828,4
d64h1L1,65728,4864,cifar10_rgb_hwc,3,7.951027870178223,4
d64h1L1,65728,4864,cifar10_rgb_hwc,4,7.87761926651001,4
d64h1L1,65728,4864,cifar10_rgb_planar,1,8.504230737686157,4
d64h1L1,65728,4864,cifar10_rgb_planar,2,8.07746664683024,4
d64h1L1,65728,4864,cifar10_rgb_planar,3,7.931305885314941,4
d64h1L1,65728,4864,cifar10_rgb_planar,4,7.857127666473389,4
d64h1L1,65728,4864,dclm,1,6.53453266620636,4
d64h1L1,65728,4864,dclm,2,6.054342905680339,4
d64h1L1,65728,4864,dclm,3,5.869689106941223,4
d64h1L1,65728,4864,dclm,4,5.7736005783081055,4
d64h1L1,65728,4864,dclm_ranked,1,7.617322683334351,4
d64h1L1,65728,4864,dclm_ranked,2,7.112168391545613,4
d64h1L1,65728,4864,dclm_ranked,3,6.953753352165222,4
d64h1L1,65728,4864,dclm_ranked,4,6.87375020980835,4
d64h1L1,65728,4864,dna,1,4.9223891496658325,4
d64h1L1,65728,4864,dna,2,4.699921369552612,4
d64h1L1,65728,4864,dna,3,4.625407934188843,4
d64h1L1,65728,4864,dna,4,4.588579177856445,4
d64h1L1,65728,4864,esc50_pcm8,1,4.652905344963074,4
d64h1L1,65728,4864,esc50_pcm8,2,4.375459353129069,4
d64h1L1,65728,4864,esc50_pcm8,3,4.274799108505249,4
d64h1L1,65728,4864,esc50_pcm8,4,4.223108291625977,4
d64h1L1,65728,4864,esc50_pcm8_11khz,1,4.960269808769226,4
d64h1L1,65728,4864,esc50_pcm8_11khz,2,4.637953678766887,4
d64h1L1,65728,4864,esc50_pcm8_11khz,3,4.51887571811676,4
d64h1L1,65728,4864,esc50_pcm8_11khz,4,4.4574127197265625,4
d64h1L1,65728,4864,kolmogorov_dna,1,4.230844557285309,4
d64h1L1,65728,4864,kolmogorov_dna,2,4.036304473876953,4
d64h1L1,65728,4864,kolmogorov_dna,3,3.9653775691986084,4
d64h1L1,65728,4864,kolmogorov_dna,4,3.9306225776672363,4
d64h1L1,65728,4864,kolmogorov_text,1,6.83771276473999,4
d64h1L1,65728,4864,kolmogorov_text,2,6.321772654851277,4
d64h1L1,65728,4864,kolmogorov_text,3,6.129867196083069,4
d64h1L1,65728,4864,kolmogorov_text,4,6.031778335571289,4
d64h1L1,65728,4864,llm_compression_arxiv_math,1,7.0391765832901,4
d64h1L1,65728,4864,llm_compression_arxiv_math,2,6.510464429855347,4
d64h1L1,65728,4864,llm_compression_arxiv_math,3,6.324516654014587,4
d64h1L1,65728,4864,llm_compression_arxiv_math,4,6.228166103363037,4
d64h1L1,65728,4864,llm_compression_cc,1,6.529594898223877,4
d64h1L1,65728,4864,llm_compression_cc,2,6.045515616734822,4
d64h1L1,65728,4864,llm_compression_cc,3,5.860530376434326,4
d64h1L1,65728,4864,llm_compression_cc,4,5.765292644500732,4
d64h1L1,65728,4864,llm_compression_python,1,6.493097424507141,4
d64h1L1,65728,4864,llm_compression_python,2,5.997763554255168,4
d64h1L1,65728,4864,llm_compression_python,3,5.825822472572327,4
d64h1L1,65728,4864,llm_compression_python,4,5.735156536102295,4
d64h1L1,65728,4864,metamath,1,7.137470126152039,4
d64h1L1,65728,4864,metamath,2,6.522677739461263,4
d64h1L1,65728,4864,metamath,3,6.296889901161194,4
d64h1L1,65728,4864,metamath,4,6.173869609832764,4
d64h1L1,65728,4864,musicnet_pcm8,1,6.279738783836365,4
d64h1L1,65728,4864,musicnet_pcm8,2,5.864912748336792,4
d64h1L1,65728,4864,musicnet_pcm8,3,5.711488127708435,4
d64h1L1,65728,4864,musicnet_pcm8,4,5.632729530334473,4
d64h1L1,65728,4864,musicnet_pcm8_11khz,1,5.948861360549927,4
d64h1L1,65728,4864,musicnet_pcm8_11khz,2,5.520953098932902,4
d64h1L1,65728,4864,musicnet_pcm8_11khz,3,5.361268639564514,4
d64h1L1,65728,4864,musicnet_pcm8_11khz,4,5.279172420501709,4
d64h1L1,65728,4864,mutopia_melody_16th,1,4.506107330322266,4
d64h1L1,65728,4864,mutopia_melody_16th,2,4.152068376541138,4
d64h1L1,65728,4864,mutopia_melody_16th,3,4.022087275981903,4
d64h1L1,65728,4864,mutopia_melody_16th,4,3.956584930419922,4
d64h1L1,65728,4864,speech_commands_pcm8,1,4.671487331390381,4
d64h1L1,65728,4864,speech_commands_pcm8,2,4.37936004002889,4
d64h1L1,65728,4864,speech_commands_pcm8,3,4.271263837814331,4
d64h1L1,65728,4864,speech_commands_pcm8,4,4.2135443687438965,4
d64h1L1,65728,4864,speech_commands_pcm8_8khz,1,5.006763577461243,4
d64h1L1,65728,4864,speech_commands_pcm8_8khz,2,4.666433731714885,4
d64h1L1,65728,4864,speech_commands_pcm8_8khz,3,4.535994291305542,4
d64h1L1,65728,4864,speech_commands_pcm8_8khz,4,4.462751388549805,4
d64h1L1,65728,5120,aitdcc_a_protein,1,6.040421366691589,4
d64h1L1,65728,5120,aitdcc_a_protein,2,5.648344039916992,4
d64h1L1,65728,5120,aitdcc_a_protein,3,5.510747790336609,4
d64h1L1,65728,5120,aitdcc_a_protein,4,5.429815769195557,4
d64h1L1,65728,5120,aitdcc_b_c_source,1,7.410813331604004,4
d64h1L1,65728,5120,aitdcc_b_c_source,2,6.838310082753499,4
d64h1L1,65728,5120,aitdcc_b_c_source,3,6.642145991325378,4
d64h1L1,65728,5120,aitdcc_b_c_source,4,6.539961338043213,4
d64h1L1,65728,5120,aitdcc_d_glibc_rand,1,8.493365287780762,4
d64h1L1,65728,5120,aitdcc_d_glibc_rand,2,8.26718552907308,4
d64h1L1,65728,5120,aitdcc_d_glibc_rand,3,8.189991474151611,4
d64h1L1,65728,5120,aitdcc_d_glibc_rand,4,8.150803565979004,4
d64h1L1,65728,5120,aitdcc_e_atlas_float32,1,8.254973411560059,4
d64h1L1,65728,5120,aitdcc_e_atlas_float32,2,7.73312775293986,4
d64h1L1,65728,5120,aitdcc_e_atlas_float32,3,7.546148061752319,4
d64h1L1,65728,5120,aitdcc_e_atlas_float32,4,7.448476314544678,4
d64h1L1,65728,5120,aitdcc_g_astronomy,1,4.454057574272156,4
d64h1L1,65728,5120,aitdcc_g_astronomy,2,4.0589609543482466,4
d64h1L1,65728,5120,aitdcc_g_astronomy,3,3.9347503185272217,4
d64h1L1,65728,5120,aitdcc_g_astronomy,4,3.873373031616211,4
d64h1L1,65728,5120,arithmetic,1,8.051752090454102,4
d64h1L1,65728,5120,arithmetic,2,7.736995140711467,4
d64h1L1,65728,5120,arithmetic,3,7.632316946983337,4
d64h1L1,65728,5120,arithmetic,4,7.5802717208862305,4
d64h1L1,65728,5120,audio_16bit,1,8.557199716567993,4
d64h1L1,65728,5120,audio_16bit,2,8.0805557568868,4
d64h1L1,65728,5120,audio_16bit,3,7.909473419189453,4
d64h1L1,65728,5120,audio_16bit,4,7.819729804992676,4
d64h1L1,65728,5120,audio_8bit,1,6.916314125061035,4
d64h1L1,65728,5120,audio_8bit,2,6.594656149546306,4
d64h1L1,65728,5120,audio_8bit,3,6.4871755838394165,4
d64h1L1,65728,5120,audio_8bit,4,6.431800842285156,4
d64h1L1,65728,5120,cifar10_rgb_hwc,1,8.467381000518799,4
d64h1L1,65728,5120,cifar10_rgb_hwc,2,8.074612776438395,4
d64h1L1,65728,5120,cifar10_rgb_hwc,3,7.940019845962524,4
d64h1L1,65728,5120,cifar10_rgb_hwc,4,7.87171745300293,4
d64h1L1,65728,5120,cifar10_rgb_planar,1,8.450382709503174,4
d64h1L1,65728,5120,cifar10_rgb_planar,2,8.056261857350668,4
d64h1L1,65728,5120,cifar10_rgb_planar,3,7.920663952827454,4
d64h1L1,65728,5120,cifar10_rgb_planar,4,7.8515777587890625,4
d64h1L1,65728,5120,dclm,1,6.585632920265198,4
d64h1L1,65728,5120,dclm,2,6.09530766805013,4
d64h1L1,65728,5120,dclm,3,5.91689932346344,4
d64h1L1,65728,5120,dclm,4,5.825345516204834,4
d64h1L1,65728,5120,dclm_ranked,1,7.624114751815796,4
d64h1L1,65728,5120,dclm_ranked,2,7.215483585993449,4
d64h1L1,65728,5120,dclm_ranked,3,7.064881086349487,4
d64h1L1,65728,5120,dclm_ranked,4,6.981454849243164,4
d64h1L1,65728,5120,dna,1,5.004153847694397,4
d64h1L1,65728,5120,dna,2,4.834671338399251,4
d64h1L1,65728,5120,dna,3,4.783263206481934,4
d64h1L1,65728,5120,dna,4,4.758544921875,4
d64h1L1,65728,5120,esc50_pcm8,1,4.567379117012024,4
d64h1L1,65728,5120,esc50_pcm8,2,4.2969043254852295,4
d64h1L1,65728,5120,esc50_pcm8,3,4.1933159828186035,4
d64h1L1,65728,5120,esc50_pcm8,4,4.137722015380859,4
d64h1L1,65728,5120,esc50_pcm8_11khz,1,4.882061004638672,4
d64h1L1,65728,5120,esc50_pcm8_11khz,2,4.572555462519328,4
d64h1L1,65728,5120,esc50_pcm8_11khz,3,4.453565359115601,4
d64h1L1,65728,5120,esc50_pcm8_11khz,4,4.388854503631592,4
d64h1L1,65728,5120,kolmogorov_dna,1,4.224237442016602,4
d64h1L1,65728,5120,kolmogorov_dna,2,4.055568257967631,4
d64h1L1,65728,5120,kolmogorov_dna,3,3.9972150921821594,4
d64h1L1,65728,5120,kolmogorov_dna,4,3.972318649291992,4
d64h1L1,65728,5120,kolmogorov_text,1,6.882469415664673,4
d64h1L1,65728,5120,kolmogorov_text,2,6.354797601699829,4
d64h1L1,65728,5120,kolmogorov_text,3,6.157175540924072,4
d64h1L1,65728,5120,kolmogorov_text,4,6.056580066680908,4
d64h1L1,65728,5120,llm_compression_arxiv_math,1,7.077998638153076,4
d64h1L1,65728,5120,llm_compression_arxiv_math,2,6.544222911198934,4
d64h1L1,65728,5120,llm_compression_arxiv_math,3,6.356280565261841,4
d64h1L1,65728,5120,llm_compression_arxiv_math,4,6.256894111633301,4
d64h1L1,65728,5120,llm_compression_cc,1,6.571281552314758,4
d64h1L1,65728,5120,llm_compression_cc,2,6.078663428624471,4
d64h1L1,65728,5120,llm_compression_cc,3,5.902122139930725,4
d64h1L1,65728,5120,llm_compression_cc,4,5.813549518585205,4
d64h1L1,65728,5120,llm_compression_python,1,6.593646168708801,4
d64h1L1,65728,5120,llm_compression_python,2,6.0492440064748125,4
d64h1L1,65728,5120,llm_compression_python,3,5.8620158433914185,4
d64h1L1,65728,5120,llm_compression_python,4,5.76476526260376,4
d64h1L1,65728,5120,metamath,1,7.058303594589233,4
d64h1L1,65728,5120,metamath,2,6.495461702346802,4
d64h1L1,65728,5120,metamath,3,6.299893736839294,4
d64h1L1,65728,5120,metamath,4,6.198123455047607,4
d64h1L1,65728,5120,musicnet_pcm8,1,6.250295281410217,4
d64h1L1,65728,5120,musicnet_pcm8,2,5.8706324100494385,4
d64h1L1,65728,5120,musicnet_pcm8,3,5.731480717658997,4
d64h1L1,65728,5120,musicnet_pcm8,4,5.658957481384277,4
d64h1L1,65728,5120,musicnet_pcm8_11khz,1,5.873149871826172,4
d64h1L1,65728,5120,musicnet_pcm8_11khz,2,5.473327875137329,4
d64h1L1,65728,5120,musicnet_pcm8_11khz,3,5.322025537490845,4
d64h1L1,65728,5120,musicnet_pcm8_11khz,4,5.2410383224487305,4
d64h1L1,65728,5120,mutopia_melody_16th,1,4.5834059715271,4
d64h1L1,65728,5120,mutopia_melody_16th,2,4.262561003367106,4
d64h1L1,65728,5120,mutopia_melody_16th,3,4.135964870452881,4
d64h1L1,65728,5120,mutopia_melody_16th,4,4.066087245941162,4
d64h1L1,65728,5120,speech_commands_pcm8,1,4.5392643213272095,4
d64h1L1,65728,5120,speech_commands_pcm8,2,4.239266077677409,4
d64h1L1,65728,5120,speech_commands_pcm8,3,4.117302060127258,4
d64h1L1,65728,5120,speech_commands_pcm8,4,4.048128604888916,4
d64h1L1,65728,5120,speech_commands_pcm8_8khz,1,4.833901286125183,4
d64h1L1,65728,5120,speech_commands_pcm8_8khz,2,4.475929816563924,4
d64h1L1,65728,5120,speech_commands_pcm8_8khz,3,4.3218114376068115,4
d64h1L1,65728,5120,speech_commands_pcm8_8khz,4,4.230508327484131,4
d64h1L1,65728,5376,aitdcc_a_protein,1,6.037638187408447,4
d64h1L1,65728,5376,aitdcc_a_protein,2,5.64502739906311,4
d64h1L1,65728,5376,aitdcc_a_protein,3,5.527329444885254,4
d64h1L1,65728,5376,aitdcc_a_protein,4,5.46852970123291,4
d64h1L1,65728,5376,aitdcc_b_c_source,1,7.372771978378296,4
d64h1L1,65728,5376,aitdcc_b_c_source,2,6.806934912999471,4
d64h1L1,65728,5376,aitdcc_b_c_source,3,6.620720148086548,4
d64h1L1,65728,5376,aitdcc_b_c_source,4,6.524888515472412,4
d64h1L1,65728,5376,aitdcc_d_glibc_rand,1,8.52372407913208,4
d64h1L1,65728,5376,aitdcc_d_glibc_rand,2,8.283863226572672,4
d64h1L1,65728,5376,aitdcc_d_glibc_rand,3,8.202301740646362,4
d64h1L1,65728,5376,aitdcc_d_glibc_rand,4,8.16067886352539,4
d64h1L1,65728,5376,aitdcc_e_atlas_float32,1,8.272780656814575,4
d64h1L1,65728,5376,aitdcc_e_atlas_float32,2,7.764966726303101,4
d64h1L1,65728,5376,aitdcc_e_atlas_float32,3,7.579291224479675,4
d64h1L1,65728,5376,aitdcc_e_atlas_float32,4,7.481031894683838,4
d64h1L1,65728,5376,aitdcc_g_astronomy,1,4.231055736541748,4
d64h1L1,65728,5376,aitdcc_g_astronomy,2,3.9394723574320474,4
d64h1L1,65728,5376,aitdcc_g_astronomy,3,3.8390979766845703,4
d64h1L1,65728,5376,aitdcc_g_astronomy,4,3.791533946990967,4
d64h1L1,65728,5376,arithmetic,1,8.070118188858032,4
d64h1L1,65728,5376,arithmetic,2,7.74887744585673,4
d64h1L1,65728,5376,arithmetic,3,7.641842722892761,4
d64h1L1,65728,5376,arithmetic,4,7.588550567626953,4
d64h1L1,65728,5376,audio_16bit,1,8.504220485687256,4
d64h1L1,65728,5376,audio_16bit,2,8.03056542078654,4
d64h1L1,65728,5376,audio_16bit,3,7.865037202835083,4
d64h1L1,65728,5376,audio_16bit,4,7.779247760772705,4
d64h1L1,65728,5376,audio_8bit,1,6.812344193458557,4
d64h1L1,65728,5376,audio_8bit,2,6.476244290669759,4
d64h1L1,65728,5376,audio_8bit,3,6.370116233825684,4
d64h1L1,65728,5376,audio_8bit,4,6.3156657218933105,4
d64h1L1,65728,5376,cifar10_rgb_hwc,1,8.486039161682129,4
d64h1L1,65728,5376,cifar10_rgb_hwc,2,8.080763816833496,4
d64h1L1,65728,5376,cifar10_rgb_hwc,3,7.943342685699463,4
d64h1L1,65728,5376,cifar10_rgb_hwc,4,7.873605728149414,4
d64h1L1,65728,5376,cifar10_rgb_planar,1,8.468658685684204,4
d64h1L1,65728,5376,cifar10_rgb_planar,2,8.062782128651937,4
d64h1L1,65728,5376,cifar10_rgb_planar,3,7.9246522188186646,4
d64h1L1,65728,5376,cifar10_rgb_planar,4,7.85434103012085,4
d64h1L1,65728,5376,dclm,1,6.573704719543457,4
d64h1L1,65728,5376,dclm,2,6.143703460693359,4
d64h1L1,65728,5376,dclm,3,5.987572073936462,4
d64h1L1,65728,5376,dclm,4,5.905086040496826,4
d64h1L1,65728,5376,dclm_ranked,1,7.753092885017395,4
d64h1L1,65728,5376,dclm_ranked,2,7.268203894297282,4
d64h1L1,65728,5376,dclm_ranked,3,7.095867872238159,4
d64h1L1,65728,5376,dclm_ranked,4,7.003387451171875,4
d64h1L1,65728,5376,dna,1,5.041913270950317,4
d64h1L1,65728,5376,dna,2,4.866718053817749,4
d64h1L1,65728,5376,dna,3,4.812334656715393,4
d64h1L1,65728,5376,dna,4,4.784053325653076,4
d64h1L1,65728,5376,esc50_pcm8,1,4.5391762256622314,4
d64h1L1,65728,5376,esc50_pcm8,2,4.285452206929524,4
d64h1L1,65728,5376,esc50_pcm8,3,4.1962573528289795,4
d64h1L1,65728,5376,esc50_pcm8,4,4.150848388671875,4
d64h1L1,65728,5376,esc50_pcm8_11khz,1,4.852518558502197,4
d64h1L1,65728,5376,esc50_pcm8_11khz,2,4.556664784749349,4
d64h1L1,65728,5376,esc50_pcm8_11khz,3,4.450761675834656,4
d64h1L1,65728,5376,esc50_pcm8_11khz,4,4.396880626678467,4
d64h1L1,65728,5376,kolmogorov_dna,1,4.277917861938477,4
d64h1L1,65728,5376,kolmogorov_dna,2,4.091219345728557,4
d64h1L1,65728,5376,kolmogorov_dna,3,4.03774881362915,4
d64h1L1,65728,5376,kolmogorov_dna,4,4.015275001525879,4
d64h1L1,65728,5376,kolmogorov_text,1,6.878424406051636,4
d64h1L1,65728,5376,kolmogorov_text,2,6.372244596481323,4
d64h1L1,65728,5376,kolmogorov_text,3,6.193034291267395,4
d64h1L1,65728,5376,kolmogorov_text,4,6.099891185760498,4
d64h1L1,65728,5376,llm_compression_arxiv_math,1,7.073878645896912,4
d64h1L1,65728,5376,llm_compression_arxiv_math,2,6.530767520268758,4
d64h1L1,65728,5376,llm_compression_arxiv_math,3,6.344362020492554,4
d64h1L1,65728,5376,llm_compression_arxiv_math,4,6.249429702758789,4
d64h1L1,65728,5376,llm_compression_cc,1,6.556947350502014,4
d64h1L1,65728,5376,llm_compression_cc,2,6.128833373387654,4
d64h1L1,65728,5376,llm_compression_cc,3,5.975315451622009,4
d64h1L1,65728,5376,llm_compression_cc,4,5.894715785980225,4
d64h1L1,65728,5376,llm_compression_python,1,6.523186445236206,4
d64h1L1,65728,5376,llm_compression_python,2,6.027600367863973,4
d64h1L1,65728,5376,llm_compression_python,3,5.851483583450317,4
d64h1L1,65728,5376,llm_compression_python,4,5.756301403045654,4
d64h1L1,65728,5376,metamath,1,7.024485230445862,4
d64h1L1,65728,5376,metamath,2,6.489283323287964,4
d64h1L1,65728,5376,metamath,3,6.308047890663147,4
d64h1L1,65728,5376,metamath,4,6.2158026695251465,4
d64h1L1,65728,5376,musicnet_pcm8,1,6.243949294090271,4
d64h1L1,65728,5376,musicnet_pcm8,2,5.857055187225342,4
d64h1L1,65728,5376,musicnet_pcm8,3,5.725949048995972,4
d64h1L1,65728,5376,musicnet_pcm8,4,5.660842418670654,4
d64h1L1,65728,5376,musicnet_pcm8_11khz,1,5.851700782775879,4
d64h1L1,65728,5376,musicnet_pcm8_11khz,2,5.459994554519653,4
d64h1L1,65728,5376,musicnet_pcm8_11khz,3,5.324103116989136,4
d64h1L1,65728,5376,musicnet_pcm8_11khz,4,5.256496429443359,4
d64h1L1,65728,5376,mutopia_melody_16th,1,4.539620876312256,4
d64h1L1,65728,5376,mutopia_melody_16th,2,4.205028772354126,4
d64h1L1,65728,5376,mutopia_melody_16th,3,4.088382840156555,4
d64h1L1,65728,5376,mutopia_melody_16th,4,4.029205799102783,4
d64h1L1,65728,5376,speech_commands_pcm8,1,4.499301075935364,4
d64h1L1,65728,5376,speech_commands_pcm8,2,4.235422134399414,4
d64h1L1,65728,5376,speech_commands_pcm8,3,4.136122822761536,4
d64h1L1,65728,5376,speech_commands_pcm8,4,4.083461761474609,4
d64h1L1,65728,5376,speech_commands_pcm8_8khz,1,4.777082681655884,4
d64h1L1,65728,5376,speech_commands_pcm8_8khz,2,4.465604225794475,4
d64h1L1,65728,5376,speech_commands_pcm8_8khz,3,4.3382076025009155,4
d64h1L1,65728,5376,speech_commands_pcm8_8khz,4,4.267391681671143,4
d64h1L1,65728,5632,aitdcc_a_protein,1,6.2106322050094604,4
d64h1L1,65728,5632,aitdcc_a_protein,2,5.833655834197998,4
d64h1L1,65728,5632,aitdcc_a_protein,3,5.708211660385132,4
d64h1L1,65728,5632,aitdcc_a_protein,4,5.64504337310791,4
d64h1L1,65728,5632,aitdcc_b_c_source,1,7.401503086090088,4
d64h1L1,65728,5632,aitdcc_b_c_source,2,6.82984987894694,4
d64h1L1,65728,5632,aitdcc_b_c_source,3,6.626993536949158,4
d64h1L1,65728,5632,aitdcc_b_c_source,4,6.52195405960083,4
d64h1L1,65728,5632,aitdcc_d_glibc_rand,1,8.47659969329834,4
d64h1L1,65728,5632,aitdcc_d_glibc_rand,2,8.258837223052979,4
d64h1L1,65728,5632,aitdcc_d_glibc_rand,3,8.183850526809692,4
d64h1L1,65728,5632,aitdcc_d_glibc_rand,4,8.145626068115234,4
d64h1L1,65728,5632,aitdcc_e_atlas_float32,1,8.06141471862793,4
d64h1L1,65728,5632,aitdcc_e_atlas_float32,2,7.640556971232097,4
d64h1L1,65728,5632,aitdcc_e_atlas_float32,3,7.490325331687927,4
d64h1L1,65728,5632,aitdcc_e_atlas_float32,4,7.413033485412598,4
d64h1L1,65728,5632,aitdcc_g_astronomy,1,4.394412279129028,4
d64h1L1,65728,5632,aitdcc_g_astronomy,2,4.051926851272583,4
d64h1L1,65728,5632,aitdcc_g_astronomy,3,3.9387919306755066,4
d64h1L1,65728,5632,aitdcc_g_astronomy,4,3.8873138427734375,4
d64h1L1,65728,5632,arithmetic,1,8.037907123565674,4
d64h1L1,65728,5632,arithmetic,2,7.740372021993001,4
d64h1L1,65728,5632,arithmetic,3,7.639746427536011,4
d64h1L1,65728,5632,arithmetic,4,7.589227199554443,4
d64h1L1,65728,5632,audio_16bit,1,8.448148965835571,4
d64h1L1,65728,5632,audio_16bit,2,7.991504192352295,4
d64h1L1,65728,5632,audio_16bit,3,7.831761360168457,4
d64h1L1,65728,5632,audio_16bit,4,7.749429702758789,4
d64h1L1,65728,5632,audio_8bit,1,6.923529028892517,4
d64h1L1,65728,5632,audio_8bit,2,6.613391558329265,4
d64h1L1,65728,5632,audio_8bit,3,6.511473298072815,4
d64h1L1,65728,5632,audio_8bit,4,6.460288047790527,4
d64h1L1,65728,5632,cifar10_rgb_hwc,1,8.43199110031128,4
d64h1L1,65728,5632,cifar10_rgb_hwc,2,8.05901304880778,4
d64h1L1,65728,5632,cifar10_rgb_hwc,3,7.931870341300964,4
d64h1L1,65728,5632,cifar10_rgb_hwc,4,7.867452144622803,4
d64h1L1,65728,5632,cifar10_rgb_planar,1,8.414230108261108,4
d64h1L1,65728,5632,cifar10_rgb_planar,2,8.03985102971395,4
d64h1L1,65728,5632,cifar10_rgb_planar,3,7.911476373672485,4
d64h1L1,65728,5632,cifar10_rgb_planar,4,7.846354007720947,4
d64h1L1,65728,5632,dclm,1,6.648785352706909,4
d64h1L1,65728,5632,dclm,2,6.1421685218811035,4
d64h1L1,65728,5632,dclm,3,5.969478130340576,4
d64h1L1,65728,5632,dclm,4,5.8858208656311035,4
d64h1L1,65728,5632,dclm_ranked,1,7.615881323814392,4
d64h1L1,65728,5632,dclm_ranked,2,7.198095083236694,4
d64h1L1,65728,5632,dclm_ranked,3,7.0495887994766235,4
d64h1L1,65728,5632,dclm_ranked,4,6.969449043273926,4
d64h1L1,65728,5632,dna,1,4.937479496002197,4
d64h1L1,65728,5632,dna,2,4.742351214090983,4
d64h1L1,65728,5632,dna,3,4.668362975120544,4
d64h1L1,65728,5632,dna,4,4.631323337554932,4
d64h1L1,65728,5632,esc50_pcm8,1,4.578582763671875,4
d64h1L1,65728,5632,esc50_pcm8,2,4.318122625350952,4
d64h1L1,65728,5632,esc50_pcm8,3,4.2278770208358765,4
d64h1L1,65728,5632,esc50_pcm8,4,4.182194232940674,4
d64h1L1,65728,5632,esc50_pcm8_11khz,1,4.883138298988342,4
d64h1L1,65728,5632,esc50_pcm8_11khz,2,4.581405560175578,4
d64h1L1,65728,5632,esc50_pcm8_11khz,3,4.475561141967773,4
d64h1L1,65728,5632,esc50_pcm8_11khz,4,4.42194938659668,4
d64h1L1,65728,5632,kolmogorov_dna,1,4.273385167121887,4
d64h1L1,65728,5632,kolmogorov_dna,2,4.085713624954224,4
d64h1L1,65728,5632,kolmogorov_dna,3,4.017439067363739,4
d64h1L1,65728,5632,kolmogorov_dna,4,3.9876880645751953,4
d64h1L1,65728,5632,kolmogorov_text,1,6.935715675354004,4
d64h1L1,65728,5632,kolmogorov_text,2,6.396233876546224,4
d64h1L1,65728,5632,kolmogorov_text,3,6.2077858448028564,4
d64h1L1,65728,5632,kolmogorov_text,4,6.113677978515625,4
d64h1L1,65728,5632,llm_compression_arxiv_math,1,7.11618447303772,4
d64h1L1,65728,5632,llm_compression_arxiv_math,2,6.5685966809590655,4
d64h1L1,65728,5632,llm_compression_arxiv_math,3,6.381430387496948,4
d64h1L1,65728,5632,llm_compression_arxiv_math,4,6.28294563293457,4
d64h1L1,65728,5632,llm_compression_cc,1,6.639786958694458,4
d64h1L1,65728,5632,llm_compression_cc,2,6.130453109741211,4
d64h1L1,65728,5632,llm_compression_cc,3,5.957312226295471,4
d64h1L1,65728,5632,llm_compression_cc,4,5.873699188232422,4
d64h1L1,65728,5632,llm_compression_python,1,6.574349045753479,4
d64h1L1,65728,5632,llm_compression_python,2,6.0588061809539795,4
d64h1L1,65728,5632,llm_compression_python,3,5.878601908683777,4
d64h1L1,65728,5632,llm_compression_python,4,5.78489351272583,4
d64h1L1,65728,5632,metamath,1,6.983007073402405,4
d64h1L1,65728,5632,metamath,2,6.432306448618571,4
d64h1L1,65728,5632,metamath,3,6.242840886116028,4
d64h1L1,65728,5632,metamath,4,6.146932125091553,4
d64h1L1,65728,5632,musicnet_pcm8,1,6.278188467025757,4
d64h1L1,65728,5632,musicnet_pcm8,2,5.879161834716797,4
d64h1L1,65728,5632,musicnet_pcm8,3,5.743153810501099,4
d64h1L1,65728,5632,musicnet_pcm8,4,5.6740217208862305,4
d64h1L1,65728,5632,musicnet_pcm8_11khz,1,5.883561491966248,4
d64h1L1,65728,5632,musicnet_pcm8_11khz,2,5.475019931793213,4
d64h1L1,65728,5632,musicnet_pcm8_11khz,3,5.3343342542648315,4
d64h1L1,65728,5632,musicnet_pcm8_11khz,4,5.2628936767578125,4
d64h1L1,65728,5632,mutopia_melody_16th,1,4.432565689086914,4
d64h1L1,65728,5632,mutopia_melody_16th,2,4.102561871210734,4
d64h1L1,65728,5632,mutopia_melody_16th,3,3.9782715439796448,4
d64h1L1,65728,5632,mutopia_melody_16th,4,3.9160828590393066,4
d64h1L1,65728,5632,speech_commands_pcm8,1,4.522402286529541,4
d64h1L1,65728,5632,speech_commands_pcm8,2,4.25275993347168,4
d64h1L1,65728,5632,speech_commands_pcm8,3,4.1571314334869385,4
d64h1L1,65728,5632,speech_commands_pcm8,4,4.1091766357421875,4
d64h1L1,65728,5632,speech_commands_pcm8_8khz,1,4.771944642066956,4
d64h1L1,65728,5632,speech_commands_pcm8_8khz,2,4.451959530512492,4
d64h1L1,65728,5632,speech_commands_pcm8_8khz,3,4.333011865615845,4
d64h1L1,65728,5632,speech_commands_pcm8_8khz,4,4.272980213165283,4
d64h1L1,65728,5888,aitdcc_a_protein,1,6.133958339691162,4
d64h1L1,65728,5888,aitdcc_a_protein,2,5.774409373601277,4
d64h1L1,65728,5888,aitdcc_a_protein,3,5.659573197364807,4
d64h1L1,65728,5888,aitdcc_a_protein,4,5.605284214019775,4
d64h1L1,65728,5888,aitdcc_b_c_source,1,7.307820916175842,4
d64h1L1,65728,5888,aitdcc_b_c_source,2,6.772596995035808,4
d64h1L1,65728,5888,aitdcc_b_c_source,3,6.581028699874878,4
d64h1L1,65728,5888,aitdcc_b_c_source,4,6.480231285095215,4
d64h1L1,65728,5888,aitdcc_d_glibc_rand,1,8.483012914657593,4
d64h1L1,65728,5888,aitdcc_d_glibc_rand,2,8.260945638020834,4
d64h1L1,65728,5888,aitdcc_d_glibc_rand,3,8.184756994247437,4
d64h1L1,65728,5888,aitdcc_d_glibc_rand,4,8.145920753479004,4
d64h1L1,65728,5888,aitdcc_e_atlas_float32,1,8.08327841758728,4
d64h1L1,65728,5888,aitdcc_e_atlas_float32,2,7.641342004140218,4
d64h1L1,65728,5888,aitdcc_e_atlas_float32,3,7.484626889228821,4
d64h1L1,65728,5888,aitdcc_e_atlas_float32,4,7.404120922088623,4
d64h1L1,65728,5888,aitdcc_g_astronomy,1,4.305293679237366,4
d64h1L1,65728,5888,aitdcc_g_astronomy,2,3.9821025927861533,4
d64h1L1,65728,5888,aitdcc_g_astronomy,3,3.866549789905548,4
d64h1L1,65728,5888,aitdcc_g_astronomy,4,3.806387186050415,4
d64h1L1,65728,5888,arithmetic,1,8.035458087921143,4
d64h1L1,65728,5888,arithmetic,2,7.7392473220825195,4
d64h1L1,65728,5888,arithmetic,3,7.64120888710022,4
d64h1L1,65728,5888,arithmetic,4,7.592646598815918,4
d64h1L1,65728,5888,audio_16bit,1,8.392187595367432,4
d64h1L1,65728,5888,audio_16bit,2,7.952737331390381,4
d64h1L1,65728,5888,audio_16bit,3,7.798343539237976,4
d64h1L1,65728,5888,audio_16bit,4,7.717718124389648,4
d64h1L1,65728,5888,audio_8bit,1,6.9536837339401245,4
d64h1L1,65728,5888,audio_8bit,2,6.644513209660848,4
d64h1L1,65728,5888,audio_8bit,3,6.540220499038696,4
d64h1L1,65728,5888,audio_8bit,4,6.486010551452637,4
d64h1L1,65728,5888,cifar10_rgb_hwc,1,8.424555778503418,4
d64h1L1,65728,5888,cifar10_rgb_hwc,2,8.064162731170654,4
d64h1L1,65728,5888,cifar10_rgb_hwc,3,7.941166400909424,4
d64h1L1,65728,5888,cifar10_rgb_hwc,4,7.878603458404541,4
d64h1L1,65728,5888,cifar10_rgb_planar,1,8.412785291671753,4
d64h1L1,65728,5888,cifar10_rgb_planar,2,8.04868253072103,4
d64h1L1,65728,5888,cifar10_rgb_planar,3,7.923951506614685,4
d64h1L1,65728,5888,cifar10_rgb_planar,4,7.860376834869385,4
d64h1L1,65728,5888,dclm,1,6.5384732484817505,4
d64h1L1,65728,5888,dclm,2,6.0293262004852295,4
d64h1L1,65728,5888,dclm,3,5.849812984466553,4
d64h1L1,65728,5888,dclm,4,5.760112762451172,4
d64h1L1,65728,5888,dclm_ranked,1,7.573800802230835,4
d64h1L1,65728,5888,dclm_ranked,2,7.152761618296306,4
d64h1L1,65728,5888,dclm_ranked,3,7.014911890029907,4
d64h1L1,65728,5888,dclm_ranked,4,6.9470343589782715,4
d64h1L1,65728,5888,dna,1,4.9769591093063354,4
d64h1L1,65728,5888,dna,2,4.787869135538737,4
d64h1L1,65728,5888,dna,3,4.717597723007202,4
d64h1L1,65728,5888,dna,4,4.678131580352783,4
d64h1L1,65728,5888,esc50_pcm8,1,4.593956470489502,4
d64h1L1,65728,5888,esc50_pcm8,2,4.336904684702556,4
d64h1L1,65728,5888,esc50_pcm8,3,4.247613906860352,4
d64h1L1,65728,5888,esc50_pcm8,4,4.203734874725342,4
d64h1L1,65728,5888,esc50_pcm8_11khz,1,4.88124680519104,4
d64h1L1,65728,5888,esc50_pcm8_11khz,2,4.584125518798828,4
d64h1L1,65728,5888,esc50_pcm8_11khz,3,4.480115175247192,4
d64h1L1,65728,5888,esc50_pcm8_11khz,4,4.429727554321289,4
d64h1L1,65728,5888,kolmogorov_dna,1,4.3090691566467285,4
d64h1L1,65728,5888,kolmogorov_dna,2,4.092164317766826,4
d64h1L1,65728,5888,kolmogorov_dna,3,4.020122945308685,4
d64h1L1,65728,5888,kolmogorov_dna,4,3.9863033294677734,4
d64h1L1,65728,5888,kolmogorov_text,1,6.807889819145203,4
d64h1L1,65728,5888,kolmogorov_text,2,6.303398211797078,4
d64h1L1,65728,5888,kolmogorov_text,3,6.121783256530762,4
d64h1L1,65728,5888,kolmogorov_text,4,6.02994441986084,4
d64h1L1,65728,5888,llm_compression_arxiv_math,1,6.996111273765564,4
d64h1L1,65728,5888,llm_compression_arxiv_math,2,6.47871748606364,4
d64h1L1,65728,5888,llm_compression_arxiv_math,3,6.302153468132019,4
d64h1L1,65728,5888,llm_compression_arxiv_math,4,6.210333347320557,4
d64h1L1,65728,5888,llm_compression_cc,1,6.536304950714111,4
d64h1L1,65728,5888,llm_compression_cc,2,6.02107302347819,4
d64h1L1,65728,5888,llm_compression_cc,3,5.841510891914368,4
d64h1L1,65728,5888,llm_compression_cc,4,5.75288724899292,4
d64h1L1,65728,5888,llm_compression_python,1,6.491334557533264,4
d64h1L1,65728,5888,llm_compression_python,2,6.0190205574035645,4
d64h1L1,65728,5888,llm_compression_python,3,5.854744076728821,4
d64h1L1,65728,5888,llm_compression_python,4,5.771124839782715,4
d64h1L1,65728,5888,metamath,1,7.042051076889038,4
d64h1L1,65728,5888,metamath,2,6.51278018951416,4
d64h1L1,65728,5888,metamath,3,6.3252763748168945,4
d64h1L1,65728,5888,metamath,4,6.227837562561035,4
d64h1L1,65728,5888,musicnet_pcm8,1,6.20933473110199,4
d64h1L1,65728,5888,musicnet_pcm8,2,5.852848529815674,4
d64h1L1,65728,5888,musicnet_pcm8,3,5.731067895889282,4
d64h1L1,65728,5888,musicnet_pcm8,4,5.67174768447876,4
d64h1L1,65728,5888,musicnet_pcm8_11khz,1,5.842353701591492,4
d64h1L1,65728,5888,musicnet_pcm8_11khz,2,5.463917016983032,4
d64h1L1,65728,5888,musicnet_pcm8_11khz,3,5.33428418636322,4
d64h1L1,65728,5888,musicnet_pcm8_11khz,4,5.271807670593262,4
d64h1L1,65728,5888,mutopia_melody_16th,1,4.464615225791931,4
d64h1L1,65728,5888,mutopia_melody_16th,2,4.149211327234904,4
d64h1L1,65728,5888,mutopia_melody_16th,3,4.0273319482803345,4
d64h1L1,65728,5888,mutopia_melody_16th,4,3.963418483734131,4
d64h1L1,65728,5888,speech_commands_pcm8,1,4.5946056842803955,4
d64h1L1,65728,5888,speech_commands_pcm8,2,4.308627923329671,4
d64h1L1,65728,5888,speech_commands_pcm8,3,4.205578565597534,4
d64h1L1,65728,5888,speech_commands_pcm8,4,4.154786109924316,4
d64h1L1,65728,5888,speech_commands_pcm8_8khz,1,4.878172516822815,4
d64h1L1,65728,5888,speech_commands_pcm8_8khz,2,4.5349241097768145,4
d64h1L1,65728,5888,speech_commands_pcm8_8khz,3,4.402534008026123,4
d64h1L1,65728,5888,speech_commands_pcm8_8khz,4,4.335017204284668,4
d64h1L1,65728,6144,aitdcc_a_protein,1,6.132756471633911,4
d64h1L1,65728,6144,aitdcc_a_protein,2,5.726052284240723,4
d64h1L1,65728,6144,aitdcc_a_protein,3,5.594589948654175,4
d64h1L1,65728,6144,aitdcc_a_protein,4,5.525731086730957,4
d64h1L1,65728,6144,aitdcc_b_c_source,1,7.332800388336182,4
d64h1L1,65728,6144,aitdcc_b_c_source,2,6.844579696655273,4
d64h1L1,65728,6144,aitdcc_b_c_source,3,6.65703821182251,4
d64h1L1,65728,6144,aitdcc_b_c_source,4,6.555537700653076,4
d64h1L1,65728,6144,aitdcc_d_glibc_rand,1,8.490525484085083,4
d64h1L1,65728,6144,aitdcc_d_glibc_rand,2,8.265264828999838,4
d64h1L1,65728,6144,aitdcc_d_glibc_rand,3,8.186783790588379,4
d64h1L1,65728,6144,aitdcc_d_glibc_rand,4,8.14657974243164,4
d64h1L1,65728,6144,aitdcc_e_atlas_float32,1,8.096958637237549,4
d64h1L1,65728,6144,aitdcc_e_atlas_float32,2,7.645388921101888,4
d64h1L1,65728,6144,aitdcc_e_atlas_float32,3,7.486323714256287,4
d64h1L1,65728,6144,aitdcc_e_atlas_float32,4,7.404541492462158,4
d64h1L1,65728,6144,aitdcc_g_astronomy,1,4.18728244304657,4
d64h1L1,65728,6144,aitdcc_g_astronomy,2,3.8552226225535073,4
d64h1L1,65728,6144,aitdcc_g_astronomy,3,3.7382413744926453,4
d64h1L1,65728,6144,aitdcc_g_astronomy,4,3.6786415576934814,4
d64h1L1,65728,6144,arithmetic,1,8.039815902709961,4
d64h1L1,65728,6144,arithmetic,2,7.74287764231364,4
d64h1L1,65728,6144,arithmetic,3,7.6412354707717896,4
d64h1L1,65728,6144,arithmetic,4,7.589771747589111,4
d64h1L1,65728,6144,audio_16bit,1,8.346235752105713,4
d64h1L1,65728,6144,audio_16bit,2,7.925242741902669,4
d64h1L1,65728,6144,audio_16bit,3,7.776690244674683,4
d64h1L1,65728,6144,audio_16bit,4,7.700902938842773,4
d64h1L1,65728,6144,audio_8bit,1,6.961854338645935,4
d64h1L1,65728,6144,audio_8bit,2,6.639570315678914,4
d64h1L1,65728,6144,audio_8bit,3,6.530499458312988,4
d64h1L1,65728,6144,audio_8bit,4,6.472340106964111,4
d64h1L1,65728,6144,cifar10_rgb_hwc,1,8.430760622024536,4
d64h1L1,65728,6144,cifar10_rgb_hwc,2,8.06224012374878,4
d64h1L1,65728,6144,cifar10_rgb_hwc,3,7.934647798538208,4
d64h1L1,65728,6144,cifar10_rgb_hwc,4,7.869534015655518,4
d64h1L1,65728,6144,cifar10_rgb_planar,1,8.409780502319336,4
d64h1L1,65728,6144,cifar10_rgb_planar,2,8.040902773539225,4
d64h1L1,65728,6144,cifar10_rgb_planar,3,7.913001894950867,4
d64h1L1,65728,6144,cifar10_rgb_planar,4,7.847640514373779,4
d64h1L1,65728,6144,dclm,1,6.590515613555908,4
d64h1L1,65728,6144,dclm,2,6.13715386390686,4
d64h1L1,65728,6144,dclm,3,5.971036672592163,4
d64h1L1,65728,6144,dclm,4,5.888121128082275,4
d64h1L1,65728,6144,dclm_ranked,1,7.572776675224304,4
d64h1L1,65728,6144,dclm_ranked,2,7.122660557428996,4
d64h1L1,65728,6144,dclm_ranked,3,6.971272110939026,4
d64h1L1,65728,6144,dclm_ranked,4,6.900693893432617,4
d64h1L1,65728,6144,dna,1,4.899789333343506,4
d64h1L1,65728,6144,dna,2,4.735604763031006,4
d64h1L1,65728,6144,dna,3,4.673465371131897,4
d64h1L1,65728,6144,dna,4,4.640745639801025,4
d64h1L1,65728,6144,esc50_pcm8,1,4.557294726371765,4
d64h1L1,65728,6144,esc50_pcm8,2,4.299142440160115,4
d64h1L1,65728,6144,esc50_pcm8,3,4.208291172981262,4
d64h1L1,65728,6144,esc50_pcm8,4,4.163081169128418,4
d64h1L1,65728,6144,esc50_pcm8_11khz,1,4.849287390708923,4
d64h1L1,65728,6144,esc50_pcm8_11khz,2,4.555606047312419,4
d64h1L1,65728,6144,esc50_pcm8_11khz,3,4.450763821601868,4
d64h1L1,65728,6144,esc50_pcm8_11khz,4,4.398326873779297,4
d64h1L1,65728,6144,kolmogorov_dna,1,4.202738165855408,4
d64h1L1,65728,6144,kolmogorov_dna,2,4.023770372072856,4
d64h1L1,65728,6144,kolmogorov_dna,3,3.95461243391037,4
d64h1L1,65728,6144,kolmogorov_dna,4,3.917922019958496,4
d64h1L1,65728,6144,kolmogorov_text,1,6.862105369567871,4
d64h1L1,65728,6144,kolmogorov_text,2,6.374348958333333,4
d64h1L1,65728,6144,kolmogorov_text,3,6.196781754493713,4
d64h1L1,65728,6144,kolmogorov_text,4,6.108376502990723,4
d64h1L1,65728,6144,llm_compression_arxiv_math,1,7.058330059051514,4
d64h1L1,65728,6144,llm_compression_arxiv_math,2,6.569238265355428,4
d64h1L1,65728,6144,llm_compression_arxiv_math,3,6.3999611139297485,4
d64h1L1,65728,6144,llm_compression_arxiv_math,4,6.315318584442139,4
d64h1L1,65728,6144,llm_compression_cc,1,6.5783611536026,4
d64h1L1,65728,6144,llm_compression_cc,2,6.127814769744873,4
d64h1L1,65728,6144,llm_compression_cc,3,5.965514421463013,4
d64h1L1,65728,6144,llm_compression_cc,4,5.884610652923584,4
d64h1L1,65728,6144,llm_compression_python,1,6.507055640220642,4
d64h1L1,65728,6144,llm_compression_python,2,6.059517065684001,4
d64h1L1,65728,6144,llm_compression_python,3,5.893714427947998,4
d64h1L1,65728,6144,llm_compression_python,4,5.809151649475098,4
d64h1L1,65728,6144,metamath,1,7.043810963630676,4
d64h1L1,65728,6144,metamath,2,6.5239494641621905,4
d64h1L1,65728,6144,metamath,3,6.329519748687744,4
d64h1L1,65728,6144,metamath,4,6.223827362060547,4
d64h1L1,65728,6144,musicnet_pcm8,1,6.293728828430176,4
d64h1L1,65728,6144,musicnet_pcm8,2,5.89994231859843,4
d64h1L1,65728,6144,musicnet_pcm8,3,5.765458464622498,4
d64h1L1,65728,6144,musicnet_pcm8,4,5.699673652648926,4
d64h1L1,65728,6144,musicnet_pcm8_11khz,1,5.8541964292526245,4
d64h1L1,65728,6144,musicnet_pcm8_11khz,2,5.460608243942261,4
d64h1L1,65728,6144,musicnet_pcm8_11khz,3,5.324756979942322,4
d64h1L1,65728,6144,musicnet_pcm8_11khz,4,5.2580790519714355,4
d64h1L1,65728,6144,mutopia_melody_16th,1,4.510538458824158,4
d64h1L1,65728,6144,mutopia_melody_16th,2,4.20338757832845,4
d64h1L1,65728,6144,mutopia_melody_16th,3,4.0841546058654785,4
d64h1L1,65728,6144,mutopia_melody_16th,4,4.021403789520264,4
d64h1L1,65728,6144,speech_commands_pcm8,1,4.4499629735946655,4
d64h1L1,65728,6144,speech_commands_pcm8,2,4.192328373591105,4
d64h1L1,65728,6144,speech_commands_pcm8,3,4.0968921184539795,4
d64h1L1,65728,6144,speech_commands_pcm8,4,4.047125816345215,4
d64h1L1,65728,6144,speech_commands_pcm8_8khz,1,4.588639259338379,4
d64h1L1,65728,6144,speech_commands_pcm8_8khz,2,4.294496297836304,4
d64h1L1,65728,6144,speech_commands_pcm8_8khz,3,4.177897572517395,4
d64h1L1,65728,6144,speech_commands_pcm8_8khz,4,4.1137518882751465,4
d64h1L1,65728,6400,aitdcc_a_protein,1,6.169630646705627,4
d64h1L1,65728,6400,aitdcc_a_protein,2,5.761307001113892,4
d64h1L1,65728,6400,aitdcc_a_protein,3,5.62711501121521,4
d64h1L1,65728,6400,aitdcc_a_protein,4,5.56232213973999,4
d64h1L1,65728,6400,aitdcc_b_c_source,1,7.333639740943909,4
d64h1L1,65728,6400,aitdcc_b_c_source,2,6.781750520070394,4
d64h1L1,65728,6400,aitdcc_b_c_source,3,6.590935707092285,4
d64h1L1,65728,6400,aitdcc_b_c_source,4,6.495322227478027,4
d64h1L1,65728,6400,aitdcc_d_glibc_rand,1,8.553070783615112,4
d64h1L1,65728,6400,aitdcc_d_glibc_rand,2,8.304887771606445,4
d64h1L1,65728,6400,aitdcc_d_glibc_rand,3,8.217689514160156,4
d64h1L1,65728,6400,aitdcc_d_glibc_rand,4,8.172825813293457,4
d64h1L1,65728,6400,aitdcc_e_atlas_float32,1,8.06270968914032,4
d64h1L1,65728,6400,aitdcc_e_atlas_float32,2,7.634453694025676,4
d64h1L1,65728,6400,aitdcc_e_atlas_float32,3,7.482157468795776,4
d64h1L1,65728,6400,aitdcc_e_atlas_float32,4,7.404154300689697,4
d64h1L1,65728,6400,aitdcc_g_astronomy,1,4.307180404663086,4
d64h1L1,65728,6400,aitdcc_g_astronomy,2,3.996327042579651,4
d64h1L1,65728,6400,aitdcc_g_astronomy,3,3.8886040449142456,4
d64h1L1,65728,6400,aitdcc_g_astronomy,4,3.837153673171997,4
d64h1L1,65728,6400,arithmetic,1,8.095837116241455,4
d64h1L1,65728,6400,arithmetic,2,7.770129839579265,4
d64h1L1,65728,6400,arithmetic,3,7.657793879508972,4
d64h1L1,65728,6400,arithmetic,4,7.6006879806518555,4
d64h1L1,65728,6400,audio_16bit,1,8.433308601379395,4
d64h1L1,65728,6400,audio_16bit,2,7.970687468846639,4
d64h1L1,65728,6400,audio_16bit,3,7.808577299118042,4
d64h1L1,65728,6400,audio_16bit,4,7.72419548034668,4
d64h1L1,65728,6400,audio_8bit,1,6.846979737281799,4
d64h1L1,65728,6400,audio_8bit,2,6.508788824081421,4
d64h1L1,65728,6400,audio_8bit,3,6.399565696716309,4
d64h1L1,65728,6400,audio_8bit,4,6.343104839324951,4
d64h1L1,65728,6400,cifar10_rgb_hwc,1,8.499163150787354,4
d64h1L1,65728,6400,cifar10_rgb_hwc,2,8.096635977427164,4
d64h1L1,65728,6400,cifar10_rgb_hwc,3,7.9585936069488525,4
d64h1L1,65728,6400,cifar10_rgb_hwc,4,7.888242244720459,4
d64h1L1,65728,6400,cifar10_rgb_planar,1,8.479089736938477,4
d64h1L1,65728,6400,cifar10_rgb_planar,2,8.077347119649252,4
d64h1L1,65728,6400,cifar10_rgb_planar,3,7.938913464546204,4
d64h1L1,65728,6400,cifar10_rgb_planar,4,7.868235111236572,4
d64h1L1,65728,6400,dclm,1,6.560689449310303,4
d64h1L1,65728,6400,dclm,2,6.078741709391276,4
d64h1L1,65728,6400,dclm,3,5.896482467651367,4
d64h1L1,65728,6400,dclm,4,5.809674263000488,4
d64h1L1,65728,6400,dclm_ranked,1,7.6906739473342896,4
d64h1L1,65728,6400,dclm_ranked,2,7.222687005996704,4
d64h1L1,65728,6400,dclm_ranked,3,7.054370403289795,4
d64h1L1,65728,6400,dclm_ranked,4,6.972111225128174,4
d64h1L1,65728,6400,dna,1,4.85692834854126,4
d64h1L1,65728,6400,dna,2,4.71025021870931,4
d64h1L1,65728,6400,dna,3,4.657347559928894,4
d64h1L1,65728,6400,dna,4,4.6317949295043945,4
d64h1L1,65728,6400,esc50_pcm8,1,4.556303262710571,4
d64h1L1,65728,6400,esc50_pcm8,2,4.296366930007935,4
d64h1L1,65728,6400,esc50_pcm8,3,4.202600836753845,4
d64h1L1,65728,6400,esc50_pcm8,4,4.152822494506836,4
d64h1L1,65728,6400,esc50_pcm8_11khz,1,4.860151171684265,4
d64h1L1,65728,6400,esc50_pcm8_11khz,2,4.557960430781047,4
d64h1L1,65728,6400,esc50_pcm8_11khz,3,4.4480894804000854,4
d64h1L1,65728,6400,esc50_pcm8_11khz,4,4.3899407386779785,4
d64h1L1,65728,6400,kolmogorov_dna,1,4.2054625153541565,4
d64h1L1,65728,6400,kolmogorov_dna,2,4.010940631230672,4
d64h1L1,65728,6400,kolmogorov_dna,3,3.9490444660186768,4
d64h1L1,65728,6400,kolmogorov_dna,4,3.921623468399048,4
d64h1L1,65728,6400,kolmogorov_text,1,6.856246471405029,4
d64h1L1,65728,6400,kolmogorov_text,2,6.3525025844573975,4
d64h1L1,65728,6400,kolmogorov_text,3,6.1608381271362305,4
d64h1L1,65728,6400,kolmogorov_text,4,6.0659332275390625,4
d64h1L1,65728,6400,llm_compression_arxiv_math,1,7.03071665763855,4
d64h1L1,65728,6400,llm_compression_arxiv_math,2,6.545507272084554,4
d64h1L1,65728,6400,llm_compression_arxiv_math,3,6.377005219459534,4
d64h1L1,65728,6400,llm_compression_arxiv_math,4,6.293618202209473,4
d64h1L1,65728,6400,llm_compression_cc,1,6.548393368721008,4
d64h1L1,65728,6400,llm_compression_cc,2,6.065810124079387,4
d64h1L1,65728,6400,llm_compression_cc,3,5.889519095420837,4
d64h1L1,65728,6400,llm_compression_cc,4,5.8061652183532715,4
d64h1L1,65728,6400,llm_compression_python,1,6.46356999874115,4
d64h1L1,65728,6400,llm_compression_python,2,5.995861689249675,4
d64h1L1,65728,6400,llm_compression_python,3,5.8333741426467896,4
d64h1L1,65728,6400,llm_compression_python,4,5.752764701843262,4
d64h1L1,65728,6400,metamath,1,7.051427125930786,4
d64h1L1,65728,6400,metamath,2,6.5194118817647295,4
d64h1L1,65728,6400,metamath,3,6.341615676879883,4
d64h1L1,65728,6400,metamath,4,6.253463268280029,4
d64h1L1,65728,6400,musicnet_pcm8,1,6.299644827842712,4
d64h1L1,65728,6400,musicnet_pcm8,2,5.90735936164856,4
d64h1L1,65728,6400,musicnet_pcm8,3,5.764639973640442,4
d64h1L1,65728,6400,musicnet_pcm8,4,5.687504768371582,4
d64h1L1,65728,6400,musicnet_pcm8_11khz,1,5.86837637424469,4
d64h1L1,65728,6400,musicnet_pcm8_11khz,2,5.470110575358073,4
d64h1L1,65728,6400,musicnet_pcm8_11khz,3,5.325010538101196,4
d64h1L1,65728,6400,musicnet_pcm8_11khz,4,5.246175765991211,4
d64h1L1,65728,6400,mutopia_melody_16th,1,4.44541871547699,4
d64h1L1,65728,6400,mutopia_melody_16th,2,4.121481895446777,4
d64h1L1,65728,6400,mutopia_melody_16th,3,4.007923066616058,4
d64h1L1,65728,6400,mutopia_melody_16th,4,3.9512064456939697,4
d64h1L1,65728,6400,speech_commands_pcm8,1,4.507335662841797,4
d64h1L1,65728,6400,speech_commands_pcm8,2,4.231352806091309,4
d64h1L1,65728,6400,speech_commands_pcm8,3,4.131681323051453,4
d64h1L1,65728,6400,speech_commands_pcm8,4,4.0794878005981445,4
d64h1L1,65728,6400,speech_commands_pcm8_8khz,1,4.771972179412842,4
d64h1L1,65728,6400,speech_commands_pcm8_8khz,2,4.443096001942952,4
d64h1L1,65728,6400,speech_commands_pcm8_8khz,3,4.321264982223511,4
d64h1L1,65728,6400,speech_commands_pcm8_8khz,4,4.25767183303833,4
d64h1L1,65728,6656,aitdcc_a_protein,1,6.0671305656433105,4
d64h1L1,65728,6656,aitdcc_a_protein,2,5.641554514567058,4
d64h1L1,65728,6656,aitdcc_a_protein,3,5.516757011413574,4
d64h1L1,65728,6656,aitdcc_a_protein,4,5.458539962768555,4
d64h1L1,65728,6656,aitdcc_b_c_source,1,7.282036066055298,4
d64h1L1,65728,6656,aitdcc_b_c_source,2,6.730132579803467,4
d64h1L1,65728,6656,aitdcc_b_c_source,3,6.535440921783447,4
d64h1L1,65728,6656,aitdcc_b_c_source,4,6.434079170227051,4
d64h1L1,65728,6656,aitdcc_d_glibc_rand,1,8.541826725006104,4
d64h1L1,65728,6656,aitdcc_d_glibc_rand,2,8.297144254048666,4
d64h1L1,65728,6656,aitdcc_d_glibc_rand,3,8.211536884307861,4
d64h1L1,65728,6656,aitdcc_d_glibc_rand,4,8.167425155639648,4
d64h1L1,65728,6656,aitdcc_e_atlas_float32,1,8.026971817016602,4
d64h1L1,65728,6656,aitdcc_e_atlas_float32,2,7.61660099029541,4
d64h1L1,65728,6656,aitdcc_e_atlas_float32,3,7.469631791114807,4
d64h1L1,65728,6656,aitdcc_e_atlas_float32,4,7.391786575317383,4
d64h1L1,65728,6656,aitdcc_g_astronomy,1,4.296422898769379,4
d64h1L1,65728,6656,aitdcc_g_astronomy,2,3.9564836819966636,4
d64h1L1,65728,6656,aitdcc_g_astronomy,3,3.848919689655304,4
d64h1L1,65728,6656,aitdcc_g_astronomy,4,3.7885663509368896,4
d64h1L1,65728,6656,arithmetic,1,8.073291659355164,4
d64h1L1,65728,6656,arithmetic,2,7.760431130727132,4
d64h1L1,65728,6656,arithmetic,3,7.654065847396851,4
d64h1L1,65728,6656,arithmetic,4,7.600584030151367,4
d64h1L1,65728,6656,audio_16bit,1,8.350861072540283,4
d64h1L1,65728,6656,audio_16bit,2,7.935527245203654,4
d64h1L1,65728,6656,audio_16bit,3,7.788960814476013,4
d64h1L1,65728,6656,audio_16bit,4,7.712715148925781,4
d64h1L1,65728,6656,audio_8bit,1,6.944667458534241,4
d64h1L1,65728,6656,audio_8bit,2,6.61856206258138,4
d64h1L1,65728,6656,audio_8bit,3,6.5131916999816895,4
d64h1L1,65728,6656,audio_8bit,4,6.459961891174316,4
d64h1L1,65728,6656,cifar10_rgb_hwc,1,8.455281019210815,4
d64h1L1,65728,6656,cifar10_rgb_hwc,2,8.075618902842203,4
d64h1L1,65728,6656,cifar10_rgb_hwc,3,7.945142984390259,4
d64h1L1,65728,6656,cifar10_rgb_hwc,4,7.878363609313965,4
d64h1L1,65728,6656,cifar10_rgb_planar,1,8.44236707687378,4
d64h1L1,65728,6656,cifar10_rgb_planar,2,8.05895439783732,4
d64h1L1,65728,6656,cifar10_rgb_planar,3,7.926934242248535,4
d64h1L1,65728,6656,cifar10_rgb_planar,4,7.859450817108154,4
d64h1L1,65728,6656,dclm,1,6.525936961174011,4
d64h1L1,65728,6656,dclm,2,6.067281484603882,4
d64h1L1,65728,6656,dclm,3,5.890815019607544,4
d64h1L1,65728,6656,dclm,4,5.795478820800781,4
d64h1L1,65728,6656,dclm_ranked,1,7.630486011505127,4
d64h1L1,65728,6656,dclm_ranked,2,7.1516430377960205,4
d64h1L1,65728,6656,dclm_ranked,3,6.9891499280929565,4
d64h1L1,65728,6656,dclm_ranked,4,6.909871578216553,4
d64h1L1,65728,6656,dna,1,4.879067063331604,4
d64h1L1,65728,6656,dna,2,4.701776663462321,4
d64h1L1,65728,6656,dna,3,4.632569432258606,4
d64h1L1,65728,6656,dna,4,4.599573612213135,4
d64h1L1,65728,6656,esc50_pcm8,1,4.5452762842178345,4
d64h1L1,65728,6656,esc50_pcm8,2,4.304229656855266,4
d64h1L1,65728,6656,esc50_pcm8,3,4.224307417869568,4
d64h1L1,65728,6656,esc50_pcm8,4,4.1845293045043945,4
d64h1L1,65728,6656,esc50_pcm8_11khz,1,4.828695058822632,4
d64h1L1,65728,6656,esc50_pcm8_11khz,2,4.552565415700276,4
d64h1L1,65728,6656,esc50_pcm8_11khz,3,4.459483861923218,4
d64h1L1,65728,6656,esc50_pcm8_11khz,4,4.412995338439941,4
d64h1L1,65728,6656,kolmogorov_dna,1,4.1790308356285095,4
d64h1L1,65728,6656,kolmogorov_dna,2,4.01213006178538,4
d64h1L1,65728,6656,kolmogorov_dna,3,3.950913369655609,4
d64h1L1,65728,6656,kolmogorov_dna,4,3.9235219955444336,4
d64h1L1,65728,6656,kolmogorov_text,1,6.804895758628845,4
d64h1L1,65728,6656,kolmogorov_text,2,6.31917929649353,4
d64h1L1,65728,6656,kolmogorov_text,3,6.136075019836426,4
d64h1L1,65728,6656,kolmogorov_text,4,6.035638809204102,4
d64h1L1,65728,6656,llm_compression_arxiv_math,1,6.981887936592102,4
d64h1L1,65728,6656,llm_compression_arxiv_math,2,6.495202620824178,4
d64h1L1,65728,6656,llm_compression_arxiv_math,3,6.325828671455383,4
d64h1L1,65728,6656,llm_compression_arxiv_math,4,6.236545562744141,4
d64h1L1,65728,6656,llm_compression_cc,1,6.495695471763611,4
d64h1L1,65728,6656,llm_compression_cc,2,6.043954372406006,4
d64h1L1,65728,6656,llm_compression_cc,3,5.873076319694519,4
d64h1L1,65728,6656,llm_compression_cc,4,5.780327796936035,4
d64h1L1,65728,6656,llm_compression_python,1,6.470474600791931,4
d64h1L1,65728,6656,llm_compression_python,2,5.999143759409587,4
d64h1L1,65728,6656,llm_compression_python,3,5.837323546409607,4
d64h1L1,65728,6656,llm_compression_python,4,5.753766059875488,4
d64h1L1,65728,6656,metamath,1,7.141825199127197,4
d64h1L1,65728,6656,metamath,2,6.5900741418202715,4
d64h1L1,65728,6656,metamath,3,6.407503128051758,4
d64h1L1,65728,6656,metamath,4,6.316694259643555,4
d64h1L1,65728,6656,musicnet_pcm8,1,6.24368691444397,4
d64h1L1,65728,6656,musicnet_pcm8,2,5.870459953943889,4
d64h1L1,65728,6656,musicnet_pcm8,3,5.75159764289856,4
d64h1L1,65728,6656,musicnet_pcm8,4,5.6936750411987305,4
d64h1L1,65728,6656,musicnet_pcm8_11khz,1,5.818069100379944,4
d64h1L1,65728,6656,musicnet_pcm8_11khz,2,5.447908163070679,4
d64h1L1,65728,6656,musicnet_pcm8_11khz,3,5.327927231788635,4
d64h1L1,65728,6656,musicnet_pcm8_11khz,4,5.269102573394775,4
d64h1L1,65728,6656,mutopia_melody_16th,1,4.500425696372986,4
d64h1L1,65728,6656,mutopia_melody_16th,2,4.200910409291585,4
d64h1L1,65728,6656,mutopia_melody_16th,3,4.0824960470199585,4
d64h1L1,65728,6656,mutopia_melody_16th,4,4.02227258682251,4
d64h1L1,65728,6656,speech_commands_pcm8,1,4.477388381958008,4
d64h1L1,65728,6656,speech_commands_pcm8,2,4.240952650705974,4
d64h1L1,65728,6656,speech_commands_pcm8,3,4.156416416168213,4
d64h1L1,65728,6656,speech_commands_pcm8,4,4.112403869628906,4
d64h1L1,65728,6656,speech_commands_pcm8_8khz,1,4.679975271224976,4
d64h1L1,65728,6656,speech_commands_pcm8_8khz,2,4.409246842066447,4
d64h1L1,65728,6656,speech_commands_pcm8_8khz,3,4.303871035575867,4
d64h1L1,65728,6656,speech_commands_pcm8_8khz,4,4.247275352478027,4
d64h1L1,65728,6912,aitdcc_a_protein,1,6.055667519569397,4
d64h1L1,65728,6912,aitdcc_a_protein,2,5.675615708033244,4
d64h1L1,65728,6912,aitdcc_a_protein,3,5.5425945520401,4
d64h1L1,65728,6912,aitdcc_a_protein,4,5.475261211395264,4
d64h1L1,65728,6912,aitdcc_b_c_source,1,7.345824837684631,4
d64h1L1,65728,6912,aitdcc_b_c_source,2,6.795508464177449,4
d64h1L1,65728,6912,aitdcc_b_c_source,3,6.599008798599243,4
d64h1L1,65728,6912,aitdcc_b_c_source,4,6.49822473526001,4
d64h1L1,65728,6912,aitdcc_d_glibc_rand,1,8.526954174041748,4
d64h1L1,65728,6912,aitdcc_d_glibc_rand,2,8.290794213612875,4
d64h1L1,65728,6912,aitdcc_d_glibc_rand,3,8.207371234893799,4
d64h1L1,65728,6912,aitdcc_d_glibc_rand,4,8.164551734924316,4
d64h1L1,65728,6912,aitdcc_e_atlas_float32,1,7.971466302871704,4
d64h1L1,65728,6912,aitdcc_e_atlas_float32,2,7.585738341013591,4
d64h1L1,65728,6912,aitdcc_e_atlas_float32,3,7.4475061893463135,4
d64h1L1,65728,6912,aitdcc_e_atlas_float32,4,7.376111030578613,4
d64h1L1,65728,6912,aitdcc_g_astronomy,1,4.194004118442535,4
d64h1L1,65728,6912,aitdcc_g_astronomy,2,3.940547466278076,4
d64h1L1,65728,6912,aitdcc_g_astronomy,3,3.842853367328644,4
d64h1L1,65728,6912,aitdcc_g_astronomy,4,3.791473388671875,4
d64h1L1,65728,6912,arithmetic,1,8.050282955169678,4
d64h1L1,65728,6912,arithmetic,2,7.747755130132039,4
d64h1L1,65728,6912,arithmetic,3,7.645267128944397,4
d64h1L1,65728,6912,arithmetic,4,7.594160079956055,4
d64h1L1,65728,6912,audio_16bit,1,8.335663557052612,4
d64h1L1,65728,6912,audio_16bit,2,7.917644103368123,4
d64h1L1,65728,6912,audio_16bit,3,7.771215796470642,4
d64h1L1,65728,6912,audio_16bit,4,7.696213245391846,4
d64h1L1,65728,6912,audio_8bit,1,6.947697877883911,4
d64h1L1,65728,6912,audio_8bit,2,6.598040024439494,4
d64h1L1,65728,6912,audio_8bit,3,6.4733357429504395,4
d64h1L1,65728,6912,audio_8bit,4,6.4097981452941895,4
d64h1L1,65728,6912,cifar10_rgb_hwc,1,8.447875738143921,4
d64h1L1,65728,6912,cifar10_rgb_hwc,2,8.071890354156494,4
d64h1L1,65728,6912,cifar10_rgb_hwc,3,7.942283987998962,4
d64h1L1,65728,6912,cifar10_rgb_hwc,4,7.876326084136963,4
d64h1L1,65728,6912,cifar10_rgb_planar,1,8.433176755905151,4
d64h1L1,65728,6912,cifar10_rgb_planar,2,8.055410544077555,4
d64h1L1,65728,6912,cifar10_rgb_planar,3,7.924589276313782,4
d64h1L1,65728,6912,cifar10_rgb_planar,4,7.85784387588501,4
d64h1L1,65728,6912,dclm,1,6.4973297119140625,4
d64h1L1,65728,6912,dclm,2,6.022144714991252,4
d64h1L1,65728,6912,dclm,3,5.860948324203491,4
d64h1L1,65728,6912,dclm,4,5.78112268447876,4
d64h1L1,65728,6912,dclm_ranked,1,7.641496419906616,4
d64h1L1,65728,6912,dclm_ranked,2,7.204839468002319,4
d64h1L1,65728,6912,dclm_ranked,3,7.0630943775177,4
d64h1L1,65728,6912,dclm_ranked,4,6.991281032562256,4
d64h1L1,65728,6912,dna,1,4.982524991035461,4
d64h1L1,65728,6912,dna,2,4.799429575602214,4
d64h1L1,65728,6912,dna,3,4.730906367301941,4
d64h1L1,65728,6912,dna,4,4.69599723815918,4
d64h1L1,65728,6912,esc50_pcm8,1,4.557487368583679,4
d64h1L1,65728,6912,esc50_pcm8,2,4.306043386459351,4
d64h1L1,65728,6912,esc50_pcm8,3,4.220142245292664,4
d64h1L1,65728,6912,esc50_pcm8,4,4.176760196685791,4
d64h1L1,65728,6912,esc50_pcm8_11khz,1,4.855970025062561,4
d64h1L1,65728,6912,esc50_pcm8_11khz,2,4.567474365234375,4
d64h1L1,65728,6912,esc50_pcm8_11khz,3,4.468137264251709,4
d64h1L1,65728,6912,esc50_pcm8_11khz,4,4.417416572570801,4
d64h1L1,65728,6912,kolmogorov_dna,1,4.269921064376831,4
d64h1L1,65728,6912,kolmogorov_dna,2,4.090930859247844,4
d64h1L1,65728,6912,kolmogorov_dna,3,4.036007404327393,4
d64h1L1,65728,6912,kolmogorov_dna,4,4.013726711273193,4
d64h1L1,65728,6912,kolmogorov_text,1,6.794089317321777,4
d64h1L1,65728,6912,kolmogorov_text,2,6.304377396901448,4
d64h1L1,65728,6912,kolmogorov_text,3,6.133104205131531,4
d64h1L1,65728,6912,kolmogorov_text,4,6.05096960067749,4
d64h1L1,65728,6912,llm_compression_arxiv_math,1,6.966630697250366,4
d64h1L1,65728,6912,llm_compression_arxiv_math,2,6.45833698908488,4
d64h1L1,65728,6912,llm_compression_arxiv_math,3,6.287053346633911,4
d64h1L1,65728,6912,llm_compression_arxiv_math,4,6.199708938598633,4
d64h1L1,65728,6912,llm_compression_cc,1,6.48431396484375,4
d64h1L1,65728,6912,llm_compression_cc,2,6.0080727736155195,4
d64h1L1,65728,6912,llm_compression_cc,3,5.851422429084778,4
d64h1L1,65728,6912,llm_compression_cc,4,5.774111747741699,4
d64h1L1,65728,6912,llm_compression_python,1,6.535521984100342,4
d64h1L1,65728,6912,llm_compression_python,2,6.0348734855651855,4
d64h1L1,65728,6912,llm_compression_python,3,5.860244512557983,4
d64h1L1,65728,6912,llm_compression_python,4,5.772208213806152,4
d64h1L1,65728,6912,metamath,1,7.088867783546448,4
d64h1L1,65728,6912,metamath,2,6.542279163996379,4
d64h1L1,65728,6912,metamath,3,6.355098247528076,4
d64h1L1,65728,6912,metamath,4,6.257711887359619,4
d64h1L1,65728,6912,musicnet_pcm8,1,6.2861645221710205,4
d64h1L1,65728,6912,musicnet_pcm8,2,5.908402760823567,4
d64h1L1,65728,6912,musicnet_pcm8,3,5.782952904701233,4
d64h1L1,65728,6912,musicnet_pcm8,4,5.72025203704834,4
d64h1L1,65728,6912,musicnet_pcm8_11khz,1,5.853366851806641,4
d64h1L1,65728,6912,musicnet_pcm8_11khz,2,5.469412247339885,4
d64h1L1,65728,6912,musicnet_pcm8_11khz,3,5.341482043266296,4
d64h1L1,65728,6912,musicnet_pcm8_11khz,4,5.276814937591553,4
d64h1L1,65728,6912,mutopia_melody_16th,1,4.452438712120056,4
d64h1L1,65728,6912,mutopia_melody_16th,2,4.136478265126546,4
d64h1L1,65728,6912,mutopia_melody_16th,3,4.025187313556671,4
d64h1L1,65728,6912,mutopia_melody_16th,4,3.9683821201324463,4
d64h1L1,65728,6912,speech_commands_pcm8,1,4.500096321105957,4
d64h1L1,65728,6912,speech_commands_pcm8,2,4.226410945256551,4
d64h1L1,65728,6912,speech_commands_pcm8,3,4.1291505098342896,4
d64h1L1,65728,6912,speech_commands_pcm8,4,4.079584121704102,4
d64h1L1,65728,6912,speech_commands_pcm8_8khz,1,4.727007508277893,4
d64h1L1,65728,6912,speech_commands_pcm8_8khz,2,4.409983317057292,4
d64h1L1,65728,6912,speech_commands_pcm8_8khz,3,4.290215730667114,4
d64h1L1,65728,6912,speech_commands_pcm8_8khz,4,4.226646423339844,4
d64h1L1,65728,7168,aitdcc_a_protein,1,6.0855042934417725,4
d64h1L1,65728,7168,aitdcc_a_protein,2,5.646826346715291,4
d64h1L1,65728,7168,aitdcc_a_protein,3,5.490845561027527,4
d64h1L1,65728,7168,aitdcc_a_protein,4,5.410593509674072,4
d64h1L1,65728,7168,aitdcc_b_c_source,1,7.3099905252456665,4
d64h1L1,65728,7168,aitdcc_b_c_source,2,6.745235045750936,4
d64h1L1,65728,7168,aitdcc_b_c_source,3,6.544142842292786,4
d64h1L1,65728,7168,aitdcc_b_c_source,4,6.435649394989014,4
d64h1L1,65728,7168,aitdcc_d_glibc_rand,1,8.49886965751648,4
d64h1L1,65728,7168,aitdcc_d_glibc_rand,2,8.273462136586508,4
d64h1L1,65728,7168,aitdcc_d_glibc_rand,3,8.195376634597778,4
d64h1L1,65728,7168,aitdcc_d_glibc_rand,4,8.15548038482666,4
d64h1L1,65728,7168,aitdcc_e_atlas_float32,1,7.971472978591919,4
d64h1L1,65728,7168,aitdcc_e_atlas_float32,2,7.596866846084595,4
d64h1L1,65728,7168,aitdcc_e_atlas_float32,3,7.461856007575989,4
d64h1L1,65728,7168,aitdcc_e_atlas_float32,4,7.391208171844482,4
d64h1L1,65728,7168,aitdcc_g_astronomy,1,4.368110299110413,4
d64h1L1,65728,7168,aitdcc_g_astronomy,2,4.044608473777771,4
d64h1L1,65728,7168,aitdcc_g_astronomy,3,3.9187267422676086,4
d64h1L1,65728,7168,aitdcc_g_astronomy,4,3.8496077060699463,4
d64h1L1,65728,7168,arithmetic,1,8.045684933662415,4
d64h1L1,65728,7168,arithmetic,2,7.743069648742676,4
d64h1L1,65728,7168,arithmetic,3,7.641962051391602,4
d64h1L1,65728,7168,arithmetic,4,7.591278553009033,4
d64h1L1,65728,7168,audio_16bit,1,8.41334056854248,4
d64h1L1,65728,7168,audio_16bit,2,7.965161879857381,4
d64h1L1,65728,7168,audio_16bit,3,7.8086994886398315,4
d64h1L1,65728,7168,audio_16bit,4,7.728143692016602,4
d64h1L1,65728,7168,audio_8bit,1,6.9278634786605835,4
d64h1L1,65728,7168,audio_8bit,2,6.59793750445048,4
d64h1L1,65728,7168,audio_8bit,3,6.483086705207825,4
d64h1L1,65728,7168,audio_8bit,4,6.4251203536987305,4
d64h1L1,65728,7168,cifar10_rgb_hwc,1,8.440535306930542,4
d64h1L1,65728,7168,cifar10_rgb_hwc,2,8.067392826080322,4
d64h1L1,65728,7168,cifar10_rgb_hwc,3,7.939552307128906,4
d64h1L1,65728,7168,cifar10_rgb_hwc,4,7.874490737915039,4
d64h1L1,65728,7168,cifar10_rgb_planar,1,8.425619125366211,4
d64h1L1,65728,7168,cifar10_rgb_planar,2,8.052192529042562,4
d64h1L1,65728,7168,cifar10_rgb_planar,3,7.923644185066223,4
d64h1L1,65728,7168,cifar10_rgb_planar,4,7.858112335205078,4
d64h1L1,65728,7168,dclm,1,6.545216202735901,4
d64h1L1,65728,7168,dclm,2,6.044954856236775,4
d64h1L1,65728,7168,dclm,3,5.863973259925842,4
d64h1L1,65728,7168,dclm,4,5.766932010650635,4
d64h1L1,65728,7168,dclm_ranked,1,7.629202842712402,4
d64h1L1,65728,7168,dclm_ranked,2,7.192791223526001,4
d64h1L1,65728,7168,dclm_ranked,3,7.038120150566101,4
d64h1L1,65728,7168,dclm_ranked,4,6.956538677215576,4
d64h1L1,65728,7168,dna,1,4.93815290927887,4
d64h1L1,65728,7168,dna,2,4.760896921157837,4
d64h1L1,65728,7168,dna,3,4.694608926773071,4
d64h1L1,65728,7168,dna,4,4.6612396240234375,4
d64h1L1,65728,7168,esc50_pcm8,1,4.579706430435181,4
d64h1L1,65728,7168,esc50_pcm8,2,4.3303390343983965,4
d64h1L1,65728,7168,esc50_pcm8,3,4.240278482437134,4
d64h1L1,65728,7168,esc50_pcm8,4,4.194851875305176,4
d64h1L1,65728,7168,esc50_pcm8_11khz,1,4.879269242286682,4
d64h1L1,65728,7168,esc50_pcm8_11khz,2,4.592317581176758,4
d64h1L1,65728,7168,esc50_pcm8_11khz,3,4.486398816108704,4
d64h1L1,65728,7168,esc50_pcm8_11khz,4,4.431912899017334,4
d64h1L1,65728,7168,kolmogorov_dna,1,4.256536841392517,4
d64h1L1,65728,7168,kolmogorov_dna,2,4.060481468836467,4
d64h1L1,65728,7168,kolmogorov_dna,3,3.9956507682800293,4
d64h1L1,65728,7168,kolmogorov_dna,4,3.9661478996276855,4
d64h1L1,65728,7168,kolmogorov_text,1,6.839600205421448,4
d64h1L1,65728,7168,kolmogorov_text,2,6.32256285349528,4
d64h1L1,65728,7168,kolmogorov_text,3,6.13959002494812,4
d64h1L1,65728,7168,kolmogorov_text,4,6.042898654937744,4
d64h1L1,65728,7168,llm_compression_arxiv_math,1,7.0154582262039185,4
d64h1L1,65728,7168,llm_compression_arxiv_math,2,6.483651479085286,4
d64h1L1,65728,7168,llm_compression_arxiv_math,3,6.302809000015259,4
d64h1L1,65728,7168,llm_compression_arxiv_math,4,6.206659317016602,4
d64h1L1,65728,7168,llm_compression_cc,1,6.518570423126221,4
d64h1L1,65728,7168,llm_compression_cc,2,6.023929437001546,4
d64h1L1,65728,7168,llm_compression_cc,3,5.847638010978699,4
d64h1L1,65728,7168,llm_compression_cc,4,5.753396987915039,4
d64h1L1,65728,7168,llm_compression_python,1,6.4968788623809814,4
d64h1L1,65728,7168,llm_compression_python,2,5.990946054458618,4
d64h1L1,65728,7168,llm_compression_python,3,5.821048855781555,4
d64h1L1,65728,7168,llm_compression_python,4,5.732110977172852,4
d64h1L1,65728,7168,metamath,1,7.124030709266663,4
d64h1L1,65728,7168,metamath,2,6.566241979598999,4
d64h1L1,65728,7168,metamath,3,6.378160238265991,4
d64h1L1,65728,7168,metamath,4,6.279929161071777,4
d64h1L1,65728,7168,musicnet_pcm8,1,6.258868336677551,4
d64h1L1,65728,7168,musicnet_pcm8,2,5.88789947827657,4
d64h1L1,65728,7168,musicnet_pcm8,3,5.757489562034607,4
d64h1L1,65728,7168,musicnet_pcm8,4,5.691699504852295,4
d64h1L1,65728,7168,musicnet_pcm8_11khz,1,5.851420521736145,4
d64h1L1,65728,7168,musicnet_pcm8_11khz,2,5.477969805399577,4
d64h1L1,65728,7168,musicnet_pcm8_11khz,3,5.343370199203491,4
d64h1L1,65728,7168,musicnet_pcm8_11khz,4,5.274537086486816,4
d64h1L1,65728,7168,mutopia_melody_16th,1,4.550076723098755,4
d64h1L1,65728,7168,mutopia_melody_16th,2,4.172616004943848,4
d64h1L1,65728,7168,mutopia_melody_16th,3,4.050337076187134,4
d64h1L1,65728,7168,mutopia_melody_16th,4,3.987910032272339,4
d64h1L1,65728,7168,speech_commands_pcm8,1,4.567347049713135,4
d64h1L1,65728,7168,speech_commands_pcm8,2,4.305052121480306,4
d64h1L1,65728,7168,speech_commands_pcm8,3,4.204672574996948,4
d64h1L1,65728,7168,speech_commands_pcm8,4,4.151492595672607,4
d64h1L1,65728,7168,speech_commands_pcm8_8khz,1,4.906288743019104,4
d64h1L1,65728,7168,speech_commands_pcm8_8khz,2,4.5807273387908936,4
d64h1L1,65728,7168,speech_commands_pcm8_8khz,3,4.44783627986908,4
d64h1L1,65728,7168,speech_commands_pcm8_8khz,4,4.374125003814697,4
d64h1L1,65728,7424,aitdcc_a_protein,1,6.095140695571899,4
d64h1L1,65728,7424,aitdcc_a_protein,2,5.725777228673299,4
d64h1L1,65728,7424,aitdcc_a_protein,3,5.60550844669342,4
d64h1L1,65728,7424,aitdcc_a_protein,4,5.540521144866943,4
d64h1L1,65728,7424,aitdcc_b_c_source,1,7.363584041595459,4
d64h1L1,65728,7424,aitdcc_b_c_source,2,6.8217973709106445,4
d64h1L1,65728,7424,aitdcc_b_c_source,3,6.630570888519287,4
d64h1L1,65728,7424,aitdcc_b_c_source,4,6.529209136962891,4
d64h1L1,65728,7424,aitdcc_d_glibc_rand,1,8.489427328109741,4
d64h1L1,65728,7424,aitdcc_d_glibc_rand,2,8.266899585723877,4
d64h1L1,65728,7424,aitdcc_d_glibc_rand,3,8.189558029174805,4
d64h1L1,65728,7424,aitdcc_d_glibc_rand,4,8.149910926818848,4
d64h1L1,65728,7424,aitdcc_e_atlas_float32,1,7.947120308876038,4
d64h1L1,65728,7424,aitdcc_e_atlas_float32,2,7.576394081115723,4
d64h1L1,65728,7424,aitdcc_e_atlas_float32,3,7.445234298706055,4
d64h1L1,65728,7424,aitdcc_e_atlas_float32,4,7.376577377319336,4
d64h1L1,65728,7424,aitdcc_g_astronomy,1,4.347714066505432,4
d64h1L1,65728,7424,aitdcc_g_astronomy,2,4.047730048497518,4
d64h1L1,65728,7424,aitdcc_g_astronomy,3,3.935692071914673,4
d64h1L1,65728,7424,aitdcc_g_astronomy,4,3.8756308555603027,4
d64h1L1,65728,7424,arithmetic,1,8.02869462966919,4
d64h1L1,65728,7424,arithmetic,2,7.740717649459839,4
d64h1L1,65728,7424,arithmetic,3,7.643659472465515,4
d64h1L1,65728,7424,arithmetic,4,7.594660758972168,4
d64h1L1,65728,7424,audio_16bit,1,8.354863166809082,4
d64h1L1,65728,7424,audio_16bit,2,7.920515696207683,4
d64h1L1,65728,7424,audio_16bit,3,7.767077803611755,4
d64h1L1,65728,7424,audio_16bit,4,7.688722610473633,4
d64h1L1,65728,7424,audio_8bit,1,6.9770355224609375,4
d64h1L1,65728,7424,audio_8bit,2,6.640109300613403,4
d64h1L1,65728,7424,audio_8bit,3,6.529874086380005,4
d64h1L1,65728,7424,audio_8bit,4,6.475053310394287,4
d64h1L1,65728,7424,cifar10_rgb_hwc,1,8.433706521987915,4
d64h1L1,65728,7424,cifar10_rgb_hwc,2,8.06094249089559,4
d64h1L1,65728,7424,cifar10_rgb_hwc,3,7.933241844177246,4
d64h1L1,65728,7424,cifar10_rgb_hwc,4,7.868345737457275,4
d64h1L1,65728,7424,cifar10_rgb_planar,1,8.417168378829956,4
d64h1L1,65728,7424,cifar10_rgb_planar,2,8.044899304707846,4
d64h1L1,65728,7424,cifar10_rgb_planar,3,7.91674280166626,4
d64h1L1,65728,7424,cifar10_rgb_planar,4,7.85152530670166,4
d64h1L1,65728,7424,dclm,1,6.588445663452148,4
d64h1L1,65728,7424,dclm,2,6.135945240656535,4
d64h1L1,65728,7424,dclm,3,5.980798363685608,4
d64h1L1,65728,7424,dclm,4,5.902933120727539,4
d64h1L1,65728,7424,dclm_ranked,1,7.6301363706588745,4
d64h1L1,65728,7424,dclm_ranked,2,7.175155957539876,4
d64h1L1,65728,7424,dclm_ranked,3,7.018308162689209,4
d64h1L1,65728,7424,dclm_ranked,4,6.936087608337402,4
d64h1L1,65728,7424,dna,1,5.001638412475586,4
d64h1L1,65728,7424,dna,2,4.785361925760905,4
d64h1L1,65728,7424,dna,3,4.710895895957947,4
d64h1L1,65728,7424,dna,4,4.674703598022461,4
d64h1L1,65728,7424,esc50_pcm8,1,4.577753186225891,4
d64h1L1,65728,7424,esc50_pcm8,2,4.332392692565918,4
d64h1L1,65728,7424,esc50_pcm8,3,4.243520259857178,4
d64h1L1,65728,7424,esc50_pcm8,4,4.197312831878662,4
d64h1L1,65728,7424,esc50_pcm8_11khz,1,4.869422435760498,4
d64h1L1,65728,7424,esc50_pcm8_11khz,2,4.583678563435872,4
d64h1L1,65728,7424,esc50_pcm8_11khz,3,4.479282021522522,4
d64h1L1,65728,7424,esc50_pcm8_11khz,4,4.4254560470581055,4
d64h1L1,65728,7424,kolmogorov_dna,1,4.297895669937134,4
d64h1L1,65728,7424,kolmogorov_dna,2,4.040831406911214,4
d64h1L1,65728,7424,kolmogorov_dna,3,3.949641525745392,4
d64h1L1,65728,7424,kolmogorov_dna,4,3.9037444591522217,4
d64h1L1,65728,7424,kolmogorov_text,1,6.859120845794678,4
d64h1L1,65728,7424,kolmogorov_text,2,6.366364240646362,4
d64h1L1,65728,7424,kolmogorov_text,3,6.1937748193740845,4
d64h1L1,65728,7424,kolmogorov_text,4,6.106010913848877,4
d64h1L1,65728,7424,llm_compression_arxiv_math,1,7.027502417564392,4
d64h1L1,65728,7424,llm_compression_arxiv_math,2,6.516944567362468,4
d64h1L1,65728,7424,llm_compression_arxiv_math,3,6.342712759971619,4
d64h1L1,65728,7424,llm_compression_arxiv_math,4,6.252706527709961,4
d64h1L1,65728,7424,llm_compression_cc,1,6.577784538269043,4
d64h1L1,65728,7424,llm_compression_cc,2,6.116281827290853,4
d64h1L1,65728,7424,llm_compression_cc,3,5.959524989128113,4
d64h1L1,65728,7424,llm_compression_cc,4,5.880958557128906,4
d64h1L1,65728,7424,llm_compression_python,1,6.507468819618225,4
d64h1L1,65728,7424,llm_compression_python,2,6.042821884155273,4
d64h1L1,65728,7424,llm_compression_python,3,5.886435508728027,4
d64h1L1,65728,7424,llm_compression_python,4,5.805417537689209,4
d64h1L1,65728,7424,metamath,1,7.086146712303162,4
d64h1L1,65728,7424,metamath,2,6.521602551142375,4
d64h1L1,65728,7424,metamath,3,6.339603066444397,4
d64h1L1,65728,7424,metamath,4,6.240879058837891,4
d64h1L1,65728,7424,musicnet_pcm8,1,6.289141893386841,4
d64h1L1,65728,7424,musicnet_pcm8,2,5.904332399368286,4
d64h1L1,65728,7424,musicnet_pcm8,3,5.7669289112091064,4
d64h1L1,65728,7424,musicnet_pcm8,4,5.695475101470947,4
d64h1L1,65728,7424,musicnet_pcm8_11khz,1,5.865797162055969,4
d64h1L1,65728,7424,musicnet_pcm8_11khz,2,5.477737347284953,4
d64h1L1,65728,7424,musicnet_pcm8_11khz,3,5.336606025695801,4
d64h1L1,65728,7424,musicnet_pcm8_11khz,4,5.262978553771973,4
d64h1L1,65728,7424,mutopia_melody_16th,1,4.445374131202698,4
d64h1L1,65728,7424,mutopia_melody_16th,2,4.122980197270711,4
d64h1L1,65728,7424,mutopia_melody_16th,3,4.012556850910187,4
d64h1L1,65728,7424,mutopia_melody_16th,4,3.9577152729034424,4
d64h1L1,65728,7424,speech_commands_pcm8,1,4.512744784355164,4
d64h1L1,65728,7424,speech_commands_pcm8,2,4.263507127761841,4
d64h1L1,65728,7424,speech_commands_pcm8,3,4.173925757408142,4
d64h1L1,65728,7424,speech_commands_pcm8,4,4.127524375915527,4
d64h1L1,65728,7424,speech_commands_pcm8_8khz,1,4.74444580078125,4
d64h1L1,65728,7424,speech_commands_pcm8_8khz,2,4.459669748942058,4
d64h1L1,65728,7424,speech_commands_pcm8_8khz,3,4.355240225791931,4
d64h1L1,65728,7424,speech_commands_pcm8_8khz,4,4.300230979919434,4
d64h1L1,65728,7680,aitdcc_a_protein,1,6.0054298639297485,4
d64h1L1,65728,7680,aitdcc_a_protein,2,5.654324849446614,4
d64h1L1,65728,7680,aitdcc_a_protein,3,5.54560911655426,4
d64h1L1,65728,7680,aitdcc_a_protein,4,5.49554967880249,4
d64h1L1,65728,7680,aitdcc_b_c_source,1,7.30725622177124,4
d64h1L1,65728,7680,aitdcc_b_c_source,2,6.796869993209839,4
d64h1L1,65728,7680,aitdcc_b_c_source,3,6.607022166252136,4
d64h1L1,65728,7680,aitdcc_b_c_source,4,6.503519058227539,4
d64h1L1,65728,7680,aitdcc_d_glibc_rand,1,8.49428653717041,4
d64h1L1,65728,7680,aitdcc_d_glibc_rand,2,8.269120375315348,4
d64h1L1,65728,7680,aitdcc_d_glibc_rand,3,8.191740274429321,4
d64h1L1,65728,7680,aitdcc_d_glibc_rand,4,8.152172088623047,4
d64h1L1,65728,7680,aitdcc_e_atlas_float32,1,7.961179733276367,4
d64h1L1,65728,7680,aitdcc_e_atlas_float32,2,7.5845840771993,4
d64h1L1,65728,7680,aitdcc_e_atlas_float32,3,7.449286460876465,4
d64h1L1,65728,7680,aitdcc_e_atlas_float32,4,7.3775553703308105,4
d64h1L1,65728,7680,aitdcc_g_astronomy,1,4.364575624465942,4
d64h1L1,65728,7680,aitdcc_g_astronomy,2,4.006548643112183,4
d64h1L1,65728,7680,aitdcc_g_astronomy,3,3.8710944652557373,4
d64h1L1,65728,7680,aitdcc_g_astronomy,4,3.803769111633301,4
d64h1L1,65728,7680,arithmetic,1,8.030114650726318,4
d64h1L1,65728,7680,arithmetic,2,7.737303177515666,4
d64h1L1,65728,7680,arithmetic,3,7.638764142990112,4
d64h1L1,65728,7680,arithmetic,4,7.589266300201416,4
d64h1L1,65728,7680,audio_16bit,1,8.246281862258911,4
d64h1L1,65728,7680,audio_16bit,2,7.847131888071696,4
d64h1L1,65728,7680,audio_16bit,3,7.707582712173462,4
d64h1L1,65728,7680,audio_16bit,4,7.636368751525879,4
d64h1L1,65728,7680,audio_8bit,1,6.828234910964966,4
d64h1L1,65728,7680,audio_8bit,2,6.489344437917073,4
d64h1L1,65728,7680,audio_8bit,3,6.373602271080017,4
d64h1L1,65728,7680,audio_8bit,4,6.3148512840271,4
d64h1L1,65728,7680,cifar10_rgb_hwc,1,8.416964769363403,4
d64h1L1,65728,7680,cifar10_rgb_hwc,2,8.057924429575602,4
d64h1L1,65728,7680,cifar10_rgb_hwc,3,7.935078740119934,4
d64h1L1,65728,7680,cifar10_rgb_hwc,4,7.8724799156188965,4
d64h1L1,65728,7680,cifar10_rgb_planar,1,8.400871753692627,4
d64h1L1,65728,7680,cifar10_rgb_planar,2,8.041134516398111,4
d64h1L1,65728,7680,cifar10_rgb_planar,3,7.917681574821472,4
d64h1L1,65728,7680,cifar10_rgb_planar,4,7.854721546173096,4
d64h1L1,65728,7680,dclm,1,6.510755658149719,4
d64h1L1,65728,7680,dclm,2,6.041209141413371,4
d64h1L1,65728,7680,dclm,3,5.86193573474884,4
d64h1L1,65728,7680,dclm,4,5.770148277282715,4
d64h1L1,65728,7680,dclm_ranked,1,7.646416664123535,4
d64h1L1,65728,7680,dclm_ranked,2,7.186793406804402,4
d64h1L1,65728,7680,dclm_ranked,3,7.016279697418213,4
d64h1L1,65728,7680,dclm_ranked,4,6.9183783531188965,4
d64h1L1,65728,7680,dna,1,4.931602954864502,4
d64h1L1,65728,7680,dna,2,4.716438452402751,4
d64h1L1,65728,7680,dna,3,4.640386462211609,4
d64h1L1,65728,7680,dna,4,4.600496768951416,4
d64h1L1,65728,7680,esc50_pcm8,1,4.577305555343628,4
d64h1L1,65728,7680,esc50_pcm8,2,4.3216978708903,4
d64h1L1,65728,7680,esc50_pcm8,3,4.236592411994934,4
d64h1L1,65728,7680,esc50_pcm8,4,4.193025588989258,4
d64h1L1,65728,7680,esc50_pcm8_11khz,1,4.870579719543457,4
d64h1L1,65728,7680,esc50_pcm8_11khz,2,4.581378936767578,4
d64h1L1,65728,7680,esc50_pcm8_11khz,3,4.482762098312378,4
d64h1L1,65728,7680,esc50_pcm8_11khz,4,4.431832313537598,4
d64h1L1,65728,7680,kolmogorov_dna,1,4.282676935195923,4
d64h1L1,65728,7680,kolmogorov_dna,2,4.044264435768127,4
d64h1L1,65728,7680,kolmogorov_dna,3,3.9572527408599854,4
d64h1L1,65728,7680,kolmogorov_dna,4,3.9123895168304443,4
d64h1L1,65728,7680,kolmogorov_text,1,6.786907076835632,4
d64h1L1,65728,7680,kolmogorov_text,2,6.2918468316396075,4
d64h1L1,65728,7680,kolmogorov_text,3,6.105153799057007,4
d64h1L1,65728,7680,kolmogorov_text,4,6.00900411605835,4
d64h1L1,65728,7680,llm_compression_arxiv_math,1,6.985965967178345,4
d64h1L1,65728,7680,llm_compression_arxiv_math,2,6.503033399581909,4
d64h1L1,65728,7680,llm_compression_arxiv_math,3,6.323283076286316,4
d64h1L1,65728,7680,llm_compression_arxiv_math,4,6.2261481285095215,4
d64h1L1,65728,7680,llm_compression_cc,1,6.495286464691162,4
d64h1L1,65728,7680,llm_compression_cc,2,6.02148699760437,4
d64h1L1,65728,7680,llm_compression_cc,3,5.845533132553101,4
d64h1L1,65728,7680,llm_compression_cc,4,5.756612777709961,4
d64h1L1,65728,7680,llm_compression_python,1,6.463008284568787,4
d64h1L1,65728,7680,llm_compression_python,2,6.00936754544576,4
d64h1L1,65728,7680,llm_compression_python,3,5.837886691093445,4
d64h1L1,65728,7680,llm_compression_python,4,5.74312686920166,4
d64h1L1,65728,7680,metamath,1,7.041008234024048,4
d64h1L1,65728,7680,metamath,2,6.5294844309488935,4
d64h1L1,65728,7680,metamath,3,6.364790201187134,4
d64h1L1,65728,7680,metamath,4,6.282892227172852,4
d64h1L1,65728,7680,musicnet_pcm8,1,6.286936402320862,4
d64h1L1,65728,7680,musicnet_pcm8,2,5.908853848775228,4
d64h1L1,65728,7680,musicnet_pcm8,3,5.7830541133880615,4
d64h1L1,65728,7680,musicnet_pcm8,4,5.718789577484131,4
d64h1L1,65728,7680,musicnet_pcm8_11khz,1,5.8707932233810425,4
d64h1L1,65728,7680,musicnet_pcm8_11khz,2,5.488359689712524,4
d64h1L1,65728,7680,musicnet_pcm8_11khz,3,5.359937071800232,4
d64h1L1,65728,7680,musicnet_pcm8_11khz,4,5.293295860290527,4
d64h1L1,65728,7680,mutopia_melody_16th,1,4.410374164581299,4
d64h1L1,65728,7680,mutopia_melody_16th,2,4.119984149932861,4
d64h1L1,65728,7680,mutopia_melody_16th,3,4.014025807380676,4
d64h1L1,65728,7680,mutopia_melody_16th,4,3.9602253437042236,4
d64h1L1,65728,7680,speech_commands_pcm8,1,4.51217794418335,4
d64h1L1,65728,7680,speech_commands_pcm8,2,4.2512476444244385,4
d64h1L1,65728,7680,speech_commands_pcm8,3,4.159860253334045,4
d64h1L1,65728,7680,speech_commands_pcm8,4,4.112479209899902,4
d64h1L1,65728,7680,speech_commands_pcm8_8khz,1,4.75396454334259,4
d64h1L1,65728,7680,speech_commands_pcm8_8khz,2,4.453411261240642,4
d64h1L1,65728,7680,speech_commands_pcm8_8khz,3,4.338063716888428,4
d64h1L1,65728,7680,speech_commands_pcm8_8khz,4,4.276189804077148,4
d64h1L1,65728,7936,aitdcc_a_protein,1,5.9266357421875,4
d64h1L1,65728,7936,aitdcc_a_protein,2,5.52088983853658,4
d64h1L1,65728,7936,aitdcc_a_protein,3,5.391352295875549,4
d64h1L1,65728,7936,aitdcc_a_protein,4,5.328149795532227,4
d64h1L1,65728,7936,aitdcc_b_c_source,1,7.304328083992004,4
d64h1L1,65728,7936,aitdcc_b_c_source,2,6.763399600982666,4
d64h1L1,65728,7936,aitdcc_b_c_source,3,6.578341484069824,4
d64h1L1,65728,7936,aitdcc_b_c_source,4,6.478157997131348,4
d64h1L1,65728,7936,aitdcc_d_glibc_rand,1,8.468918323516846,4
d64h1L1,65728,7936,aitdcc_d_glibc_rand,2,8.254423141479492,4
d64h1L1,65728,7936,aitdcc_d_glibc_rand,3,8.180546998977661,4
d64h1L1,65728,7936,aitdcc_d_glibc_rand,4,8.1427001953125,4
d64h1L1,65728,7936,aitdcc_e_atlas_float32,1,7.9299949407577515,4
d64h1L1,65728,7936,aitdcc_e_atlas_float32,2,7.57828164100647,4
d64h1L1,65728,7936,aitdcc_e_atlas_float32,3,7.458370685577393,4
d64h1L1,65728,7936,aitdcc_e_atlas_float32,4,7.3969244956970215,4
d64h1L1,65728,7936,aitdcc_g_astronomy,1,4.347598552703857,4
d64h1L1,65728,7936,aitdcc_g_astronomy,2,4.015439033508301,4
d64h1L1,65728,7936,aitdcc_g_astronomy,3,3.9001103043556213,4
d64h1L1,65728,7936,aitdcc_g_astronomy,4,3.8416810035705566,4
d64h1L1,65728,7936,arithmetic,1,8.011239409446716,4
d64h1L1,65728,7936,arithmetic,2,7.7287821769714355,4
d64h1L1,65728,7936,arithmetic,3,7.6353440284729,4
d64h1L1,65728,7936,arithmetic,4,7.588482856750488,4
d64h1L1,65728,7936,audio_16bit,1,8.280006170272827,4
d64h1L1,65728,7936,audio_16bit,2,7.878001610438029,4
d64h1L1,65728,7936,audio_16bit,3,7.7343069314956665,4
d64h1L1,65728,7936,audio_16bit,4,7.659746170043945,4
d64h1L1,65728,7936,audio_8bit,1,6.793364524841309,4
d64h1L1,65728,7936,audio_8bit,2,6.476407051086426,4
d64h1L1,65728,7936,audio_8bit,3,6.371655225753784,4
d64h1L1,65728,7936,audio_8bit,4,6.319042205810547,4
d64h1L1,65728,7936,cifar10_rgb_hwc,1,8.388082027435303,4
d64h1L1,65728,7936,cifar10_rgb_hwc,2,8.041997591654459,4
d64h1L1,65728,7936,cifar10_rgb_hwc,3,7.924569606781006,4
d64h1L1,65728,7936,cifar10_rgb_hwc,4,7.864626407623291,4
d64h1L1,65728,7936,cifar10_rgb_planar,1,8.37694239616394,4
d64h1L1,65728,7936,cifar10_rgb_planar,2,8.029842376708984,4
d64h1L1,65728,7936,cifar10_rgb_planar,3,7.911474704742432,4
d64h1L1,65728,7936,cifar10_rgb_planar,4,7.8510541915893555,4
d64h1L1,65728,7936,dclm,1,6.5590925216674805,4
d64h1L1,65728,7936,dclm,2,6.064555883407593,4
d64h1L1,65728,7936,dclm,3,5.88575291633606,4
d64h1L1,65728,7936,dclm,4,5.7896246910095215,4
d64h1L1,65728,7936,dclm_ranked,1,7.693040609359741,4
d64h1L1,65728,7936,dclm_ranked,2,7.2228160699208575,4
d64h1L1,65728,7936,dclm_ranked,3,7.064154386520386,4
d64h1L1,65728,7936,dclm_ranked,4,6.983142852783203,4
d64h1L1,65728,7936,dna,1,4.880707502365112,4
d64h1L1,65728,7936,dna,2,4.696077744166057,4
d64h1L1,65728,7936,dna,3,4.6245176792144775,4
d64h1L1,65728,7936,dna,4,4.58897590637207,4
d64h1L1,65728,7936,esc50_pcm8,1,4.5844502449035645,4
d64h1L1,65728,7936,esc50_pcm8,2,4.314527591069539,4
d64h1L1,65728,7936,esc50_pcm8,3,4.223171949386597,4
d64h1L1,65728,7936,esc50_pcm8,4,4.177132606506348,4
d64h1L1,65728,7936,esc50_pcm8_11khz,1,4.8664774894714355,4
d64h1L1,65728,7936,esc50_pcm8_11khz,2,4.557943185170491,4
d64h1L1,65728,7936,esc50_pcm8_11khz,3,4.453428268432617,4
d64h1L1,65728,7936,esc50_pcm8_11khz,4,4.401320934295654,4
d64h1L1,65728,7936,kolmogorov_dna,1,4.221302390098572,4
d64h1L1,65728,7936,kolmogorov_dna,2,4.006754040718079,4
d64h1L1,65728,7936,kolmogorov_dna,3,3.9273523092269897,4
d64h1L1,65728,7936,kolmogorov_dna,4,3.8837203979492188,4
d64h1L1,65728,7936,kolmogorov_text,1,6.83793318271637,4
d64h1L1,65728,7936,kolmogorov_text,2,6.333015203475952,4
d64h1L1,65728,7936,kolmogorov_text,3,6.1567394733428955,4
d64h1L1,65728,7936,kolmogorov_text,4,6.062827110290527,4
d64h1L1,65728,7936,llm_compression_arxiv_math,1,6.990670323371887,4
d64h1L1,65728,7936,llm_compression_arxiv_math,2,6.467700004577637,4
d64h1L1,65728,7936,llm_compression_arxiv_math,3,6.294580459594727,4
d64h1L1,65728,7936,llm_compression_arxiv_math,4,6.20271110534668,4
d64h1L1,65728,7936,llm_compression_cc,1,6.546724796295166,4
d64h1L1,65728,7936,llm_compression_cc,2,6.052966674168904,4
d64h1L1,65728,7936,llm_compression_cc,3,5.876053810119629,4
d64h1L1,65728,7936,llm_compression_cc,4,5.78173828125,4
d64h1L1,65728,7936,llm_compression_python,1,6.463724136352539,4
d64h1L1,65728,7936,llm_compression_python,2,5.994241555531819,4
d64h1L1,65728,7936,llm_compression_python,3,5.838083505630493,4
d64h1L1,65728,7936,llm_compression_python,4,5.757018089294434,4
d64h1L1,65728,7936,metamath,1,7.11216676235199,4
d64h1L1,65728,7936,metamath,2,6.57209054629008,4
d64h1L1,65728,7936,metamath,3,6.386562466621399,4
d64h1L1,65728,7936,metamath,4,6.293246269226074,4
d64h1L1,65728,7936,musicnet_pcm8,1,6.281316876411438,4
d64h1L1,65728,7936,musicnet_pcm8,2,5.895749092102051,4
d64h1L1,65728,7936,musicnet_pcm8,3,5.766003727912903,4
d64h1L1,65728,7936,musicnet_pcm8,4,5.699685573577881,4
d64h1L1,65728,7936,musicnet_pcm8_11khz,1,5.852850437164307,4
d64h1L1,65728,7936,musicnet_pcm8_11khz,2,5.449444532394409,4
d64h1L1,65728,7936,musicnet_pcm8_11khz,3,5.314789414405823,4
d64h1L1,65728,7936,musicnet_pcm8_11khz,4,5.2468953132629395,4
d64h1L1,65728,7936,mutopia_melody_16th,1,4.453177809715271,4
d64h1L1,65728,7936,mutopia_melody_16th,2,4.146652936935425,4
d64h1L1,65728,7936,mutopia_melody_16th,3,4.038344383239746,4
d64h1L1,65728,7936,mutopia_melody_16th,4,3.9810214042663574,4
d64h1L1,65728,7936,speech_commands_pcm8,1,4.548268795013428,4
d64h1L1,65728,7936,speech_commands_pcm8,2,4.259933789571126,4
d64h1L1,65728,7936,speech_commands_pcm8,3,4.161760091781616,4
d64h1L1,65728,7936,speech_commands_pcm8,4,4.113118648529053,4
d64h1L1,65728,7936,speech_commands_pcm8_8khz,1,4.803717017173767,4
d64h1L1,65728,7936,speech_commands_pcm8_8khz,2,4.475093126296997,4
d64h1L1,65728,7936,speech_commands_pcm8_8khz,3,4.361727237701416,4
d64h1L1,65728,7936,speech_commands_pcm8_8khz,4,4.306376934051514,4
d64h1L1,65728,8191,aitdcc_a_protein,1,6.029988527297974,4
d64h1L1,65728,8191,aitdcc_a_protein,2,5.647522211074829,4
d64h1L1,65728,8191,aitdcc_a_protein,3,5.524192452430725,4
d64h1L1,65728,8191,aitdcc_a_protein,4,5.4576311111450195,4
d64h1L1,65728,8191,aitdcc_b_c_source,1,7.290935516357422,4
d64h1L1,65728,8191,aitdcc_b_c_source,2,6.804191430409749,4
d64h1L1,65728,8191,aitdcc_b_c_source,3,6.612899541854858,4
d64h1L1,65728,8191,aitdcc_b_c_source,4,6.506565093994141,4
d64h1L1,65728,8191,aitdcc_d_glibc_rand,1,8.490352153778076,4
d64h1L1,65728,8191,aitdcc_d_glibc_rand,2,8.267702102661133,4
d64h1L1,65728,8191,aitdcc_d_glibc_rand,3,8.190492153167725,4
d64h1L1,65728,8191,aitdcc_d_glibc_rand,4,8.150847434997559,4
d64h1L1,65728,8191,aitdcc_e_atlas_float32,1,7.948751091957092,4
d64h1L1,65728,8191,aitdcc_e_atlas_float32,2,7.575658241907756,4
d64h1L1,65728,8191,aitdcc_e_atlas_float32,3,7.440996527671814,4
d64h1L1,65728,8191,aitdcc_e_atlas_float32,4,7.37011194229126,4
d64h1L1,65728,8191,aitdcc_g_astronomy,1,4.255124509334564,4
d64h1L1,65728,8191,aitdcc_g_astronomy,2,3.962437629699707,4
d64h1L1,65728,8191,aitdcc_g_astronomy,3,3.861639440059662,4
d64h1L1,65728,8191,aitdcc_g_astronomy,4,3.8112146854400635,4
d64h1L1,65728,8191,arithmetic,1,8.033994913101196,4
d64h1L1,65728,8191,arithmetic,2,7.737982749938965,4
d64h1L1,65728,8191,arithmetic,3,7.639186978340149,4
d64h1L1,65728,8191,arithmetic,4,7.589319705963135,4
d64h1L1,65728,8191,audio_16bit,1,8.211461544036865,4
d64h1L1,65728,8191,audio_16bit,2,7.819006522496541,4
d64h1L1,65728,8191,audio_16bit,3,7.682711124420166,4
d64h1L1,65728,8191,audio_16bit,4,7.6128010749816895,4
d64h1L1,65728,8191,audio_8bit,1,6.706989407539368,4
d64h1L1,65728,8191,audio_8bit,2,6.391169309616089,4
d64h1L1,65728,8191,audio_8bit,3,6.282375335693359,4
d64h1L1,65728,8191,audio_8bit,4,6.226419448852539,4
d64h1L1,65728,8191,cifar10_rgb_hwc,1,8.428638458251953,4
d64h1L1,65728,8191,cifar10_rgb_hwc,2,8.06334400177002,4
d64h1L1,65728,8191,cifar10_rgb_hwc,3,7.938235878944397,4
d64h1L1,65728,8191,cifar10_rgb_hwc,4,7.874312877655029,4
d64h1L1,65728,8191,cifar10_rgb_planar,1,8.416733026504517,4
d64h1L1,65728,8191,cifar10_rgb_planar,2,8.04989496866862,4
d64h1L1,65728,8191,cifar10_rgb_planar,3,7.923553705215454,4
d64h1L1,65728,8191,cifar10_rgb_planar,4,7.858944416046143,4
d64h1L1,65728,8191,dclm,1,6.492509603500366,4
d64h1L1,65728,8191,dclm,2,6.054364522298177,4
d64h1L1,65728,8191,dclm,3,5.893085718154907,4
d64h1L1,65728,8191,dclm,4,5.807974338531494,4
d64h1L1,65728,8191,dclm_ranked,1,7.577712297439575,4
d64h1L1,65728,8191,dclm_ranked,2,7.156692345937093,4
d64h1L1,65728,8191,dclm_ranked,3,7.016286373138428,4
d64h1L1,65728,8191,dclm_ranked,4,6.946369647979736,4
d64h1L1,65728,8191,dna,1,4.927221894264221,4
d64h1L1,65728,8191,dna,2,4.749821901321411,4
d64h1L1,65728,8191,dna,3,4.694095134735107,4
d64h1L1,65728,8191,dna,4,4.66743803024292,4
d64h1L1,65728,8191,esc50_pcm8,1,4.5364731550216675,4
d64h1L1,65728,8191,esc50_pcm8,2,4.255899985631307,4
d64h1L1,65728,8191,esc50_pcm8,3,4.158263683319092,4
d64h1L1,65728,8191,esc50_pcm8,4,4.109183311462402,4
d64h1L1,65728,8191,esc50_pcm8_11khz,1,4.844733238220215,4
d64h1L1,65728,8191,esc50_pcm8_11khz,2,4.521246671676636,4
d64h1L1,65728,8191,esc50_pcm8_11khz,3,4.4076502323150635,4
d64h1L1,65728,8191,esc50_pcm8_11khz,4,4.35029411315918,4
d64h1L1,65728,8191,kolmogorov_dna,1,4.277141809463501,4
d64h1L1,65728,8191,kolmogorov_dna,2,4.086694240570068,4
d64h1L1,65728,8191,kolmogorov_dna,3,4.022822797298431,4
d64h1L1,65728,8191,kolmogorov_dna,4,3.993654251098633,4
d64h1L1,65728,8191,kolmogorov_text,1,6.780740857124329,4
d64h1L1,65728,8191,kolmogorov_text,2,6.3040986855824785,4
d64h1L1,65728,8191,kolmogorov_text,3,6.124242186546326,4
d64h1L1,65728,8191,kolmogorov_text,4,6.0311689376831055,4
d64h1L1,65728,8191,llm_compression_arxiv_math,1,6.955641150474548,4
d64h1L1,65728,8191,llm_compression_arxiv_math,2,6.483204046885173,4
d64h1L1,65728,8191,llm_compression_arxiv_math,3,6.311497449874878,4
d64h1L1,65728,8191,llm_compression_arxiv_math,4,6.222843647003174,4
d64h1L1,65728,8191,llm_compression_cc,1,6.486434817314148,4
d64h1L1,65728,8191,llm_compression_cc,2,6.0418306191762285,4
d64h1L1,65728,8191,llm_compression_cc,3,5.877366900444031,4
d64h1L1,65728,8191,llm_compression_cc,4,5.789770603179932,4
d64h1L1,65728,8191,llm_compression_python,1,6.407354831695557,4
d64h1L1,65728,8191,llm_compression_python,2,5.998310327529907,4
d64h1L1,65728,8191,llm_compression_python,3,5.851246118545532,4
d64h1L1,65728,8191,llm_compression_python,4,5.77467679977417,4
d64h1L1,65728,8191,metamath,1,7.096382737159729,4
d64h1L1,65728,8191,metamath,2,6.53859814008077,4
d64h1L1,65728,8191,metamath,3,6.3447606563568115,4
d64h1L1,65728,8191,metamath,4,6.251293659210205,4
d64h1L1,65728,8191,musicnet_pcm8,1,6.288702964782715,4
d64h1L1,65728,8191,musicnet_pcm8,2,5.873302300771077,4
d64h1L1,65728,8191,musicnet_pcm8,3,5.7324182987213135,4
d64h1L1,65728,8191,musicnet_pcm8,4,5.663057804107666,4
d64h1L1,65728,8191,musicnet_pcm8_11khz,1,5.844042658805847,4
d64h1L1,65728,8191,musicnet_pcm8_11khz,2,5.4123687744140625,4
d64h1L1,65728,8191,musicnet_pcm8_11khz,3,5.2645583152771,4
d64h1L1,65728,8191,musicnet_pcm8_11khz,4,5.19094181060791,4
d64h1L1,65728,8191,mutopia_melody_16th,1,4.419738054275513,4
d64h1L1,65728,8191,mutopia_melody_16th,2,4.104183276494344,4
d64h1L1,65728,8191,mutopia_melody_16th,3,3.9964653849601746,4
d64h1L1,65728,8191,mutopia_melody_16th,4,3.940202236175537,4
d64h1L1,65728,8191,speech_commands_pcm8,1,4.434644937515259,4
d64h1L1,65728,8191,speech_commands_pcm8,2,4.146101474761963,4
d64h1L1,65728,8191,speech_commands_pcm8,3,4.043732166290283,4
d64h1L1,65728,8191,speech_commands_pcm8,4,3.9928269386291504,4
d64h1L1,65728,8191,speech_commands_pcm8_8khz,1,4.663282871246338,4
d64h1L1,65728,8191,speech_commands_pcm8_8khz,2,4.339301506678264,4
d64h1L1,65728,8191,speech_commands_pcm8_8khz,3,4.219250917434692,4
d64h1L1,65728,8191,speech_commands_pcm8_8khz,4,4.158313274383545,4
