rung,N,round,corpus,K,bpb,n_seeds
d128h2L2,492160,0,dclm,1,8.493391036987305,4
d128h2L2,492160,0,dclm,2,8.136883894602457,4
d128h2L2,492160,0,dclm,3,7.992176055908203,4
d128h2L2,492160,0,dclm,4,7.9221391677856445,4
d128h2L2,492160,0,dclm_ranked,1,8.492133140563965,4
d128h2L2,492160,0,dclm_ranked,2,8.223120848337809,4
d128h2L2,492160,0,dclm_ranked,3,8.106671929359436,4
d128h2L2,492160,0,dclm_ranked,4,8.03962230682373,4
d128h2L2,492160,0,dna,1,8.384897947311401,4
d128h2L2,492160,0,dna,2,8.069729407628378,4
d128h2L2,492160,0,dna,3,7.949520111083984,4
d128h2L2,492160,0,dna,4,7.884871482849121,4
d128h2L2,492160,0,arithmetic,1,8.684186458587646,4
d128h2L2,492160,0,arithmetic,2,8.397863864898682,4
d128h2L2,492160,0,arithmetic,3,8.285577774047852,4
d128h2L2,492160,0,arithmetic,4,8.223760604858398,4
d128h2L2,492160,0,audio_8bit,1,8.544521570205688,4
d128h2L2,492160,0,audio_8bit,2,8.187689463297525,4
d128h2L2,492160,0,audio_8bit,3,8.048091530799866,4
d128h2L2,492160,0,audio_8bit,4,7.986184120178223,4
d128h2L2,492160,0,audio_16bit,1,8.61818814277649,4
d128h2L2,492160,0,audio_16bit,2,8.310802936553955,4
d128h2L2,492160,0,audio_16bit,3,8.19081425666809,4
d128h2L2,492160,0,audio_16bit,4,8.12797737121582,4
d128h2L2,492160,0,speech_commands_pcm8,1,8.671391248703003,4
d128h2L2,492160,0,speech_commands_pcm8,2,8.46670134862264,4
d128h2L2,492160,0,speech_commands_pcm8,3,8.393768072128296,4
d128h2L2,492160,0,speech_commands_pcm8,4,8.35595417022705,4
d128h2L2,492160,0,speech_commands_pcm8_8khz,1,8.690248727798462,4
d128h2L2,492160,0,speech_commands_pcm8_8khz,2,8.508444945017496,4
d128h2L2,492160,0,speech_commands_pcm8_8khz,3,8.443213939666748,4
d128h2L2,492160,0,speech_commands_pcm8_8khz,4,8.409460067749023,4
d128h2L2,492160,0,mutopia_melody_16th,1,8.951590299606323,4
d128h2L2,492160,0,mutopia_melody_16th,2,8.690768241882324,4
d128h2L2,492160,0,mutopia_melody_16th,3,8.600654602050781,4
d128h2L2,492160,0,mutopia_melody_16th,4,8.554341316223145,4
d128h2L2,492160,0,cifar10_rgb_planar,1,8.691896438598633,4
d128h2L2,492160,0,cifar10_rgb_planar,2,8.40180778503418,4
d128h2L2,492160,0,cifar10_rgb_planar,3,8.288277387619019,4
d128h2L2,492160,0,cifar10_rgb_planar,4,8.22624397277832,4
d128h2L2,492160,0,cifar10_rgb_hwc,1,8.696523666381836,4
d128h2L2,492160,0,cifar10_rgb_hwc,2,8.405579249064127,4
d128h2L2,492160,0,cifar10_rgb_hwc,3,8.291625022888184,4
d128h2L2,492160,0,cifar10_rgb_hwc,4,8.22934341430664,4
d128h2L2,492160,0,kolmogorov_text,1,8.540350675582886,4
d128h2L2,492160,0,kolmogorov_text,2,8.213011900583902,4
d128h2L2,492160,0,kolmogorov_text,3,8.083208560943604,4
d128h2L2,492160,0,kolmogorov_text,4,8.019461631774902,4
d128h2L2,492160,0,kolmogorov_dna,1,8.592756867408752,4
d128h2L2,492160,0,kolmogorov_dna,2,8.194692373275757,4
d128h2L2,492160,0,kolmogorov_dna,3,8.053903222084045,4
d128h2L2,492160,0,kolmogorov_dna,4,7.979605674743652,4
d128h2L2,492160,0,metamath,1,8.613765954971313,4
d128h2L2,492160,0,metamath,2,8.31381336847941,4
d128h2L2,492160,0,metamath,3,8.21019458770752,4
d128h2L2,492160,0,metamath,4,8.155402183532715,4
d128h2L2,492160,0,aitdcc_a_protein,1,8.914905548095703,4
d128h2L2,492160,0,aitdcc_a_protein,2,8.612011432647705,4
d128h2L2,492160,0,aitdcc_a_protein,3,8.48642873764038,4
d128h2L2,492160,0,aitdcc_a_protein,4,8.42602825164795,4
d128h2L2,492160,0,aitdcc_b_c_source,1,8.518948554992676,4
d128h2L2,492160,0,aitdcc_b_c_source,2,8.18324359258016,4
d128h2L2,492160,0,aitdcc_b_c_source,3,8.05549669265747,4
d128h2L2,492160,0,aitdcc_b_c_source,4,7.988217830657959,4
d128h2L2,492160,0,aitdcc_d_glibc_rand,1,8.671298027038574,4
d128h2L2,492160,0,aitdcc_d_glibc_rand,2,8.383369286855062,4
d128h2L2,492160,0,aitdcc_d_glibc_rand,3,8.270895719528198,4
d128h2L2,492160,0,aitdcc_d_glibc_rand,4,8.209356307983398,4
d128h2L2,492160,0,aitdcc_e_atlas_float32,1,8.69348931312561,4
d128h2L2,492160,0,aitdcc_e_atlas_float32,2,8.428824265797934,4
d128h2L2,492160,0,aitdcc_e_atlas_float32,3,8.32714295387268,4
d128h2L2,492160,0,aitdcc_e_atlas_float32,4,8.272212982177734,4
d128h2L2,492160,0,aitdcc_g_astronomy,1,8.266427397727966,4
d128h2L2,492160,0,aitdcc_g_astronomy,2,7.93265159924825,4
d128h2L2,492160,0,aitdcc_g_astronomy,3,7.802690863609314,4
d128h2L2,492160,0,aitdcc_g_astronomy,4,7.738643646240234,4
d128h2L2,492160,0,llm_compression_python,1,8.389487028121948,4
d128h2L2,492160,0,llm_compression_python,2,8.097824176152548,4
d128h2L2,492160,0,llm_compression_python,3,7.98652708530426,4
d128h2L2,492160,0,llm_compression_python,4,7.9275312423706055,4
d128h2L2,492160,0,llm_compression_cc,1,8.493554830551147,4
d128h2L2,492160,0,llm_compression_cc,2,8.143991072972616,4
d128h2L2,492160,0,llm_compression_cc,3,8.000483989715576,4
d128h2L2,492160,0,llm_compression_cc,4,7.931282043457031,4
d128h2L2,492160,0,llm_compression_arxiv_math,1,8.462032079696655,4
d128h2L2,492160,0,llm_compression_arxiv_math,2,8.142226139704386,4
d128h2L2,492160,0,llm_compression_arxiv_math,3,8.01870572566986,4
d128h2L2,492160,0,llm_compression_arxiv_math,4,7.957076072692871,4
d128h2L2,492160,0,esc50_pcm8,1,8.704605340957642,4
d128h2L2,492160,0,esc50_pcm8,2,8.470930099487305,4
d128h2L2,492160,0,esc50_pcm8,3,8.385890483856201,4
d128h2L2,492160,0,esc50_pcm8,4,8.340944290161133,4
d128h2L2,492160,0,esc50_pcm8_11khz,1,8.689265251159668,4
d128h2L2,492160,0,esc50_pcm8_11khz,2,8.457287311553955,4
d128h2L2,492160,0,esc50_pcm8_11khz,3,8.37356185913086,4
d128h2L2,492160,0,esc50_pcm8_11khz,4,8.329693794250488,4
d128h2L2,492160,0,musicnet_pcm8,1,8.566940069198608,4
d128h2L2,492160,0,musicnet_pcm8,2,8.277562936147055,4
d128h2L2,492160,0,musicnet_pcm8,3,8.170407056808472,4
d128h2L2,492160,0,musicnet_pcm8,4,8.113326072692871,4
d128h2L2,492160,0,musicnet_pcm8_11khz,1,8.601382493972778,4
d128h2L2,492160,0,musicnet_pcm8_11khz,2,8.338505268096924,4
d128h2L2,492160,0,musicnet_pcm8_11khz,3,8.242063999176025,4
d128h2L2,492160,0,musicnet_pcm8_11khz,4,8.190696716308594,4
d128h2L2,492160,256,dclm,1,7.896547198295593,4
d128h2L2,492160,256,dclm,2,7.690562566121419,4
d128h2L2,492160,256,dclm,3,7.576267242431641,4
d128h2L2,492160,256,dclm,4,7.497998237609863,4
d128h2L2,492160,256,dclm_ranked,1,6.222390413284302,4
d128h2L2,492160,256,dclm_ranked,2,5.923345883687337,4
d128h2L2,492160,256,dclm_ranked,3,5.816970705986023,4
d128h2L2,492160,256,dclm_ranked,4,5.762345314025879,4
d128h2L2,492160,256,dna,1,3.9739344120025635,4
d128h2L2,492160,256,dna,2,3.4450738430023193,4
d128h2L2,492160,256,dna,3,3.259320616722107,4
d128h2L2,492160,256,dna,4,3.169088840484619,4
d128h2L2,492160,256,arithmetic,1,8.219568014144897,4
d128h2L2,492160,256,arithmetic,2,8.121023654937744,4
d128h2L2,492160,256,arithmetic,3,8.078961372375488,4
d128h2L2,492160,256,arithmetic,4,8.054600715637207,4
d128h2L2,492160,256,audio_8bit,1,4.646623611450195,4
d128h2L2,492160,256,audio_8bit,2,4.378023783365886,4
d128h2L2,492160,256,audio_8bit,3,4.282702207565308,4
d128h2L2,492160,256,audio_8bit,4,4.230609893798828,4
d128h2L2,492160,256,audio_16bit,1,6.834392070770264,4
d128h2L2,492160,256,audio_16bit,2,6.685264507929484,4
d128h2L2,492160,256,audio_16bit,3,6.630780935287476,4
d128h2L2,492160,256,audio_16bit,4,6.602132797241211,4
d128h2L2,492160,256,speech_commands_pcm8,1,7.820096492767334,4
d128h2L2,492160,256,speech_commands_pcm8,2,7.657168706258138,4
d128h2L2,492160,256,speech_commands_pcm8,3,7.595862507820129,4
d128h2L2,492160,256,speech_commands_pcm8,4,7.5664896965026855,4
d128h2L2,492160,256,speech_commands_pcm8_8khz,1,7.7842607498168945,4
d128h2L2,492160,256,speech_commands_pcm8_8khz,2,7.604291836420695,4
d128h2L2,492160,256,speech_commands_pcm8_8khz,3,7.535299777984619,4
d128h2L2,492160,256,speech_commands_pcm8_8khz,4,7.501080513000488,4
d128h2L2,492160,256,mutopia_melody_16th,1,7.929601192474365,4
d128h2L2,492160,256,mutopia_melody_16th,2,7.814680417378743,4
d128h2L2,492160,256,mutopia_melody_16th,3,7.772159099578857,4
d128h2L2,492160,256,mutopia_melody_16th,4,7.750289440155029,4
d128h2L2,492160,256,cifar10_rgb_planar,1,8.15280532836914,4
d128h2L2,492160,256,cifar10_rgb_planar,2,8.049065430959066,4
d128h2L2,492160,256,cifar10_rgb_planar,3,8.004669547080994,4
d128h2L2,492160,256,cifar10_rgb_planar,4,7.978912353515625,4
d128h2L2,492160,256,cifar10_rgb_hwc,1,8.145736455917358,4
d128h2L2,492160,256,cifar10_rgb_hwc,2,8.04356606801351,4
d128h2L2,492160,256,cifar10_rgb_hwc,3,7.99981415271759,4
d128h2L2,492160,256,cifar10_rgb_hwc,4,7.974410533905029,4
d128h2L2,492160,256,kolmogorov_text,1,7.977877140045166,4
d128h2L2,492160,256,kolmogorov_text,2,7.786741177241008,4
d128h2L2,492160,256,kolmogorov_text,3,7.686294198036194,4
d128h2L2,492160,256,kolmogorov_text,4,7.619564533233643,4
d128h2L2,492160,256,kolmogorov_dna,1,4.233778357505798,4
d128h2L2,492160,256,kolmogorov_dna,2,3.6914330323537192,4
d128h2L2,492160,256,kolmogorov_dna,3,3.488067328929901,4
d128h2L2,492160,256,kolmogorov_dna,4,3.39143967628479,4
d128h2L2,492160,256,metamath,1,7.779126286506653,4
d128h2L2,492160,256,metamath,2,7.620170593261719,4
d128h2L2,492160,256,metamath,3,7.54883599281311,4
d128h2L2,492160,256,metamath,4,7.507115840911865,4
d128h2L2,492160,256,aitdcc_a_protein,1,8.095895767211914,4
d128h2L2,492160,256,aitdcc_a_protein,2,7.994365294774373,4
d128h2L2,492160,256,aitdcc_a_protein,3,7.952073097229004,4
d128h2L2,492160,256,aitdcc_a_protein,4,7.928194999694824,4
d128h2L2,492160,256,aitdcc_b_c_source,1,8.127766847610474,4
d128h2L2,492160,256,aitdcc_b_c_source,2,7.982948064804077,4
d128h2L2,492160,256,aitdcc_b_c_source,3,7.911314964294434,4
d128h2L2,492160,256,aitdcc_b_c_source,4,7.865492820739746,4
d128h2L2,492160,256,aitdcc_d_glibc_rand,1,8.26181149482727,4
d128h2L2,492160,256,aitdcc_d_glibc_rand,2,8.174466609954834,4
d128h2L2,492160,256,aitdcc_d_glibc_rand,3,8.137918710708618,4
d128h2L2,492160,256,aitdcc_d_glibc_rand,4,8.117155075073242,4
d128h2L2,492160,256,aitdcc_e_atlas_float32,1,8.325174570083618,4
d128h2L2,492160,256,aitdcc_e_atlas_float32,2,8.236871242523193,4
d128h2L2,492160,256,aitdcc_e_atlas_float32,3,8.201116561889648,4
d128h2L2,492160,256,aitdcc_e_atlas_float32,4,8.181114196777344,4
d128h2L2,492160,256,aitdcc_g_astronomy,1,6.1706238985061646,4
d128h2L2,492160,256,aitdcc_g_astronomy,2,5.778928279876709,4
d128h2L2,492160,256,aitdcc_g_astronomy,3,5.6440558433532715,4
d128h2L2,492160,256,aitdcc_g_astronomy,4,5.570493698120117,4
d128h2L2,492160,256,llm_compression_python,1,7.43752121925354,4
d128h2L2,492160,256,llm_compression_python,2,7.242830912272136,4
d128h2L2,492160,256,llm_compression_python,3,7.155727982521057,4
d128h2L2,492160,256,llm_compression_python,4,7.102457046508789,4
d128h2L2,492160,256,llm_compression_cc,1,7.9190380573272705,4
d128h2L2,492160,256,llm_compression_cc,2,7.712368806203206,4
d128h2L2,492160,256,llm_compression_cc,3,7.597042679786682,4
d128h2L2,492160,256,llm_compression_cc,4,7.517712593078613,4
d128h2L2,492160,256,llm_compression_arxiv_math,1,8.009888052940369,4
d128h2L2,492160,256,llm_compression_arxiv_math,2,7.855189800262451,4
d128h2L2,492160,256,llm_compression_arxiv_math,3,7.781262278556824,4
d128h2L2,492160,256,llm_compression_arxiv_math,4,7.735857963562012,4
d128h2L2,492160,256,esc50_pcm8,1,7.87404191493988,4
d128h2L2,492160,256,esc50_pcm8,2,7.7143534024556475,4
d128h2L2,492160,256,esc50_pcm8,3,7.654203176498413,4
d128h2L2,492160,256,esc50_pcm8,4,7.625157833099365,4
d128h2L2,492160,256,esc50_pcm8_11khz,1,7.900867938995361,4
d128h2L2,492160,256,esc50_pcm8_11khz,2,7.749668598175049,4
d128h2L2,492160,256,esc50_pcm8_11khz,3,7.692666053771973,4
d128h2L2,492160,256,esc50_pcm8_11khz,4,7.665097713470459,4
d128h2L2,492160,256,musicnet_pcm8,1,8.11904788017273,4
d128h2L2,492160,256,musicnet_pcm8,2,7.998269716898601,4
d128h2L2,492160,256,musicnet_pcm8,3,7.948396325111389,4
d128h2L2,492160,256,musicnet_pcm8,4,7.923248767852783,4
d128h2L2,492160,256,musicnet_pcm8_11khz,1,8.02609646320343,4
d128h2L2,492160,256,musicnet_pcm8_11khz,2,7.89413046836853,4
d128h2L2,492160,256,musicnet_pcm8_11khz,3,7.84192156791687,4
d128h2L2,492160,256,musicnet_pcm8_11khz,4,7.816360950469971,4
d128h2L2,492160,512,dclm,1,7.83861231803894,4
d128h2L2,492160,512,dclm,2,7.67610224088033,4
d128h2L2,492160,512,dclm,3,7.613786697387695,4
d128h2L2,492160,512,dclm,4,7.577823162078857,4
d128h2L2,492160,512,dclm_ranked,1,6.045110583305359,4
d128h2L2,492160,512,dclm_ranked,2,5.737387418746948,4
d128h2L2,492160,512,dclm_ranked,3,5.633343935012817,4
d128h2L2,492160,512,dclm_ranked,4,5.57993745803833,4
d128h2L2,492160,512,dna,1,3.7420842051506042,4
d128h2L2,492160,512,dna,2,3.2769612868626914,4
d128h2L2,492160,512,dna,3,3.1281358003616333,4
d128h2L2,492160,512,dna,4,3.056551694869995,4
d128h2L2,492160,512,arithmetic,1,8.122157335281372,4
d128h2L2,492160,512,arithmetic,2,8.042518297831217,4
d128h2L2,492160,512,arithmetic,3,8.008720874786377,4
d128h2L2,492160,512,arithmetic,4,7.9891862869262695,4
d128h2L2,492160,512,audio_8bit,1,4.756190299987793,4
d128h2L2,492160,512,audio_8bit,2,4.453301350275676,4
d128h2L2,492160,512,audio_8bit,3,4.3404237031936646,4
d128h2L2,492160,512,audio_8bit,4,4.280869483947754,4
d128h2L2,492160,512,audio_16bit,1,6.6351447105407715,4
d128h2L2,492160,512,audio_16bit,2,6.438122431437175,4
d128h2L2,492160,512,audio_16bit,3,6.371845364570618,4
d128h2L2,492160,512,audio_16bit,4,6.338187217712402,4
d128h2L2,492160,512,speech_commands_pcm8,1,7.57650089263916,4
d128h2L2,492160,512,speech_commands_pcm8,2,7.25629448890686,4
d128h2L2,492160,512,speech_commands_pcm8,3,7.107547760009766,4
d128h2L2,492160,512,speech_commands_pcm8,4,7.031825542449951,4
d128h2L2,492160,512,speech_commands_pcm8_8khz,1,7.548890590667725,4
d128h2L2,492160,512,speech_commands_pcm8_8khz,2,7.179641564687093,4
d128h2L2,492160,512,speech_commands_pcm8_8khz,3,7.007013440132141,4
d128h2L2,492160,512,speech_commands_pcm8_8khz,4,6.918204307556152,4
d128h2L2,492160,512,mutopia_melody_16th,1,7.6344382762908936,4
d128h2L2,492160,512,mutopia_melody_16th,2,7.400279521942139,4
d128h2L2,492160,512,mutopia_melody_16th,3,7.3053494691848755,4
d128h2L2,492160,512,mutopia_melody_16th,4,7.2502617835998535,4
d128h2L2,492160,512,cifar10_rgb_planar,1,8.045417785644531,4
d128h2L2,492160,512,cifar10_rgb_planar,2,7.964535474777222,4
d128h2L2,492160,512,cifar10_rgb_planar,3,7.93098509311676,4
d128h2L2,492160,512,cifar10_rgb_planar,4,7.911766052246094,4
d128h2L2,492160,512,cifar10_rgb_hwc,1,8.034664630889893,4
d128h2L2,492160,512,cifar10_rgb_hwc,2,7.956039667129517,4
d128h2L2,492160,512,cifar10_rgb_hwc,3,7.923229932785034,4
d128h2L2,492160,512,cifar10_rgb_hwc,4,7.904467582702637,4
d128h2L2,492160,512,kolmogorov_text,1,7.929028034210205,4
d128h2L2,492160,512,kolmogorov_text,2,7.794140736262004,4
d128h2L2,492160,512,kolmogorov_text,3,7.7412519454956055,4
d128h2L2,492160,512,kolmogorov_text,4,7.710477352142334,4
d128h2L2,492160,512,kolmogorov_dna,1,3.829057455062866,4
d128h2L2,492160,512,kolmogorov_dna,2,3.3736803929011026,4
d128h2L2,492160,512,kolmogorov_dna,3,3.2237356901168823,4
d128h2L2,492160,512,kolmogorov_dna,4,3.1469647884368896,4
d128h2L2,492160,512,metamath,1,7.663535118103027,4
d128h2L2,492160,512,metamath,2,7.444433132807414,4
d128h2L2,492160,512,metamath,3,7.3514275550842285,4
d128h2L2,492160,512,metamath,4,7.295087814331055,4
d128h2L2,492160,512,aitdcc_a_protein,1,7.974095940589905,4
d128h2L2,492160,512,aitdcc_a_protein,2,7.857949495315552,4
d128h2L2,492160,512,aitdcc_a_protein,3,7.80551815032959,4
d128h2L2,492160,512,aitdcc_a_protein,4,7.775115489959717,4
d128h2L2,492160,512,aitdcc_b_c_source,1,8.034183382987976,4
d128h2L2,492160,512,aitdcc_b_c_source,2,7.932158549626668,4
d128h2L2,492160,512,aitdcc_b_c_source,3,7.891150951385498,4
d128h2L2,492160,512,aitdcc_b_c_source,4,7.867726802825928,4
d128h2L2,492160,512,aitdcc_d_glibc_rand,1,8.181150674819946,4
d128h2L2,492160,512,aitdcc_d_glibc_rand,2,8.121013164520264,4
d128h2L2,492160,512,aitdcc_d_glibc_rand,3,8.09557294845581,4
d128h2L2,492160,512,aitdcc_d_glibc_rand,4,8.080923080444336,4
d128h2L2,492160,512,aitdcc_e_atlas_float32,1,8.152315378189087,4
d128h2L2,492160,512,aitdcc_e_atlas_float32,2,8.091861248016357,4
d128h2L2,492160,512,aitdcc_e_atlas_float32,3,8.06682300567627,4
d128h2L2,492160,512,aitdcc_e_atlas_float32,4,8.05262279510498,4
d128h2L2,492160,512,aitdcc_g_astronomy,1,5.412091970443726,4
d128h2L2,492160,512,aitdcc_g_astronomy,2,5.112146298090617,4
d128h2L2,492160,512,aitdcc_g_astronomy,3,5.034286141395569,4
d128h2L2,492160,512,aitdcc_g_astronomy,4,5.000577449798584,4
d128h2L2,492160,512,llm_compression_python,1,7.5545549392700195,4
d128h2L2,492160,512,llm_compression_python,2,7.258809487024943,4
d128h2L2,492160,512,llm_compression_python,3,7.117773652076721,4
d128h2L2,492160,512,llm_compression_python,4,7.023809432983398,4
d128h2L2,492160,512,llm_compression_cc,1,7.8411924839019775,4
d128h2L2,492160,512,llm_compression_cc,2,7.688366254170735,4
d128h2L2,492160,512,llm_compression_cc,3,7.630367755889893,4
d128h2L2,492160,512,llm_compression_cc,4,7.597238540649414,4
d128h2L2,492160,512,llm_compression_arxiv_math,1,7.84984278678894,4
d128h2L2,492160,512,llm_compression_arxiv_math,2,7.690585374832153,4
d128h2L2,492160,512,llm_compression_arxiv_math,3,7.624966025352478,4
d128h2L2,492160,512,llm_compression_arxiv_math,4,7.586438179016113,4
d128h2L2,492160,512,esc50_pcm8,1,7.5656715631484985,4
d128h2L2,492160,512,esc50_pcm8,2,7.292547067006429,4
d128h2L2,492160,512,esc50_pcm8,3,7.175894379615784,4
d128h2L2,492160,512,esc50_pcm8,4,7.118489742279053,4
d128h2L2,492160,512,esc50_pcm8_11khz,1,7.620923042297363,4
d128h2L2,492160,512,esc50_pcm8_11khz,2,7.362916787465413,4
d128h2L2,492160,512,esc50_pcm8_11khz,3,7.251805543899536,4
d128h2L2,492160,512,esc50_pcm8_11khz,4,7.196386337280273,4
d128h2L2,492160,512,musicnet_pcm8,1,7.963752031326294,4
d128h2L2,492160,512,musicnet_pcm8,2,7.865572532018025,4
d128h2L2,492160,512,musicnet_pcm8,3,7.823615312576294,4
d128h2L2,492160,512,musicnet_pcm8,4,7.799868583679199,4
d128h2L2,492160,512,musicnet_pcm8_11khz,1,7.827660918235779,4
d128h2L2,492160,512,musicnet_pcm8_11khz,2,7.6535422801971436,4
d128h2L2,492160,512,musicnet_pcm8_11khz,3,7.575599789619446,4
d128h2L2,492160,512,musicnet_pcm8_11khz,4,7.535681247711182,4
d128h2L2,492160,768,dclm,1,7.649228453636169,4
d128h2L2,492160,768,dclm,2,7.407614866892497,4
d128h2L2,492160,768,dclm,3,7.29074227809906,4
d128h2L2,492160,768,dclm,4,7.210744857788086,4
d128h2L2,492160,768,dclm_ranked,1,6.2073081731796265,4
d128h2L2,492160,768,dclm_ranked,2,5.833515564600627,4
d128h2L2,492160,768,dclm_ranked,3,5.6915799379348755,4
d128h2L2,492160,768,dclm_ranked,4,5.61290979385376,4
d128h2L2,492160,768,dna,1,3.9083575010299683,4
d128h2L2,492160,768,dna,2,3.2842749754587808,4
d128h2L2,492160,768,dna,3,3.056272506713867,4
d128h2L2,492160,768,dna,4,2.939175844192505,4
d128h2L2,492160,768,arithmetic,1,8.041259527206421,4
d128h2L2,492160,768,arithmetic,2,7.959997812906901,4
d128h2L2,492160,768,arithmetic,3,7.92425000667572,4
d128h2L2,492160,768,arithmetic,4,7.902696132659912,4
d128h2L2,492160,768,audio_8bit,1,4.732204556465149,4
d128h2L2,492160,768,audio_8bit,2,4.323856592178345,4
d128h2L2,492160,768,audio_8bit,3,4.168527364730835,4
d128h2L2,492160,768,audio_8bit,4,4.084489822387695,4
d128h2L2,492160,768,audio_16bit,1,6.532766342163086,4
d128h2L2,492160,768,audio_16bit,2,6.320631821950276,4
d128h2L2,492160,768,audio_16bit,3,6.242953181266785,4
d128h2L2,492160,768,audio_16bit,4,6.202922821044922,4
d128h2L2,492160,768,speech_commands_pcm8,1,6.73599112033844,4
d128h2L2,492160,768,speech_commands_pcm8,2,6.199128230412801,4
d128h2L2,492160,768,speech_commands_pcm8,3,5.887545228004456,4
d128h2L2,492160,768,speech_commands_pcm8,4,5.679782867431641,4
d128h2L2,492160,768,speech_commands_pcm8_8khz,1,6.617658376693726,4
d128h2L2,492160,768,speech_commands_pcm8_8khz,2,5.978695551554362,4
d128h2L2,492160,768,speech_commands_pcm8_8khz,3,5.612083077430725,4
d128h2L2,492160,768,speech_commands_pcm8_8khz,4,5.374554634094238,4
d128h2L2,492160,768,mutopia_melody_16th,1,7.01981782913208,4
d128h2L2,492160,768,mutopia_melody_16th,2,6.5746645132700605,4
d128h2L2,492160,768,mutopia_melody_16th,3,6.315276861190796,4
d128h2L2,492160,768,mutopia_melody_16th,4,6.127208232879639,4
d128h2L2,492160,768,cifar10_rgb_planar,1,7.968933343887329,4
d128h2L2,492160,768,cifar10_rgb_planar,2,7.887150049209595,4
d128h2L2,492160,768,cifar10_rgb_planar,3,7.853891611099243,4
d128h2L2,492160,768,cifar10_rgb_planar,4,7.835005283355713,4
d128h2L2,492160,768,cifar10_rgb_hwc,1,7.951232671737671,4
d128h2L2,492160,768,cifar10_rgb_hwc,2,7.870261987050374,4
d128h2L2,492160,768,cifar10_rgb_hwc,3,7.837356686592102,4
d128h2L2,492160,768,cifar10_rgb_hwc,4,7.818706035614014,4
d128h2L2,492160,768,kolmogorov_text,1,7.735636234283447,4
d128h2L2,492160,768,kolmogorov_text,2,7.54984974861145,4
d128h2L2,492160,768,kolmogorov_text,3,7.46457040309906,4
d128h2L2,492160,768,kolmogorov_text,4,7.408859729766846,4
d128h2L2,492160,768,kolmogorov_dna,1,3.808344542980194,4
d128h2L2,492160,768,kolmogorov_dna,2,3.195102334022522,4
d128h2L2,492160,768,kolmogorov_dna,3,2.966733753681183,4
d128h2L2,492160,768,kolmogorov_dna,4,2.842587947845459,4
d128h2L2,492160,768,metamath,1,7.594145655632019,4
d128h2L2,492160,768,metamath,2,7.334577480951945,4
d128h2L2,492160,768,metamath,3,7.226102352142334,4
d128h2L2,492160,768,metamath,4,7.160858631134033,4
d128h2L2,492160,768,aitdcc_a_protein,1,7.622960925102234,4
d128h2L2,492160,768,aitdcc_a_protein,2,7.4649326006571455,4
d128h2L2,492160,768,aitdcc_a_protein,3,7.387955665588379,4
d128h2L2,492160,768,aitdcc_a_protein,4,7.34200382232666,4
d128h2L2,492160,768,aitdcc_b_c_source,1,7.843329071998596,4
d128h2L2,492160,768,aitdcc_b_c_source,2,7.704069375991821,4
d128h2L2,492160,768,aitdcc_b_c_source,3,7.638096213340759,4
d128h2L2,492160,768,aitdcc_b_c_source,4,7.5957841873168945,4
d128h2L2,492160,768,aitdcc_d_glibc_rand,1,8.138796091079712,4
d128h2L2,492160,768,aitdcc_d_glibc_rand,2,8.086871147155762,4
d128h2L2,492160,768,aitdcc_d_glibc_rand,3,8.065962314605713,4
d128h2L2,492160,768,aitdcc_d_glibc_rand,4,8.054104804992676,4
d128h2L2,492160,768,aitdcc_e_atlas_float32,1,8.085135579109192,4
d128h2L2,492160,768,aitdcc_e_atlas_float32,2,8.001486221949259,4
d128h2L2,492160,768,aitdcc_e_atlas_float32,3,7.964322209358215,4
d128h2L2,492160,768,aitdcc_e_atlas_float32,4,7.942101001739502,4
d128h2L2,492160,768,aitdcc_g_astronomy,1,4.59721040725708,4
d128h2L2,492160,768,aitdcc_g_astronomy,2,4.489557504653931,4
d128h2L2,492160,768,aitdcc_g_astronomy,3,4.455642819404602,4
d128h2L2,492160,768,aitdcc_g_astronomy,4,4.437990188598633,4
d128h2L2,492160,768,llm_compression_python,1,7.355952143669128,4
d128h2L2,492160,768,llm_compression_python,2,7.020851771036784,4
d128h2L2,492160,768,llm_compression_python,3,6.884899854660034,4
d128h2L2,492160,768,llm_compression_python,4,6.800637245178223,4
d128h2L2,492160,768,llm_compression_cc,1,7.645987629890442,4
d128h2L2,492160,768,llm_compression_cc,2,7.418573538462321,4
d128h2L2,492160,768,llm_compression_cc,3,7.310426354408264,4
d128h2L2,492160,768,llm_compression_cc,4,7.237341403961182,4
d128h2L2,492160,768,llm_compression_arxiv_math,1,7.751270294189453,4
d128h2L2,492160,768,llm_compression_arxiv_math,2,7.592451016108195,4
d128h2L2,492160,768,llm_compression_arxiv_math,3,7.5223612785339355,4
d128h2L2,492160,768,llm_compression_arxiv_math,4,7.4784135818481445,4
d128h2L2,492160,768,esc50_pcm8,1,6.819989085197449,4
d128h2L2,492160,768,esc50_pcm8,2,6.413043896357219,4
d128h2L2,492160,768,esc50_pcm8,3,6.189507007598877,4
d128h2L2,492160,768,esc50_pcm8,4,6.0418548583984375,4
d128h2L2,492160,768,esc50_pcm8_11khz,1,6.955018758773804,4
d128h2L2,492160,768,esc50_pcm8_11khz,2,6.571423053741455,4
d128h2L2,492160,768,esc50_pcm8_11khz,3,6.3596214056015015,4
d128h2L2,492160,768,esc50_pcm8_11khz,4,6.220193386077881,4
d128h2L2,492160,768,musicnet_pcm8,1,7.845179915428162,4
d128h2L2,492160,768,musicnet_pcm8,2,7.746147473653157,4
d128h2L2,492160,768,musicnet_pcm8,3,7.69761049747467,4
d128h2L2,492160,768,musicnet_pcm8,4,7.66575288772583,4
d128h2L2,492160,768,musicnet_pcm8_11khz,1,7.501210451126099,4
d128h2L2,492160,768,musicnet_pcm8_11khz,2,7.275472640991211,4
d128h2L2,492160,768,musicnet_pcm8_11khz,3,7.150842905044556,4
d128h2L2,492160,768,musicnet_pcm8_11khz,4,7.066651344299316,4
d128h2L2,492160,1024,dclm,1,7.624907732009888,4
d128h2L2,492160,1024,dclm,2,7.427556753158569,4
d128h2L2,492160,1024,dclm,3,7.357702016830444,4
d128h2L2,492160,1024,dclm,4,7.3219218254089355,4
d128h2L2,492160,1024,dclm_ranked,1,6.3086525201797485,4
d128h2L2,492160,1024,dclm_ranked,2,5.973660707473755,4
d128h2L2,492160,1024,dclm_ranked,3,5.853708386421204,4
d128h2L2,492160,1024,dclm_ranked,4,5.791873931884766,4
d128h2L2,492160,1024,dna,1,3.8958503007888794,4
d128h2L2,492160,1024,dna,2,3.3093116680781045,4
d128h2L2,492160,1024,dna,3,3.099277973175049,4
d128h2L2,492160,1024,dna,4,2.9965643882751465,4
d128h2L2,492160,1024,arithmetic,1,8.012456059455872,4
d128h2L2,492160,1024,arithmetic,2,7.9512513478597,4
d128h2L2,492160,1024,arithmetic,3,7.928533554077148,4
d128h2L2,492160,1024,arithmetic,4,7.916264533996582,4
d128h2L2,492160,1024,audio_8bit,1,4.810805916786194,4
d128h2L2,492160,1024,audio_8bit,2,4.410037040710449,4
d128h2L2,492160,1024,audio_8bit,3,4.264114260673523,4
d128h2L2,492160,1024,audio_8bit,4,4.188798904418945,4
d128h2L2,492160,1024,audio_16bit,1,6.53580379486084,4
d128h2L2,492160,1024,audio_16bit,2,6.335703611373901,4
d128h2L2,492160,1024,audio_16bit,3,6.266551852226257,4
d128h2L2,492160,1024,audio_16bit,4,6.232519149780273,4
d128h2L2,492160,1024,speech_commands_pcm8,1,5.985810995101929,4
d128h2L2,492160,1024,speech_commands_pcm8,2,5.7507569789886475,4
d128h2L2,492160,1024,speech_commands_pcm8,3,5.66659951210022,4
d128h2L2,492160,1024,speech_commands_pcm8,4,5.6181464195251465,4
d128h2L2,492160,1024,speech_commands_pcm8_8khz,1,5.786906957626343,4
d128h2L2,492160,1024,speech_commands_pcm8_8khz,2,5.527169068654378,4
d128h2L2,492160,1024,speech_commands_pcm8_8khz,3,5.432095050811768,4
d128h2L2,492160,1024,speech_commands_pcm8_8khz,4,5.377906799316406,4
d128h2L2,492160,1024,mutopia_melody_16th,1,6.26114547252655,4
d128h2L2,492160,1024,mutopia_melody_16th,2,5.765053431193034,4
d128h2L2,492160,1024,mutopia_melody_16th,3,5.516919016838074,4
d128h2L2,492160,1024,mutopia_melody_16th,4,5.347754955291748,4
d128h2L2,492160,1024,cifar10_rgb_planar,1,7.943893074989319,4
d128h2L2,492160,1024,cifar10_rgb_planar,2,7.874208688735962,4
d128h2L2,492160,1024,cifar10_rgb_planar,3,7.847660660743713,4
d128h2L2,492160,1024,cifar10_rgb_planar,4,7.833387851715088,4
d128h2L2,492160,1024,cifar10_rgb_hwc,1,7.924784779548645,4
d128h2L2,492160,1024,cifar10_rgb_hwc,2,7.857922077178955,4
d128h2L2,492160,1024,cifar10_rgb_hwc,3,7.832184553146362,4
d128h2L2,492160,1024,cifar10_rgb_hwc,4,7.818239688873291,4
d128h2L2,492160,1024,kolmogorov_text,1,7.7121909856796265,4
d128h2L2,492160,1024,kolmogorov_text,2,7.551178216934204,4
d128h2L2,492160,1024,kolmogorov_text,3,7.4921605587005615,4
d128h2L2,492160,1024,kolmogorov_text,4,7.461405277252197,4
d128h2L2,492160,1024,kolmogorov_dna,1,3.7454904317855835,4
d128h2L2,492160,1024,kolmogorov_dna,2,3.2114978233973184,4
d128h2L2,492160,1024,kolmogorov_dna,3,3.021092116832733,4
d128h2L2,492160,1024,kolmogorov_dna,4,2.9274260997772217,4
d128h2L2,492160,1024,metamath,1,7.654984474182129,4
d128h2L2,492160,1024,metamath,2,7.485047499338786,4
d128h2L2,492160,1024,metamath,3,7.421106338500977,4
d128h2L2,492160,1024,metamath,4,7.384274482727051,4
d128h2L2,492160,1024,aitdcc_a_protein,1,7.701163411140442,4
d128h2L2,492160,1024,aitdcc_a_protein,2,7.582608938217163,4
d128h2L2,492160,1024,aitdcc_a_protein,3,7.532472252845764,4
d128h2L2,492160,1024,aitdcc_a_protein,4,7.504363059997559,4
d128h2L2,492160,1024,aitdcc_b_c_source,1,7.874307036399841,4
d128h2L2,492160,1024,aitdcc_b_c_source,2,7.758652846018474,4
d128h2L2,492160,1024,aitdcc_b_c_source,3,7.713901042938232,4
d128h2L2,492160,1024,aitdcc_b_c_source,4,7.688924789428711,4
d128h2L2,492160,1024,aitdcc_d_glibc_rand,1,8.123991012573242,4
d128h2L2,492160,1024,aitdcc_d_glibc_rand,2,8.080276330312094,4
d128h2L2,492160,1024,aitdcc_d_glibc_rand,3,8.064308881759644,4
d128h2L2,492160,1024,aitdcc_d_glibc_rand,4,8.05578327178955,4
d128h2L2,492160,1024,aitdcc_e_atlas_float32,1,7.921537637710571,4
d128h2L2,492160,1024,aitdcc_e_atlas_float32,2,7.847451289494832,4
d128h2L2,492160,1024,aitdcc_e_atlas_float32,3,7.820552945137024,4
d128h2L2,492160,1024,aitdcc_e_atlas_float32,4,7.806628227233887,4
d128h2L2,492160,1024,aitdcc_g_astronomy,1,4.7238487005233765,4
d128h2L2,492160,1024,aitdcc_g_astronomy,2,4.590460300445557,4
d128h2L2,492160,1024,aitdcc_g_astronomy,3,4.552729368209839,4
d128h2L2,492160,1024,aitdcc_g_astronomy,4,4.53319787979126,4
d128h2L2,492160,1024,llm_compression_python,1,7.405497193336487,4
d128h2L2,492160,1024,llm_compression_python,2,7.141296625137329,4
d128h2L2,492160,1024,llm_compression_python,3,7.054898023605347,4
d128h2L2,492160,1024,llm_compression_python,4,7.009603977203369,4
d128h2L2,492160,1024,llm_compression_cc,1,7.619499683380127,4
d128h2L2,492160,1024,llm_compression_cc,2,7.420922199885051,4
d128h2L2,492160,1024,llm_compression_cc,3,7.349357962608337,4
d128h2L2,492160,1024,llm_compression_cc,4,7.312325954437256,4
d128h2L2,492160,1024,llm_compression_arxiv_math,1,7.7315815687179565,4
d128h2L2,492160,1024,llm_compression_arxiv_math,2,7.586091756820679,4
d128h2L2,492160,1024,llm_compression_arxiv_math,3,7.532185077667236,4
d128h2L2,492160,1024,llm_compression_arxiv_math,4,7.503386497497559,4
d128h2L2,492160,1024,esc50_pcm8,1,6.213631272315979,4
d128h2L2,492160,1024,esc50_pcm8,2,5.969427188237508,4
d128h2L2,492160,1024,esc50_pcm8,3,5.872990250587463,4
d128h2L2,492160,1024,esc50_pcm8,4,5.817022323608398,4
d128h2L2,492160,1024,esc50_pcm8_11khz,1,6.322079062461853,4
d128h2L2,492160,1024,esc50_pcm8_11khz,2,6.09648331006368,4
d128h2L2,492160,1024,esc50_pcm8_11khz,3,6.00691282749176,4
d128h2L2,492160,1024,esc50_pcm8_11khz,4,5.954927444458008,4
d128h2L2,492160,1024,musicnet_pcm8,1,7.61620569229126,4
d128h2L2,492160,1024,musicnet_pcm8,2,7.517907619476318,4
d128h2L2,492160,1024,musicnet_pcm8,3,7.473089218139648,4
d128h2L2,492160,1024,musicnet_pcm8,4,7.445324420928955,4
d128h2L2,492160,1024,musicnet_pcm8_11khz,1,7.086894273757935,4
d128h2L2,492160,1024,musicnet_pcm8_11khz,2,6.952806711196899,4
d128h2L2,492160,1024,musicnet_pcm8_11khz,3,6.898035407066345,4
d128h2L2,492160,1024,musicnet_pcm8_11khz,4,6.865149974822998,4
d128h2L2,492160,1280,dclm,1,7.671935558319092,4
d128h2L2,492160,1280,dclm,2,7.520644664764404,4
d128h2L2,492160,1280,dclm,3,7.458118796348572,4
d128h2L2,492160,1280,dclm,4,7.422176361083984,4
d128h2L2,492160,1280,dclm_ranked,1,6.298539757728577,4
d128h2L2,492160,1280,dclm_ranked,2,5.8969822724660235,4
d128h2L2,492160,1280,dclm_ranked,3,5.745009899139404,4
d128h2L2,492160,1280,dclm_ranked,4,5.663226127624512,4
d128h2L2,492160,1280,dna,1,3.9998087882995605,4
d128h2L2,492160,1280,dna,2,3.2723882595698037,4
d128h2L2,492160,1280,dna,3,3.006570875644684,4
d128h2L2,492160,1280,dna,4,2.871274709701538,4
d128h2L2,492160,1280,arithmetic,1,7.972100496292114,4
d128h2L2,492160,1280,arithmetic,2,7.908679246902466,4
d128h2L2,492160,1280,arithmetic,3,7.884589791297913,4
d128h2L2,492160,1280,arithmetic,4,7.871030330657959,4
d128h2L2,492160,1280,audio_8bit,1,4.820096254348755,4
d128h2L2,492160,1280,audio_8bit,2,4.385199944178264,4
d128h2L2,492160,1280,audio_8bit,3,4.222505569458008,4
d128h2L2,492160,1280,audio_8bit,4,4.135824203491211,4
d128h2L2,492160,1280,audio_16bit,1,6.568340063095093,4
d128h2L2,492160,1280,audio_16bit,2,6.349239985148112,4
d128h2L2,492160,1280,audio_16bit,3,6.272960305213928,4
d128h2L2,492160,1280,audio_16bit,4,6.235279083251953,4
d128h2L2,492160,1280,speech_commands_pcm8,1,6.127668619155884,4
d128h2L2,492160,1280,speech_commands_pcm8,2,5.2930824756622314,4
d128h2L2,492160,1280,speech_commands_pcm8,3,5.011404871940613,4
d128h2L2,492160,1280,speech_commands_pcm8,4,4.8509321212768555,4
d128h2L2,492160,1280,speech_commands_pcm8_8khz,1,6.114613771438599,4
d128h2L2,492160,1280,speech_commands_pcm8_8khz,2,5.083472887674968,4
d128h2L2,492160,1280,speech_commands_pcm8_8khz,3,4.74570369720459,4
d128h2L2,492160,1280,speech_commands_pcm8_8khz,4,4.552232265472412,4
d128h2L2,492160,1280,mutopia_melody_16th,1,5.889754772186279,4
d128h2L2,492160,1280,mutopia_melody_16th,2,5.012481848398845,4
d128h2L2,492160,1280,mutopia_melody_16th,3,4.719492077827454,4
d128h2L2,492160,1280,mutopia_melody_16th,4,4.582605361938477,4
d128h2L2,492160,1280,cifar10_rgb_planar,1,7.8972941637039185,4
d128h2L2,492160,1280,cifar10_rgb_planar,2,7.827215671539307,4
d128h2L2,492160,1280,cifar10_rgb_planar,3,7.800473570823669,4
d128h2L2,492160,1280,cifar10_rgb_planar,4,7.785953998565674,4
d128h2L2,492160,1280,cifar10_rgb_hwc,1,7.872867822647095,4
d128h2L2,492160,1280,cifar10_rgb_hwc,2,7.804134368896484,4
d128h2L2,492160,1280,cifar10_rgb_hwc,3,7.777599096298218,4
d128h2L2,492160,1280,cifar10_rgb_hwc,4,7.763208866119385,4
d128h2L2,492160,1280,kolmogorov_text,1,7.749951481819153,4
d128h2L2,492160,1280,kolmogorov_text,2,7.6224892139434814,4
d128h2L2,492160,1280,kolmogorov_text,3,7.570480227470398,4
d128h2L2,492160,1280,kolmogorov_text,4,7.5407209396362305,4
d128h2L2,492160,1280,kolmogorov_dna,1,3.6027819514274597,4
d128h2L2,492160,1280,kolmogorov_dna,2,3.129547357559204,4
d128h2L2,492160,1280,kolmogorov_dna,3,2.9565966725349426,4
d128h2L2,492160,1280,kolmogorov_dna,4,2.866771936416626,4
d128h2L2,492160,1280,metamath,1,7.586608052253723,4
d128h2L2,492160,1280,metamath,2,7.368752797444661,4
d128h2L2,492160,1280,metamath,3,7.286439657211304,4
d128h2L2,492160,1280,metamath,4,7.2425127029418945,4
d128h2L2,492160,1280,aitdcc_a_protein,1,7.64397931098938,4
d128h2L2,492160,1280,aitdcc_a_protein,2,7.48554801940918,4
d128h2L2,492160,1280,aitdcc_a_protein,3,7.423375606536865,4
d128h2L2,492160,1280,aitdcc_a_protein,4,7.388927936553955,4
d128h2L2,492160,1280,aitdcc_b_c_source,1,7.8436115980148315,4
d128h2L2,492160,1280,aitdcc_b_c_source,2,7.7434241771698,4
d128h2L2,492160,1280,aitdcc_b_c_source,3,7.702400207519531,4
d128h2L2,492160,1280,aitdcc_b_c_source,4,7.678398609161377,4
d128h2L2,492160,1280,aitdcc_d_glibc_rand,1,8.100451469421387,4
d128h2L2,492160,1280,aitdcc_d_glibc_rand,2,8.060592651367188,4
d128h2L2,492160,1280,aitdcc_d_glibc_rand,3,8.04673957824707,4
d128h2L2,492160,1280,aitdcc_d_glibc_rand,4,8.039435386657715,4
d128h2L2,492160,1280,aitdcc_e_atlas_float32,1,7.870994567871094,4
d128h2L2,492160,1280,aitdcc_e_atlas_float32,2,7.778007348378499,4
d128h2L2,492160,1280,aitdcc_e_atlas_float32,3,7.746142625808716,4
d128h2L2,492160,1280,aitdcc_e_atlas_float32,4,7.7294087409973145,4
d128h2L2,492160,1280,aitdcc_g_astronomy,1,4.411918997764587,4
d128h2L2,492160,1280,aitdcc_g_astronomy,2,4.325930595397949,4
d128h2L2,492160,1280,aitdcc_g_astronomy,3,4.293505430221558,4
d128h2L2,492160,1280,aitdcc_g_astronomy,4,4.275322914123535,4
d128h2L2,492160,1280,llm_compression_python,1,7.394476652145386,4
d128h2L2,492160,1280,llm_compression_python,2,7.099747975667317,4
d128h2L2,492160,1280,llm_compression_python,3,7.001797676086426,4
d128h2L2,492160,1280,llm_compression_python,4,6.957707405090332,4
d128h2L2,492160,1280,llm_compression_cc,1,7.6691824197769165,4
d128h2L2,492160,1280,llm_compression_cc,2,7.518011808395386,4
d128h2L2,492160,1280,llm_compression_cc,3,7.454327940940857,4
d128h2L2,492160,1280,llm_compression_cc,4,7.4171905517578125,4
d128h2L2,492160,1280,llm_compression_arxiv_math,1,7.729236364364624,4
d128h2L2,492160,1280,llm_compression_arxiv_math,2,7.606203476587932,4
d128h2L2,492160,1280,llm_compression_arxiv_math,3,7.557245373725891,4
d128h2L2,492160,1280,llm_compression_arxiv_math,4,7.5300469398498535,4
d128h2L2,492160,1280,esc50_pcm8,1,6.1073219776153564,4
d128h2L2,492160,1280,esc50_pcm8,2,5.524344205856323,4
d128h2L2,492160,1280,esc50_pcm8,3,5.311398983001709,4
d128h2L2,492160,1280,esc50_pcm8,4,5.189992427825928,4
d128h2L2,492160,1280,esc50_pcm8_11khz,1,6.250791311264038,4
d128h2L2,492160,1280,esc50_pcm8_11khz,2,5.6671357949574785,4
d128h2L2,492160,1280,esc50_pcm8_11khz,3,5.4467772245407104,4
d128h2L2,492160,1280,esc50_pcm8_11khz,4,5.317747116088867,4
d128h2L2,492160,1280,musicnet_pcm8,1,7.574644207954407,4
d128h2L2,492160,1280,musicnet_pcm8,2,7.3781103293101,4
d128h2L2,492160,1280,musicnet_pcm8,3,7.284000873565674,4
d128h2L2,492160,1280,musicnet_pcm8,4,7.223675727844238,4
d128h2L2,492160,1280,musicnet_pcm8_11khz,1,7.1351906061172485,4
d128h2L2,492160,1280,musicnet_pcm8_11khz,2,6.722487370173137,4
d128h2L2,492160,1280,musicnet_pcm8_11khz,3,6.559822201728821,4
d128h2L2,492160,1280,musicnet_pcm8_11khz,4,6.461119174957275,4
d128h2L2,492160,1536,dclm,1,7.685030937194824,4
d128h2L2,492160,1536,dclm,2,7.5559632778167725,4
d128h2L2,492160,1536,dclm,3,7.505321502685547,4
d128h2L2,492160,1536,dclm,4,7.476869583129883,4
d128h2L2,492160,1536,dclm_ranked,1,6.320837378501892,4
d128h2L2,492160,1536,dclm_ranked,2,5.9308247566223145,4
d128h2L2,492160,1536,dclm_ranked,3,5.787686705589294,4
d128h2L2,492160,1536,dclm_ranked,4,5.711338996887207,4
d128h2L2,492160,1536,dna,1,4.0535277128219604,4
d128h2L2,492160,1536,dna,2,3.4122124910354614,4
d128h2L2,492160,1536,dna,3,3.1765832901000977,4
d128h2L2,492160,1536,dna,4,3.055474281311035,4
d128h2L2,492160,1536,arithmetic,1,7.957474589347839,4
d128h2L2,492160,1536,arithmetic,2,7.904511133829753,4
d128h2L2,492160,1536,arithmetic,3,7.883234143257141,4
d128h2L2,492160,1536,arithmetic,4,7.870960235595703,4
d128h2L2,492160,1536,audio_8bit,1,4.794801950454712,4
d128h2L2,492160,1536,audio_8bit,2,4.407019058863322,4
d128h2L2,492160,1536,audio_8bit,3,4.2637492418289185,4
d128h2L2,492160,1536,audio_8bit,4,4.188131809234619,4
d128h2L2,492160,1536,audio_16bit,1,6.48279070854187,4
d128h2L2,492160,1536,audio_16bit,2,6.299379110336304,4
d128h2L2,492160,1536,audio_16bit,3,6.236987233161926,4
d128h2L2,492160,1536,audio_16bit,4,6.20536470413208,4
d128h2L2,492160,1536,speech_commands_pcm8,1,5.4939069747924805,4
d128h2L2,492160,1536,speech_commands_pcm8,2,5.288232723871867,4
d128h2L2,492160,1536,speech_commands_pcm8,3,5.213590383529663,4
d128h2L2,492160,1536,speech_commands_pcm8,4,5.1749982833862305,4
d128h2L2,492160,1536,speech_commands_pcm8_8khz,1,5.324305415153503,4
d128h2L2,492160,1536,speech_commands_pcm8_8khz,2,5.0865983963012695,4
d128h2L2,492160,1536,speech_commands_pcm8_8khz,3,5.002936959266663,4
d128h2L2,492160,1536,speech_commands_pcm8_8khz,4,4.959558010101318,4
d128h2L2,492160,1536,mutopia_melody_16th,1,5.1646822690963745,4
d128h2L2,492160,1536,mutopia_melody_16th,2,4.867480595906575,4
d128h2L2,492160,1536,mutopia_melody_16th,3,4.753783345222473,4
d128h2L2,492160,1536,mutopia_melody_16th,4,4.68950891494751,4
d128h2L2,492160,1536,cifar10_rgb_planar,1,7.883792161941528,4
d128h2L2,492160,1536,cifar10_rgb_planar,2,7.826573610305786,4
d128h2L2,492160,1536,cifar10_rgb_planar,3,7.805209636688232,4
d128h2L2,492160,1536,cifar10_rgb_planar,4,7.793767929077148,4
d128h2L2,492160,1536,cifar10_rgb_hwc,1,7.8601638078689575,4
d128h2L2,492160,1536,cifar10_rgb_hwc,2,7.804853677749634,4
d128h2L2,492160,1536,cifar10_rgb_hwc,3,7.784281611442566,4
d128h2L2,492160,1536,cifar10_rgb_hwc,4,7.773344039916992,4
d128h2L2,492160,1536,kolmogorov_text,1,7.757582664489746,4
d128h2L2,492160,1536,kolmogorov_text,2,7.649661858876546,4
d128h2L2,492160,1536,kolmogorov_text,3,7.608819365501404,4
d128h2L2,492160,1536,kolmogorov_text,4,7.586380481719971,4
d128h2L2,492160,1536,kolmogorov_dna,1,4.090667247772217,4
d128h2L2,492160,1536,kolmogorov_dna,2,3.399548967679342,4
d128h2L2,492160,1536,kolmogorov_dna,3,3.1532086730003357,4
d128h2L2,492160,1536,kolmogorov_dna,4,3.0304200649261475,4
d128h2L2,492160,1536,metamath,1,7.606552362442017,4
d128h2L2,492160,1536,metamath,2,7.407352129618327,4
d128h2L2,492160,1536,metamath,3,7.33532977104187,4
d128h2L2,492160,1536,metamath,4,7.297279357910156,4
d128h2L2,492160,1536,aitdcc_a_protein,1,7.4599950313568115,4
d128h2L2,492160,1536,aitdcc_a_protein,2,7.310547749201457,4
d128h2L2,492160,1536,aitdcc_a_protein,3,7.248457074165344,4
d128h2L2,492160,1536,aitdcc_a_protein,4,7.212625026702881,4
d128h2L2,492160,1536,aitdcc_b_c_source,1,7.868943929672241,4
d128h2L2,492160,1536,aitdcc_b_c_source,2,7.786921501159668,4
d128h2L2,492160,1536,aitdcc_b_c_source,3,7.755697011947632,4
d128h2L2,492160,1536,aitdcc_b_c_source,4,7.738455772399902,4
d128h2L2,492160,1536,aitdcc_d_glibc_rand,1,8.092628955841064,4
d128h2L2,492160,1536,aitdcc_d_glibc_rand,2,8.05989122390747,4
d128h2L2,492160,1536,aitdcc_d_glibc_rand,3,8.048323631286621,4
d128h2L2,492160,1536,aitdcc_d_glibc_rand,4,8.042287826538086,4
d128h2L2,492160,1536,aitdcc_e_atlas_float32,1,7.905667185783386,4
d128h2L2,492160,1536,aitdcc_e_atlas_float32,2,7.8394566377003985,4
d128h2L2,492160,1536,aitdcc_e_atlas_float32,3,7.815228462219238,4
d128h2L2,492160,1536,aitdcc_e_atlas_float32,4,7.802567481994629,4
d128h2L2,492160,1536,aitdcc_g_astronomy,1,4.602113127708435,4
d128h2L2,492160,1536,aitdcc_g_astronomy,2,4.418331861495972,4
d128h2L2,492160,1536,aitdcc_g_astronomy,3,4.365984797477722,4
d128h2L2,492160,1536,aitdcc_g_astronomy,4,4.342591285705566,4
d128h2L2,492160,1536,llm_compression_python,1,7.381250262260437,4
d128h2L2,492160,1536,llm_compression_python,2,7.177308162053426,4
d128h2L2,492160,1536,llm_compression_python,3,7.1060521602630615,4
d128h2L2,492160,1536,llm_compression_python,4,7.0682373046875,4
d128h2L2,492160,1536,llm_compression_cc,1,7.686538338661194,4
d128h2L2,492160,1536,llm_compression_cc,2,7.562564373016357,4
d128h2L2,492160,1536,llm_compression_cc,3,7.514357805252075,4
d128h2L2,492160,1536,llm_compression_cc,4,7.487426280975342,4
d128h2L2,492160,1536,llm_compression_arxiv_math,1,7.781270980834961,4
d128h2L2,492160,1536,llm_compression_arxiv_math,2,7.684719642003377,4
d128h2L2,492160,1536,llm_compression_arxiv_math,3,7.648733973503113,4
d128h2L2,492160,1536,llm_compression_arxiv_math,4,7.629215717315674,4
d128h2L2,492160,1536,esc50_pcm8,1,5.611769914627075,4
d128h2L2,492160,1536,esc50_pcm8,2,5.406930526097615,4
d128h2L2,492160,1536,esc50_pcm8,3,5.330631494522095,4
d128h2L2,492160,1536,esc50_pcm8,4,5.291630744934082,4
d128h2L2,492160,1536,esc50_pcm8_11khz,1,5.7894463539123535,4
d128h2L2,492160,1536,esc50_pcm8_11khz,2,5.607905308405559,4
d128h2L2,492160,1536,esc50_pcm8_11khz,3,5.541603922843933,4
d128h2L2,492160,1536,esc50_pcm8_11khz,4,5.507465362548828,4
d128h2L2,492160,1536,musicnet_pcm8,1,7.5267826318740845,4
d128h2L2,492160,1536,musicnet_pcm8,2,7.416032711664836,4
d128h2L2,492160,1536,musicnet_pcm8,3,7.369651913642883,4
d128h2L2,492160,1536,musicnet_pcm8,4,7.3421807289123535,4
d128h2L2,492160,1536,musicnet_pcm8_11khz,1,6.9015361070632935,4
d128h2L2,492160,1536,musicnet_pcm8_11khz,2,6.757939100265503,4
d128h2L2,492160,1536,musicnet_pcm8_11khz,3,6.7029324769973755,4
d128h2L2,492160,1536,musicnet_pcm8_11khz,4,6.672285556793213,4
d128h2L2,492160,1792,dclm,1,7.654895305633545,4
d128h2L2,492160,1792,dclm,2,7.446173747380574,4
d128h2L2,492160,1792,dclm,3,7.343209385871887,4
d128h2L2,492160,1792,dclm,4,7.275242328643799,4
d128h2L2,492160,1792,dclm_ranked,1,6.440109848976135,4
d128h2L2,492160,1792,dclm_ranked,2,5.979675849278768,4
d128h2L2,492160,1792,dclm_ranked,3,5.794670939445496,4
d128h2L2,492160,1792,dclm_ranked,4,5.69039249420166,4
d128h2L2,492160,1792,dna,1,4.285482048988342,4
d128h2L2,492160,1792,dna,2,3.565306822458903,4
d128h2L2,492160,1792,dna,3,3.2936779260635376,4
d128h2L2,492160,1792,dna,4,3.1539876461029053,4
d128h2L2,492160,1792,arithmetic,1,7.943792462348938,4
d128h2L2,492160,1792,arithmetic,2,7.885194857915242,4
d128h2L2,492160,1792,arithmetic,3,7.863924980163574,4
d128h2L2,492160,1792,arithmetic,4,7.852689743041992,4
d128h2L2,492160,1792,audio_8bit,1,4.696824789047241,4
d128h2L2,492160,1792,audio_8bit,2,4.283887545267741,4
d128h2L2,492160,1792,audio_8bit,3,4.134485840797424,4
d128h2L2,492160,1792,audio_8bit,4,4.0580644607543945,4
d128h2L2,492160,1792,audio_16bit,1,6.450410842895508,4
d128h2L2,492160,1792,audio_16bit,2,6.267542044321696,4
d128h2L2,492160,1792,audio_16bit,3,6.20612633228302,4
d128h2L2,492160,1792,audio_16bit,4,6.175539970397949,4
d128h2L2,492160,1792,speech_commands_pcm8,1,5.12945294380188,4
d128h2L2,492160,1792,speech_commands_pcm8,2,4.869805733362834,4
d128h2L2,492160,1792,speech_commands_pcm8,3,4.75594425201416,4
d128h2L2,492160,1792,speech_commands_pcm8,4,4.684332847595215,4
d128h2L2,492160,1792,speech_commands_pcm8_8khz,1,4.891761064529419,4
d128h2L2,492160,1792,speech_commands_pcm8_8khz,2,4.577651023864746,4
d128h2L2,492160,1792,speech_commands_pcm8_8khz,3,4.438882350921631,4
d128h2L2,492160,1792,speech_commands_pcm8_8khz,4,4.350629806518555,4
d128h2L2,492160,1792,mutopia_melody_16th,1,5.215193271636963,4
d128h2L2,492160,1792,mutopia_melody_16th,2,4.801911195119222,4
d128h2L2,492160,1792,mutopia_melody_16th,3,4.6349382400512695,4
d128h2L2,492160,1792,mutopia_melody_16th,4,4.533232688903809,4
d128h2L2,492160,1792,cifar10_rgb_planar,1,7.8758368492126465,4
d128h2L2,492160,1792,cifar10_rgb_planar,2,7.819425582885742,4
d128h2L2,492160,1792,cifar10_rgb_planar,3,7.798818230628967,4
d128h2L2,492160,1792,cifar10_rgb_planar,4,7.7877302169799805,4
d128h2L2,492160,1792,cifar10_rgb_hwc,1,7.845624804496765,4
d128h2L2,492160,1792,cifar10_rgb_hwc,2,7.791645208994548,4
d128h2L2,492160,1792,cifar10_rgb_hwc,3,7.771861433982849,4
d128h2L2,492160,1792,cifar10_rgb_hwc,4,7.761134147644043,4
d128h2L2,492160,1792,kolmogorov_text,1,7.722001671791077,4
d128h2L2,492160,1792,kolmogorov_text,2,7.5531591574351,4
d128h2L2,492160,1792,kolmogorov_text,3,7.47200345993042,4
d128h2L2,492160,1792,kolmogorov_text,4,7.418986797332764,4
d128h2L2,492160,1792,kolmogorov_dna,1,4.2142693400383,4
d128h2L2,492160,1792,kolmogorov_dna,2,3.434339165687561,4
d128h2L2,492160,1792,kolmogorov_dna,3,3.1201703548431396,4
d128h2L2,492160,1792,kolmogorov_dna,4,2.9539997577667236,4
d128h2L2,492160,1792,metamath,1,7.556501865386963,4
d128h2L2,492160,1792,metamath,2,7.246254364649455,4
d128h2L2,492160,1792,metamath,3,7.13150429725647,4
d128h2L2,492160,1792,metamath,4,7.075848579406738,4
d128h2L2,492160,1792,aitdcc_a_protein,1,7.465261816978455,4
d128h2L2,492160,1792,aitdcc_a_protein,2,7.264097134272258,4
d128h2L2,492160,1792,aitdcc_a_protein,3,7.187666416168213,4
d128h2L2,492160,1792,aitdcc_a_protein,4,7.144438743591309,4
d128h2L2,492160,1792,aitdcc_b_c_source,1,7.8166340589523315,4
d128h2L2,492160,1792,aitdcc_b_c_source,2,7.697796106338501,4
d128h2L2,492160,1792,aitdcc_b_c_source,3,7.647487163543701,4
d128h2L2,492160,1792,aitdcc_b_c_source,4,7.617223739624023,4
d128h2L2,492160,1792,aitdcc_d_glibc_rand,1,8.084364652633667,4
d128h2L2,492160,1792,aitdcc_d_glibc_rand,2,8.053725560506185,4
d128h2L2,492160,1792,aitdcc_d_glibc_rand,3,8.043455362319946,4
d128h2L2,492160,1792,aitdcc_d_glibc_rand,4,8.038227081298828,4
d128h2L2,492160,1792,aitdcc_e_atlas_float32,1,7.8799978494644165,4
d128h2L2,492160,1792,aitdcc_e_atlas_float32,2,7.807273308436076,4
d128h2L2,492160,1792,aitdcc_e_atlas_float32,3,7.783649921417236,4
d128h2L2,492160,1792,aitdcc_e_atlas_float32,4,7.771516799926758,4
d128h2L2,492160,1792,aitdcc_g_astronomy,1,4.674486756324768,4
d128h2L2,492160,1792,aitdcc_g_astronomy,2,4.5076602300008135,4
d128h2L2,492160,1792,aitdcc_g_astronomy,3,4.459007978439331,4
d128h2L2,492160,1792,aitdcc_g_astronomy,4,4.434884548187256,4
d128h2L2,492160,1792,llm_compression_python,1,7.463004469871521,4
d128h2L2,492160,1792,llm_compression_python,2,7.13424825668335,4
d128h2L2,492160,1792,llm_compression_python,3,7.011456727981567,4
d128h2L2,492160,1792,llm_compression_python,4,6.942921161651611,4
d128h2L2,492160,1792,llm_compression_cc,1,7.652909517288208,4
d128h2L2,492160,1792,llm_compression_cc,2,7.4507395426432295,4
d128h2L2,492160,1792,llm_compression_cc,3,7.3503230810165405,4
d128h2L2,492160,1792,llm_compression_cc,4,7.28354549407959,4
d128h2L2,492160,1792,llm_compression_arxiv_math,1,7.729973316192627,4
d128h2L2,492160,1792,llm_compression_arxiv_math,2,7.580906867980957,4
d128h2L2,492160,1792,llm_compression_arxiv_math,3,7.515343546867371,4
d128h2L2,492160,1792,llm_compression_arxiv_math,4,7.474392890930176,4
d128h2L2,492160,1792,esc50_pcm8,1,5.39308488368988,4
d128h2L2,492160,1792,esc50_pcm8,2,5.146151622136434,4
d128h2L2,492160,1792,esc50_pcm8,3,5.043316602706909,4
d128h2L2,492160,1792,esc50_pcm8,4,4.980578422546387,4
d128h2L2,492160,1792,esc50_pcm8_11khz,1,5.587303161621094,4
d128h2L2,492160,1792,esc50_pcm8_11khz,2,5.3692262172698975,4
d128h2L2,492160,1792,esc50_pcm8_11khz,3,5.279592990875244,4
d128h2L2,492160,1792,esc50_pcm8_11khz,4,5.2249836921691895,4
d128h2L2,492160,1792,musicnet_pcm8,1,7.414729475975037,4
d128h2L2,492160,1792,musicnet_pcm8,2,7.269570350646973,4
d128h2L2,492160,1792,musicnet_pcm8,3,7.2055113315582275,4
d128h2L2,492160,1792,musicnet_pcm8,4,7.166935920715332,4
d128h2L2,492160,1792,musicnet_pcm8_11khz,1,6.745977401733398,4
d128h2L2,492160,1792,musicnet_pcm8_11khz,2,6.577973524729411,4
d128h2L2,492160,1792,musicnet_pcm8_11khz,3,6.509987831115723,4
d128h2L2,492160,1792,musicnet_pcm8_11khz,4,6.469602584838867,4
d128h2L2,492160,2048,dclm,1,7.548240542411804,4
d128h2L2,492160,2048,dclm,2,7.4196351369222,4
d128h2L2,492160,2048,dclm,3,7.36424458026886,4
d128h2L2,492160,2048,dclm,4,7.332311153411865,4
d128h2L2,492160,2048,dclm_ranked,1,6.479099273681641,4
d128h2L2,492160,2048,dclm_ranked,2,6.088284413019816,4
d128h2L2,492160,2048,dclm_ranked,3,5.9392619132995605,4
d128h2L2,492160,2048,dclm_ranked,4,5.860347270965576,4
d128h2L2,492160,2048,dna,1,4.060203313827515,4
d128h2L2,492160,2048,dna,2,3.454992492993673,4
d128h2L2,492160,2048,dna,3,3.232936203479767,4
d128h2L2,492160,2048,dna,4,3.122844696044922,4
d128h2L2,492160,2048,arithmetic,1,7.917197346687317,4
d128h2L2,492160,2048,arithmetic,2,7.869414170583089,4
d128h2L2,492160,2048,arithmetic,3,7.852517485618591,4
d128h2L2,492160,2048,arithmetic,4,7.843693733215332,4
d128h2L2,492160,2048,audio_8bit,1,4.859229564666748,4
d128h2L2,492160,2048,audio_8bit,2,4.4953577518463135,4
d128h2L2,492160,2048,audio_8bit,3,4.36044442653656,4
d128h2L2,492160,2048,audio_8bit,4,4.289283275604248,4
d128h2L2,492160,2048,audio_16bit,1,6.565773963928223,4
d128h2L2,492160,2048,audio_16bit,2,6.405056715011597,4
d128h2L2,492160,2048,audio_16bit,3,6.348568677902222,4
d128h2L2,492160,2048,audio_16bit,4,6.318951606750488,4
d128h2L2,492160,2048,speech_commands_pcm8,1,5.210610747337341,4
d128h2L2,492160,2048,speech_commands_pcm8,2,4.884248733520508,4
d128h2L2,492160,2048,speech_commands_pcm8,3,4.7619510889053345,4
d128h2L2,492160,2048,speech_commands_pcm8,4,4.702897071838379,4
d128h2L2,492160,2048,speech_commands_pcm8_8khz,1,4.967808485031128,4
d128h2L2,492160,2048,speech_commands_pcm8_8khz,2,4.5718997319539385,4
d128h2L2,492160,2048,speech_commands_pcm8_8khz,3,4.426991820335388,4
d128h2L2,492160,2048,speech_commands_pcm8_8khz,4,4.358173370361328,4
d128h2L2,492160,2048,mutopia_melody_16th,1,5.0495158433914185,4
d128h2L2,492160,2048,mutopia_melody_16th,2,4.717473268508911,4
d128h2L2,492160,2048,mutopia_melody_16th,3,4.592164754867554,4
d128h2L2,492160,2048,mutopia_melody_16th,4,4.526684284210205,4
d128h2L2,492160,2048,cifar10_rgb_planar,1,7.8544416427612305,4
d128h2L2,492160,2048,cifar10_rgb_planar,2,7.807684580485026,4
d128h2L2,492160,2048,cifar10_rgb_planar,3,7.790667176246643,4
d128h2L2,492160,2048,cifar10_rgb_planar,4,7.781581401824951,4
d128h2L2,492160,2048,cifar10_rgb_hwc,1,7.824614763259888,4
d128h2L2,492160,2048,cifar10_rgb_hwc,2,7.778369824091594,4
d128h2L2,492160,2048,cifar10_rgb_hwc,3,7.76156222820282,4
d128h2L2,492160,2048,cifar10_rgb_hwc,4,7.752588748931885,4
d128h2L2,492160,2048,kolmogorov_text,1,7.655235171318054,4
d128h2L2,492160,2048,kolmogorov_text,2,7.560025771458943,4
d128h2L2,492160,2048,kolmogorov_text,3,7.520673871040344,4
d128h2L2,492160,2048,kolmogorov_text,4,7.498392581939697,4
d128h2L2,492160,2048,kolmogorov_dna,1,3.894141733646393,4
d128h2L2,492160,2048,kolmogorov_dna,2,3.3963127533594766,4
d128h2L2,492160,2048,kolmogorov_dna,3,3.2163877487182617,4
d128h2L2,492160,2048,kolmogorov_dna,4,3.126997947692871,4
d128h2L2,492160,2048,metamath,1,7.419767737388611,4
d128h2L2,492160,2048,metamath,2,7.271420796712239,4
d128h2L2,492160,2048,metamath,3,7.217327356338501,4
d128h2L2,492160,2048,metamath,4,7.189207077026367,4
d128h2L2,492160,2048,aitdcc_a_protein,1,7.589754819869995,4
d128h2L2,492160,2048,aitdcc_a_protein,2,7.475665648778279,4
d128h2L2,492160,2048,aitdcc_a_protein,3,7.427983522415161,4
d128h2L2,492160,2048,aitdcc_a_protein,4,7.3996663093566895,4
d128h2L2,492160,2048,aitdcc_b_c_source,1,7.7874661684036255,4
d128h2L2,492160,2048,aitdcc_b_c_source,2,7.711876153945923,4
d128h2L2,492160,2048,aitdcc_b_c_source,3,7.681458473205566,4
d128h2L2,492160,2048,aitdcc_b_c_source,4,7.664481163024902,4
d128h2L2,492160,2048,aitdcc_d_glibc_rand,1,8.072548627853394,4
d128h2L2,492160,2048,aitdcc_d_glibc_rand,2,8.041631698608398,4
d128h2L2,492160,2048,aitdcc_d_glibc_rand,3,8.031505107879639,4
d128h2L2,492160,2048,aitdcc_d_glibc_rand,4,8.026324272155762,4
d128h2L2,492160,2048,aitdcc_e_atlas_float32,1,7.905072331428528,4
d128h2L2,492160,2048,aitdcc_e_atlas_float32,2,7.729069789250691,4
d128h2L2,492160,2048,aitdcc_e_atlas_float32,3,7.647315740585327,4
d128h2L2,492160,2048,aitdcc_e_atlas_float32,4,7.589392185211182,4
d128h2L2,492160,2048,aitdcc_g_astronomy,1,4.378151059150696,4
d128h2L2,492160,2048,aitdcc_g_astronomy,2,4.235010941823323,4
d128h2L2,492160,2048,aitdcc_g_astronomy,3,4.193428874015808,4
d128h2L2,492160,2048,aitdcc_g_astronomy,4,4.174872398376465,4
d128h2L2,492160,2048,llm_compression_python,1,7.23501455783844,4
d128h2L2,492160,2048,llm_compression_python,2,7.059745709101359,4
d128h2L2,492160,2048,llm_compression_python,3,6.993250012397766,4
d128h2L2,492160,2048,llm_compression_python,4,6.956053733825684,4
d128h2L2,492160,2048,llm_compression_cc,1,7.547245502471924,4
d128h2L2,492160,2048,llm_compression_cc,2,7.42224105199178,4
d128h2L2,492160,2048,llm_compression_cc,3,7.367961406707764,4
d128h2L2,492160,2048,llm_compression_cc,4,7.336389064788818,4
d128h2L2,492160,2048,llm_compression_arxiv_math,1,7.644395470619202,4
d128h2L2,492160,2048,llm_compression_arxiv_math,2,7.564784208933513,4
d128h2L2,492160,2048,llm_compression_arxiv_math,3,7.5336174964904785,4
d128h2L2,492160,2048,llm_compression_arxiv_math,4,7.516533851623535,4
d128h2L2,492160,2048,esc50_pcm8,1,5.414804935455322,4
d128h2L2,492160,2048,esc50_pcm8,2,5.1611588795979815,4
d128h2L2,492160,2048,esc50_pcm8,3,5.068450093269348,4
d128h2L2,492160,2048,esc50_pcm8,4,5.025154113769531,4
d128h2L2,492160,2048,esc50_pcm8_11khz,1,5.643669009208679,4
d128h2L2,492160,2048,esc50_pcm8_11khz,2,5.4077653884887695,4
d128h2L2,492160,2048,esc50_pcm8_11khz,3,5.322224378585815,4
d128h2L2,492160,2048,esc50_pcm8_11khz,4,5.282736301422119,4
d128h2L2,492160,2048,musicnet_pcm8,1,7.480704188346863,4
d128h2L2,492160,2048,musicnet_pcm8,2,7.3968203862508135,4
d128h2L2,492160,2048,musicnet_pcm8,3,7.364158868789673,4
d128h2L2,492160,2048,musicnet_pcm8,4,7.346497058868408,4
d128h2L2,492160,2048,musicnet_pcm8_11khz,1,6.8165059089660645,4
d128h2L2,492160,2048,musicnet_pcm8_11khz,2,6.652994553248088,4
d128h2L2,492160,2048,musicnet_pcm8_11khz,3,6.592063307762146,4
d128h2L2,492160,2048,musicnet_pcm8_11khz,4,6.5623860359191895,4
d128h2L2,492160,2304,dclm,1,7.574032425880432,4
d128h2L2,492160,2304,dclm,2,7.428319454193115,4
d128h2L2,492160,2304,dclm,3,7.365145444869995,4
d128h2L2,492160,2304,dclm,4,7.327286243438721,4
d128h2L2,492160,2304,dclm_ranked,1,6.293106198310852,4
d128h2L2,492160,2304,dclm_ranked,2,5.87956436475118,4
d128h2L2,492160,2304,dclm_ranked,3,5.735885381698608,4
d128h2L2,492160,2304,dclm_ranked,4,5.658619403839111,4
d128h2L2,492160,2304,dna,1,3.872125566005707,4
d128h2L2,492160,2304,dna,2,3.3576133251190186,4
d128h2L2,492160,2304,dna,3,3.1769102215766907,4
d128h2L2,492160,2304,dna,4,3.084153413772583,4
d128h2L2,492160,2304,arithmetic,1,7.905058741569519,4
d128h2L2,492160,2304,arithmetic,2,7.849172989527385,4
d128h2L2,492160,2304,arithmetic,3,7.829559683799744,4
d128h2L2,492160,2304,arithmetic,4,7.819948673248291,4
d128h2L2,492160,2304,audio_8bit,1,4.573182940483093,4
d128h2L2,492160,2304,audio_8bit,2,4.2117964426676435,4
d128h2L2,492160,2304,audio_8bit,3,4.083441913127899,4
d128h2L2,492160,2304,audio_8bit,4,4.015569686889648,4
d128h2L2,492160,2304,audio_16bit,1,6.387585282325745,4
d128h2L2,492160,2304,audio_16bit,2,6.213808457056682,4
d128h2L2,492160,2304,audio_16bit,3,6.153480410575867,4
d128h2L2,492160,2304,audio_16bit,4,6.1223297119140625,4
d128h2L2,492160,2304,speech_commands_pcm8,1,5.057414889335632,4
d128h2L2,492160,2304,speech_commands_pcm8,2,4.754908641179402,4
d128h2L2,492160,2304,speech_commands_pcm8,3,4.649952292442322,4
d128h2L2,492160,2304,speech_commands_pcm8,4,4.598325729370117,4
d128h2L2,492160,2304,speech_commands_pcm8_8khz,1,4.833623290061951,4
d128h2L2,492160,2304,speech_commands_pcm8_8khz,2,4.475588242212932,4
d128h2L2,492160,2304,speech_commands_pcm8_8khz,3,4.35367226600647,4
d128h2L2,492160,2304,speech_commands_pcm8_8khz,4,4.294259548187256,4
d128h2L2,492160,2304,mutopia_melody_16th,1,5.135393500328064,4
d128h2L2,492160,2304,mutopia_melody_16th,2,4.742116530736287,4
d128h2L2,492160,2304,mutopia_melody_16th,3,4.606887221336365,4
d128h2L2,492160,2304,mutopia_melody_16th,4,4.530506610870361,4
d128h2L2,492160,2304,cifar10_rgb_planar,1,7.844257950782776,4
d128h2L2,492160,2304,cifar10_rgb_planar,2,7.789508422215779,4
d128h2L2,492160,2304,cifar10_rgb_planar,3,7.769648194313049,4
d128h2L2,492160,2304,cifar10_rgb_planar,4,7.75897741317749,4
d128h2L2,492160,2304,cifar10_rgb_hwc,1,7.815592408180237,4
d128h2L2,492160,2304,cifar10_rgb_hwc,2,7.763756036758423,4
d128h2L2,492160,2304,cifar10_rgb_hwc,3,7.7450889348983765,4
d128h2L2,492160,2304,cifar10_rgb_hwc,4,7.735104084014893,4
d128h2L2,492160,2304,kolmogorov_text,1,7.668970823287964,4
d128h2L2,492160,2304,kolmogorov_text,2,7.550600051879883,4
d128h2L2,492160,2304,kolmogorov_text,3,7.500329494476318,4
d128h2L2,492160,2304,kolmogorov_text,4,7.470505237579346,4
d128h2L2,492160,2304,kolmogorov_dna,1,3.6002873182296753,4
d128h2L2,492160,2304,kolmogorov_dna,2,3.1774508555730185,4
d128h2L2,492160,2304,kolmogorov_dna,3,3.0307000875473022,4
d128h2L2,492160,2304,kolmogorov_dna,4,2.956592559814453,4
d128h2L2,492160,2304,metamath,1,7.6084877252578735,4
d128h2L2,492160,2304,metamath,2,7.408973932266235,4
d128h2L2,492160,2304,metamath,3,7.32648491859436,4
d128h2L2,492160,2304,metamath,4,7.279848098754883,4
d128h2L2,492160,2304,aitdcc_a_protein,1,7.614908456802368,4
d128h2L2,492160,2304,aitdcc_a_protein,2,7.541581551233928,4
d128h2L2,492160,2304,aitdcc_a_protein,3,7.513264775276184,4
d128h2L2,492160,2304,aitdcc_a_protein,4,7.497870445251465,4
d128h2L2,492160,2304,aitdcc_b_c_source,1,7.800362229347229,4
d128h2L2,492160,2304,aitdcc_b_c_source,2,7.71211306254069,4
d128h2L2,492160,2304,aitdcc_b_c_source,3,7.676128149032593,4
d128h2L2,492160,2304,aitdcc_b_c_source,4,7.655189037322998,4
d128h2L2,492160,2304,aitdcc_d_glibc_rand,1,8.075942754745483,4
d128h2L2,492160,2304,aitdcc_d_glibc_rand,2,8.04692808787028,4
d128h2L2,492160,2304,aitdcc_d_glibc_rand,3,8.037166595458984,4
d128h2L2,492160,2304,aitdcc_d_glibc_rand,4,8.032194137573242,4
d128h2L2,492160,2304,aitdcc_e_atlas_float32,1,7.8774412870407104,4
d128h2L2,492160,2304,aitdcc_e_atlas_float32,2,7.817174355189006,4
d128h2L2,492160,2304,aitdcc_e_atlas_float32,3,7.795839786529541,4
d128h2L2,492160,2304,aitdcc_e_atlas_float32,4,7.784726619720459,4
d128h2L2,492160,2304,aitdcc_g_astronomy,1,4.526400685310364,4
d128h2L2,492160,2304,aitdcc_g_astronomy,2,4.252405444780986,4
d128h2L2,492160,2304,aitdcc_g_astronomy,3,4.1943581104278564,4
d128h2L2,492160,2304,aitdcc_g_astronomy,4,4.1659626960754395,4
d128h2L2,492160,2304,llm_compression_python,1,7.291077971458435,4
d128h2L2,492160,2304,llm_compression_python,2,7.052405993143718,4
d128h2L2,492160,2304,llm_compression_python,3,6.949627161026001,4
d128h2L2,492160,2304,llm_compression_python,4,6.888281345367432,4
d128h2L2,492160,2304,llm_compression_cc,1,7.572145938873291,4
d128h2L2,492160,2304,llm_compression_cc,2,7.429496844609578,4
d128h2L2,492160,2304,llm_compression_cc,3,7.367398619651794,4
d128h2L2,492160,2304,llm_compression_cc,4,7.330110549926758,4
d128h2L2,492160,2304,llm_compression_arxiv_math,1,7.695428371429443,4
d128h2L2,492160,2304,llm_compression_arxiv_math,2,7.592804908752441,4
d128h2L2,492160,2304,llm_compression_arxiv_math,3,7.55001163482666,4
d128h2L2,492160,2304,llm_compression_arxiv_math,4,7.525032043457031,4
d128h2L2,492160,2304,esc50_pcm8,1,5.249865770339966,4
d128h2L2,492160,2304,esc50_pcm8,2,4.994872013727824,4
d128h2L2,492160,2304,esc50_pcm8,3,4.9028884172439575,4
d128h2L2,492160,2304,esc50_pcm8,4,4.8567705154418945,4
d128h2L2,492160,2304,esc50_pcm8_11khz,1,5.525487184524536,4
d128h2L2,492160,2304,esc50_pcm8_11khz,2,5.301107009251912,4
d128h2L2,492160,2304,esc50_pcm8_11khz,3,5.221401929855347,4
d128h2L2,492160,2304,esc50_pcm8_11khz,4,5.1828131675720215,4
d128h2L2,492160,2304,musicnet_pcm8,1,7.334072828292847,4
d128h2L2,492160,2304,musicnet_pcm8,2,7.21988042195638,4
d128h2L2,492160,2304,musicnet_pcm8,3,7.166707873344421,4
d128h2L2,492160,2304,musicnet_pcm8,4,7.1341657638549805,4
d128h2L2,492160,2304,musicnet_pcm8_11khz,1,6.719342470169067,4
d128h2L2,492160,2304,musicnet_pcm8_11khz,2,6.558980305989583,4
d128h2L2,492160,2304,musicnet_pcm8_11khz,3,6.500202894210815,4
d128h2L2,492160,2304,musicnet_pcm8_11khz,4,6.470335483551025,4
d128h2L2,492160,2560,dclm,1,7.6944146156311035,4
d128h2L2,492160,2560,dclm,2,7.548300663630168,4
d128h2L2,492160,2560,dclm,3,7.498911499977112,4
d128h2L2,492160,2560,dclm,4,7.467833518981934,4
d128h2L2,492160,2560,dclm_ranked,1,6.341626763343811,4
d128h2L2,492160,2560,dclm_ranked,2,5.9340081214904785,4
d128h2L2,492160,2560,dclm_ranked,3,5.779892086982727,4
d128h2L2,492160,2560,dclm_ranked,4,5.69673490524292,4
d128h2L2,492160,2560,dna,1,3.9841787219047546,4
d128h2L2,492160,2560,dna,2,3.3929656346639,4
d128h2L2,492160,2560,dna,3,3.1925230622291565,4
d128h2L2,492160,2560,dna,4,3.0888400077819824,4
d128h2L2,492160,2560,arithmetic,1,7.871607542037964,4
d128h2L2,492160,2560,arithmetic,2,7.82497255007426,4
d128h2L2,492160,2560,arithmetic,3,7.807974219322205,4
d128h2L2,492160,2560,arithmetic,4,7.799495697021484,4
d128h2L2,492160,2560,audio_8bit,1,4.7272725105285645,4
d128h2L2,492160,2560,audio_8bit,2,4.334390163421631,4
d128h2L2,492160,2560,audio_8bit,3,4.186485648155212,4
d128h2L2,492160,2560,audio_8bit,4,4.105630874633789,4
d128h2L2,492160,2560,audio_16bit,1,6.451003909111023,4
d128h2L2,492160,2560,audio_16bit,2,6.272198438644409,4
d128h2L2,492160,2560,audio_16bit,3,6.213865518569946,4
d128h2L2,492160,2560,audio_16bit,4,6.183775901794434,4
d128h2L2,492160,2560,speech_commands_pcm8,1,4.786677956581116,4
d128h2L2,492160,2560,speech_commands_pcm8,2,4.527902603149414,4
d128h2L2,492160,2560,speech_commands_pcm8,3,4.441185474395752,4
d128h2L2,492160,2560,speech_commands_pcm8,4,4.396270275115967,4
d128h2L2,492160,2560,speech_commands_pcm8_8khz,1,4.565340042114258,4
d128h2L2,492160,2560,speech_commands_pcm8_8khz,2,4.253074884414673,4
d128h2L2,492160,2560,speech_commands_pcm8_8khz,3,4.151236295700073,4
d128h2L2,492160,2560,speech_commands_pcm8_8khz,4,4.098639488220215,4
d128h2L2,492160,2560,mutopia_melody_16th,1,5.000118255615234,4
d128h2L2,492160,2560,mutopia_melody_16th,2,4.720889886220296,4
d128h2L2,492160,2560,mutopia_melody_16th,3,4.612783432006836,4
d128h2L2,492160,2560,mutopia_melody_16th,4,4.554293155670166,4
d128h2L2,492160,2560,cifar10_rgb_planar,1,7.8233582973480225,4
d128h2L2,492160,2560,cifar10_rgb_planar,2,7.779081503550212,4
d128h2L2,492160,2560,cifar10_rgb_planar,3,7.7627904415130615,4
d128h2L2,492160,2560,cifar10_rgb_planar,4,7.75400447845459,4
d128h2L2,492160,2560,cifar10_rgb_hwc,1,7.790715217590332,4
d128h2L2,492160,2560,cifar10_rgb_hwc,2,7.7494105497996015,4
d128h2L2,492160,2560,cifar10_rgb_hwc,3,7.734212160110474,4
d128h2L2,492160,2560,cifar10_rgb_hwc,4,7.726004123687744,4
d128h2L2,492160,2560,kolmogorov_text,1,7.741028070449829,4
d128h2L2,492160,2560,kolmogorov_text,2,7.634763320287068,4
d128h2L2,492160,2560,kolmogorov_text,3,7.598323941230774,4
d128h2L2,492160,2560,kolmogorov_text,4,7.57614803314209,4
d128h2L2,492160,2560,kolmogorov_dna,1,3.7820211052894592,4
d128h2L2,492160,2560,kolmogorov_dna,2,3.2217715978622437,4
d128h2L2,492160,2560,kolmogorov_dna,3,3.056303083896637,4
d128h2L2,492160,2560,kolmogorov_dna,4,2.9708945751190186,4
d128h2L2,492160,2560,metamath,1,7.581502437591553,4
d128h2L2,492160,2560,metamath,2,7.364636500676473,4
d128h2L2,492160,2560,metamath,3,7.295579552650452,4
d128h2L2,492160,2560,metamath,4,7.257570266723633,4
d128h2L2,492160,2560,aitdcc_a_protein,1,7.515676379203796,4
d128h2L2,492160,2560,aitdcc_a_protein,2,7.398662090301514,4
d128h2L2,492160,2560,aitdcc_a_protein,3,7.354747653007507,4
d128h2L2,492160,2560,aitdcc_a_protein,4,7.330342769622803,4
d128h2L2,492160,2560,aitdcc_b_c_source,1,7.819598197937012,4
d128h2L2,492160,2560,aitdcc_b_c_source,2,7.74097220102946,4
d128h2L2,492160,2560,aitdcc_b_c_source,3,7.713577389717102,4
d128h2L2,492160,2560,aitdcc_b_c_source,4,7.697378635406494,4
d128h2L2,492160,2560,aitdcc_d_glibc_rand,1,8.053165197372437,4
d128h2L2,492160,2560,aitdcc_d_glibc_rand,2,8.033161799112955,4
d128h2L2,492160,2560,aitdcc_d_glibc_rand,3,8.026278495788574,4
d128h2L2,492160,2560,aitdcc_d_glibc_rand,4,8.02274227142334,4
d128h2L2,492160,2560,aitdcc_e_atlas_float32,1,7.851771831512451,4
d128h2L2,492160,2560,aitdcc_e_atlas_float32,2,7.816919803619385,4
d128h2L2,492160,2560,aitdcc_e_atlas_float32,3,7.804324984550476,4
d128h2L2,492160,2560,aitdcc_e_atlas_float32,4,7.797662258148193,4
d128h2L2,492160,2560,aitdcc_g_astronomy,1,4.3149635791778564,4
d128h2L2,492160,2560,aitdcc_g_astronomy,2,4.170244375864665,4
d128h2L2,492160,2560,aitdcc_g_astronomy,3,4.124429821968079,4
d128h2L2,492160,2560,aitdcc_g_astronomy,4,4.098133087158203,4
d128h2L2,492160,2560,llm_compression_python,1,7.327769041061401,4
d128h2L2,492160,2560,llm_compression_python,2,7.080748875935872,4
d128h2L2,492160,2560,llm_compression_python,3,7.007380962371826,4
d128h2L2,492160,2560,llm_compression_python,4,6.969548225402832,4
d128h2L2,492160,2560,llm_compression_cc,1,7.689327955245972,4
d128h2L2,492160,2560,llm_compression_cc,2,7.549371639887492,4
d128h2L2,492160,2560,llm_compression_cc,3,7.501068115234375,4
d128h2L2,492160,2560,llm_compression_cc,4,7.470717906951904,4
d128h2L2,492160,2560,llm_compression_arxiv_math,1,7.709081768989563,4
d128h2L2,492160,2560,llm_compression_arxiv_math,2,7.605249245961507,4
d128h2L2,492160,2560,llm_compression_arxiv_math,3,7.570336580276489,4
d128h2L2,492160,2560,llm_compression_arxiv_math,4,7.549765110015869,4
d128h2L2,492160,2560,esc50_pcm8,1,5.008686661720276,4
d128h2L2,492160,2560,esc50_pcm8,2,4.793280124664307,4
d128h2L2,492160,2560,esc50_pcm8,3,4.7141828536987305,4
d128h2L2,492160,2560,esc50_pcm8,4,4.670253753662109,4
d128h2L2,492160,2560,esc50_pcm8_11khz,1,5.300434827804565,4
d128h2L2,492160,2560,esc50_pcm8_11khz,2,5.10353684425354,4
d128h2L2,492160,2560,esc50_pcm8_11khz,3,5.034420013427734,4
d128h2L2,492160,2560,esc50_pcm8_11khz,4,4.996527194976807,4
d128h2L2,492160,2560,musicnet_pcm8,1,7.142592906951904,4
d128h2L2,492160,2560,musicnet_pcm8,2,6.973851919174194,4
d128h2L2,492160,2560,musicnet_pcm8,3,6.893916845321655,4
d128h2L2,492160,2560,musicnet_pcm8,4,6.842548370361328,4
d128h2L2,492160,2560,musicnet_pcm8_11khz,1,6.5052443742752075,4
d128h2L2,492160,2560,musicnet_pcm8_11khz,2,6.338300069173177,4
d128h2L2,492160,2560,musicnet_pcm8_11khz,3,6.274224877357483,4
d128h2L2,492160,2560,musicnet_pcm8_11khz,4,6.237578868865967,4
d128h2L2,492160,2816,dclm,1,7.574767589569092,4
d128h2L2,492160,2816,dclm,2,7.420548597971599,4
d128h2L2,492160,2816,dclm,3,7.361100792884827,4
d128h2L2,492160,2816,dclm,4,7.328119277954102,4
d128h2L2,492160,2816,dclm_ranked,1,6.166182994842529,4
d128h2L2,492160,2816,dclm_ranked,2,5.7998026212056475,4
d128h2L2,492160,2816,dclm_ranked,3,5.66611647605896,4
d128h2L2,492160,2816,dclm_ranked,4,5.593527793884277,4
d128h2L2,492160,2816,dna,1,4.068745315074921,4
d128h2L2,492160,2816,dna,2,3.447676102320353,4
d128h2L2,492160,2816,dna,3,3.244131565093994,4
d128h2L2,492160,2816,dna,4,3.136634111404419,4
d128h2L2,492160,2816,arithmetic,1,7.8874160051345825,4
d128h2L2,492160,2816,arithmetic,2,7.836545546849568,4
d128h2L2,492160,2816,arithmetic,3,7.81816291809082,4
d128h2L2,492160,2816,arithmetic,4,7.808932781219482,4
d128h2L2,492160,2816,audio_8bit,1,4.516014814376831,4
d128h2L2,492160,2816,audio_8bit,2,4.181596994400024,4
d128h2L2,492160,2816,audio_8bit,3,4.059845745563507,4
d128h2L2,492160,2816,audio_8bit,4,3.997934103012085,4
d128h2L2,492160,2816,audio_16bit,1,6.363012790679932,4
d128h2L2,492160,2816,audio_16bit,2,6.225572506586711,4
d128h2L2,492160,2816,audio_16bit,3,6.1788331270217896,4
d128h2L2,492160,2816,audio_16bit,4,6.154789924621582,4
d128h2L2,492160,2816,speech_commands_pcm8,1,4.677203178405762,4
d128h2L2,492160,2816,speech_commands_pcm8,2,4.31825868288676,4
d128h2L2,492160,2816,speech_commands_pcm8,3,4.203585863113403,4
d128h2L2,492160,2816,speech_commands_pcm8,4,4.144241809844971,4
d128h2L2,492160,2816,speech_commands_pcm8_8khz,1,4.452355146408081,4
d128h2L2,492160,2816,speech_commands_pcm8_8khz,2,4.003729025522868,4
d128h2L2,492160,2816,speech_commands_pcm8_8khz,3,3.8644959330558777,4
d128h2L2,492160,2816,speech_commands_pcm8_8khz,4,3.7925868034362793,4
d128h2L2,492160,2816,mutopia_melody_16th,1,4.788781762123108,4
d128h2L2,492160,2816,mutopia_melody_16th,2,4.500561237335205,4
d128h2L2,492160,2816,mutopia_melody_16th,3,4.37924325466156,4
d128h2L2,492160,2816,mutopia_melody_16th,4,4.304955005645752,4
d128h2L2,492160,2816,cifar10_rgb_planar,1,7.803968906402588,4
d128h2L2,492160,2816,cifar10_rgb_planar,2,7.757448832194011,4
d128h2L2,492160,2816,cifar10_rgb_planar,3,7.739872574806213,4
d128h2L2,492160,2816,cifar10_rgb_planar,4,7.730274200439453,4
d128h2L2,492160,2816,cifar10_rgb_hwc,1,7.776553153991699,4
d128h2L2,492160,2816,cifar10_rgb_hwc,2,7.733296791712443,4
d128h2L2,492160,2816,cifar10_rgb_hwc,3,7.716990351676941,4
d128h2L2,492160,2816,cifar10_rgb_hwc,4,7.7081074714660645,4
d128h2L2,492160,2816,kolmogorov_text,1,7.653507590293884,4
d128h2L2,492160,2816,kolmogorov_text,2,7.5294270515441895,4
d128h2L2,492160,2816,kolmogorov_text,3,7.481370210647583,4
d128h2L2,492160,2816,kolmogorov_text,4,7.454468250274658,4
d128h2L2,492160,2816,kolmogorov_dna,1,3.7340171337127686,4
d128h2L2,492160,2816,kolmogorov_dna,2,3.2976016203562417,4
d128h2L2,492160,2816,kolmogorov_dna,3,3.1538116931915283,4
d128h2L2,492160,2816,kolmogorov_dna,4,3.0805346965789795,4
d128h2L2,492160,2816,metamath,1,7.459617376327515,4
d128h2L2,492160,2816,metamath,2,7.284562587738037,4
d128h2L2,492160,2816,metamath,3,7.2122015953063965,4
d128h2L2,492160,2816,metamath,4,7.172084331512451,4
d128h2L2,492160,2816,aitdcc_a_protein,1,7.494736313819885,4
d128h2L2,492160,2816,aitdcc_a_protein,2,7.396537621815999,4
d128h2L2,492160,2816,aitdcc_a_protein,3,7.357487082481384,4
d128h2L2,492160,2816,aitdcc_a_protein,4,7.336172580718994,4
d128h2L2,492160,2816,aitdcc_b_c_source,1,7.74629271030426,4
d128h2L2,492160,2816,aitdcc_b_c_source,2,7.652740875879924,4
d128h2L2,492160,2816,aitdcc_b_c_source,3,7.61598539352417,4
d128h2L2,492160,2816,aitdcc_b_c_source,4,7.595179557800293,4
d128h2L2,492160,2816,aitdcc_d_glibc_rand,1,8.055010795593262,4
d128h2L2,492160,2816,aitdcc_d_glibc_rand,2,8.034796237945557,4
d128h2L2,492160,2816,aitdcc_d_glibc_rand,3,8.027916669845581,4
d128h2L2,492160,2816,aitdcc_d_glibc_rand,4,8.024402618408203,4
d128h2L2,492160,2816,aitdcc_e_atlas_float32,1,7.91224992275238,4
d128h2L2,492160,2816,aitdcc_e_atlas_float32,2,7.883437871932983,4
d128h2L2,492160,2816,aitdcc_e_atlas_float32,3,7.873587250709534,4
d128h2L2,492160,2816,aitdcc_e_atlas_float32,4,7.868525505065918,4
d128h2L2,492160,2816,aitdcc_g_astronomy,1,4.241715669631958,4
d128h2L2,492160,2816,aitdcc_g_astronomy,2,4.145772377649943,4
d128h2L2,492160,2816,aitdcc_g_astronomy,3,4.111802339553833,4
d128h2L2,492160,2816,aitdcc_g_astronomy,4,4.09385871887207,4
d128h2L2,492160,2816,llm_compression_python,1,7.287526726722717,4
d128h2L2,492160,2816,llm_compression_python,2,7.095844666163127,4
d128h2L2,492160,2816,llm_compression_python,3,7.02727198600769,4
d128h2L2,492160,2816,llm_compression_python,4,6.992769718170166,4
d128h2L2,492160,2816,llm_compression_cc,1,7.57044243812561,4
d128h2L2,492160,2816,llm_compression_cc,2,7.417114655176799,4
d128h2L2,492160,2816,llm_compression_cc,3,7.357576966285706,4
d128h2L2,492160,2816,llm_compression_cc,4,7.324279308319092,4
d128h2L2,492160,2816,llm_compression_arxiv_math,1,7.6412036418914795,4
d128h2L2,492160,2816,llm_compression_arxiv_math,2,7.535351912180583,4
d128h2L2,492160,2816,llm_compression_arxiv_math,3,7.494463920593262,4
d128h2L2,492160,2816,llm_compression_arxiv_math,4,7.471714496612549,4
d128h2L2,492160,2816,esc50_pcm8,1,4.893244624137878,4
d128h2L2,492160,2816,esc50_pcm8,2,4.606017192204793,4
d128h2L2,492160,2816,esc50_pcm8,3,4.506892561912537,4
d128h2L2,492160,2816,esc50_pcm8,4,4.45402717590332,4
d128h2L2,492160,2816,esc50_pcm8_11khz,1,5.21450674533844,4
d128h2L2,492160,2816,esc50_pcm8_11khz,2,4.957545836766561,4
d128h2L2,492160,2816,esc50_pcm8_11khz,3,4.869174957275391,4
d128h2L2,492160,2816,esc50_pcm8_11khz,4,4.822537899017334,4
d128h2L2,492160,2816,musicnet_pcm8,1,7.1468905210494995,4
d128h2L2,492160,2816,musicnet_pcm8,2,6.9895860354105634,4
d128h2L2,492160,2816,musicnet_pcm8,3,6.923775553703308,4
d128h2L2,492160,2816,musicnet_pcm8,4,6.8854546546936035,4
d128h2L2,492160,2816,musicnet_pcm8_11khz,1,6.505000948905945,4
d128h2L2,492160,2816,musicnet_pcm8_11khz,2,6.311726967493693,4
d128h2L2,492160,2816,musicnet_pcm8_11khz,3,6.243431448936462,4
d128h2L2,492160,2816,musicnet_pcm8_11khz,4,6.2072014808654785,4
d128h2L2,492160,3072,dclm,1,7.577699542045593,4
d128h2L2,492160,3072,dclm,2,7.371548414230347,4
d128h2L2,492160,3072,dclm,3,7.290296196937561,4
d128h2L2,492160,3072,dclm,4,7.241819381713867,4
d128h2L2,492160,3072,dclm_ranked,1,6.30035674571991,4
d128h2L2,492160,3072,dclm_ranked,2,5.910279989242554,4
d128h2L2,492160,3072,dclm_ranked,3,5.762314558029175,4
d128h2L2,492160,3072,dclm_ranked,4,5.682666778564453,4
d128h2L2,492160,3072,dna,1,3.957606792449951,4
d128h2L2,492160,3072,dna,2,3.410426060358683,4
d128h2L2,492160,3072,dna,3,3.218220293521881,4
d128h2L2,492160,3072,dna,4,3.12080717086792,4
d128h2L2,492160,3072,arithmetic,1,7.869036793708801,4
d128h2L2,492160,3072,arithmetic,2,7.8135543664296465,4
d128h2L2,492160,3072,arithmetic,3,7.791736841201782,4
d128h2L2,492160,3072,arithmetic,4,7.779141426086426,4
d128h2L2,492160,3072,audio_8bit,1,4.642061710357666,4
d128h2L2,492160,3072,audio_8bit,2,4.261803944905599,4
d128h2L2,492160,3072,audio_8bit,3,4.129682660102844,4
d128h2L2,492160,3072,audio_8bit,4,4.062339782714844,4
d128h2L2,492160,3072,audio_16bit,1,6.409810781478882,4
d128h2L2,492160,3072,audio_16bit,2,6.235986153284709,4
d128h2L2,492160,3072,audio_16bit,3,6.176265597343445,4
d128h2L2,492160,3072,audio_16bit,4,6.145520210266113,4
d128h2L2,492160,3072,speech_commands_pcm8,1,4.803634405136108,4
d128h2L2,492160,3072,speech_commands_pcm8,2,4.373313546180725,4
d128h2L2,492160,3072,speech_commands_pcm8,3,4.217881441116333,4
d128h2L2,492160,3072,speech_commands_pcm8,4,4.131646633148193,4
d128h2L2,492160,3072,speech_commands_pcm8_8khz,1,4.661987662315369,4
d128h2L2,492160,3072,speech_commands_pcm8_8khz,2,4.142563263575236,4
d128h2L2,492160,3072,speech_commands_pcm8_8khz,3,3.954087495803833,4
d128h2L2,492160,3072,speech_commands_pcm8_8khz,4,3.8508989810943604,4
d128h2L2,492160,3072,mutopia_melody_16th,1,4.729783773422241,4
d128h2L2,492160,3072,mutopia_melody_16th,2,4.406959931055705,4
d128h2L2,492160,3072,mutopia_melody_16th,3,4.275111079216003,4
d128h2L2,492160,3072,mutopia_melody_16th,4,4.198724746704102,4
d128h2L2,492160,3072,cifar10_rgb_planar,1,7.801525354385376,4
d128h2L2,492160,3072,cifar10_rgb_planar,2,7.742098410924275,4
d128h2L2,492160,3072,cifar10_rgb_planar,3,7.720067501068115,4
d128h2L2,492160,3072,cifar10_rgb_planar,4,7.708115100860596,4
d128h2L2,492160,3072,cifar10_rgb_hwc,1,7.762113571166992,4
d128h2L2,492160,3072,cifar10_rgb_hwc,2,7.707361618677775,4
d128h2L2,492160,3072,cifar10_rgb_hwc,3,7.6870198249816895,4
d128h2L2,492160,3072,cifar10_rgb_hwc,4,7.676004409790039,4
d128h2L2,492160,3072,kolmogorov_text,1,7.638183236122131,4
d128h2L2,492160,3072,kolmogorov_text,2,7.456898291905721,4
d128h2L2,492160,3072,kolmogorov_text,3,7.38780415058136,4
d128h2L2,492160,3072,kolmogorov_text,4,7.347618103027344,4
d128h2L2,492160,3072,kolmogorov_dna,1,3.6609837412834167,4
d128h2L2,492160,3072,kolmogorov_dna,2,3.2482821941375732,4
d128h2L2,492160,3072,kolmogorov_dna,3,3.104763627052307,4
d128h2L2,492160,3072,kolmogorov_dna,4,3.0331919193267822,4
d128h2L2,492160,3072,metamath,1,7.602635979652405,4
d128h2L2,492160,3072,metamath,2,7.297207593917847,4
d128h2L2,492160,3072,metamath,3,7.181701421737671,4
d128h2L2,492160,3072,metamath,4,7.1170220375061035,4
d128h2L2,492160,3072,aitdcc_a_protein,1,7.526339650154114,4
d128h2L2,492160,3072,aitdcc_a_protein,2,7.369633833567302,4
d128h2L2,492160,3072,aitdcc_a_protein,3,7.307710409164429,4
d128h2L2,492160,3072,aitdcc_a_protein,4,7.273085594177246,4
d128h2L2,492160,3072,aitdcc_b_c_source,1,7.7659008502960205,4
d128h2L2,492160,3072,aitdcc_b_c_source,2,7.639818986256917,4
d128h2L2,492160,3072,aitdcc_b_c_source,3,7.593741774559021,4
d128h2L2,492160,3072,aitdcc_b_c_source,4,7.5673909187316895,4
d128h2L2,492160,3072,aitdcc_d_glibc_rand,1,8.05975341796875,4
d128h2L2,492160,3072,aitdcc_d_glibc_rand,2,8.036620457967123,4
d128h2L2,492160,3072,aitdcc_d_glibc_rand,3,8.028908967971802,4
d128h2L2,492160,3072,aitdcc_d_glibc_rand,4,8.024982452392578,4
d128h2L2,492160,3072,aitdcc_e_atlas_float32,1,7.908028721809387,4
d128h2L2,492160,3072,aitdcc_e_atlas_float32,2,7.875846703847249,4
d128h2L2,492160,3072,aitdcc_e_atlas_float32,3,7.865084767341614,4
d128h2L2,492160,3072,aitdcc_e_atlas_float32,4,7.859607696533203,4
d128h2L2,492160,3072,aitdcc_g_astronomy,1,4.091645956039429,4
d128h2L2,492160,3072,aitdcc_g_astronomy,2,3.993062893549601,4
d128h2L2,492160,3072,aitdcc_g_astronomy,3,3.955722153186798,4
d128h2L2,492160,3072,aitdcc_g_astronomy,4,3.935087203979492,4
d128h2L2,492160,3072,llm_compression_python,1,7.424439907073975,4
d128h2L2,492160,3072,llm_compression_python,2,7.120119571685791,4
d128h2L2,492160,3072,llm_compression_python,3,7.013518929481506,4
d128h2L2,492160,3072,llm_compression_python,4,6.955220699310303,4
d128h2L2,492160,3072,llm_compression_cc,1,7.5663652420043945,4
d128h2L2,492160,3072,llm_compression_cc,2,7.357983827590942,4
d128h2L2,492160,3072,llm_compression_cc,3,7.27686071395874,4
d128h2L2,492160,3072,llm_compression_cc,4,7.228671073913574,4
d128h2L2,492160,3072,llm_compression_arxiv_math,1,7.652355790138245,4
d128h2L2,492160,3072,llm_compression_arxiv_math,2,7.508986790974935,4
d128h2L2,492160,3072,llm_compression_arxiv_math,3,7.456048607826233,4
d128h2L2,492160,3072,llm_compression_arxiv_math,4,7.425970554351807,4
d128h2L2,492160,3072,esc50_pcm8,1,4.940965890884399,4
d128h2L2,492160,3072,esc50_pcm8,2,4.599615653355916,4
d128h2L2,492160,3072,esc50_pcm8,3,4.471153140068054,4
d128h2L2,492160,3072,esc50_pcm8,4,4.400266647338867,4
d128h2L2,492160,3072,esc50_pcm8_11khz,1,5.29567551612854,4
d128h2L2,492160,3072,esc50_pcm8_11khz,2,4.980200370152791,4
d128h2L2,492160,3072,esc50_pcm8_11khz,3,4.85926353931427,4
d128h2L2,492160,3072,esc50_pcm8_11khz,4,4.789304256439209,4
d128h2L2,492160,3072,musicnet_pcm8,1,7.114944219589233,4
d128h2L2,492160,3072,musicnet_pcm8,2,6.817749261856079,4
d128h2L2,492160,3072,musicnet_pcm8,3,6.687135338783264,4
d128h2L2,492160,3072,musicnet_pcm8,4,6.606593608856201,4
d128h2L2,492160,3072,musicnet_pcm8_11khz,1,6.56781792640686,4
d128h2L2,492160,3072,musicnet_pcm8_11khz,2,6.273277044296265,4
d128h2L2,492160,3072,musicnet_pcm8_11khz,3,6.158679008483887,4
d128h2L2,492160,3072,musicnet_pcm8_11khz,4,6.08814811706543,4
d128h2L2,492160,3328,dclm,1,7.673628807067871,4
d128h2L2,492160,3328,dclm,2,7.500518083572388,4
d128h2L2,492160,3328,dclm,3,7.4417195320129395,4
d128h2L2,492160,3328,dclm,4,7.410289287567139,4
d128h2L2,492160,3328,dclm_ranked,1,6.4678428173065186,4
d128h2L2,492160,3328,dclm_ranked,2,6.001094420750936,4
d128h2L2,492160,3328,dclm_ranked,3,5.831835985183716,4
d128h2L2,492160,3328,dclm_ranked,4,5.739301681518555,4
d128h2L2,492160,3328,dna,1,4.084948658943176,4
d128h2L2,492160,3328,dna,2,3.4603662490844727,4
d128h2L2,492160,3328,dna,3,3.254868268966675,4
d128h2L2,492160,3328,dna,4,3.1475226879119873,4
d128h2L2,492160,3328,arithmetic,1,7.848861575126648,4
d128h2L2,492160,3328,arithmetic,2,7.799916823705037,4
d128h2L2,492160,3328,arithmetic,3,7.781695008277893,4
d128h2L2,492160,3328,arithmetic,4,7.77168607711792,4
d128h2L2,492160,3328,audio_8bit,1,4.661945343017578,4
d128h2L2,492160,3328,audio_8bit,2,4.231453736623128,4
d128h2L2,492160,3328,audio_8bit,3,4.081408619880676,4
d128h2L2,492160,3328,audio_8bit,4,4.002074718475342,4
d128h2L2,492160,3328,audio_16bit,1,6.468178629875183,4
d128h2L2,492160,3328,audio_16bit,2,6.271205186843872,4
d128h2L2,492160,3328,audio_16bit,3,6.203910231590271,4
d128h2L2,492160,3328,audio_16bit,4,6.168336391448975,4
d128h2L2,492160,3328,speech_commands_pcm8,1,4.7863030433654785,4
d128h2L2,492160,3328,speech_commands_pcm8,2,4.436330000559489,4
d128h2L2,492160,3328,speech_commands_pcm8,3,4.3308022022247314,4
d128h2L2,492160,3328,speech_commands_pcm8,4,4.2771220207214355,4
d128h2L2,492160,3328,speech_commands_pcm8_8khz,1,4.585699796676636,4
d128h2L2,492160,3328,speech_commands_pcm8_8khz,2,4.171514471371968,4
d128h2L2,492160,3328,speech_commands_pcm8_8khz,3,4.0486560463905334,4
d128h2L2,492160,3328,speech_commands_pcm8_8khz,4,3.9868004322052,4
d128h2L2,492160,3328,mutopia_melody_16th,1,4.677493214607239,4
d128h2L2,492160,3328,mutopia_melody_16th,2,4.369688669840495,4
d128h2L2,492160,3328,mutopia_melody_16th,3,4.256261110305786,4
d128h2L2,492160,3328,mutopia_melody_16th,4,4.1939697265625,4
d128h2L2,492160,3328,cifar10_rgb_planar,1,7.798093676567078,4
d128h2L2,492160,3328,cifar10_rgb_planar,2,7.743079423904419,4
d128h2L2,492160,3328,cifar10_rgb_planar,3,7.72317636013031,4
d128h2L2,492160,3328,cifar10_rgb_planar,4,7.712379455566406,4
d128h2L2,492160,3328,cifar10_rgb_hwc,1,7.764702677726746,4
d128h2L2,492160,3328,cifar10_rgb_hwc,2,7.714029550552368,4
d128h2L2,492160,3328,cifar10_rgb_hwc,3,7.695606470108032,4
d128h2L2,492160,3328,cifar10_rgb_hwc,4,7.6855292320251465,4
d128h2L2,492160,3328,kolmogorov_text,1,7.729587078094482,4
d128h2L2,492160,3328,kolmogorov_text,2,7.595534801483154,4
d128h2L2,492160,3328,kolmogorov_text,3,7.54912006855011,4
d128h2L2,492160,3328,kolmogorov_text,4,7.524175643920898,4
d128h2L2,492160,3328,kolmogorov_dna,1,3.827492356300354,4
d128h2L2,492160,3328,kolmogorov_dna,2,3.324642062187195,4
d128h2L2,492160,3328,kolmogorov_dna,3,3.1532176733016968,4
d128h2L2,492160,3328,kolmogorov_dna,4,3.064218282699585,4
d128h2L2,492160,3328,metamath,1,7.522312760353088,4
d128h2L2,492160,3328,metamath,2,7.248766581217448,4
d128h2L2,492160,3328,metamath,3,7.14780056476593,4
d128h2L2,492160,3328,metamath,4,7.094981670379639,4
d128h2L2,492160,3328,aitdcc_a_protein,1,7.536749601364136,4
d128h2L2,492160,3328,aitdcc_a_protein,2,7.2853381633758545,4
d128h2L2,492160,3328,aitdcc_a_protein,3,7.177822947502136,4
d128h2L2,492160,3328,aitdcc_a_protein,4,7.108191013336182,4
d128h2L2,492160,3328,aitdcc_b_c_source,1,7.822240948677063,4
d128h2L2,492160,3328,aitdcc_b_c_source,2,7.73158876101176,4
d128h2L2,492160,3328,aitdcc_b_c_source,3,7.699564814567566,4
d128h2L2,492160,3328,aitdcc_b_c_source,4,7.68232536315918,4
d128h2L2,492160,3328,aitdcc_d_glibc_rand,1,8.052244424819946,4
d128h2L2,492160,3328,aitdcc_d_glibc_rand,2,8.031209468841553,4
d128h2L2,492160,3328,aitdcc_d_glibc_rand,3,8.024305582046509,4
d128h2L2,492160,3328,aitdcc_d_glibc_rand,4,8.020817756652832,4
d128h2L2,492160,3328,aitdcc_e_atlas_float32,1,7.7971354722976685,4
d128h2L2,492160,3328,aitdcc_e_atlas_float32,2,7.746512571970622,4
d128h2L2,492160,3328,aitdcc_e_atlas_float32,3,7.726239204406738,4
d128h2L2,492160,3328,aitdcc_e_atlas_float32,4,7.714703559875488,4
d128h2L2,492160,3328,aitdcc_g_astronomy,1,4.648187756538391,4
d128h2L2,492160,3328,aitdcc_g_astronomy,2,4.274118661880493,4
d128h2L2,492160,3328,aitdcc_g_astronomy,3,4.201115965843201,4
d128h2L2,492160,3328,aitdcc_g_astronomy,4,4.168878078460693,4
d128h2L2,492160,3328,llm_compression_python,1,7.403790473937988,4
d128h2L2,492160,3328,llm_compression_python,2,7.128061135609944,4
d128h2L2,492160,3328,llm_compression_python,3,7.028341889381409,4
d128h2L2,492160,3328,llm_compression_python,4,6.979287147521973,4
d128h2L2,492160,3328,llm_compression_cc,1,7.66588294506073,4
d128h2L2,492160,3328,llm_compression_cc,2,7.497844934463501,4
d128h2L2,492160,3328,llm_compression_cc,3,7.44075083732605,4
d128h2L2,492160,3328,llm_compression_cc,4,7.410179138183594,4
d128h2L2,492160,3328,llm_compression_arxiv_math,1,7.708367466926575,4
d128h2L2,492160,3328,llm_compression_arxiv_math,2,7.59200390179952,4
d128h2L2,492160,3328,llm_compression_arxiv_math,3,7.551603078842163,4
d128h2L2,492160,3328,llm_compression_arxiv_math,4,7.529750823974609,4
d128h2L2,492160,3328,esc50_pcm8,1,4.897725820541382,4
d128h2L2,492160,3328,esc50_pcm8,2,4.607021967569987,4
d128h2L2,492160,3328,esc50_pcm8,3,4.516273021697998,4
d128h2L2,492160,3328,esc50_pcm8,4,4.469521522521973,4
d128h2L2,492160,3328,esc50_pcm8_11khz,1,5.271770715713501,4
d128h2L2,492160,3328,esc50_pcm8_11khz,2,5.012862841288249,4
d128h2L2,492160,3328,esc50_pcm8_11khz,3,4.933231234550476,4
d128h2L2,492160,3328,esc50_pcm8_11khz,4,4.892316818237305,4
d128h2L2,492160,3328,musicnet_pcm8,1,7.052984118461609,4
d128h2L2,492160,3328,musicnet_pcm8,2,6.879423538843791,4
d128h2L2,492160,3328,musicnet_pcm8,3,6.809057593345642,4
d128h2L2,492160,3328,musicnet_pcm8,4,6.769221305847168,4
d128h2L2,492160,3328,musicnet_pcm8_11khz,1,6.536787748336792,4
d128h2L2,492160,3328,musicnet_pcm8_11khz,2,6.345243453979492,4
d128h2L2,492160,3328,musicnet_pcm8_11khz,3,6.278998136520386,4
d128h2L2,492160,3328,musicnet_pcm8_11khz,4,6.2435221672058105,4
d128h2L2,492160,3584,dclm,1,7.486585855484009,4
d128h2L2,492160,3584,dclm,2,7.294180234273274,4
d128h2L2,492160,3584,dclm,3,7.214870095252991,4
d128h2L2,492160,3584,dclm,4,7.1688361167907715,4
d128h2L2,492160,3584,dclm_ranked,1,6.553197979927063,4
d128h2L2,492160,3584,dclm_ranked,2,6.079009453455607,4
d128h2L2,492160,3584,dclm_ranked,3,5.898008465766907,4
d128h2L2,492160,3584,dclm_ranked,4,5.798985481262207,4
d128h2L2,492160,3584,dna,1,4.481728553771973,4
d128h2L2,492160,3584,dna,2,3.7394824028015137,4
d128h2L2,492160,3584,dna,3,3.4656141996383667,4
d128h2L2,492160,3584,dna,4,3.3191990852355957,4
d128h2L2,492160,3584,arithmetic,1,7.839281320571899,4
d128h2L2,492160,3584,arithmetic,2,7.774866660435994,4
d128h2L2,492160,3584,arithmetic,3,7.750914931297302,4
d128h2L2,492160,3584,arithmetic,4,7.737704277038574,4
d128h2L2,492160,3584,audio_8bit,1,4.640616536140442,4
d128h2L2,492160,3584,audio_8bit,2,4.207429011662801,4
d128h2L2,492160,3584,audio_8bit,3,4.056994020938873,4
d128h2L2,492160,3584,audio_8bit,4,3.97904634475708,4
d128h2L2,492160,3584,audio_16bit,1,6.491497159004211,4
d128h2L2,492160,3584,audio_16bit,2,6.301961183547974,4
d128h2L2,492160,3584,audio_16bit,3,6.237479567527771,4
d128h2L2,492160,3584,audio_16bit,4,6.203946590423584,4
d128h2L2,492160,3584,speech_commands_pcm8,1,4.666808009147644,4
d128h2L2,492160,3584,speech_commands_pcm8,2,4.370819648106893,4
d128h2L2,492160,3584,speech_commands_pcm8,3,4.262512445449829,4
d128h2L2,492160,3584,speech_commands_pcm8,4,4.2059221267700195,4
d128h2L2,492160,3584,speech_commands_pcm8_8khz,1,4.450943410396576,4
d128h2L2,492160,3584,speech_commands_pcm8_8khz,2,4.118269880612691,4
d128h2L2,492160,3584,speech_commands_pcm8_8khz,3,3.9998894929885864,4
d128h2L2,492160,3584,speech_commands_pcm8_8khz,4,3.9402565956115723,4
d128h2L2,492160,3584,mutopia_melody_16th,1,4.780454158782959,4
d128h2L2,492160,3584,mutopia_melody_16th,2,4.412453492482503,4
d128h2L2,492160,3584,mutopia_melody_16th,3,4.274430155754089,4
d128h2L2,492160,3584,mutopia_melody_16th,4,4.204193115234375,4
d128h2L2,492160,3584,cifar10_rgb_planar,1,7.787674069404602,4
d128h2L2,492160,3584,cifar10_rgb_planar,2,7.7218607266743975,4
d128h2L2,492160,3584,cifar10_rgb_planar,3,7.697207570075989,4
d128h2L2,492160,3584,cifar10_rgb_planar,4,7.683740615844727,4
d128h2L2,492160,3584,cifar10_rgb_hwc,1,7.7595415115356445,4
d128h2L2,492160,3584,cifar10_rgb_hwc,2,7.698321501413981,4
d128h2L2,492160,3584,cifar10_rgb_hwc,3,7.675131916999817,4
d128h2L2,492160,3584,cifar10_rgb_hwc,4,7.662298202514648,4
d128h2L2,492160,3584,kolmogorov_text,1,7.585330963134766,4
d128h2L2,492160,3584,kolmogorov_text,2,7.435897509256999,4
d128h2L2,492160,3584,kolmogorov_text,3,7.375461220741272,4
d128h2L2,492160,3584,kolmogorov_text,4,7.340755462646484,4
d128h2L2,492160,3584,kolmogorov_dna,1,4.18891716003418,4
d128h2L2,492160,3584,kolmogorov_dna,2,3.5006799697875977,4
d128h2L2,492160,3584,kolmogorov_dna,3,3.26067453622818,4
d128h2L2,492160,3584,kolmogorov_dna,4,3.1308956146240234,4
d128h2L2,492160,3584,metamath,1,7.453014373779297,4
d128h2L2,492160,3584,metamath,2,7.178372859954834,4
d128h2L2,492160,3584,metamath,3,7.0770052671432495,4
d128h2L2,492160,3584,metamath,4,7.0215840339660645,4
d128h2L2,492160,3584,aitdcc_a_protein,1,7.398504018783569,4
d128h2L2,492160,3584,aitdcc_a_protein,2,7.217916647593181,4
d128h2L2,492160,3584,aitdcc_a_protein,3,7.136345028877258,4
d128h2L2,492160,3584,aitdcc_a_protein,4,7.084897994995117,4
d128h2L2,492160,3584,aitdcc_b_c_source,1,7.7424010038375854,4
d128h2L2,492160,3584,aitdcc_b_c_source,2,7.625044345855713,4
d128h2L2,492160,3584,aitdcc_b_c_source,3,7.579158067703247,4
d128h2L2,492160,3584,aitdcc_b_c_source,4,7.553030967712402,4
d128h2L2,492160,3584,aitdcc_d_glibc_rand,1,8.0756676197052,4
d128h2L2,492160,3584,aitdcc_d_glibc_rand,2,8.047949949900309,4
d128h2L2,492160,3584,aitdcc_d_glibc_rand,3,8.038803815841675,4
d128h2L2,492160,3584,aitdcc_d_glibc_rand,4,8.034124374389648,4
d128h2L2,492160,3584,aitdcc_e_atlas_float32,1,7.820541858673096,4
d128h2L2,492160,3584,aitdcc_e_atlas_float32,2,7.77216108640035,4
d128h2L2,492160,3584,aitdcc_e_atlas_float32,3,7.754126191139221,4
d128h2L2,492160,3584,aitdcc_e_atlas_float32,4,7.744267463684082,4
d128h2L2,492160,3584,aitdcc_g_astronomy,1,4.0475746393203735,4
d128h2L2,492160,3584,aitdcc_g_astronomy,2,3.976241191228231,4
d128h2L2,492160,3584,aitdcc_g_astronomy,3,3.9521597623825073,4
d128h2L2,492160,3584,aitdcc_g_astronomy,4,3.9395065307617188,4
d128h2L2,492160,3584,llm_compression_python,1,7.28630256652832,4
d128h2L2,492160,3584,llm_compression_python,2,6.983791828155518,4
d128h2L2,492160,3584,llm_compression_python,3,6.866243958473206,4
d128h2L2,492160,3584,llm_compression_python,4,6.811074256896973,4
d128h2L2,492160,3584,llm_compression_cc,1,7.4797621965408325,4
d128h2L2,492160,3584,llm_compression_cc,2,7.292112668355306,4
d128h2L2,492160,3584,llm_compression_cc,3,7.214064717292786,4
d128h2L2,492160,3584,llm_compression_cc,4,7.168415546417236,4
d128h2L2,492160,3584,llm_compression_arxiv_math,1,7.585830807685852,4
d128h2L2,492160,3584,llm_compression_arxiv_math,2,7.455087582270305,4
d128h2L2,492160,3584,llm_compression_arxiv_math,3,7.402853488922119,4
d128h2L2,492160,3584,llm_compression_arxiv_math,4,7.373373031616211,4
d128h2L2,492160,3584,esc50_pcm8,1,4.813195466995239,4
d128h2L2,492160,3584,esc50_pcm8,2,4.561126232147217,4
d128h2L2,492160,3584,esc50_pcm8,3,4.464330554008484,4
d128h2L2,492160,3584,esc50_pcm8,4,4.410696983337402,4
d128h2L2,492160,3584,esc50_pcm8_11khz,1,5.203799247741699,4
d128h2L2,492160,3584,esc50_pcm8_11khz,2,4.983529090881348,4
d128h2L2,492160,3584,esc50_pcm8_11khz,3,4.900667428970337,4
d128h2L2,492160,3584,esc50_pcm8_11khz,4,4.856236934661865,4
d128h2L2,492160,3584,musicnet_pcm8,1,6.9555903673172,4
d128h2L2,492160,3584,musicnet_pcm8,2,6.7473249435424805,4
d128h2L2,492160,3584,musicnet_pcm8,3,6.648098826408386,4
d128h2L2,492160,3584,musicnet_pcm8,4,6.587427616119385,4
d128h2L2,492160,3584,musicnet_pcm8_11khz,1,6.473791241645813,4
d128h2L2,492160,3584,musicnet_pcm8_11khz,2,6.28603212038676,4
d128h2L2,492160,3584,musicnet_pcm8_11khz,3,6.208065748214722,4
d128h2L2,492160,3584,musicnet_pcm8_11khz,4,6.163629055023193,4
d128h2L2,492160,3840,dclm,1,7.542256712913513,4
d128h2L2,492160,3840,dclm,2,7.3015860716501875,4
d128h2L2,492160,3840,dclm,3,7.221711158752441,4
d128h2L2,492160,3840,dclm,4,7.18243932723999,4
d128h2L2,492160,3840,dclm_ranked,1,6.179238438606262,4
d128h2L2,492160,3840,dclm_ranked,2,5.802092472712199,4
d128h2L2,492160,3840,dclm_ranked,3,5.668009877204895,4
d128h2L2,492160,3840,dclm_ranked,4,5.597837448120117,4
d128h2L2,492160,3840,dna,1,4.039800584316254,4
d128h2L2,492160,3840,dna,2,3.4676154057184854,4
d128h2L2,492160,3840,dna,3,3.2691327929496765,4
d128h2L2,492160,3840,dna,4,3.1660337448120117,4
d128h2L2,492160,3840,arithmetic,1,7.824550151824951,4
d128h2L2,492160,3840,arithmetic,2,7.778463045756022,4
d128h2L2,492160,3840,arithmetic,3,7.761183023452759,4
d128h2L2,492160,3840,arithmetic,4,7.7517924308776855,4
d128h2L2,492160,3840,audio_8bit,1,4.584934711456299,4
d128h2L2,492160,3840,audio_8bit,2,4.186243772506714,4
d128h2L2,492160,3840,audio_8bit,3,4.044903218746185,4
d128h2L2,492160,3840,audio_8bit,4,3.973130226135254,4
d128h2L2,492160,3840,audio_16bit,1,6.379997491836548,4
d128h2L2,492160,3840,audio_16bit,2,6.204624970753987,4
d128h2L2,492160,3840,audio_16bit,3,6.1465253829956055,4
d128h2L2,492160,3840,audio_16bit,4,6.1178083419799805,4
d128h2L2,492160,3840,speech_commands_pcm8,1,4.771774649620056,4
d128h2L2,492160,3840,speech_commands_pcm8,2,4.319802125295003,4
d128h2L2,492160,3840,speech_commands_pcm8,3,4.172666072845459,4
d128h2L2,492160,3840,speech_commands_pcm8,4,4.092769145965576,4
d128h2L2,492160,3840,speech_commands_pcm8_8khz,1,4.612477898597717,4
d128h2L2,492160,3840,speech_commands_pcm8_8khz,2,4.039974053700765,4
d128h2L2,492160,3840,speech_commands_pcm8_8khz,3,3.862320065498352,4
d128h2L2,492160,3840,speech_commands_pcm8_8khz,4,3.767078161239624,4
d128h2L2,492160,3840,mutopia_melody_16th,1,4.845470905303955,4
d128h2L2,492160,3840,mutopia_melody_16th,2,4.471259593963623,4
d128h2L2,492160,3840,mutopia_melody_16th,3,4.346450090408325,4
d128h2L2,492160,3840,mutopia_melody_16th,4,4.288046360015869,4
d128h2L2,492160,3840,cifar10_rgb_planar,1,7.781038522720337,4
d128h2L2,492160,3840,cifar10_rgb_planar,2,7.727967898050944,4
d128h2L2,492160,3840,cifar10_rgb_planar,3,7.707553744316101,4
d128h2L2,492160,3840,cifar10_rgb_planar,4,7.6962504386901855,4
d128h2L2,492160,3840,cifar10_rgb_hwc,1,7.748833179473877,4
d128h2L2,492160,3840,cifar10_rgb_hwc,2,7.700719277064006,4
d128h2L2,492160,3840,cifar10_rgb_hwc,3,7.681984186172485,4
d128h2L2,492160,3840,cifar10_rgb_hwc,4,7.671360492706299,4
d128h2L2,492160,3840,kolmogorov_text,1,7.609063267707825,4
d128h2L2,492160,3840,kolmogorov_text,2,7.422166109085083,4
d128h2L2,492160,3840,kolmogorov_text,3,7.358739972114563,4
d128h2L2,492160,3840,kolmogorov_text,4,7.326855659484863,4
d128h2L2,492160,3840,kolmogorov_dna,1,3.696261763572693,4
d128h2L2,492160,3840,kolmogorov_dna,2,3.245027502377828,4
d128h2L2,492160,3840,kolmogorov_dna,3,3.095556318759918,4
d128h2L2,492160,3840,kolmogorov_dna,4,3.0190634727478027,4
d128h2L2,492160,3840,metamath,1,7.433706879615784,4
d128h2L2,492160,3840,metamath,2,7.216678619384766,4
d128h2L2,492160,3840,metamath,3,7.13916289806366,4
d128h2L2,492160,3840,metamath,4,7.0977349281311035,4
d128h2L2,492160,3840,aitdcc_a_protein,1,7.4176342487335205,4
d128h2L2,492160,3840,aitdcc_a_protein,2,7.254416386286418,4
d128h2L2,492160,3840,aitdcc_a_protein,3,7.1848366260528564,4
d128h2L2,492160,3840,aitdcc_a_protein,4,7.143461227416992,4
d128h2L2,492160,3840,aitdcc_b_c_source,1,7.744001269340515,4
d128h2L2,492160,3840,aitdcc_b_c_source,2,7.6376133759816485,4
d128h2L2,492160,3840,aitdcc_b_c_source,3,7.601353287696838,4
d128h2L2,492160,3840,aitdcc_b_c_source,4,7.582190036773682,4
d128h2L2,492160,3840,aitdcc_d_glibc_rand,1,8.04817795753479,4
d128h2L2,492160,3840,aitdcc_d_glibc_rand,2,8.030208269755045,4
d128h2L2,492160,3840,aitdcc_d_glibc_rand,3,8.024313926696777,4
d128h2L2,492160,3840,aitdcc_d_glibc_rand,4,8.021329879760742,4
d128h2L2,492160,3840,aitdcc_e_atlas_float32,1,7.832280993461609,4
d128h2L2,492160,3840,aitdcc_e_atlas_float32,2,7.799558798472087,4
d128h2L2,492160,3840,aitdcc_e_atlas_float32,3,7.786080956459045,4
d128h2L2,492160,3840,aitdcc_e_atlas_float32,4,7.778316497802734,4
d128h2L2,492160,3840,aitdcc_g_astronomy,1,3.9833497405052185,4
d128h2L2,492160,3840,aitdcc_g_astronomy,2,3.929674506187439,4
d128h2L2,492160,3840,aitdcc_g_astronomy,3,3.911230444908142,4
d128h2L2,492160,3840,aitdcc_g_astronomy,4,3.901397228240967,4
d128h2L2,492160,3840,llm_compression_python,1,7.318026185035706,4
d128h2L2,492160,3840,llm_compression_python,2,7.036836306254069,4
d128h2L2,492160,3840,llm_compression_python,3,6.9435917139053345,4
d128h2L2,492160,3840,llm_compression_python,4,6.898387908935547,4
d128h2L2,492160,3840,llm_compression_cc,1,7.536136984825134,4
d128h2L2,492160,3840,llm_compression_cc,2,7.30004080136617,4
d128h2L2,492160,3840,llm_compression_cc,3,7.221655011177063,4
d128h2L2,492160,3840,llm_compression_cc,4,7.183088779449463,4
d128h2L2,492160,3840,llm_compression_arxiv_math,1,7.608022451400757,4
d128h2L2,492160,3840,llm_compression_arxiv_math,2,7.4636030197143555,4
d128h2L2,492160,3840,llm_compression_arxiv_math,3,7.413334012031555,4
d128h2L2,492160,3840,llm_compression_arxiv_math,4,7.387061595916748,4
d128h2L2,492160,3840,esc50_pcm8,1,4.859244465827942,4
d128h2L2,492160,3840,esc50_pcm8,2,4.538805405298869,4
d128h2L2,492160,3840,esc50_pcm8,3,4.424693584442139,4
d128h2L2,492160,3840,esc50_pcm8,4,4.3613996505737305,4
d128h2L2,492160,3840,esc50_pcm8_11khz,1,5.269069790840149,4
d128h2L2,492160,3840,esc50_pcm8_11khz,2,4.961552143096924,4
d128h2L2,492160,3840,esc50_pcm8_11khz,3,4.856584072113037,4
d128h2L2,492160,3840,esc50_pcm8_11khz,4,4.799110412597656,4
d128h2L2,492160,3840,musicnet_pcm8,1,6.9761883020401,4
d128h2L2,492160,3840,musicnet_pcm8,2,6.752875169118245,4
d128h2L2,492160,3840,musicnet_pcm8,3,6.642311334609985,4
d128h2L2,492160,3840,musicnet_pcm8,4,6.570833206176758,4
d128h2L2,492160,3840,musicnet_pcm8_11khz,1,6.521919369697571,4
d128h2L2,492160,3840,musicnet_pcm8_11khz,2,6.28893518447876,4
d128h2L2,492160,3840,musicnet_pcm8_11khz,3,6.198590159416199,4
d128h2L2,492160,3840,musicnet_pcm8_11khz,4,6.146717071533203,4
d128h2L2,492160,4096,dclm,1,7.595045328140259,4
d128h2L2,492160,4096,dclm,2,7.411351601282756,4
d128h2L2,492160,4096,dclm,3,7.337394118309021,4
d128h2L2,492160,4096,dclm,4,7.292531967163086,4
d128h2L2,492160,4096,dclm_ranked,1,6.546249270439148,4
d128h2L2,492160,4096,dclm_ranked,2,6.071427186330159,4
d128h2L2,492160,4096,dclm_ranked,3,5.885013580322266,4
d128h2L2,492160,4096,dclm_ranked,4,5.785192966461182,4
d128h2L2,492160,4096,dna,1,4.228043496608734,4
d128h2L2,492160,4096,dna,2,3.5923297007878623,4
d128h2L2,492160,4096,dna,3,3.367345929145813,4
d128h2L2,492160,4096,dna,4,3.2519724369049072,4
d128h2L2,492160,4096,arithmetic,1,7.852484583854675,4
d128h2L2,492160,4096,arithmetic,2,7.795873483022054,4
d128h2L2,492160,4096,arithmetic,3,7.776410341262817,4
d128h2L2,492160,4096,arithmetic,4,7.766757011413574,4
d128h2L2,492160,4096,audio_8bit,1,4.762655973434448,4
d128h2L2,492160,4096,audio_8bit,2,4.329473654429118,4
d128h2L2,492160,4096,audio_8bit,3,4.173999071121216,4
d128h2L2,492160,4096,audio_8bit,4,4.093241214752197,4
d128h2L2,492160,4096,audio_16bit,1,6.534580826759338,4
d128h2L2,492160,4096,audio_16bit,2,6.297797203063965,4
d128h2L2,492160,4096,audio_16bit,3,6.219154238700867,4
d128h2L2,492160,4096,audio_16bit,4,6.17896032333374,4
d128h2L2,492160,4096,speech_commands_pcm8,1,4.532353043556213,4
d128h2L2,492160,4096,speech_commands_pcm8,2,4.219593286514282,4
d128h2L2,492160,4096,speech_commands_pcm8,3,4.101210355758667,4
d128h2L2,492160,4096,speech_commands_pcm8,4,4.047302722930908,4
d128h2L2,492160,4096,speech_commands_pcm8_8khz,1,4.259624540805817,4
d128h2L2,492160,4096,speech_commands_pcm8_8khz,2,3.895142157872518,4
d128h2L2,492160,4096,speech_commands_pcm8_8khz,3,3.759997010231018,4
d128h2L2,492160,4096,speech_commands_pcm8_8khz,4,3.703867197036743,4
d128h2L2,492160,4096,mutopia_melody_16th,1,4.829244017601013,4
d128h2L2,492160,4096,mutopia_melody_16th,2,4.542923370997111,4
d128h2L2,492160,4096,mutopia_melody_16th,3,4.447989344596863,4
d128h2L2,492160,4096,mutopia_melody_16th,4,4.397801876068115,4
d128h2L2,492160,4096,cifar10_rgb_planar,1,7.80240797996521,4
d128h2L2,492160,4096,cifar10_rgb_planar,2,7.7382785479227705,4
d128h2L2,492160,4096,cifar10_rgb_planar,3,7.715074181556702,4
d128h2L2,492160,4096,cifar10_rgb_planar,4,7.702680587768555,4
d128h2L2,492160,4096,cifar10_rgb_hwc,1,7.772130727767944,4
d128h2L2,492160,4096,cifar10_rgb_hwc,2,7.712731997172038,4
d128h2L2,492160,4096,cifar10_rgb_hwc,3,7.691313147544861,4
d128h2L2,492160,4096,cifar10_rgb_hwc,4,7.679826259613037,4
d128h2L2,492160,4096,kolmogorov_text,1,7.652237892150879,4
d128h2L2,492160,4096,kolmogorov_text,2,7.496122678120931,4
d128h2L2,492160,4096,kolmogorov_text,3,7.433074474334717,4
d128h2L2,492160,4096,kolmogorov_text,4,7.395251750946045,4
d128h2L2,492160,4096,kolmogorov_dna,1,4.089466750621796,4
d128h2L2,492160,4096,kolmogorov_dna,2,3.523202061653137,4
d128h2L2,492160,4096,kolmogorov_dna,3,3.3338521122932434,4
d128h2L2,492160,4096,kolmogorov_dna,4,3.238190174102783,4
d128h2L2,492160,4096,metamath,1,7.569358825683594,4
d128h2L2,492160,4096,metamath,2,7.313356320063273,4
d128h2L2,492160,4096,metamath,3,7.222256183624268,4
d128h2L2,492160,4096,metamath,4,7.17464017868042,4
d128h2L2,492160,4096,aitdcc_a_protein,1,7.538177490234375,4
d128h2L2,492160,4096,aitdcc_a_protein,2,7.38446847597758,4
d128h2L2,492160,4096,aitdcc_a_protein,3,7.319449305534363,4
d128h2L2,492160,4096,aitdcc_a_protein,4,7.280577182769775,4
d128h2L2,492160,4096,aitdcc_b_c_source,1,7.767880439758301,4
d128h2L2,492160,4096,aitdcc_b_c_source,2,7.6636152267456055,4
d128h2L2,492160,4096,aitdcc_b_c_source,3,7.62498927116394,4
d128h2L2,492160,4096,aitdcc_b_c_source,4,7.6032304763793945,4
d128h2L2,492160,4096,aitdcc_d_glibc_rand,1,8.085276365280151,4
d128h2L2,492160,4096,aitdcc_d_glibc_rand,2,8.05001958211263,4
d128h2L2,492160,4096,aitdcc_d_glibc_rand,3,8.038285970687866,4
d128h2L2,492160,4096,aitdcc_d_glibc_rand,4,8.032306671142578,4
d128h2L2,492160,4096,aitdcc_e_atlas_float32,1,7.80444860458374,4
d128h2L2,492160,4096,aitdcc_e_atlas_float32,2,7.738841613133748,4
d128h2L2,492160,4096,aitdcc_e_atlas_float32,3,7.711754202842712,4
d128h2L2,492160,4096,aitdcc_e_atlas_float32,4,7.696103096008301,4
d128h2L2,492160,4096,aitdcc_g_astronomy,1,4.299361824989319,4
d128h2L2,492160,4096,aitdcc_g_astronomy,2,4.162379105885823,4
d128h2L2,492160,4096,aitdcc_g_astronomy,3,4.122462868690491,4
d128h2L2,492160,4096,aitdcc_g_astronomy,4,4.102851867675781,4
d128h2L2,492160,4096,llm_compression_python,1,7.2785804271698,4
d128h2L2,492160,4096,llm_compression_python,2,7.008333047231038,4
d128h2L2,492160,4096,llm_compression_python,3,6.8991745710372925,4
d128h2L2,492160,4096,llm_compression_python,4,6.837491989135742,4
d128h2L2,492160,4096,llm_compression_cc,1,7.596881628036499,4
d128h2L2,492160,4096,llm_compression_cc,2,7.416617075602214,4
d128h2L2,492160,4096,llm_compression_cc,3,7.343582034111023,4
d128h2L2,492160,4096,llm_compression_cc,4,7.298952102661133,4
d128h2L2,492160,4096,llm_compression_arxiv_math,1,7.649642586708069,4
d128h2L2,492160,4096,llm_compression_arxiv_math,2,7.5214065710703535,4
d128h2L2,492160,4096,llm_compression_arxiv_math,3,7.471075773239136,4
d128h2L2,492160,4096,llm_compression_arxiv_math,4,7.441504001617432,4
d128h2L2,492160,4096,esc50_pcm8,1,4.747411608695984,4
d128h2L2,492160,4096,esc50_pcm8,2,4.490227063496907,4
d128h2L2,492160,4096,esc50_pcm8,3,4.3911906480789185,4
d128h2L2,492160,4096,esc50_pcm8,4,4.33937406539917,4
d128h2L2,492160,4096,esc50_pcm8_11khz,1,5.111170768737793,4
d128h2L2,492160,4096,esc50_pcm8_11khz,2,4.873928070068359,4
d128h2L2,492160,4096,esc50_pcm8_11khz,3,4.780638098716736,4
d128h2L2,492160,4096,esc50_pcm8_11khz,4,4.732570171356201,4
d128h2L2,492160,4096,musicnet_pcm8,1,6.954045653343201,4
d128h2L2,492160,4096,musicnet_pcm8,2,6.759355465571086,4
d128h2L2,492160,4096,musicnet_pcm8,3,6.669569492340088,4
d128h2L2,492160,4096,musicnet_pcm8,4,6.6144700050354,4
d128h2L2,492160,4096,musicnet_pcm8_11khz,1,6.383249640464783,4
d128h2L2,492160,4096,musicnet_pcm8_11khz,2,6.183420896530151,4
d128h2L2,492160,4096,musicnet_pcm8_11khz,3,6.095081925392151,4
d128h2L2,492160,4096,musicnet_pcm8_11khz,4,6.044796466827393,4
d128h2L2,492160,4352,dclm,1,7.701948642730713,4
d128h2L2,492160,4352,dclm,2,7.335861603418986,4
d128h2L2,492160,4352,dclm,3,7.223905801773071,4
d128h2L2,492160,4352,dclm,4,7.1622209548950195,4
d128h2L2,492160,4352,dclm_ranked,1,6.305125713348389,4
d128h2L2,492160,4352,dclm_ranked,2,5.884195327758789,4
d128h2L2,492160,4352,dclm_ranked,3,5.728824973106384,4
d128h2L2,492160,4352,dclm_ranked,4,5.646101474761963,4
d128h2L2,492160,4352,dna,1,3.978895843029022,4
d128h2L2,492160,4352,dna,2,3.3416425387064614,4
d128h2L2,492160,4352,dna,3,3.123244881629944,4
d128h2L2,492160,4352,dna,4,3.010110855102539,4
d128h2L2,492160,4352,arithmetic,1,7.902310490608215,4
d128h2L2,492160,4352,arithmetic,2,7.806323210398356,4
d128h2L2,492160,4352,arithmetic,3,7.773047089576721,4
d128h2L2,492160,4352,arithmetic,4,7.755043029785156,4
d128h2L2,492160,4352,audio_8bit,1,4.6912147998809814,4
d128h2L2,492160,4352,audio_8bit,2,4.23048750559489,4
d128h2L2,492160,4352,audio_8bit,3,4.068803071975708,4
d128h2L2,492160,4352,audio_8bit,4,3.986124038696289,4
d128h2L2,492160,4352,audio_16bit,1,6.57097852230072,4
d128h2L2,492160,4352,audio_16bit,2,6.3282497723897295,4
d128h2L2,492160,4352,audio_16bit,3,6.249891638755798,4
d128h2L2,492160,4352,audio_16bit,4,6.210770130157471,4
d128h2L2,492160,4352,speech_commands_pcm8,1,5.0407997369766235,4
d128h2L2,492160,4352,speech_commands_pcm8,2,4.551679293314616,4
d128h2L2,492160,4352,speech_commands_pcm8,3,4.367823958396912,4
d128h2L2,492160,4352,speech_commands_pcm8,4,4.264994144439697,4
d128h2L2,492160,4352,speech_commands_pcm8_8khz,1,4.90359765291214,4
d128h2L2,492160,4352,speech_commands_pcm8_8khz,2,4.357571840286255,4
d128h2L2,492160,4352,speech_commands_pcm8_8khz,3,4.14896833896637,4
d128h2L2,492160,4352,speech_commands_pcm8_8khz,4,4.031799793243408,4
d128h2L2,492160,4352,mutopia_melody_16th,1,5.4314656257629395,4
d128h2L2,492160,4352,mutopia_melody_16th,2,4.635930220286052,4
d128h2L2,492160,4352,mutopia_melody_16th,3,4.346686601638794,4
d128h2L2,492160,4352,mutopia_melody_16th,4,4.236184597015381,4
d128h2L2,492160,4352,cifar10_rgb_planar,1,7.828898787498474,4
d128h2L2,492160,4352,cifar10_rgb_planar,2,7.731393655141194,4
d128h2L2,492160,4352,cifar10_rgb_planar,3,7.696006178855896,4
d128h2L2,492160,4352,cifar10_rgb_planar,4,7.676325798034668,4
d128h2L2,492160,4352,cifar10_rgb_hwc,1,7.797128438949585,4
d128h2L2,492160,4352,cifar10_rgb_hwc,2,7.703180154164632,4
d128h2L2,492160,4352,cifar10_rgb_hwc,3,7.6696929931640625,4
d128h2L2,492160,4352,cifar10_rgb_hwc,4,7.651024341583252,4
d128h2L2,492160,4352,kolmogorov_text,1,7.73150110244751,4
d128h2L2,492160,4352,kolmogorov_text,2,7.42785366376241,4
d128h2L2,492160,4352,kolmogorov_text,3,7.327452182769775,4
d128h2L2,492160,4352,kolmogorov_text,4,7.270723342895508,4
d128h2L2,492160,4352,kolmogorov_dna,1,3.8415094017982483,4
d128h2L2,492160,4352,kolmogorov_dna,2,3.2746752500534058,4
d128h2L2,492160,4352,kolmogorov_dna,3,3.0783207416534424,4
d128h2L2,492160,4352,kolmogorov_dna,4,2.977916717529297,4
d128h2L2,492160,4352,metamath,1,7.708022713661194,4
d128h2L2,492160,4352,metamath,2,7.338041543960571,4
d128h2L2,492160,4352,metamath,3,7.220284461975098,4
d128h2L2,492160,4352,metamath,4,7.158815860748291,4
d128h2L2,492160,4352,aitdcc_a_protein,1,7.567992806434631,4
d128h2L2,492160,4352,aitdcc_a_protein,2,7.324935515721639,4
d128h2L2,492160,4352,aitdcc_a_protein,3,7.231486439704895,4
d128h2L2,492160,4352,aitdcc_a_protein,4,7.176704406738281,4
d128h2L2,492160,4352,aitdcc_b_c_source,1,7.819879174232483,4
d128h2L2,492160,4352,aitdcc_b_c_source,2,7.622403144836426,4
d128h2L2,492160,4352,aitdcc_b_c_source,3,7.557433366775513,4
d128h2L2,492160,4352,aitdcc_b_c_source,4,7.521668910980225,4
d128h2L2,492160,4352,aitdcc_d_glibc_rand,1,8.146432638168335,4
d128h2L2,492160,4352,aitdcc_d_glibc_rand,2,8.084882418314615,4
d128h2L2,492160,4352,aitdcc_d_glibc_rand,3,8.065149307250977,4
d128h2L2,492160,4352,aitdcc_d_glibc_rand,4,8.054627418518066,4
d128h2L2,492160,4352,aitdcc_e_atlas_float32,1,7.736321926116943,4
d128h2L2,492160,4352,aitdcc_e_atlas_float32,2,7.605516195297241,4
d128h2L2,492160,4352,aitdcc_e_atlas_float32,3,7.555025696754456,4
d128h2L2,492160,4352,aitdcc_e_atlas_float32,4,7.5255045890808105,4
d128h2L2,492160,4352,aitdcc_g_astronomy,1,4.693281590938568,4
d128h2L2,492160,4352,aitdcc_g_astronomy,2,4.329280773798625,4
d128h2L2,492160,4352,aitdcc_g_astronomy,3,4.225638449192047,4
d128h2L2,492160,4352,aitdcc_g_astronomy,4,4.171614170074463,4
d128h2L2,492160,4352,llm_compression_python,1,7.2489635944366455,4
d128h2L2,492160,4352,llm_compression_python,2,6.838778098424275,4
d128h2L2,492160,4352,llm_compression_python,3,6.71795654296875,4
d128h2L2,492160,4352,llm_compression_python,4,6.6566009521484375,4
d128h2L2,492160,4352,llm_compression_cc,1,7.699019551277161,4
d128h2L2,492160,4352,llm_compression_cc,2,7.336712121963501,4
d128h2L2,492160,4352,llm_compression_cc,3,7.224897384643555,4
d128h2L2,492160,4352,llm_compression_cc,4,7.163092613220215,4
d128h2L2,492160,4352,llm_compression_arxiv_math,1,7.7405619621276855,4
d128h2L2,492160,4352,llm_compression_arxiv_math,2,7.502287944157918,4
d128h2L2,492160,4352,llm_compression_arxiv_math,3,7.426789402961731,4
d128h2L2,492160,4352,llm_compression_arxiv_math,4,7.38595724105835,4
d128h2L2,492160,4352,esc50_pcm8,1,5.136928915977478,4
d128h2L2,492160,4352,esc50_pcm8,2,4.710906823476155,4
d128h2L2,492160,4352,esc50_pcm8,3,4.556485295295715,4
d128h2L2,492160,4352,esc50_pcm8,4,4.471836566925049,4
d128h2L2,492160,4352,esc50_pcm8_11khz,1,5.454232692718506,4
d128h2L2,492160,4352,esc50_pcm8_11khz,2,5.081202904383342,4
d128h2L2,492160,4352,esc50_pcm8_11khz,3,4.935883402824402,4
d128h2L2,492160,4352,esc50_pcm8_11khz,4,4.853712558746338,4
d128h2L2,492160,4352,musicnet_pcm8,1,6.898347496986389,4
d128h2L2,492160,4352,musicnet_pcm8,2,6.597289641698201,4
d128h2L2,492160,4352,musicnet_pcm8,3,6.460343718528748,4
d128h2L2,492160,4352,musicnet_pcm8,4,6.3744215965271,4
d128h2L2,492160,4352,musicnet_pcm8_11khz,1,6.511662006378174,4
d128h2L2,492160,4352,musicnet_pcm8_11khz,2,6.2126054763793945,4
d128h2L2,492160,4352,musicnet_pcm8_11khz,3,6.085654377937317,4
d128h2L2,492160,4352,musicnet_pcm8_11khz,4,6.0093207359313965,4
d128h2L2,492160,4608,dclm,1,7.555652379989624,4
d128h2L2,492160,4608,dclm,2,7.392563581466675,4
d128h2L2,492160,4608,dclm,3,7.329773902893066,4
d128h2L2,492160,4608,dclm,4,7.294736385345459,4
d128h2L2,492160,4608,dclm_ranked,1,6.135147929191589,4
d128h2L2,492160,4608,dclm_ranked,2,5.7993723551432295,4
d128h2L2,492160,4608,dclm_ranked,3,5.6778504848480225,4
d128h2L2,492160,4608,dclm_ranked,4,5.614819049835205,4
d128h2L2,492160,4608,dna,1,3.886652946472168,4
d128h2L2,492160,4608,dna,2,3.338728944460551,4
d128h2L2,492160,4608,dna,3,3.1489263772964478,4
d128h2L2,492160,4608,dna,4,3.048997163772583,4
d128h2L2,492160,4608,arithmetic,1,7.8018025159835815,4
d128h2L2,492160,4608,arithmetic,2,7.738237063090007,4
d128h2L2,492160,4608,arithmetic,3,7.715579867362976,4
d128h2L2,492160,4608,arithmetic,4,7.702901363372803,4
d128h2L2,492160,4608,audio_8bit,1,4.482183575630188,4
d128h2L2,492160,4608,audio_8bit,2,4.111902395884196,4
d128h2L2,492160,4608,audio_8bit,3,3.9849774837493896,4
d128h2L2,492160,4608,audio_8bit,4,3.921915292739868,4
d128h2L2,492160,4608,audio_16bit,1,6.392731785774231,4
d128h2L2,492160,4608,audio_16bit,2,6.225604136784871,4
d128h2L2,492160,4608,audio_16bit,3,6.170503854751587,4
d128h2L2,492160,4608,audio_16bit,4,6.14282751083374,4
d128h2L2,492160,4608,speech_commands_pcm8,1,4.708128988742828,4
d128h2L2,492160,4608,speech_commands_pcm8,2,4.328428705533345,4
d128h2L2,492160,4608,speech_commands_pcm8,3,4.194798707962036,4
d128h2L2,492160,4608,speech_commands_pcm8,4,4.122395038604736,4
d128h2L2,492160,4608,speech_commands_pcm8_8khz,1,4.510554373264313,4
d128h2L2,492160,4608,speech_commands_pcm8_8khz,2,4.091359694798787,4
d128h2L2,492160,4608,speech_commands_pcm8_8khz,3,3.9438965916633606,4
d128h2L2,492160,4608,speech_commands_pcm8_8khz,4,3.8644614219665527,4
d128h2L2,492160,4608,mutopia_melody_16th,1,4.954909443855286,4
d128h2L2,492160,4608,mutopia_melody_16th,2,4.434668064117432,4
d128h2L2,492160,4608,mutopia_melody_16th,3,4.281071066856384,4
d128h2L2,492160,4608,mutopia_melody_16th,4,4.195696830749512,4
d128h2L2,492160,4608,cifar10_rgb_planar,1,7.766329288482666,4
d128h2L2,492160,4608,cifar10_rgb_planar,2,7.6958513259887695,4
d128h2L2,492160,4608,cifar10_rgb_planar,3,7.6692938804626465,4
d128h2L2,492160,4608,cifar10_rgb_planar,4,7.6547322273254395,4
d128h2L2,492160,4608,cifar10_rgb_hwc,1,7.739320874214172,4
d128h2L2,492160,4608,cifar10_rgb_hwc,2,7.672643582026164,4
d128h2L2,492160,4608,cifar10_rgb_hwc,3,7.64774215221405,4
d128h2L2,492160,4608,cifar10_rgb_hwc,4,7.634069919586182,4
d128h2L2,492160,4608,kolmogorov_text,1,7.628182768821716,4
d128h2L2,492160,4608,kolmogorov_text,2,7.484066009521484,4
d128h2L2,492160,4608,kolmogorov_text,3,7.427280783653259,4
d128h2L2,492160,4608,kolmogorov_text,4,7.394882678985596,4
d128h2L2,492160,4608,kolmogorov_dna,1,3.8768754601478577,4
d128h2L2,492160,4608,kolmogorov_dna,2,3.2921374638875327,4
d128h2L2,492160,4608,kolmogorov_dna,3,3.0921469926834106,4
d128h2L2,492160,4608,kolmogorov_dna,4,2.9881913661956787,4
d128h2L2,492160,4608,metamath,1,7.414651393890381,4
d128h2L2,492160,4608,metamath,2,7.216864188512166,4
d128h2L2,492160,4608,metamath,3,7.140962719917297,4
d128h2L2,492160,4608,metamath,4,7.099745273590088,4
d128h2L2,492160,4608,aitdcc_a_protein,1,7.373947978019714,4
d128h2L2,492160,4608,aitdcc_a_protein,2,7.241422891616821,4
d128h2L2,492160,4608,aitdcc_a_protein,3,7.184023499488831,4
d128h2L2,492160,4608,aitdcc_a_protein,4,7.149876594543457,4
d128h2L2,492160,4608,aitdcc_b_c_source,1,7.751468896865845,4
d128h2L2,492160,4608,aitdcc_b_c_source,2,7.646411816279094,4
d128h2L2,492160,4608,aitdcc_b_c_source,3,7.6066343784332275,4
d128h2L2,492160,4608,aitdcc_b_c_source,4,7.584386825561523,4
d128h2L2,492160,4608,aitdcc_d_glibc_rand,1,8.088791608810425,4
d128h2L2,492160,4608,aitdcc_d_glibc_rand,2,8.05326541264852,4
d128h2L2,492160,4608,aitdcc_d_glibc_rand,3,8.041214227676392,4
d128h2L2,492160,4608,aitdcc_d_glibc_rand,4,8.03492546081543,4
d128h2L2,492160,4608,aitdcc_e_atlas_float32,1,7.7324899435043335,4
d128h2L2,492160,4608,aitdcc_e_atlas_float32,2,7.6295318603515625,4
d128h2L2,492160,4608,aitdcc_e_atlas_float32,3,7.584967732429504,4
d128h2L2,492160,4608,aitdcc_e_atlas_float32,4,7.559136390686035,4
d128h2L2,492160,4608,aitdcc_g_astronomy,1,4.357946276664734,4
d128h2L2,492160,4608,aitdcc_g_astronomy,2,4.152200261751811,4
d128h2L2,492160,4608,aitdcc_g_astronomy,3,4.083760738372803,4
d128h2L2,492160,4608,aitdcc_g_astronomy,4,4.046787738800049,4
d128h2L2,492160,4608,llm_compression_python,1,7.126079320907593,4
d128h2L2,492160,4608,llm_compression_python,2,6.938682794570923,4
d128h2L2,492160,4608,llm_compression_python,3,6.8738274574279785,4
d128h2L2,492160,4608,llm_compression_python,4,6.84036922454834,4
d128h2L2,492160,4608,llm_compression_cc,1,7.559477925300598,4
d128h2L2,492160,4608,llm_compression_cc,2,7.3968807856241865,4
d128h2L2,492160,4608,llm_compression_cc,3,7.333417296409607,4
d128h2L2,492160,4608,llm_compression_cc,4,7.29777717590332,4
d128h2L2,492160,4608,llm_compression_arxiv_math,1,7.63611364364624,4
d128h2L2,492160,4608,llm_compression_arxiv_math,2,7.513435125350952,4
d128h2L2,492160,4608,llm_compression_arxiv_math,3,7.4662846326828,4
d128h2L2,492160,4608,llm_compression_arxiv_math,4,7.439483642578125,4
d128h2L2,492160,4608,esc50_pcm8,1,4.820928335189819,4
d128h2L2,492160,4608,esc50_pcm8,2,4.487655798594157,4
d128h2L2,492160,4608,esc50_pcm8,3,4.3692885637283325,4
d128h2L2,492160,4608,esc50_pcm8,4,4.304853916168213,4
d128h2L2,492160,4608,esc50_pcm8_11khz,1,5.175537467002869,4
d128h2L2,492160,4608,esc50_pcm8_11khz,2,4.882317066192627,4
d128h2L2,492160,4608,esc50_pcm8_11khz,3,4.7780410051345825,4
d128h2L2,492160,4608,esc50_pcm8_11khz,4,4.721094608306885,4
d128h2L2,492160,4608,musicnet_pcm8,1,6.783709526062012,4
d128h2L2,492160,4608,musicnet_pcm8,2,6.500479141871135,4
d128h2L2,492160,4608,musicnet_pcm8,3,6.378387212753296,4
d128h2L2,492160,4608,musicnet_pcm8,4,6.305923938751221,4
d128h2L2,492160,4608,musicnet_pcm8_11khz,1,6.354485034942627,4
d128h2L2,492160,4608,musicnet_pcm8_11khz,2,6.092012008031209,4
d128h2L2,492160,4608,musicnet_pcm8_11khz,3,5.989501714706421,4
d128h2L2,492160,4608,musicnet_pcm8_11khz,4,5.931012153625488,4
d128h2L2,492160,4864,dclm,1,7.585065484046936,4
d128h2L2,492160,4864,dclm,2,7.381561120351155,4
d128h2L2,492160,4864,dclm,3,7.3224122524261475,4
d128h2L2,492160,4864,dclm,4,7.291208744049072,4
d128h2L2,492160,4864,dclm_ranked,1,6.350670099258423,4
d128h2L2,492160,4864,dclm_ranked,2,5.963289896647136,4
d128h2L2,492160,4864,dclm_ranked,3,5.8176621198654175,4
d128h2L2,492160,4864,dclm_ranked,4,5.740052700042725,4
d128h2L2,492160,4864,dna,1,4.018823206424713,4
d128h2L2,492160,4864,dna,2,3.493573466936747,4
d128h2L2,492160,4864,dna,3,3.302733898162842,4
d128h2L2,492160,4864,dna,4,3.2039244174957275,4
d128h2L2,492160,4864,arithmetic,1,7.790247201919556,4
d128h2L2,492160,4864,arithmetic,2,7.735235770543416,4
d128h2L2,492160,4864,arithmetic,3,7.717309236526489,4
d128h2L2,492160,4864,arithmetic,4,7.708371639251709,4
d128h2L2,492160,4864,audio_8bit,1,4.689417123794556,4
d128h2L2,492160,4864,audio_8bit,2,4.272246678670247,4
d128h2L2,492160,4864,audio_8bit,3,4.116938829421997,4
d128h2L2,492160,4864,audio_8bit,4,4.033405780792236,4
d128h2L2,492160,4864,audio_16bit,1,6.4148677587509155,4
d128h2L2,492160,4864,audio_16bit,2,6.226642370223999,4
d128h2L2,492160,4864,audio_16bit,3,6.1638020277023315,4
d128h2L2,492160,4864,audio_16bit,4,6.131056308746338,4
d128h2L2,492160,4864,speech_commands_pcm8,1,4.531876504421234,4
d128h2L2,492160,4864,speech_commands_pcm8,2,4.2157401243845625,4
d128h2L2,492160,4864,speech_commands_pcm8,3,4.08773797750473,4
d128h2L2,492160,4864,speech_commands_pcm8,4,4.010606288909912,4
d128h2L2,492160,4864,speech_commands_pcm8_8khz,1,4.2925485372543335,4
d128h2L2,492160,4864,speech_commands_pcm8_8khz,2,3.9389413595199585,4
d128h2L2,492160,4864,speech_commands_pcm8_8khz,3,3.800708055496216,4
d128h2L2,492160,4864,speech_commands_pcm8_8khz,4,3.716960906982422,4
d128h2L2,492160,4864,mutopia_melody_16th,1,4.675825238227844,4
d128h2L2,492160,4864,mutopia_melody_16th,2,4.345136324564616,4
d128h2L2,492160,4864,mutopia_melody_16th,3,4.235326766967773,4
d128h2L2,492160,4864,mutopia_melody_16th,4,4.180250644683838,4
d128h2L2,492160,4864,cifar10_rgb_planar,1,7.760521411895752,4
d128h2L2,492160,4864,cifar10_rgb_planar,2,7.695564270019531,4
d128h2L2,492160,4864,cifar10_rgb_planar,3,7.670685529708862,4
d128h2L2,492160,4864,cifar10_rgb_planar,4,7.656650543212891,4
d128h2L2,492160,4864,cifar10_rgb_hwc,1,7.724896192550659,4
d128h2L2,492160,4864,cifar10_rgb_hwc,2,7.666141748428345,4
d128h2L2,492160,4864,cifar10_rgb_hwc,3,7.643352627754211,4
d128h2L2,492160,4864,cifar10_rgb_hwc,4,7.6303391456604,4
d128h2L2,492160,4864,kolmogorov_text,1,7.64401376247406,4
d128h2L2,492160,4864,kolmogorov_text,2,7.477278391520183,4
d128h2L2,492160,4864,kolmogorov_text,3,7.423694610595703,4
d128h2L2,492160,4864,kolmogorov_text,4,7.394247531890869,4
d128h2L2,492160,4864,kolmogorov_dna,1,3.8808813095092773,4
d128h2L2,492160,4864,kolmogorov_dna,2,3.401426076889038,4
d128h2L2,492160,4864,kolmogorov_dna,3,3.2276556491851807,4
d128h2L2,492160,4864,kolmogorov_dna,4,3.1359357833862305,4
d128h2L2,492160,4864,metamath,1,7.498211979866028,4
d128h2L2,492160,4864,metamath,2,7.306068499883016,4
d128h2L2,492160,4864,metamath,3,7.24569034576416,4
d128h2L2,492160,4864,metamath,4,7.215075492858887,4
d128h2L2,492160,4864,aitdcc_a_protein,1,7.392449975013733,4
d128h2L2,492160,4864,aitdcc_a_protein,2,7.270657936731975,4
d128h2L2,492160,4864,aitdcc_a_protein,3,7.224345564842224,4
d128h2L2,492160,4864,aitdcc_a_protein,4,7.198637962341309,4
d128h2L2,492160,4864,aitdcc_b_c_source,1,7.765069842338562,4
d128h2L2,492160,4864,aitdcc_b_c_source,2,7.631013472874959,4
d128h2L2,492160,4864,aitdcc_b_c_source,3,7.587999105453491,4
d128h2L2,492160,4864,aitdcc_b_c_source,4,7.564248085021973,4
d128h2L2,492160,4864,aitdcc_d_glibc_rand,1,8.06809401512146,4
d128h2L2,492160,4864,aitdcc_d_glibc_rand,2,8.040585199991861,4
d128h2L2,492160,4864,aitdcc_d_glibc_rand,3,8.031664371490479,4
d128h2L2,492160,4864,aitdcc_d_glibc_rand,4,8.027106285095215,4
d128h2L2,492160,4864,aitdcc_e_atlas_float32,1,7.811083436012268,4
d128h2L2,492160,4864,aitdcc_e_atlas_float32,2,7.774961948394775,4
d128h2L2,492160,4864,aitdcc_e_atlas_float32,3,7.761804938316345,4
d128h2L2,492160,4864,aitdcc_e_atlas_float32,4,7.754680633544922,4
d128h2L2,492160,4864,aitdcc_g_astronomy,1,4.160324692726135,4
d128h2L2,492160,4864,aitdcc_g_astronomy,2,4.090833822886149,4
d128h2L2,492160,4864,aitdcc_g_astronomy,3,4.066989898681641,4
d128h2L2,492160,4864,aitdcc_g_astronomy,4,4.0541229248046875,4
d128h2L2,492160,4864,llm_compression_python,1,7.187589764595032,4
d128h2L2,492160,4864,llm_compression_python,2,6.935057242711385,4
d128h2L2,492160,4864,llm_compression_python,3,6.844948410987854,4
d128h2L2,492160,4864,llm_compression_python,4,6.795723915100098,4
d128h2L2,492160,4864,llm_compression_cc,1,7.588167667388916,4
d128h2L2,492160,4864,llm_compression_cc,2,7.391997734705607,4
d128h2L2,492160,4864,llm_compression_cc,3,7.334492444992065,4
d128h2L2,492160,4864,llm_compression_cc,4,7.304140090942383,4
d128h2L2,492160,4864,llm_compression_arxiv_math,1,7.631545901298523,4
d128h2L2,492160,4864,llm_compression_arxiv_math,2,7.495518525441487,4
d128h2L2,492160,4864,llm_compression_arxiv_math,3,7.4513877630233765,4
d128h2L2,492160,4864,llm_compression_arxiv_math,4,7.42744779586792,4
d128h2L2,492160,4864,esc50_pcm8,1,4.698608458042145,4
d128h2L2,492160,4864,esc50_pcm8,2,4.4042331377665205,4
d128h2L2,492160,4864,esc50_pcm8,3,4.288769483566284,4
d128h2L2,492160,4864,esc50_pcm8,4,4.223780155181885,4
d128h2L2,492160,4864,esc50_pcm8_11khz,1,5.063054203987122,4
d128h2L2,492160,4864,esc50_pcm8_11khz,2,4.816914955774943,4
d128h2L2,492160,4864,esc50_pcm8_11khz,3,4.722007513046265,4
d128h2L2,492160,4864,esc50_pcm8_11khz,4,4.6681389808654785,4
d128h2L2,492160,4864,musicnet_pcm8,1,6.798605799674988,4
d128h2L2,492160,4864,musicnet_pcm8,2,6.551590442657471,4
d128h2L2,492160,4864,musicnet_pcm8,3,6.430955410003662,4
d128h2L2,492160,4864,musicnet_pcm8,4,6.356364727020264,4
d128h2L2,492160,4864,musicnet_pcm8_11khz,1,6.286367416381836,4
d128h2L2,492160,4864,musicnet_pcm8_11khz,2,6.079966465632121,4
d128h2L2,492160,4864,musicnet_pcm8_11khz,3,5.989545106887817,4
d128h2L2,492160,4864,musicnet_pcm8_11khz,4,5.936130523681641,4
d128h2L2,492160,5120,dclm,1,7.681002140045166,4
d128h2L2,492160,5120,dclm,2,7.456368764241536,4
d128h2L2,492160,5120,dclm,3,7.387271761894226,4
d128h2L2,492160,5120,dclm,4,7.349345684051514,4
d128h2L2,492160,5120,dclm_ranked,1,6.382592082023621,4
d128h2L2,492160,5120,dclm_ranked,2,5.9446500937143965,4
d128h2L2,492160,5120,dclm_ranked,3,5.783529281616211,4
d128h2L2,492160,5120,dclm_ranked,4,5.698766231536865,4
d128h2L2,492160,5120,dna,1,4.14488822221756,4
d128h2L2,492160,5120,dna,2,3.5271319150924683,4
d128h2L2,492160,5120,dna,3,3.3061386346817017,4
d128h2L2,492160,5120,dna,4,3.19022274017334,4
d128h2L2,492160,5120,arithmetic,1,7.793562889099121,4
d128h2L2,492160,5120,arithmetic,2,7.7318205038706465,4
d128h2L2,492160,5120,arithmetic,3,7.710669159889221,4
d128h2L2,492160,5120,arithmetic,4,7.7001118659973145,4
d128h2L2,492160,5120,audio_8bit,1,4.681691527366638,4
d128h2L2,492160,5120,audio_8bit,2,4.246328512827556,4
d128h2L2,492160,5120,audio_8bit,3,4.0855313539505005,4
d128h2L2,492160,5120,audio_8bit,4,3.99784779548645,4
d128h2L2,492160,5120,audio_16bit,1,6.436007380485535,4
d128h2L2,492160,5120,audio_16bit,2,6.227532545725505,4
d128h2L2,492160,5120,audio_16bit,3,6.157077789306641,4
d128h2L2,492160,5120,audio_16bit,4,6.119780540466309,4
d128h2L2,492160,5120,speech_commands_pcm8,1,4.375502169132233,4
d128h2L2,492160,5120,speech_commands_pcm8,2,4.069545229276021,4
d128h2L2,492160,5120,speech_commands_pcm8,3,3.9531546235084534,4
d128h2L2,492160,5120,speech_commands_pcm8,4,3.896206855773926,4
d128h2L2,492160,5120,speech_commands_pcm8_8khz,1,4.104815781116486,4
d128h2L2,492160,5120,speech_commands_pcm8_8khz,2,3.754450718561808,4
d128h2L2,492160,5120,speech_commands_pcm8_8khz,3,3.6312435269355774,4
d128h2L2,492160,5120,speech_commands_pcm8_8khz,4,3.5747292041778564,4
d128h2L2,492160,5120,mutopia_melody_16th,1,4.512027740478516,4
d128h2L2,492160,5120,mutopia_melody_16th,2,4.199920415878296,4
d128h2L2,492160,5120,mutopia_melody_16th,3,4.0915417075157166,4
d128h2L2,492160,5120,mutopia_melody_16th,4,4.032846450805664,4
d128h2L2,492160,5120,cifar10_rgb_planar,1,7.754225015640259,4
d128h2L2,492160,5120,cifar10_rgb_planar,2,7.687320391337077,4
d128h2L2,492160,5120,cifar10_rgb_planar,3,7.662806749343872,4
d128h2L2,492160,5120,cifar10_rgb_planar,4,7.649319171905518,4
d128h2L2,492160,5120,cifar10_rgb_hwc,1,7.722680926322937,4
d128h2L2,492160,5120,cifar10_rgb_hwc,2,7.661559184392293,4
d128h2L2,492160,5120,cifar10_rgb_hwc,3,7.639166355133057,4
d128h2L2,492160,5120,cifar10_rgb_hwc,4,7.626770973205566,4
d128h2L2,492160,5120,kolmogorov_text,1,7.71027946472168,4
d128h2L2,492160,5120,kolmogorov_text,2,7.524649461110433,4
d128h2L2,492160,5120,kolmogorov_text,3,7.462867856025696,4
d128h2L2,492160,5120,kolmogorov_text,4,7.427853584289551,4
d128h2L2,492160,5120,kolmogorov_dna,1,3.9568421840667725,4
d128h2L2,492160,5120,kolmogorov_dna,2,3.3642990986506143,4
d128h2L2,492160,5120,kolmogorov_dna,3,3.1712178587913513,4
d128h2L2,492160,5120,kolmogorov_dna,4,3.069932699203491,4
d128h2L2,492160,5120,metamath,1,7.490071177482605,4
d128h2L2,492160,5120,metamath,2,7.304670890172322,4
d128h2L2,492160,5120,metamath,3,7.238588094711304,4
d128h2L2,492160,5120,metamath,4,7.202849864959717,4
d128h2L2,492160,5120,aitdcc_a_protein,1,7.386202573776245,4
d128h2L2,492160,5120,aitdcc_a_protein,2,7.138489882151286,4
d128h2L2,492160,5120,aitdcc_a_protein,3,7.043756723403931,4
d128h2L2,492160,5120,aitdcc_a_protein,4,6.989429950714111,4
d128h2L2,492160,5120,aitdcc_b_c_source,1,7.795565366744995,4
d128h2L2,492160,5120,aitdcc_b_c_source,2,7.646412293116252,4
d128h2L2,492160,5120,aitdcc_b_c_source,3,7.595812201499939,4
d128h2L2,492160,5120,aitdcc_b_c_source,4,7.566614627838135,4
d128h2L2,492160,5120,aitdcc_d_glibc_rand,1,8.069311618804932,4
d128h2L2,492160,5120,aitdcc_d_glibc_rand,2,8.040311972300211,4
d128h2L2,492160,5120,aitdcc_d_glibc_rand,3,8.031227588653564,4
d128h2L2,492160,5120,aitdcc_d_glibc_rand,4,8.026626586914062,4
d128h2L2,492160,5120,aitdcc_e_atlas_float32,1,7.766711473464966,4
d128h2L2,492160,5120,aitdcc_e_atlas_float32,2,7.70737361907959,4
d128h2L2,492160,5120,aitdcc_e_atlas_float32,3,7.684690356254578,4
d128h2L2,492160,5120,aitdcc_e_atlas_float32,4,7.671497821807861,4
d128h2L2,492160,5120,aitdcc_g_astronomy,1,4.04878556728363,4
d128h2L2,492160,5120,aitdcc_g_astronomy,2,3.9461628595987954,4
d128h2L2,492160,5120,aitdcc_g_astronomy,3,3.9093886613845825,4
d128h2L2,492160,5120,aitdcc_g_astronomy,4,3.8882529735565186,4
d128h2L2,492160,5120,llm_compression_python,1,7.284343361854553,4
d128h2L2,492160,5120,llm_compression_python,2,7.049825986226399,4
d128h2L2,492160,5120,llm_compression_python,3,6.968132138252258,4
d128h2L2,492160,5120,llm_compression_python,4,6.924261569976807,4
d128h2L2,492160,5120,llm_compression_cc,1,7.681077599525452,4
d128h2L2,492160,5120,llm_compression_cc,2,7.460493246714274,4
d128h2L2,492160,5120,llm_compression_cc,3,7.392288327217102,4
d128h2L2,492160,5120,llm_compression_cc,4,7.354523181915283,4
d128h2L2,492160,5120,llm_compression_arxiv_math,1,7.682717323303223,4
d128h2L2,492160,5120,llm_compression_arxiv_math,2,7.526187976201375,4
d128h2L2,492160,5120,llm_compression_arxiv_math,3,7.473423600196838,4
d128h2L2,492160,5120,llm_compression_arxiv_math,4,7.443343162536621,4
d128h2L2,492160,5120,esc50_pcm8,1,4.592347979545593,4
d128h2L2,492160,5120,esc50_pcm8,2,4.324729998906453,4
d128h2L2,492160,5120,esc50_pcm8,3,4.22057569026947,4
d128h2L2,492160,5120,esc50_pcm8,4,4.1641669273376465,4
d128h2L2,492160,5120,esc50_pcm8_11khz,1,4.971315026283264,4
d128h2L2,492160,5120,esc50_pcm8_11khz,2,4.741880973180135,4
d128h2L2,492160,5120,esc50_pcm8_11khz,3,4.65277099609375,4
d128h2L2,492160,5120,esc50_pcm8_11khz,4,4.6053147315979,4
d128h2L2,492160,5120,musicnet_pcm8,1,6.789928436279297,4
d128h2L2,492160,5120,musicnet_pcm8,2,6.572764158248901,4
d128h2L2,492160,5120,musicnet_pcm8,3,6.463260054588318,4
d128h2L2,492160,5120,musicnet_pcm8,4,6.391279220581055,4
d128h2L2,492160,5120,musicnet_pcm8_11khz,1,6.246263384819031,4
d128h2L2,492160,5120,musicnet_pcm8_11khz,2,6.055056810379028,4
d128h2L2,492160,5120,musicnet_pcm8_11khz,3,5.970662593841553,4
d128h2L2,492160,5120,musicnet_pcm8_11khz,4,5.921350955963135,4
d128h2L2,492160,5376,dclm,1,7.493886590003967,4
d128h2L2,492160,5376,dclm,2,7.356804768244426,4
d128h2L2,492160,5376,dclm,3,7.307757377624512,4
d128h2L2,492160,5376,dclm,4,7.281375408172607,4
d128h2L2,492160,5376,dclm_ranked,1,6.213886976242065,4
d128h2L2,492160,5376,dclm_ranked,2,5.802672863006592,4
d128h2L2,492160,5376,dclm_ranked,3,5.645244598388672,4
d128h2L2,492160,5376,dclm_ranked,4,5.5615081787109375,4
d128h2L2,492160,5376,dna,1,4.033371031284332,4
d128h2L2,492160,5376,dna,2,3.3627055486043296,4
d128h2L2,492160,5376,dna,3,3.1213765144348145,4
d128h2L2,492160,5376,dna,4,3.0027191638946533,4
d128h2L2,492160,5376,arithmetic,1,7.769279599189758,4
d128h2L2,492160,5376,arithmetic,2,7.713417132695516,4
d128h2L2,492160,5376,arithmetic,3,7.6924521923065186,4
d128h2L2,492160,5376,arithmetic,4,7.681598663330078,4
d128h2L2,492160,5376,audio_8bit,1,4.3688448667526245,4
d128h2L2,492160,5376,audio_8bit,2,3.931577444076538,4
d128h2L2,492160,5376,audio_8bit,3,3.7835214138031006,4
d128h2L2,492160,5376,audio_8bit,4,3.7074904441833496,4
d128h2L2,492160,5376,audio_16bit,1,6.37044358253479,4
d128h2L2,492160,5376,audio_16bit,2,6.1695556640625,4
d128h2L2,492160,5376,audio_16bit,3,6.099100589752197,4
d128h2L2,492160,5376,audio_16bit,4,6.061964511871338,4
d128h2L2,492160,5376,speech_commands_pcm8,1,4.241968274116516,4
d128h2L2,492160,5376,speech_commands_pcm8,2,3.925756096839905,4
d128h2L2,492160,5376,speech_commands_pcm8,3,3.8095176815986633,4
d128h2L2,492160,5376,speech_commands_pcm8,4,3.752427101135254,4
d128h2L2,492160,5376,speech_commands_pcm8_8khz,1,4.047287106513977,4
d128h2L2,492160,5376,speech_commands_pcm8_8khz,2,3.694251537322998,4
d128h2L2,492160,5376,speech_commands_pcm8_8khz,3,3.5644153356552124,4
d128h2L2,492160,5376,speech_commands_pcm8_8khz,4,3.5018951892852783,4
d128h2L2,492160,5376,mutopia_melody_16th,1,4.585736930370331,4
d128h2L2,492160,5376,mutopia_melody_16th,2,4.146909674008687,4
d128h2L2,492160,5376,mutopia_melody_16th,3,4.000500977039337,4
d128h2L2,492160,5376,mutopia_melody_16th,4,3.919212818145752,4
d128h2L2,492160,5376,cifar10_rgb_planar,1,7.6823389530181885,4
d128h2L2,492160,5376,cifar10_rgb_planar,2,7.6097997824351,4
d128h2L2,492160,5376,cifar10_rgb_planar,3,7.583349347114563,4
d128h2L2,492160,5376,cifar10_rgb_planar,4,7.569132328033447,4
d128h2L2,492160,5376,cifar10_rgb_hwc,1,7.664644956588745,4
d128h2L2,492160,5376,cifar10_rgb_hwc,2,7.598040660222371,4
d128h2L2,492160,5376,cifar10_rgb_hwc,3,7.573431611061096,4
d128h2L2,492160,5376,cifar10_rgb_hwc,4,7.56010627746582,4
d128h2L2,492160,5376,kolmogorov_text,1,7.537020444869995,4
d128h2L2,492160,5376,kolmogorov_text,2,7.404807964960734,4
d128h2L2,492160,5376,kolmogorov_text,3,7.356259822845459,4
d128h2L2,492160,5376,kolmogorov_text,4,7.329972267150879,4
d128h2L2,492160,5376,kolmogorov_dna,1,3.7218931317329407,4
d128h2L2,492160,5376,kolmogorov_dna,2,3.1913124322891235,4
d128h2L2,492160,5376,kolmogorov_dna,3,2.9983842372894287,4
d128h2L2,492160,5376,kolmogorov_dna,4,2.908538341522217,4
d128h2L2,492160,5376,metamath,1,7.362730503082275,4
d128h2L2,492160,5376,metamath,2,7.144123474756877,4
d128h2L2,492160,5376,metamath,3,7.063809156417847,4
d128h2L2,492160,5376,metamath,4,7.02030086517334,4
d128h2L2,492160,5376,aitdcc_a_protein,1,7.603437304496765,4
d128h2L2,492160,5376,aitdcc_a_protein,2,7.262608051300049,4
d128h2L2,492160,5376,aitdcc_a_protein,3,7.133595943450928,4
d128h2L2,492160,5376,aitdcc_a_protein,4,7.057190418243408,4
d128h2L2,492160,5376,aitdcc_b_c_source,1,7.633482098579407,4
d128h2L2,492160,5376,aitdcc_b_c_source,2,7.527431011199951,4
d128h2L2,492160,5376,aitdcc_b_c_source,3,7.488475680351257,4
d128h2L2,492160,5376,aitdcc_b_c_source,4,7.467349052429199,4
d128h2L2,492160,5376,aitdcc_d_glibc_rand,1,8.072589874267578,4
d128h2L2,492160,5376,aitdcc_d_glibc_rand,2,8.042739868164062,4
d128h2L2,492160,5376,aitdcc_d_glibc_rand,3,8.032946586608887,4
d128h2L2,492160,5376,aitdcc_d_glibc_rand,4,8.027975082397461,4
d128h2L2,492160,5376,aitdcc_e_atlas_float32,1,7.721977472305298,4
d128h2L2,492160,5376,aitdcc_e_atlas_float32,2,7.664326906204224,4
d128h2L2,492160,5376,aitdcc_e_atlas_float32,3,7.641511559486389,4
d128h2L2,492160,5376,aitdcc_e_atlas_float32,4,7.6284685134887695,4
d128h2L2,492160,5376,aitdcc_g_astronomy,1,4.217569053173065,4
d128h2L2,492160,5376,aitdcc_g_astronomy,2,4.038748939832051,4
d128h2L2,492160,5376,aitdcc_g_astronomy,3,3.982037842273712,4
d128h2L2,492160,5376,aitdcc_g_astronomy,4,3.9501113891601562,4
d128h2L2,492160,5376,llm_compression_python,1,7.011352062225342,4
d128h2L2,492160,5376,llm_compression_python,2,6.806258360544841,4
d128h2L2,492160,5376,llm_compression_python,3,6.732911825180054,4
d128h2L2,492160,5376,llm_compression_python,4,6.694536209106445,4
d128h2L2,492160,5376,llm_compression_cc,1,7.501163721084595,4
d128h2L2,492160,5376,llm_compression_cc,2,7.365862131118774,4
d128h2L2,492160,5376,llm_compression_cc,3,7.317507386207581,4
d128h2L2,492160,5376,llm_compression_cc,4,7.291366100311279,4
d128h2L2,492160,5376,llm_compression_arxiv_math,1,7.530452609062195,4
d128h2L2,492160,5376,llm_compression_arxiv_math,2,7.418867905934651,4
d128h2L2,492160,5376,llm_compression_arxiv_math,3,7.378792762756348,4
d128h2L2,492160,5376,llm_compression_arxiv_math,4,7.357260227203369,4
d128h2L2,492160,5376,esc50_pcm8,1,4.392137587070465,4
d128h2L2,492160,5376,esc50_pcm8,2,4.104839126269023,4
d128h2L2,492160,5376,esc50_pcm8,3,4.004105508327484,4
d128h2L2,492160,5376,esc50_pcm8,4,3.95353364944458,4
d128h2L2,492160,5376,esc50_pcm8_11khz,1,4.85066831111908,4
d128h2L2,492160,5376,esc50_pcm8_11khz,2,4.60044002532959,4
d128h2L2,492160,5376,esc50_pcm8_11khz,3,4.511329174041748,4
d128h2L2,492160,5376,esc50_pcm8_11khz,4,4.467219829559326,4
d128h2L2,492160,5376,musicnet_pcm8,1,6.40654456615448,4
d128h2L2,492160,5376,musicnet_pcm8,2,6.135376214981079,4
d128h2L2,492160,5376,musicnet_pcm8,3,6.014554023742676,4
d128h2L2,492160,5376,musicnet_pcm8,4,5.943461894989014,4
d128h2L2,492160,5376,musicnet_pcm8_11khz,1,6.060993194580078,4
d128h2L2,492160,5376,musicnet_pcm8_11khz,2,5.8332594235738116,4
d128h2L2,492160,5376,musicnet_pcm8_11khz,3,5.743661403656006,4
d128h2L2,492160,5376,musicnet_pcm8_11khz,4,5.696341037750244,4
d128h2L2,492160,5632,dclm,1,7.509990334510803,4
d128h2L2,492160,5632,dclm,2,7.344212532043457,4
d128h2L2,492160,5632,dclm,3,7.288567304611206,4
d128h2L2,492160,5632,dclm,4,7.260245323181152,4
d128h2L2,492160,5632,dclm_ranked,1,6.519774317741394,4
d128h2L2,492160,5632,dclm_ranked,2,5.933198849360148,4
d128h2L2,492160,5632,dclm_ranked,3,5.717631220817566,4
d128h2L2,492160,5632,dclm_ranked,4,5.600739479064941,4
d128h2L2,492160,5632,dna,1,4.204503893852234,4
d128h2L2,492160,5632,dna,2,3.436261216799418,4
d128h2L2,492160,5632,dna,3,3.1515268683433533,4
d128h2L2,492160,5632,dna,4,3.0040013790130615,4
d128h2L2,492160,5632,arithmetic,1,7.766353964805603,4
d128h2L2,492160,5632,arithmetic,2,7.703798214594523,4
d128h2L2,492160,5632,arithmetic,3,7.681010007858276,4
d128h2L2,492160,5632,arithmetic,4,7.669015884399414,4
d128h2L2,492160,5632,audio_8bit,1,4.663237452507019,4
d128h2L2,492160,5632,audio_8bit,2,4.193702181180318,4
d128h2L2,492160,5632,audio_8bit,3,4.024231553077698,4
d128h2L2,492160,5632,audio_8bit,4,3.933870315551758,4
d128h2L2,492160,5632,audio_16bit,1,6.456356048583984,4
d128h2L2,492160,5632,audio_16bit,2,6.241401036580403,4
d128h2L2,492160,5632,audio_16bit,3,6.165976524353027,4
d128h2L2,492160,5632,audio_16bit,4,6.126319408416748,4
d128h2L2,492160,5632,speech_commands_pcm8,1,4.272275030612946,4
d128h2L2,492160,5632,speech_commands_pcm8,2,3.9335700273513794,4
d128h2L2,492160,5632,speech_commands_pcm8,3,3.79520320892334,4
d128h2L2,492160,5632,speech_commands_pcm8,4,3.7222630977630615,4
d128h2L2,492160,5632,speech_commands_pcm8_8khz,1,4.091140985488892,4
d128h2L2,492160,5632,speech_commands_pcm8_8khz,2,3.705948789914449,4
d128h2L2,492160,5632,speech_commands_pcm8_8khz,3,3.5526079535484314,4
d128h2L2,492160,5632,speech_commands_pcm8_8khz,4,3.4757256507873535,4
d128h2L2,492160,5632,mutopia_melody_16th,1,4.497581958770752,4
d128h2L2,492160,5632,mutopia_melody_16th,2,4.1258546113967896,4
d128h2L2,492160,5632,mutopia_melody_16th,3,3.995620906352997,4
d128h2L2,492160,5632,mutopia_melody_16th,4,3.923459053039551,4
d128h2L2,492160,5632,cifar10_rgb_planar,1,7.69353187084198,4
d128h2L2,492160,5632,cifar10_rgb_planar,2,7.6114145914713545,4
d128h2L2,492160,5632,cifar10_rgb_planar,3,7.580999732017517,4
d128h2L2,492160,5632,cifar10_rgb_planar,4,7.564427852630615,4
d128h2L2,492160,5632,cifar10_rgb_hwc,1,7.6712424755096436,4
d128h2L2,492160,5632,cifar10_rgb_hwc,2,7.597802639007568,4
d128h2L2,492160,5632,cifar10_rgb_hwc,3,7.570630431175232,4
d128h2L2,492160,5632,cifar10_rgb_hwc,4,7.55584716796875,4
d128h2L2,492160,5632,kolmogorov_text,1,7.5679508447647095,4
d128h2L2,492160,5632,kolmogorov_text,2,7.425297260284424,4
d128h2L2,492160,5632,kolmogorov_text,3,7.375890135765076,4
d128h2L2,492160,5632,kolmogorov_text,4,7.350307941436768,4
d128h2L2,492160,5632,kolmogorov_dna,1,4.07018107175827,4
d128h2L2,492160,5632,kolmogorov_dna,2,3.4120000203450522,4
d128h2L2,492160,5632,kolmogorov_dna,3,3.182029664516449,4
d128h2L2,492160,5632,kolmogorov_dna,4,3.0647056102752686,4
d128h2L2,492160,5632,metamath,1,7.451356291770935,4
d128h2L2,492160,5632,metamath,2,7.169516086578369,4
d128h2L2,492160,5632,metamath,3,7.0714839696884155,4
d128h2L2,492160,5632,metamath,4,7.01981258392334,4
d128h2L2,492160,5632,aitdcc_a_protein,1,7.286760091781616,4
d128h2L2,492160,5632,aitdcc_a_protein,2,7.104125738143921,4
d128h2L2,492160,5632,aitdcc_a_protein,3,7.035675406455994,4
d128h2L2,492160,5632,aitdcc_a_protein,4,6.997541427612305,4
d128h2L2,492160,5632,aitdcc_b_c_source,1,7.659549117088318,4
d128h2L2,492160,5632,aitdcc_b_c_source,2,7.535210212071736,4
d128h2L2,492160,5632,aitdcc_b_c_source,3,7.4915032386779785,4
d128h2L2,492160,5632,aitdcc_b_c_source,4,7.468412399291992,4
d128h2L2,492160,5632,aitdcc_d_glibc_rand,1,8.085540533065796,4
d128h2L2,492160,5632,aitdcc_d_glibc_rand,2,8.05105209350586,4
d128h2L2,492160,5632,aitdcc_d_glibc_rand,3,8.03972339630127,4
d128h2L2,492160,5632,aitdcc_d_glibc_rand,4,8.033937454223633,4
d128h2L2,492160,5632,aitdcc_e_atlas_float32,1,7.67940890789032,4
d128h2L2,492160,5632,aitdcc_e_atlas_float32,2,7.602421363194783,4
d128h2L2,492160,5632,aitdcc_e_atlas_float32,3,7.573541879653931,4
d128h2L2,492160,5632,aitdcc_e_atlas_float32,4,7.557887554168701,4
d128h2L2,492160,5632,aitdcc_g_astronomy,1,4.332264721393585,4
d128h2L2,492160,5632,aitdcc_g_astronomy,2,4.10928197701772,4
d128h2L2,492160,5632,aitdcc_g_astronomy,3,4.046474635601044,4
d128h2L2,492160,5632,aitdcc_g_astronomy,4,4.014964580535889,4
d128h2L2,492160,5632,llm_compression_python,1,7.156720161437988,4
d128h2L2,492160,5632,llm_compression_python,2,6.922822872797648,4
d128h2L2,492160,5632,llm_compression_python,3,6.842166304588318,4
d128h2L2,492160,5632,llm_compression_python,4,6.800137519836426,4
d128h2L2,492160,5632,llm_compression_cc,1,7.513233780860901,4
d128h2L2,492160,5632,llm_compression_cc,2,7.354336420694987,4
d128h2L2,492160,5632,llm_compression_cc,3,7.300711154937744,4
d128h2L2,492160,5632,llm_compression_cc,4,7.273283004760742,4
d128h2L2,492160,5632,llm_compression_arxiv_math,1,7.551978349685669,4
d128h2L2,492160,5632,llm_compression_arxiv_math,2,7.427490472793579,4
d128h2L2,492160,5632,llm_compression_arxiv_math,3,7.384639263153076,4
d128h2L2,492160,5632,llm_compression_arxiv_math,4,7.362335205078125,4
d128h2L2,492160,5632,esc50_pcm8,1,4.358771204948425,4
d128h2L2,492160,5632,esc50_pcm8,2,4.068247993787129,4
d128h2L2,492160,5632,esc50_pcm8,3,3.9591366052627563,4
d128h2L2,492160,5632,esc50_pcm8,4,3.9037668704986572,4
d128h2L2,492160,5632,esc50_pcm8_11khz,1,4.823336958885193,4
d128h2L2,492160,5632,esc50_pcm8_11khz,2,4.553486347198486,4
d128h2L2,492160,5632,esc50_pcm8_11khz,3,4.449917793273926,4
d128h2L2,492160,5632,esc50_pcm8_11khz,4,4.398164749145508,4
d128h2L2,492160,5632,musicnet_pcm8,1,6.294199347496033,4
d128h2L2,492160,5632,musicnet_pcm8,2,6.015915552775065,4
d128h2L2,492160,5632,musicnet_pcm8,3,5.9012802839279175,4
d128h2L2,492160,5632,musicnet_pcm8,4,5.8383989334106445,4
d128h2L2,492160,5632,musicnet_pcm8_11khz,1,6.035845160484314,4
d128h2L2,492160,5632,musicnet_pcm8_11khz,2,5.780141115188599,4
d128h2L2,492160,5632,musicnet_pcm8_11khz,3,5.674104809761047,4
d128h2L2,492160,5632,musicnet_pcm8_11khz,4,5.617556571960449,4
d128h2L2,492160,5888,dclm,1,7.4887309074401855,4
d128h2L2,492160,5888,dclm,2,7.2766226927439375,4
d128h2L2,492160,5888,dclm,3,7.204377889633179,4
d128h2L2,492160,5888,dclm,4,7.164975166320801,4
d128h2L2,492160,5888,dclm_ranked,1,6.322715878486633,4
d128h2L2,492160,5888,dclm_ranked,2,5.923947652180989,4
d128h2L2,492160,5888,dclm_ranked,3,5.766840100288391,4
d128h2L2,492160,5888,dclm_ranked,4,5.681275844573975,4
d128h2L2,492160,5888,dna,1,4.079624712467194,4
d128h2L2,492160,5888,dna,2,3.543248772621155,4
d128h2L2,492160,5888,dna,3,3.341984272003174,4
d128h2L2,492160,5888,dna,4,3.2325990200042725,4
d128h2L2,492160,5888,arithmetic,1,7.775114297866821,4
d128h2L2,492160,5888,arithmetic,2,7.700859705607097,4
d128h2L2,492160,5888,arithmetic,3,7.674295544624329,4
d128h2L2,492160,5888,arithmetic,4,7.660571575164795,4
d128h2L2,492160,5888,audio_8bit,1,4.420248508453369,4
d128h2L2,492160,5888,audio_8bit,2,4.03723128636678,4
d128h2L2,492160,5888,audio_8bit,3,3.89546275138855,4
d128h2L2,492160,5888,audio_8bit,4,3.8204057216644287,4
d128h2L2,492160,5888,audio_16bit,1,6.417963027954102,4
d128h2L2,492160,5888,audio_16bit,2,6.196993271509807,4
d128h2L2,492160,5888,audio_16bit,3,6.1207040548324585,4
d128h2L2,492160,5888,audio_16bit,4,6.081544399261475,4
d128h2L2,492160,5888,speech_commands_pcm8,1,4.22485738992691,4
d128h2L2,492160,5888,speech_commands_pcm8,2,3.8115344047546387,4
d128h2L2,492160,5888,speech_commands_pcm8,3,3.696655571460724,4
d128h2L2,492160,5888,speech_commands_pcm8,4,3.63728928565979,4
d128h2L2,492160,5888,speech_commands_pcm8_8khz,1,4.098716735839844,4
d128h2L2,492160,5888,speech_commands_pcm8_8khz,2,3.6288540760676065,4
d128h2L2,492160,5888,speech_commands_pcm8_8khz,3,3.5081244111061096,4
d128h2L2,492160,5888,speech_commands_pcm8_8khz,4,3.4481327533721924,4
d128h2L2,492160,5888,mutopia_melody_16th,1,4.449844837188721,4
d128h2L2,492160,5888,mutopia_melody_16th,2,4.063827435175578,4
d128h2L2,492160,5888,mutopia_melody_16th,3,3.9347692728042603,4
d128h2L2,492160,5888,mutopia_melody_16th,4,3.8635056018829346,4
d128h2L2,492160,5888,cifar10_rgb_planar,1,7.6539493799209595,4
d128h2L2,492160,5888,cifar10_rgb_planar,2,7.554733594258626,4
d128h2L2,492160,5888,cifar10_rgb_planar,3,7.517778396606445,4
d128h2L2,492160,5888,cifar10_rgb_planar,4,7.497686862945557,4
d128h2L2,492160,5888,cifar10_rgb_hwc,1,7.637043714523315,4
d128h2L2,492160,5888,cifar10_rgb_hwc,2,7.545410394668579,4
d128h2L2,492160,5888,cifar10_rgb_hwc,3,7.511425614356995,4
d128h2L2,492160,5888,cifar10_rgb_hwc,4,7.493001937866211,4
d128h2L2,492160,5888,kolmogorov_text,1,7.538359642028809,4
d128h2L2,492160,5888,kolmogorov_text,2,7.347239812215169,4
d128h2L2,492160,5888,kolmogorov_text,3,7.27874231338501,4
d128h2L2,492160,5888,kolmogorov_text,4,7.2405219078063965,4
d128h2L2,492160,5888,kolmogorov_dna,1,3.8397721648216248,4
d128h2L2,492160,5888,kolmogorov_dna,2,3.4078895250956216,4
d128h2L2,492160,5888,kolmogorov_dna,3,3.2519097328186035,4
d128h2L2,492160,5888,kolmogorov_dna,4,3.169804573059082,4
d128h2L2,492160,5888,metamath,1,7.429461121559143,4
d128h2L2,492160,5888,metamath,2,7.114819208780925,4
d128h2L2,492160,5888,metamath,3,7.001827836036682,4
d128h2L2,492160,5888,metamath,4,6.941115856170654,4
d128h2L2,492160,5888,aitdcc_a_protein,1,7.2594956159591675,4
d128h2L2,492160,5888,aitdcc_a_protein,2,6.999418179194133,4
d128h2L2,492160,5888,aitdcc_a_protein,3,6.907080411911011,4
d128h2L2,492160,5888,aitdcc_a_protein,4,6.857165813446045,4
d128h2L2,492160,5888,aitdcc_b_c_source,1,7.638859510421753,4
d128h2L2,492160,5888,aitdcc_b_c_source,2,7.486829837163289,4
d128h2L2,492160,5888,aitdcc_b_c_source,3,7.431407451629639,4
d128h2L2,492160,5888,aitdcc_b_c_source,4,7.400856971740723,4
d128h2L2,492160,5888,aitdcc_d_glibc_rand,1,8.116224765777588,4
d128h2L2,492160,5888,aitdcc_d_glibc_rand,2,8.06769355138143,4
d128h2L2,492160,5888,aitdcc_d_glibc_rand,3,8.051571130752563,4
d128h2L2,492160,5888,aitdcc_d_glibc_rand,4,8.043347358703613,4
d128h2L2,492160,5888,aitdcc_e_atlas_float32,1,7.713226556777954,4
d128h2L2,492160,5888,aitdcc_e_atlas_float32,2,7.635981639226277,4
d128h2L2,492160,5888,aitdcc_e_atlas_float32,3,7.6072224378585815,4
d128h2L2,492160,5888,aitdcc_e_atlas_float32,4,7.591715335845947,4
d128h2L2,492160,5888,aitdcc_g_astronomy,1,4.235473990440369,4
d128h2L2,492160,5888,aitdcc_g_astronomy,2,4.103204727172852,4
d128h2L2,492160,5888,aitdcc_g_astronomy,3,4.0660340785980225,4
d128h2L2,492160,5888,aitdcc_g_astronomy,4,4.0470194816589355,4
d128h2L2,492160,5888,llm_compression_python,1,7.189619660377502,4
d128h2L2,492160,5888,llm_compression_python,2,6.9296360810597735,4
d128h2L2,492160,5888,llm_compression_python,3,6.831775069236755,4
d128h2L2,492160,5888,llm_compression_python,4,6.778306007385254,4
d128h2L2,492160,5888,llm_compression_cc,1,7.493716239929199,4
d128h2L2,492160,5888,llm_compression_cc,2,7.290340105692546,4
d128h2L2,492160,5888,llm_compression_cc,3,7.2214683294296265,4
d128h2L2,492160,5888,llm_compression_cc,4,7.1838579177856445,4
d128h2L2,492160,5888,llm_compression_arxiv_math,1,7.545518398284912,4
d128h2L2,492160,5888,llm_compression_arxiv_math,2,7.350109179814656,4
d128h2L2,492160,5888,llm_compression_arxiv_math,3,7.278371572494507,4
d128h2L2,492160,5888,llm_compression_arxiv_math,4,7.237354755401611,4
d128h2L2,492160,5888,esc50_pcm8,1,4.2940563559532166,4
d128h2L2,492160,5888,esc50_pcm8,2,3.9526055653889975,4
d128h2L2,492160,5888,esc50_pcm8,3,3.8473461866378784,4
d128h2L2,492160,5888,esc50_pcm8,4,3.7903289794921875,4
d128h2L2,492160,5888,esc50_pcm8_11khz,1,4.825039863586426,4
d128h2L2,492160,5888,esc50_pcm8_11khz,2,4.510553916295369,4
d128h2L2,492160,5888,esc50_pcm8_11khz,3,4.414552688598633,4
d128h2L2,492160,5888,esc50_pcm8_11khz,4,4.363755226135254,4
d128h2L2,492160,5888,musicnet_pcm8,1,6.118428826332092,4
d128h2L2,492160,5888,musicnet_pcm8,2,5.803963343302409,4
d128h2L2,492160,5888,musicnet_pcm8,3,5.659687399864197,4
d128h2L2,492160,5888,musicnet_pcm8,4,5.5710225105285645,4
d128h2L2,492160,5888,musicnet_pcm8_11khz,1,6.005455732345581,4
d128h2L2,492160,5888,musicnet_pcm8_11khz,2,5.7110984325408936,4
d128h2L2,492160,5888,musicnet_pcm8_11khz,3,5.604605793952942,4
d128h2L2,492160,5888,musicnet_pcm8_11khz,4,5.543916702270508,4
d128h2L2,492160,6144,dclm,1,7.504961013793945,4
d128h2L2,492160,6144,dclm,2,7.309982538223267,4
d128h2L2,492160,6144,dclm,3,7.241159915924072,4
d128h2L2,492160,6144,dclm,4,7.19954252243042,4
d128h2L2,492160,6144,dclm_ranked,1,6.152840971946716,4
d128h2L2,492160,6144,dclm_ranked,2,5.742557128270467,4
d128h2L2,492160,6144,dclm_ranked,3,5.596317291259766,4
d128h2L2,492160,6144,dclm_ranked,4,5.519603729248047,4
d128h2L2,492160,6144,dna,1,3.8224589824676514,4
d128h2L2,492160,6144,dna,2,3.320156733194987,4
d128h2L2,492160,6144,dna,3,3.150067627429962,4
d128h2L2,492160,6144,dna,4,3.0652244091033936,4
d128h2L2,492160,6144,arithmetic,1,7.745292067527771,4
d128h2L2,492160,6144,arithmetic,2,7.688549995422363,4
d128h2L2,492160,6144,arithmetic,3,7.668781757354736,4
d128h2L2,492160,6144,arithmetic,4,7.658388614654541,4
d128h2L2,492160,6144,audio_8bit,1,4.469936966896057,4
d128h2L2,492160,6144,audio_8bit,2,4.070876797040303,4
d128h2L2,492160,6144,audio_8bit,3,3.929119110107422,4
d128h2L2,492160,6144,audio_8bit,4,3.8556268215179443,4
d128h2L2,492160,6144,audio_16bit,1,6.3636415004730225,4
d128h2L2,492160,6144,audio_16bit,2,6.160553852717082,4
d128h2L2,492160,6144,audio_16bit,3,6.09283721446991,4
d128h2L2,492160,6144,audio_16bit,4,6.058868408203125,4
d128h2L2,492160,6144,speech_commands_pcm8,1,4.16282993555069,4
d128h2L2,492160,6144,speech_commands_pcm8,2,3.868696133295695,4
d128h2L2,492160,6144,speech_commands_pcm8,3,3.7513351440429688,4
d128h2L2,492160,6144,speech_commands_pcm8,4,3.681650400161743,4
d128h2L2,492160,6144,speech_commands_pcm8_8khz,1,3.9554684162139893,4
d128h2L2,492160,6144,speech_commands_pcm8_8khz,2,3.6537439425786338,4
d128h2L2,492160,6144,speech_commands_pcm8_8khz,3,3.5445977449417114,4
d128h2L2,492160,6144,speech_commands_pcm8_8khz,4,3.4844069480895996,4
d128h2L2,492160,6144,mutopia_melody_16th,1,4.61536431312561,4
d128h2L2,492160,6144,mutopia_melody_16th,2,4.191591501235962,4
d128h2L2,492160,6144,mutopia_melody_16th,3,4.052208244800568,4
d128h2L2,492160,6144,mutopia_melody_16th,4,3.976975202560425,4
d128h2L2,492160,6144,cifar10_rgb_planar,1,7.663654685020447,4
d128h2L2,492160,6144,cifar10_rgb_planar,2,7.581164439519246,4
d128h2L2,492160,6144,cifar10_rgb_planar,3,7.547929048538208,4
d128h2L2,492160,6144,cifar10_rgb_planar,4,7.528547286987305,4
d128h2L2,492160,6144,cifar10_rgb_hwc,1,7.639530658721924,4
d128h2L2,492160,6144,cifar10_rgb_hwc,2,7.568034569422404,4
d128h2L2,492160,6144,cifar10_rgb_hwc,3,7.539399743080139,4
d128h2L2,492160,6144,cifar10_rgb_hwc,4,7.522773742675781,4
d128h2L2,492160,6144,kolmogorov_text,1,7.540776968002319,4
d128h2L2,492160,6144,kolmogorov_text,2,7.332678238550822,4
d128h2L2,492160,6144,kolmogorov_text,3,7.252955436706543,4
d128h2L2,492160,6144,kolmogorov_text,4,7.202274322509766,4
d128h2L2,492160,6144,kolmogorov_dna,1,3.506150782108307,4
d128h2L2,492160,6144,kolmogorov_dna,2,3.1671042839686074,4
d128h2L2,492160,6144,kolmogorov_dna,3,3.0512641072273254,4
d128h2L2,492160,6144,kolmogorov_dna,4,2.9937093257904053,4
d128h2L2,492160,6144,metamath,1,7.369125723838806,4
d128h2L2,492160,6144,metamath,2,7.232274293899536,4
d128h2L2,492160,6144,metamath,3,7.17942202091217,4
d128h2L2,492160,6144,metamath,4,7.150116920471191,4
d128h2L2,492160,6144,aitdcc_a_protein,1,7.315657377243042,4
d128h2L2,492160,6144,aitdcc_a_protein,2,7.128601153691609,4
d128h2L2,492160,6144,aitdcc_a_protein,3,7.056697607040405,4
d128h2L2,492160,6144,aitdcc_a_protein,4,7.013790130615234,4
d128h2L2,492160,6144,aitdcc_b_c_source,1,7.6588581800460815,4
d128h2L2,492160,6144,aitdcc_b_c_source,2,7.543310244878133,4
d128h2L2,492160,6144,aitdcc_b_c_source,3,7.5009214878082275,4
d128h2L2,492160,6144,aitdcc_b_c_source,4,7.476158142089844,4
d128h2L2,492160,6144,aitdcc_d_glibc_rand,1,8.060166597366333,4
d128h2L2,492160,6144,aitdcc_d_glibc_rand,2,8.035059134165445,4
d128h2L2,492160,6144,aitdcc_d_glibc_rand,3,8.026762962341309,4
d128h2L2,492160,6144,aitdcc_d_glibc_rand,4,8.022561073303223,4
d128h2L2,492160,6144,aitdcc_e_atlas_float32,1,7.639036059379578,4
d128h2L2,492160,6144,aitdcc_e_atlas_float32,2,7.568252722422282,4
d128h2L2,492160,6144,aitdcc_e_atlas_float32,3,7.543620824813843,4
d128h2L2,492160,6144,aitdcc_e_atlas_float32,4,7.530733108520508,4
d128h2L2,492160,6144,aitdcc_g_astronomy,1,4.020160257816315,4
d128h2L2,492160,6144,aitdcc_g_astronomy,2,3.9782606760660806,4
d128h2L2,492160,6144,aitdcc_g_astronomy,3,3.9648792147636414,4
d128h2L2,492160,6144,aitdcc_g_astronomy,4,3.958186626434326,4
d128h2L2,492160,6144,llm_compression_python,1,7.117821097373962,4
d128h2L2,492160,6144,llm_compression_python,2,6.923357804616292,4
d128h2L2,492160,6144,llm_compression_python,3,6.853018641471863,4
d128h2L2,492160,6144,llm_compression_python,4,6.814634799957275,4
d128h2L2,492160,6144,llm_compression_cc,1,7.5011454820632935,4
d128h2L2,492160,6144,llm_compression_cc,2,7.293137868245442,4
d128h2L2,492160,6144,llm_compression_cc,3,7.218914270401001,4
d128h2L2,492160,6144,llm_compression_cc,4,7.173459529876709,4
d128h2L2,492160,6144,llm_compression_arxiv_math,1,7.549645185470581,4
d128h2L2,492160,6144,llm_compression_arxiv_math,2,7.386424859364827,4
d128h2L2,492160,6144,llm_compression_arxiv_math,3,7.327012062072754,4
d128h2L2,492160,6144,llm_compression_arxiv_math,4,7.291007041931152,4
d128h2L2,492160,6144,esc50_pcm8,1,4.329759299755096,4
d128h2L2,492160,6144,esc50_pcm8,2,4.035023331642151,4
d128h2L2,492160,6144,esc50_pcm8,3,3.910603642463684,4
d128h2L2,492160,6144,esc50_pcm8,4,3.8337743282318115,4
d128h2L2,492160,6144,esc50_pcm8_11khz,1,4.785490989685059,4
d128h2L2,492160,6144,esc50_pcm8_11khz,2,4.530326207478841,4
d128h2L2,492160,6144,esc50_pcm8_11khz,3,4.428306221961975,4
d128h2L2,492160,6144,esc50_pcm8_11khz,4,4.367422580718994,4
d128h2L2,492160,6144,musicnet_pcm8,1,6.3780964612960815,4
d128h2L2,492160,6144,musicnet_pcm8,2,5.999730269114177,4
d128h2L2,492160,6144,musicnet_pcm8,3,5.7951518297195435,4
d128h2L2,492160,6144,musicnet_pcm8,4,5.653666019439697,4
d128h2L2,492160,6144,musicnet_pcm8_11khz,1,6.044064402580261,4
d128h2L2,492160,6144,musicnet_pcm8_11khz,2,5.760991970698039,4
d128h2L2,492160,6144,musicnet_pcm8_11khz,3,5.631424188613892,4
d128h2L2,492160,6144,musicnet_pcm8_11khz,4,5.548087120056152,4
d128h2L2,492160,6400,dclm,1,7.403946161270142,4
d128h2L2,492160,6400,dclm,2,7.145085493723552,4
d128h2L2,492160,6400,dclm,3,7.046320080757141,4
d128h2L2,492160,6400,dclm,4,6.988366603851318,4
d128h2L2,492160,6400,dclm_ranked,1,6.08708393573761,4
d128h2L2,492160,6400,dclm_ranked,2,5.741234064102173,4
d128h2L2,492160,6400,dclm_ranked,3,5.609374761581421,4
d128h2L2,492160,6400,dclm_ranked,4,5.53847599029541,4
d128h2L2,492160,6400,dna,1,3.754538893699646,4
d128h2L2,492160,6400,dna,2,3.2381548484166465,4
d128h2L2,492160,6400,dna,3,3.055211663246155,4
d128h2L2,492160,6400,dna,4,2.9614291191101074,4
d128h2L2,492160,6400,arithmetic,1,7.771512746810913,4
d128h2L2,492160,6400,arithmetic,2,7.700812419255574,4
d128h2L2,492160,6400,arithmetic,3,7.675443410873413,4
d128h2L2,492160,6400,arithmetic,4,7.661798000335693,4
d128h2L2,492160,6400,audio_8bit,1,4.305974245071411,4
d128h2L2,492160,6400,audio_8bit,2,3.953375736872355,4
d128h2L2,492160,6400,audio_8bit,3,3.8287948966026306,4
d128h2L2,492160,6400,audio_8bit,4,3.7645254135131836,4
d128h2L2,492160,6400,audio_16bit,1,6.3595335483551025,4
d128h2L2,492160,6400,audio_16bit,2,6.177006721496582,4
d128h2L2,492160,6400,audio_16bit,3,6.114431262016296,4
d128h2L2,492160,6400,audio_16bit,4,6.082022190093994,4
d128h2L2,492160,6400,speech_commands_pcm8,1,4.215159833431244,4
d128h2L2,492160,6400,speech_commands_pcm8,2,3.870498220125834,4
d128h2L2,492160,6400,speech_commands_pcm8,3,3.7472779154777527,4
d128h2L2,492160,6400,speech_commands_pcm8,4,3.6893749237060547,4
d128h2L2,492160,6400,speech_commands_pcm8_8khz,1,4.081747949123383,4
d128h2L2,492160,6400,speech_commands_pcm8_8khz,2,3.6895509163538613,4
d128h2L2,492160,6400,speech_commands_pcm8_8khz,3,3.556413412094116,4
d128h2L2,492160,6400,speech_commands_pcm8_8khz,4,3.495851755142212,4
d128h2L2,492160,6400,mutopia_melody_16th,1,4.515965938568115,4
d128h2L2,492160,6400,mutopia_melody_16th,2,4.151441176732381,4
d128h2L2,492160,6400,mutopia_melody_16th,3,4.028263866901398,4
d128h2L2,492160,6400,mutopia_melody_16th,4,3.966036796569824,4
d128h2L2,492160,6400,cifar10_rgb_planar,1,7.6377716064453125,4
d128h2L2,492160,6400,cifar10_rgb_planar,2,7.547685464223226,4
d128h2L2,492160,6400,cifar10_rgb_planar,3,7.514258146286011,4
d128h2L2,492160,6400,cifar10_rgb_planar,4,7.496089935302734,4
d128h2L2,492160,6400,cifar10_rgb_hwc,1,7.625367045402527,4
d128h2L2,492160,6400,cifar10_rgb_hwc,2,7.543810288111369,4
d128h2L2,492160,6400,cifar10_rgb_hwc,3,7.513328313827515,4
d128h2L2,492160,6400,cifar10_rgb_hwc,4,7.496664047241211,4
d128h2L2,492160,6400,kolmogorov_text,1,7.466537833213806,4
d128h2L2,492160,6400,kolmogorov_text,2,7.247215986251831,4
d128h2L2,492160,6400,kolmogorov_text,3,7.164515376091003,4
d128h2L2,492160,6400,kolmogorov_text,4,7.117084980010986,4
d128h2L2,492160,6400,kolmogorov_dna,1,3.582365572452545,4
d128h2L2,492160,6400,kolmogorov_dna,2,3.1364760796229043,4
d128h2L2,492160,6400,kolmogorov_dna,3,2.9728236198425293,4
d128h2L2,492160,6400,kolmogorov_dna,4,2.8861045837402344,4
d128h2L2,492160,6400,metamath,1,7.343795418739319,4
d128h2L2,492160,6400,metamath,2,7.040747165679932,4
d128h2L2,492160,6400,metamath,3,6.925556063652039,4
d128h2L2,492160,6400,metamath,4,6.864034175872803,4
d128h2L2,492160,6400,aitdcc_a_protein,1,7.1402435302734375,4
d128h2L2,492160,6400,aitdcc_a_protein,2,6.871405839920044,4
d128h2L2,492160,6400,aitdcc_a_protein,3,6.775730133056641,4
d128h2L2,492160,6400,aitdcc_a_protein,4,6.7252397537231445,4
d128h2L2,492160,6400,aitdcc_b_c_source,1,7.606387972831726,4
d128h2L2,492160,6400,aitdcc_b_c_source,2,7.446463743845622,4
d128h2L2,492160,6400,aitdcc_b_c_source,3,7.38522207736969,4
d128h2L2,492160,6400,aitdcc_b_c_source,4,7.350261211395264,4
d128h2L2,492160,6400,aitdcc_d_glibc_rand,1,8.098529577255249,4
d128h2L2,492160,6400,aitdcc_d_glibc_rand,2,8.057700792948404,4
d128h2L2,492160,6400,aitdcc_d_glibc_rand,3,8.044044017791748,4
d128h2L2,492160,6400,aitdcc_d_glibc_rand,4,8.036995887756348,4
d128h2L2,492160,6400,aitdcc_e_atlas_float32,1,7.6738526821136475,4
d128h2L2,492160,6400,aitdcc_e_atlas_float32,2,7.591287771860759,4
d128h2L2,492160,6400,aitdcc_e_atlas_float32,3,7.560240626335144,4
d128h2L2,492160,6400,aitdcc_e_atlas_float32,4,7.543074607849121,4
d128h2L2,492160,6400,aitdcc_g_astronomy,1,4.035166501998901,4
d128h2L2,492160,6400,aitdcc_g_astronomy,2,3.943270683288574,4
d128h2L2,492160,6400,aitdcc_g_astronomy,3,3.910983145236969,4
d128h2L2,492160,6400,aitdcc_g_astronomy,4,3.8933017253875732,4
d128h2L2,492160,6400,llm_compression_python,1,7.089459538459778,4
d128h2L2,492160,6400,llm_compression_python,2,6.783581654230754,4
d128h2L2,492160,6400,llm_compression_python,3,6.671947717666626,4
d128h2L2,492160,6400,llm_compression_python,4,6.611722946166992,4
d128h2L2,492160,6400,llm_compression_cc,1,7.401069283485413,4
d128h2L2,492160,6400,llm_compression_cc,2,7.143701712290446,4
d128h2L2,492160,6400,llm_compression_cc,3,7.046485185623169,4
d128h2L2,492160,6400,llm_compression_cc,4,6.989693641662598,4
d128h2L2,492160,6400,llm_compression_arxiv_math,1,7.46563196182251,4
d128h2L2,492160,6400,llm_compression_arxiv_math,2,7.275643984476726,4
d128h2L2,492160,6400,llm_compression_arxiv_math,3,7.204846024513245,4
d128h2L2,492160,6400,llm_compression_arxiv_math,4,7.165006160736084,4
d128h2L2,492160,6400,esc50_pcm8,1,4.249360024929047,4
d128h2L2,492160,6400,esc50_pcm8,2,3.9632708628972373,4
d128h2L2,492160,6400,esc50_pcm8,3,3.862225830554962,4
d128h2L2,492160,6400,esc50_pcm8,4,3.813826322555542,4
d128h2L2,492160,6400,esc50_pcm8_11khz,1,4.760037899017334,4
d128h2L2,492160,6400,esc50_pcm8_11khz,2,4.499121109644572,4
d128h2L2,492160,6400,esc50_pcm8_11khz,3,4.407893776893616,4
d128h2L2,492160,6400,esc50_pcm8_11khz,4,4.364347457885742,4
d128h2L2,492160,6400,musicnet_pcm8,1,6.073101282119751,4
d128h2L2,492160,6400,musicnet_pcm8,2,5.75312860806783,4
d128h2L2,492160,6400,musicnet_pcm8,3,5.630014538764954,4
d128h2L2,492160,6400,musicnet_pcm8,4,5.564558029174805,4
d128h2L2,492160,6400,musicnet_pcm8_11khz,1,5.933330059051514,4
d128h2L2,492160,6400,musicnet_pcm8_11khz,2,5.6715989112854,4
d128h2L2,492160,6400,musicnet_pcm8_11khz,3,5.57256281375885,4
d128h2L2,492160,6400,musicnet_pcm8_11khz,4,5.522335529327393,4
d128h2L2,492160,6656,dclm,1,7.549478650093079,4
d128h2L2,492160,6656,dclm,2,7.334186315536499,4
d128h2L2,492160,6656,dclm,3,7.25135600566864,4
d128h2L2,492160,6656,dclm,4,7.200464248657227,4
d128h2L2,492160,6656,dclm_ranked,1,6.286814570426941,4
d128h2L2,492160,6656,dclm_ranked,2,5.825149933497111,4
d128h2L2,492160,6656,dclm_ranked,3,5.657373666763306,4
d128h2L2,492160,6656,dclm_ranked,4,5.567208290100098,4
d128h2L2,492160,6656,dna,1,4.01279616355896,4
d128h2L2,492160,6656,dna,2,3.411978602409363,4
d128h2L2,492160,6656,dna,3,3.1992863416671753,4
d128h2L2,492160,6656,dna,4,3.0906124114990234,4
d128h2L2,492160,6656,arithmetic,1,7.753025054931641,4
d128h2L2,492160,6656,arithmetic,2,7.683896382649739,4
d128h2L2,492160,6656,arithmetic,3,7.658588409423828,4
d128h2L2,492160,6656,arithmetic,4,7.644444942474365,4
d128h2L2,492160,6656,audio_8bit,1,4.569542765617371,4
d128h2L2,492160,6656,audio_8bit,2,4.18690824508667,4
d128h2L2,492160,6656,audio_8bit,3,4.043213725090027,4
d128h2L2,492160,6656,audio_8bit,4,3.966247320175171,4
d128h2L2,492160,6656,audio_16bit,1,6.454999923706055,4
d128h2L2,492160,6656,audio_16bit,2,6.21700382232666,4
d128h2L2,492160,6656,audio_16bit,3,6.13722026348114,4
d128h2L2,492160,6656,audio_16bit,4,6.094577312469482,4
d128h2L2,492160,6656,speech_commands_pcm8,1,4.478079080581665,4
d128h2L2,492160,6656,speech_commands_pcm8,2,4.231316963831584,4
d128h2L2,492160,6656,speech_commands_pcm8,3,4.133099794387817,4
d128h2L2,492160,6656,speech_commands_pcm8,4,4.079080581665039,4
d128h2L2,492160,6656,speech_commands_pcm8_8khz,1,4.325773596763611,4
d128h2L2,492160,6656,speech_commands_pcm8_8khz,2,4.064709504445394,4
d128h2L2,492160,6656,speech_commands_pcm8_8khz,3,3.9661250710487366,4
d128h2L2,492160,6656,speech_commands_pcm8_8khz,4,3.914522171020508,4
d128h2L2,492160,6656,mutopia_melody_16th,1,4.603196859359741,4
d128h2L2,492160,6656,mutopia_melody_16th,2,4.221161444981893,4
d128h2L2,492160,6656,mutopia_melody_16th,3,4.088552713394165,4
d128h2L2,492160,6656,mutopia_melody_16th,4,4.022496223449707,4
d128h2L2,492160,6656,cifar10_rgb_planar,1,7.693612217903137,4
d128h2L2,492160,6656,cifar10_rgb_planar,2,7.6197582085927325,4
d128h2L2,492160,6656,cifar10_rgb_planar,3,7.593185901641846,4
d128h2L2,492160,6656,cifar10_rgb_planar,4,7.578843593597412,4
d128h2L2,492160,6656,cifar10_rgb_hwc,1,7.66633677482605,4
d128h2L2,492160,6656,cifar10_rgb_hwc,2,7.601001898447673,4
d128h2L2,492160,6656,cifar10_rgb_hwc,3,7.577060103416443,4
d128h2L2,492160,6656,cifar10_rgb_hwc,4,7.564010143280029,4
d128h2L2,492160,6656,kolmogorov_text,1,7.58372962474823,4
d128h2L2,492160,6656,kolmogorov_text,2,7.40583348274231,4
d128h2L2,492160,6656,kolmogorov_text,3,7.33861780166626,4
d128h2L2,492160,6656,kolmogorov_text,4,7.298929691314697,4
d128h2L2,492160,6656,kolmogorov_dna,1,3.808173358440399,4
d128h2L2,492160,6656,kolmogorov_dna,2,3.237138032913208,4
d128h2L2,492160,6656,kolmogorov_dna,3,3.0380829572677612,4
d128h2L2,492160,6656,kolmogorov_dna,4,2.9373233318328857,4
d128h2L2,492160,6656,metamath,1,7.520553946495056,4
d128h2L2,492160,6656,metamath,2,7.221781969070435,4
d128h2L2,492160,6656,metamath,3,7.1129573583602905,4
d128h2L2,492160,6656,metamath,4,7.042651653289795,4
d128h2L2,492160,6656,aitdcc_a_protein,1,7.353243470191956,4
d128h2L2,492160,6656,aitdcc_a_protein,2,7.13135552406311,4
d128h2L2,492160,6656,aitdcc_a_protein,3,7.035372257232666,4
d128h2L2,492160,6656,aitdcc_a_protein,4,6.973271369934082,4
d128h2L2,492160,6656,aitdcc_b_c_source,1,7.711825728416443,4
d128h2L2,492160,6656,aitdcc_b_c_source,2,7.6049110889434814,4
d128h2L2,492160,6656,aitdcc_b_c_source,3,7.5653698444366455,4
d128h2L2,492160,6656,aitdcc_b_c_source,4,7.542245388031006,4
d128h2L2,492160,6656,aitdcc_d_glibc_rand,1,8.082805156707764,4
d128h2L2,492160,6656,aitdcc_d_glibc_rand,2,8.047522385915121,4
d128h2L2,492160,6656,aitdcc_d_glibc_rand,3,8.036285400390625,4
d128h2L2,492160,6656,aitdcc_d_glibc_rand,4,8.030579566955566,4
d128h2L2,492160,6656,aitdcc_e_atlas_float32,1,7.763203263282776,4
d128h2L2,492160,6656,aitdcc_e_atlas_float32,2,7.708901405334473,4
d128h2L2,492160,6656,aitdcc_e_atlas_float32,3,7.690672397613525,4
d128h2L2,492160,6656,aitdcc_e_atlas_float32,4,7.681212902069092,4
d128h2L2,492160,6656,aitdcc_g_astronomy,1,4.321576356887817,4
d128h2L2,492160,6656,aitdcc_g_astronomy,2,4.1800650755564375,4
d128h2L2,492160,6656,aitdcc_g_astronomy,3,4.140211224555969,4
d128h2L2,492160,6656,aitdcc_g_astronomy,4,4.121501922607422,4
d128h2L2,492160,6656,llm_compression_python,1,7.256924510002136,4
d128h2L2,492160,6656,llm_compression_python,2,6.931972026824951,4
d128h2L2,492160,6656,llm_compression_python,3,6.807448506355286,4
d128h2L2,492160,6656,llm_compression_python,4,6.734610080718994,4
d128h2L2,492160,6656,llm_compression_cc,1,7.535472393035889,4
d128h2L2,492160,6656,llm_compression_cc,2,7.325961669286092,4
d128h2L2,492160,6656,llm_compression_cc,3,7.246128678321838,4
d128h2L2,492160,6656,llm_compression_cc,4,7.197749137878418,4
d128h2L2,492160,6656,llm_compression_arxiv_math,1,7.575846076011658,4
d128h2L2,492160,6656,llm_compression_arxiv_math,2,7.431366523106893,4
d128h2L2,492160,6656,llm_compression_arxiv_math,3,7.37544322013855,4
d128h2L2,492160,6656,llm_compression_arxiv_math,4,7.341358184814453,4
d128h2L2,492160,6656,esc50_pcm8,1,4.450801074504852,4
d128h2L2,492160,6656,esc50_pcm8,2,4.227274656295776,4
d128h2L2,492160,6656,esc50_pcm8,3,4.135266661643982,4
d128h2L2,492160,6656,esc50_pcm8,4,4.082945346832275,4
d128h2L2,492160,6656,esc50_pcm8_11khz,1,4.909610152244568,4
d128h2L2,492160,6656,esc50_pcm8_11khz,2,4.704608678817749,4
d128h2L2,492160,6656,esc50_pcm8_11khz,3,4.620741963386536,4
d128h2L2,492160,6656,esc50_pcm8_11khz,4,4.572869777679443,4
d128h2L2,492160,6656,musicnet_pcm8,1,6.364759683609009,4
d128h2L2,492160,6656,musicnet_pcm8,2,6.102016846338908,4
d128h2L2,492160,6656,musicnet_pcm8,3,5.970220565795898,4
d128h2L2,492160,6656,musicnet_pcm8,4,5.883301734924316,4
d128h2L2,492160,6656,musicnet_pcm8_11khz,1,6.083630323410034,4
d128h2L2,492160,6656,musicnet_pcm8_11khz,2,5.865776538848877,4
d128h2L2,492160,6656,musicnet_pcm8_11khz,3,5.764030933380127,4
d128h2L2,492160,6656,musicnet_pcm8_11khz,4,5.700483798980713,4
d128h2L2,492160,6912,dclm,1,7.530043601989746,4
d128h2L2,492160,6912,dclm,2,7.271405140558879,4
d128h2L2,492160,6912,dclm,3,7.150971293449402,4
d128h2L2,492160,6912,dclm,4,7.074714183807373,4
d128h2L2,492160,6912,dclm_ranked,1,6.013476729393005,4
d128h2L2,492160,6912,dclm_ranked,2,5.656861623128255,4
d128h2L2,492160,6912,dclm_ranked,3,5.524402379989624,4
d128h2L2,492160,6912,dclm_ranked,4,5.455666542053223,4
d128h2L2,492160,6912,dna,1,3.7410994172096252,4
d128h2L2,492160,6912,dna,2,3.2712090810139975,4
d128h2L2,492160,6912,dna,3,3.105298101902008,4
d128h2L2,492160,6912,dna,4,3.0213024616241455,4
d128h2L2,492160,6912,arithmetic,1,7.728336691856384,4
d128h2L2,492160,6912,arithmetic,2,7.671153624852498,4
d128h2L2,492160,6912,arithmetic,3,7.650436520576477,4
d128h2L2,492160,6912,arithmetic,4,7.638962268829346,4
d128h2L2,492160,6912,audio_8bit,1,4.488714575767517,4
d128h2L2,492160,6912,audio_8bit,2,4.10512900352478,4
d128h2L2,492160,6912,audio_8bit,3,3.9621748328208923,4
d128h2L2,492160,6912,audio_8bit,4,3.8873534202575684,4
d128h2L2,492160,6912,audio_16bit,1,6.337833762168884,4
d128h2L2,492160,6912,audio_16bit,2,6.141926368077596,4
d128h2L2,492160,6912,audio_16bit,3,6.073363184928894,4
d128h2L2,492160,6912,audio_16bit,4,6.037902355194092,4
d128h2L2,492160,6912,speech_commands_pcm8,1,4.414132654666901,4
d128h2L2,492160,6912,speech_commands_pcm8,2,3.939786434173584,4
d128h2L2,492160,6912,speech_commands_pcm8,3,3.735309362411499,4
d128h2L2,492160,6912,speech_commands_pcm8,4,3.595079183578491,4
d128h2L2,492160,6912,speech_commands_pcm8_8khz,1,4.340436339378357,4
d128h2L2,492160,6912,speech_commands_pcm8_8khz,2,3.774733861287435,4
d128h2L2,492160,6912,speech_commands_pcm8_8khz,3,3.5293989777565002,4
d128h2L2,492160,6912,speech_commands_pcm8_8khz,4,3.3551645278930664,4
d128h2L2,492160,6912,mutopia_melody_16th,1,4.641119718551636,4
d128h2L2,492160,6912,mutopia_melody_16th,2,4.2322096824646,4
d128h2L2,492160,6912,mutopia_melody_16th,3,4.1044663190841675,4
d128h2L2,492160,6912,mutopia_melody_16th,4,4.037783622741699,4
d128h2L2,492160,6912,cifar10_rgb_planar,1,7.662428498268127,4
d128h2L2,492160,6912,cifar10_rgb_planar,2,7.589962085088094,4
d128h2L2,492160,6912,cifar10_rgb_planar,3,7.5626527070999146,4
d128h2L2,492160,6912,cifar10_rgb_planar,4,7.547720909118652,4
d128h2L2,492160,6912,cifar10_rgb_hwc,1,7.6393513679504395,4
d128h2L2,492160,6912,cifar10_rgb_hwc,2,7.57559609413147,4
d128h2L2,492160,6912,cifar10_rgb_hwc,3,7.551111578941345,4
d128h2L2,492160,6912,cifar10_rgb_hwc,4,7.537591457366943,4
d128h2L2,492160,6912,kolmogorov_text,1,7.578697919845581,4
d128h2L2,492160,6912,kolmogorov_text,2,7.365840832392375,4
d128h2L2,492160,6912,kolmogorov_text,3,7.2665101289749146,4
d128h2L2,492160,6912,kolmogorov_text,4,7.202971935272217,4
d128h2L2,492160,6912,kolmogorov_dna,1,3.51924991607666,4
d128h2L2,492160,6912,kolmogorov_dna,2,3.119032303492228,4
d128h2L2,492160,6912,kolmogorov_dna,3,2.9801995754241943,4
d128h2L2,492160,6912,kolmogorov_dna,4,2.909665107727051,4
d128h2L2,492160,6912,metamath,1,7.44290566444397,4
d128h2L2,492160,6912,metamath,2,7.1414252916971845,4
d128h2L2,492160,6912,metamath,3,7.0310457944869995,4
d128h2L2,492160,6912,metamath,4,6.974815368652344,4
d128h2L2,492160,6912,aitdcc_a_protein,1,7.410978198051453,4
d128h2L2,492160,6912,aitdcc_a_protein,2,7.293148914972941,4
d128h2L2,492160,6912,aitdcc_a_protein,3,7.244762659072876,4
d128h2L2,492160,6912,aitdcc_a_protein,4,7.216291427612305,4
d128h2L2,492160,6912,aitdcc_b_c_source,1,7.666997790336609,4
d128h2L2,492160,6912,aitdcc_b_c_source,2,7.513074318567912,4
d128h2L2,492160,6912,aitdcc_b_c_source,3,7.446727514266968,4
d128h2L2,492160,6912,aitdcc_b_c_source,4,7.4066290855407715,4
d128h2L2,492160,6912,aitdcc_d_glibc_rand,1,8.069069385528564,4
d128h2L2,492160,6912,aitdcc_d_glibc_rand,2,8.0421994527181,4
d128h2L2,492160,6912,aitdcc_d_glibc_rand,3,8.033412456512451,4
d128h2L2,492160,6912,aitdcc_d_glibc_rand,4,8.0289888381958,4
d128h2L2,492160,6912,aitdcc_e_atlas_float32,1,7.7787569761276245,4
d128h2L2,492160,6912,aitdcc_e_atlas_float32,2,7.713140885035197,4
d128h2L2,492160,6912,aitdcc_e_atlas_float32,3,7.684621691703796,4
d128h2L2,492160,6912,aitdcc_e_atlas_float32,4,7.667571067810059,4
d128h2L2,492160,6912,aitdcc_g_astronomy,1,4.10882306098938,4
d128h2L2,492160,6912,aitdcc_g_astronomy,2,3.9973027308781943,4
d128h2L2,492160,6912,aitdcc_g_astronomy,3,3.961568832397461,4
d128h2L2,492160,6912,aitdcc_g_astronomy,4,3.94319748878479,4
d128h2L2,492160,6912,llm_compression_python,1,7.2842384576797485,4
d128h2L2,492160,6912,llm_compression_python,2,6.921845197677612,4
d128h2L2,492160,6912,llm_compression_python,3,6.769831418991089,4
d128h2L2,492160,6912,llm_compression_python,4,6.684193134307861,4
d128h2L2,492160,6912,llm_compression_cc,1,7.522505164146423,4
d128h2L2,492160,6912,llm_compression_cc,2,7.266330003738403,4
d128h2L2,492160,6912,llm_compression_cc,3,7.146081566810608,4
d128h2L2,492160,6912,llm_compression_cc,4,7.069169521331787,4
d128h2L2,492160,6912,llm_compression_arxiv_math,1,7.571130633354187,4
d128h2L2,492160,6912,llm_compression_arxiv_math,2,7.383646647135417,4
d128h2L2,492160,6912,llm_compression_arxiv_math,3,7.304114580154419,4
d128h2L2,492160,6912,llm_compression_arxiv_math,4,7.255839824676514,4
d128h2L2,492160,6912,esc50_pcm8,1,4.353604555130005,4
d128h2L2,492160,6912,esc50_pcm8,2,3.9885775645573935,4
d128h2L2,492160,6912,esc50_pcm8,3,3.846264600753784,4
d128h2L2,492160,6912,esc50_pcm8,4,3.757888078689575,4
d128h2L2,492160,6912,esc50_pcm8_11khz,1,4.857731580734253,4
d128h2L2,492160,6912,esc50_pcm8_11khz,2,4.505141894022624,4
d128h2L2,492160,6912,esc50_pcm8_11khz,3,4.365058541297913,4
d128h2L2,492160,6912,esc50_pcm8_11khz,4,4.273331165313721,4
d128h2L2,492160,6912,musicnet_pcm8,1,6.121781349182129,4
d128h2L2,492160,6912,musicnet_pcm8,2,5.791605710983276,4
d128h2L2,492160,6912,musicnet_pcm8,3,5.6601293087005615,4
d128h2L2,492160,6912,musicnet_pcm8,4,5.589786529541016,4
d128h2L2,492160,6912,musicnet_pcm8_11khz,1,5.970834374427795,4
d128h2L2,492160,6912,musicnet_pcm8_11khz,2,5.662229458491008,4
d128h2L2,492160,6912,musicnet_pcm8_11khz,3,5.536524295806885,4
d128h2L2,492160,6912,musicnet_pcm8_11khz,4,5.459385395050049,4
d128h2L2,492160,7168,dclm,1,7.5405683517456055,4
d128h2L2,492160,7168,dclm,2,7.154020071029663,4
d128h2L2,492160,7168,dclm,3,7.002437949180603,4
d128h2L2,492160,7168,dclm,4,6.907649993896484,4
d128h2L2,492160,7168,dclm_ranked,1,6.294764518737793,4
d128h2L2,492160,7168,dclm_ranked,2,5.866979678471883,4
d128h2L2,492160,7168,dclm_ranked,3,5.702314972877502,4
d128h2L2,492160,7168,dclm_ranked,4,5.613454341888428,4
d128h2L2,492160,7168,dna,1,4.106294929981232,4
d128h2L2,492160,7168,dna,2,3.503594001134237,4
d128h2L2,492160,7168,dna,3,3.28071391582489,4
d128h2L2,492160,7168,dna,4,3.163325309753418,4
d128h2L2,492160,7168,arithmetic,1,7.751198172569275,4
d128h2L2,492160,7168,arithmetic,2,7.665306091308594,4
d128h2L2,492160,7168,arithmetic,3,7.633975028991699,4
d128h2L2,492160,7168,arithmetic,4,7.616622447967529,4
d128h2L2,492160,7168,audio_8bit,1,4.422496795654297,4
d128h2L2,492160,7168,audio_8bit,2,4.039717833201091,4
d128h2L2,492160,7168,audio_8bit,3,3.9004085659980774,4
d128h2L2,492160,7168,audio_8bit,4,3.8267147541046143,4
d128h2L2,492160,7168,audio_16bit,1,6.359781503677368,4
d128h2L2,492160,7168,audio_16bit,2,6.171741803487142,4
d128h2L2,492160,7168,audio_16bit,3,6.102983593940735,4
d128h2L2,492160,7168,audio_16bit,4,6.0658183097839355,4
d128h2L2,492160,7168,speech_commands_pcm8,1,4.027981281280518,4
d128h2L2,492160,7168,speech_commands_pcm8,2,3.7252881129582724,4
d128h2L2,492160,7168,speech_commands_pcm8,3,3.611912250518799,4
d128h2L2,492160,7168,speech_commands_pcm8,4,3.5569045543670654,4
d128h2L2,492160,7168,speech_commands_pcm8_8khz,1,3.8948670029640198,4
d128h2L2,492160,7168,speech_commands_pcm8_8khz,2,3.5624664624532065,4
d128h2L2,492160,7168,speech_commands_pcm8_8khz,3,3.443086564540863,4
d128h2L2,492160,7168,speech_commands_pcm8_8khz,4,3.3874614238739014,4
d128h2L2,492160,7168,mutopia_melody_16th,1,4.347930908203125,4
d128h2L2,492160,7168,mutopia_melody_16th,2,4.004257758458455,4
d128h2L2,492160,7168,mutopia_melody_16th,3,3.8705766201019287,4
d128h2L2,492160,7168,mutopia_melody_16th,4,3.7954726219177246,4
d128h2L2,492160,7168,cifar10_rgb_planar,1,7.593610644340515,4
d128h2L2,492160,7168,cifar10_rgb_planar,2,7.489963928858439,4
d128h2L2,492160,7168,cifar10_rgb_planar,3,7.4522480964660645,4
d128h2L2,492160,7168,cifar10_rgb_planar,4,7.43170690536499,4
d128h2L2,492160,7168,cifar10_rgb_hwc,1,7.5948344469070435,4
d128h2L2,492160,7168,cifar10_rgb_hwc,2,7.499472618103027,4
d128h2L2,492160,7168,cifar10_rgb_hwc,3,7.4648579359054565,4
d128h2L2,492160,7168,cifar10_rgb_hwc,4,7.445994853973389,4
d128h2L2,492160,7168,kolmogorov_text,1,7.556282162666321,4
d128h2L2,492160,7168,kolmogorov_text,2,7.2272539138793945,4
d128h2L2,492160,7168,kolmogorov_text,3,7.095706105232239,4
d128h2L2,492160,7168,kolmogorov_text,4,7.01340913772583,4
d128h2L2,492160,7168,kolmogorov_dna,1,3.865535080432892,4
d128h2L2,492160,7168,kolmogorov_dna,2,3.3262194792429605,4
d128h2L2,492160,7168,kolmogorov_dna,3,3.1362388134002686,4
d128h2L2,492160,7168,kolmogorov_dna,4,3.031963348388672,4
d128h2L2,492160,7168,metamath,1,7.44210410118103,4
d128h2L2,492160,7168,metamath,2,7.025098482767741,4
d128h2L2,492160,7168,metamath,3,6.879504323005676,4
d128h2L2,492160,7168,metamath,4,6.800797939300537,4
d128h2L2,492160,7168,aitdcc_a_protein,1,7.32823383808136,4
d128h2L2,492160,7168,aitdcc_a_protein,2,6.8905119101206465,4
d128h2L2,492160,7168,aitdcc_a_protein,3,6.708960294723511,4
d128h2L2,492160,7168,aitdcc_a_protein,4,6.602867126464844,4
d128h2L2,492160,7168,aitdcc_b_c_source,1,7.651336431503296,4
d128h2L2,492160,7168,aitdcc_b_c_source,2,7.410818338394165,4
d128h2L2,492160,7168,aitdcc_b_c_source,3,7.31441855430603,4
d128h2L2,492160,7168,aitdcc_b_c_source,4,7.254885196685791,4
d128h2L2,492160,7168,aitdcc_d_glibc_rand,1,8.115995168685913,4
d128h2L2,492160,7168,aitdcc_d_glibc_rand,2,8.06870174407959,4
d128h2L2,492160,7168,aitdcc_d_glibc_rand,3,8.053534030914307,4
d128h2L2,492160,7168,aitdcc_d_glibc_rand,4,8.045830726623535,4
d128h2L2,492160,7168,aitdcc_e_atlas_float32,1,7.75403368473053,4
d128h2L2,492160,7168,aitdcc_e_atlas_float32,2,7.660907506942749,4
d128h2L2,492160,7168,aitdcc_e_atlas_float32,3,7.626132845878601,4
d128h2L2,492160,7168,aitdcc_e_atlas_float32,4,7.608092784881592,4
d128h2L2,492160,7168,aitdcc_g_astronomy,1,4.523076772689819,4
d128h2L2,492160,7168,aitdcc_g_astronomy,2,4.171221772829692,4
d128h2L2,492160,7168,aitdcc_g_astronomy,3,4.06620067358017,4
d128h2L2,492160,7168,aitdcc_g_astronomy,4,4.0112128257751465,4
d128h2L2,492160,7168,llm_compression_python,1,7.263047099113464,4
d128h2L2,492160,7168,llm_compression_python,2,6.846865177154541,4
d128h2L2,492160,7168,llm_compression_python,3,6.691248774528503,4
d128h2L2,492160,7168,llm_compression_python,4,6.606888771057129,4
d128h2L2,492160,7168,llm_compression_cc,1,7.544755458831787,4
d128h2L2,492160,7168,llm_compression_cc,2,7.163716475168864,4
d128h2L2,492160,7168,llm_compression_cc,3,7.013835072517395,4
d128h2L2,492160,7168,llm_compression_cc,4,6.919717788696289,4
d128h2L2,492160,7168,llm_compression_arxiv_math,1,7.5494890213012695,4
d128h2L2,492160,7168,llm_compression_arxiv_math,2,7.2646176020304365,4
d128h2L2,492160,7168,llm_compression_arxiv_math,3,7.155250668525696,4
d128h2L2,492160,7168,llm_compression_arxiv_math,4,7.087449073791504,4
d128h2L2,492160,7168,esc50_pcm8,1,4.071601510047913,4
d128h2L2,492160,7168,esc50_pcm8,2,3.8060868978500366,4
d128h2L2,492160,7168,esc50_pcm8,3,3.7073200941085815,4
d128h2L2,492160,7168,esc50_pcm8,4,3.6583871841430664,4
d128h2L2,492160,7168,esc50_pcm8_11khz,1,4.640992879867554,4
d128h2L2,492160,7168,esc50_pcm8_11khz,2,4.39221986134847,4
d128h2L2,492160,7168,esc50_pcm8_11khz,3,4.300136089324951,4
d128h2L2,492160,7168,esc50_pcm8_11khz,4,4.254941463470459,4
d128h2L2,492160,7168,musicnet_pcm8,1,5.84166944026947,4
d128h2L2,492160,7168,musicnet_pcm8,2,5.523980458577474,4
d128h2L2,492160,7168,musicnet_pcm8,3,5.398953676223755,4
d128h2L2,492160,7168,musicnet_pcm8,4,5.333780288696289,4
d128h2L2,492160,7168,musicnet_pcm8_11khz,1,5.803890705108643,4
d128h2L2,492160,7168,musicnet_pcm8_11khz,2,5.550200541814168,4
d128h2L2,492160,7168,musicnet_pcm8_11khz,3,5.450353384017944,4
d128h2L2,492160,7168,musicnet_pcm8_11khz,4,5.3985981941223145,4
d128h2L2,492160,7424,dclm,1,7.323214054107666,4
d128h2L2,492160,7424,dclm,2,7.111915747324626,4
d128h2L2,492160,7424,dclm,3,7.031420946121216,4
d128h2L2,492160,7424,dclm,4,6.9869561195373535,4
d128h2L2,492160,7424,dclm_ranked,1,6.223105549812317,4
d128h2L2,492160,7424,dclm_ranked,2,5.85411524772644,4
d128h2L2,492160,7424,dclm_ranked,3,5.714817047119141,4
d128h2L2,492160,7424,dclm_ranked,4,5.640200138092041,4
d128h2L2,492160,7424,dna,1,4.103203535079956,4
d128h2L2,492160,7424,dna,2,3.509181102116903,4
d128h2L2,492160,7424,dna,3,3.3012518286705017,4
d128h2L2,492160,7424,dna,4,3.193711280822754,4
d128h2L2,492160,7424,arithmetic,1,7.691151022911072,4
d128h2L2,492160,7424,arithmetic,2,7.630444924036662,4
d128h2L2,492160,7424,arithmetic,3,7.608006238937378,4
d128h2L2,492160,7424,arithmetic,4,7.596520900726318,4
d128h2L2,492160,7424,audio_8bit,1,4.370292901992798,4
d128h2L2,492160,7424,audio_8bit,2,4.020631909370422,4
d128h2L2,492160,7424,audio_8bit,3,3.894381880760193,4
d128h2L2,492160,7424,audio_8bit,4,3.826815605163574,4
d128h2L2,492160,7424,audio_16bit,1,6.390593886375427,4
d128h2L2,492160,7424,audio_16bit,2,6.22629443804423,4
d128h2L2,492160,7424,audio_16bit,3,6.167010068893433,4
d128h2L2,492160,7424,audio_16bit,4,6.1352410316467285,4
d128h2L2,492160,7424,speech_commands_pcm8,1,4.271736562252045,4
d128h2L2,492160,7424,speech_commands_pcm8,2,3.932578523953756,4
d128h2L2,492160,7424,speech_commands_pcm8,3,3.80087810754776,4
d128h2L2,492160,7424,speech_commands_pcm8,4,3.7365376949310303,4
d128h2L2,492160,7424,speech_commands_pcm8_8khz,1,4.153896868228912,4
d128h2L2,492160,7424,speech_commands_pcm8_8khz,2,3.7864274978637695,4
d128h2L2,492160,7424,speech_commands_pcm8_8khz,3,3.647084951400757,4
d128h2L2,492160,7424,speech_commands_pcm8_8khz,4,3.5801239013671875,4
d128h2L2,492160,7424,mutopia_melody_16th,1,4.452394604682922,4
d128h2L2,492160,7424,mutopia_melody_16th,2,4.099915623664856,4
d128h2L2,492160,7424,mutopia_melody_16th,3,3.9560669660568237,4
d128h2L2,492160,7424,mutopia_melody_16th,4,3.875901222229004,4
d128h2L2,492160,7424,cifar10_rgb_planar,1,7.599747061729431,4
d128h2L2,492160,7424,cifar10_rgb_planar,2,7.525790373484294,4
d128h2L2,492160,7424,cifar10_rgb_planar,3,7.4983179569244385,4
d128h2L2,492160,7424,cifar10_rgb_planar,4,7.483345031738281,4
d128h2L2,492160,7424,cifar10_rgb_hwc,1,7.600488781929016,4
d128h2L2,492160,7424,cifar10_rgb_hwc,2,7.535911560058594,4
d128h2L2,492160,7424,cifar10_rgb_hwc,3,7.511724472045898,4
d128h2L2,492160,7424,cifar10_rgb_hwc,4,7.498469829559326,4
d128h2L2,492160,7424,kolmogorov_text,1,7.377146363258362,4
d128h2L2,492160,7424,kolmogorov_text,2,7.200184345245361,4
d128h2L2,492160,7424,kolmogorov_text,3,7.133808255195618,4
d128h2L2,492160,7424,kolmogorov_text,4,7.098077774047852,4
d128h2L2,492160,7424,kolmogorov_dna,1,4.002605497837067,4
d128h2L2,492160,7424,kolmogorov_dna,2,3.420647303263346,4
d128h2L2,492160,7424,kolmogorov_dna,3,3.2315380573272705,4
d128h2L2,492160,7424,kolmogorov_dna,4,3.134366989135742,4
d128h2L2,492160,7424,metamath,1,7.2647621631622314,4
d128h2L2,492160,7424,metamath,2,7.078791856765747,4
d128h2L2,492160,7424,metamath,3,7.014625906944275,4
d128h2L2,492160,7424,metamath,4,6.981088638305664,4
d128h2L2,492160,7424,aitdcc_a_protein,1,7.136970520019531,4
d128h2L2,492160,7424,aitdcc_a_protein,2,6.935082356135051,4
d128h2L2,492160,7424,aitdcc_a_protein,3,6.864131212234497,4
d128h2L2,492160,7424,aitdcc_a_protein,4,6.827629566192627,4
d128h2L2,492160,7424,aitdcc_b_c_source,1,7.5672221183776855,4
d128h2L2,492160,7424,aitdcc_b_c_source,2,7.4504350026448565,4
d128h2L2,492160,7424,aitdcc_b_c_source,3,7.40842342376709,4
d128h2L2,492160,7424,aitdcc_b_c_source,4,7.385503768920898,4
d128h2L2,492160,7424,aitdcc_d_glibc_rand,1,8.068395614624023,4
d128h2L2,492160,7424,aitdcc_d_glibc_rand,2,8.041709582010904,4
d128h2L2,492160,7424,aitdcc_d_glibc_rand,3,8.032921552658081,4
d128h2L2,492160,7424,aitdcc_d_glibc_rand,4,8.028489112854004,4
d128h2L2,492160,7424,aitdcc_e_atlas_float32,1,7.587480545043945,4
d128h2L2,492160,7424,aitdcc_e_atlas_float32,2,7.486789782842,4
d128h2L2,492160,7424,aitdcc_e_atlas_float32,3,7.445258378982544,4
d128h2L2,492160,7424,aitdcc_e_atlas_float32,4,7.424306869506836,4
d128h2L2,492160,7424,aitdcc_g_astronomy,1,4.00103622674942,4
d128h2L2,492160,7424,aitdcc_g_astronomy,2,3.8713405529658,4
d128h2L2,492160,7424,aitdcc_g_astronomy,3,3.827292740345001,4
d128h2L2,492160,7424,aitdcc_g_astronomy,4,3.8050522804260254,4
d128h2L2,492160,7424,llm_compression_python,1,6.998366594314575,4
d128h2L2,492160,7424,llm_compression_python,2,6.776694059371948,4
d128h2L2,492160,7424,llm_compression_python,3,6.692741513252258,4
d128h2L2,492160,7424,llm_compression_python,4,6.648764133453369,4
d128h2L2,492160,7424,llm_compression_cc,1,7.319222807884216,4
d128h2L2,492160,7424,llm_compression_cc,2,7.1129874388376875,4
d128h2L2,492160,7424,llm_compression_cc,3,7.0346678495407104,4
d128h2L2,492160,7424,llm_compression_cc,4,6.991781234741211,4
d128h2L2,492160,7424,llm_compression_arxiv_math,1,7.411449074745178,4
d128h2L2,492160,7424,llm_compression_arxiv_math,2,7.280168056488037,4
d128h2L2,492160,7424,llm_compression_arxiv_math,3,7.232412815093994,4
d128h2L2,492160,7424,llm_compression_arxiv_math,4,7.206927299499512,4
d128h2L2,492160,7424,esc50_pcm8,1,4.227496147155762,4
d128h2L2,492160,7424,esc50_pcm8,2,3.9538426399230957,4
d128h2L2,492160,7424,esc50_pcm8,3,3.848876655101776,4
d128h2L2,492160,7424,esc50_pcm8,4,3.794560194015503,4
d128h2L2,492160,7424,esc50_pcm8_11khz,1,4.746408224105835,4
d128h2L2,492160,7424,esc50_pcm8_11khz,2,4.488310019175212,4
d128h2L2,492160,7424,esc50_pcm8_11khz,3,4.38711941242218,4
d128h2L2,492160,7424,esc50_pcm8_11khz,4,4.334568023681641,4
d128h2L2,492160,7424,musicnet_pcm8,1,5.986035585403442,4
d128h2L2,492160,7424,musicnet_pcm8,2,5.680479605992635,4
d128h2L2,492160,7424,musicnet_pcm8,3,5.552645683288574,4
d128h2L2,492160,7424,musicnet_pcm8,4,5.478085517883301,4
d128h2L2,492160,7424,musicnet_pcm8_11khz,1,5.880292296409607,4
d128h2L2,492160,7424,musicnet_pcm8_11khz,2,5.613777081171672,4
d128h2L2,492160,7424,musicnet_pcm8_11khz,3,5.500532269477844,4
d128h2L2,492160,7424,musicnet_pcm8_11khz,4,5.436618328094482,4
d128h2L2,492160,7680,dclm,1,7.3345935344696045,4
d128h2L2,492160,7680,dclm,2,7.11811884244283,4
d128h2L2,492160,7680,dclm,3,7.0383933782577515,4
d128h2L2,492160,7680,dclm,4,6.995741844177246,4
d128h2L2,492160,7680,dclm_ranked,1,6.012499809265137,4
d128h2L2,492160,7680,dclm_ranked,2,5.643658955891927,4
d128h2L2,492160,7680,dclm_ranked,3,5.506088137626648,4
d128h2L2,492160,7680,dclm_ranked,4,5.431219577789307,4
d128h2L2,492160,7680,dna,1,3.900525987148285,4
d128h2L2,492160,7680,dna,2,3.362100879351298,4
d128h2L2,492160,7680,dna,3,3.170513391494751,4
d128h2L2,492160,7680,dna,4,3.071605920791626,4
d128h2L2,492160,7680,arithmetic,1,7.67210328578949,4
d128h2L2,492160,7680,arithmetic,2,7.583863973617554,4
d128h2L2,492160,7680,arithmetic,3,7.551930665969849,4
d128h2L2,492160,7680,arithmetic,4,7.534595012664795,4
d128h2L2,492160,7680,audio_8bit,1,4.375469088554382,4
d128h2L2,492160,7680,audio_8bit,2,4.006411075592041,4
d128h2L2,492160,7680,audio_8bit,3,3.873018443584442,4
d128h2L2,492160,7680,audio_8bit,4,3.802493095397949,4
d128h2L2,492160,7680,audio_16bit,1,6.351383328437805,4
d128h2L2,492160,7680,audio_16bit,2,6.163900693257649,4
d128h2L2,492160,7680,audio_16bit,3,6.096247434616089,4
d128h2L2,492160,7680,audio_16bit,4,6.060826778411865,4
d128h2L2,492160,7680,speech_commands_pcm8,1,3.920361876487732,4
d128h2L2,492160,7680,speech_commands_pcm8,2,3.630343039830526,4
d128h2L2,492160,7680,speech_commands_pcm8,3,3.5251554250717163,4
d128h2L2,492160,7680,speech_commands_pcm8,4,3.4686644077301025,4
d128h2L2,492160,7680,speech_commands_pcm8_8khz,1,3.7990968227386475,4
d128h2L2,492160,7680,speech_commands_pcm8_8khz,2,3.4781532287597656,4
d128h2L2,492160,7680,speech_commands_pcm8_8khz,3,3.3659247756004333,4
d128h2L2,492160,7680,speech_commands_pcm8_8khz,4,3.306472063064575,4
d128h2L2,492160,7680,mutopia_melody_16th,1,4.421093940734863,4
d128h2L2,492160,7680,mutopia_melody_16th,2,4.029070417086284,4
d128h2L2,492160,7680,mutopia_melody_16th,3,3.8900228142738342,4
d128h2L2,492160,7680,mutopia_melody_16th,4,3.8148703575134277,4
d128h2L2,492160,7680,cifar10_rgb_planar,1,7.519108295440674,4
d128h2L2,492160,7680,cifar10_rgb_planar,2,7.414482355117798,4
d128h2L2,492160,7680,cifar10_rgb_planar,3,7.375830173492432,4
d128h2L2,492160,7680,cifar10_rgb_planar,4,7.355037689208984,4
d128h2L2,492160,7680,cifar10_rgb_hwc,1,7.5297969579696655,4
d128h2L2,492160,7680,cifar10_rgb_hwc,2,7.434194326400757,4
d128h2L2,492160,7680,cifar10_rgb_hwc,3,7.398893475532532,4
d128h2L2,492160,7680,cifar10_rgb_hwc,4,7.37986421585083,4
d128h2L2,492160,7680,kolmogorov_text,1,7.387397885322571,4
d128h2L2,492160,7680,kolmogorov_text,2,7.189048846562703,4
d128h2L2,492160,7680,kolmogorov_text,3,7.114474058151245,4
d128h2L2,492160,7680,kolmogorov_text,4,7.073789596557617,4
d128h2L2,492160,7680,kolmogorov_dna,1,3.7053666710853577,4
d128h2L2,492160,7680,kolmogorov_dna,2,3.251032511393229,4
d128h2L2,492160,7680,kolmogorov_dna,3,3.0958670377731323,4
d128h2L2,492160,7680,kolmogorov_dna,4,3.0161478519439697,4
d128h2L2,492160,7680,metamath,1,7.2937692403793335,4
d128h2L2,492160,7680,metamath,2,7.011937936147054,4
d128h2L2,492160,7680,metamath,3,6.909398317337036,4
d128h2L2,492160,7680,metamath,4,6.855703830718994,4
d128h2L2,492160,7680,aitdcc_a_protein,1,7.080236077308655,4
d128h2L2,492160,7680,aitdcc_a_protein,2,6.7951695919036865,4
d128h2L2,492160,7680,aitdcc_a_protein,3,6.688008069992065,4
d128h2L2,492160,7680,aitdcc_a_protein,4,6.630874156951904,4
d128h2L2,492160,7680,aitdcc_b_c_source,1,7.5095062255859375,4
d128h2L2,492160,7680,aitdcc_b_c_source,2,7.350128968556722,4
d128h2L2,492160,7680,aitdcc_b_c_source,3,7.288108825683594,4
d128h2L2,492160,7680,aitdcc_b_c_source,4,7.253809452056885,4
d128h2L2,492160,7680,aitdcc_d_glibc_rand,1,8.114037990570068,4
d128h2L2,492160,7680,aitdcc_d_glibc_rand,2,8.068219343821207,4
d128h2L2,492160,7680,aitdcc_d_glibc_rand,3,8.053206205368042,4
d128h2L2,492160,7680,aitdcc_d_glibc_rand,4,8.045570373535156,4
d128h2L2,492160,7680,aitdcc_e_atlas_float32,1,7.695500135421753,4
d128h2L2,492160,7680,aitdcc_e_atlas_float32,2,7.61181116104126,4
d128h2L2,492160,7680,aitdcc_e_atlas_float32,3,7.579542636871338,4
d128h2L2,492160,7680,aitdcc_e_atlas_float32,4,7.5616607666015625,4
d128h2L2,492160,7680,aitdcc_g_astronomy,1,4.03766667842865,4
d128h2L2,492160,7680,aitdcc_g_astronomy,2,3.835009137789408,4
d128h2L2,492160,7680,aitdcc_g_astronomy,3,3.7713152170181274,4
d128h2L2,492160,7680,aitdcc_g_astronomy,4,3.739187240600586,4
d128h2L2,492160,7680,llm_compression_python,1,7.128194212913513,4
d128h2L2,492160,7680,llm_compression_python,2,6.818252960840861,4
d128h2L2,492160,7680,llm_compression_python,3,6.698656678199768,4
d128h2L2,492160,7680,llm_compression_python,4,6.634532928466797,4
d128h2L2,492160,7680,llm_compression_cc,1,7.340548515319824,4
d128h2L2,492160,7680,llm_compression_cc,2,7.124982754389445,4
d128h2L2,492160,7680,llm_compression_cc,3,7.0455451011657715,4
d128h2L2,492160,7680,llm_compression_cc,4,7.002819061279297,4
d128h2L2,492160,7680,llm_compression_arxiv_math,1,7.3902928829193115,4
d128h2L2,492160,7680,llm_compression_arxiv_math,2,7.207305669784546,4
d128h2L2,492160,7680,llm_compression_arxiv_math,3,7.140122175216675,4
d128h2L2,492160,7680,llm_compression_arxiv_math,4,7.104230880737305,4
d128h2L2,492160,7680,esc50_pcm8,1,3.968161404132843,4
d128h2L2,492160,7680,esc50_pcm8,2,3.7099048693974814,4
d128h2L2,492160,7680,esc50_pcm8,3,3.6138311624526978,4
d128h2L2,492160,7680,esc50_pcm8,4,3.5618584156036377,4
d128h2L2,492160,7680,esc50_pcm8_11khz,1,4.5166414976119995,4
d128h2L2,492160,7680,esc50_pcm8_11khz,2,4.261845429738362,4
d128h2L2,492160,7680,esc50_pcm8_11khz,3,4.166939616203308,4
d128h2L2,492160,7680,esc50_pcm8_11khz,4,4.114513397216797,4
d128h2L2,492160,7680,musicnet_pcm8,1,5.689528107643127,4
d128h2L2,492160,7680,musicnet_pcm8,2,5.38263217608134,4
d128h2L2,492160,7680,musicnet_pcm8,3,5.258400559425354,4
d128h2L2,492160,7680,musicnet_pcm8,4,5.187997341156006,4
d128h2L2,492160,7680,musicnet_pcm8_11khz,1,5.655326843261719,4
d128h2L2,492160,7680,musicnet_pcm8_11khz,2,5.3792344729105634,4
d128h2L2,492160,7680,musicnet_pcm8_11khz,3,5.270638704299927,4
d128h2L2,492160,7680,musicnet_pcm8_11khz,4,5.208472728729248,4
d128h2L2,492160,7936,dclm,1,7.464908957481384,4
d128h2L2,492160,7936,dclm,2,7.368360757827759,4
d128h2L2,492160,7936,dclm,3,7.334750533103943,4
d128h2L2,492160,7936,dclm,4,7.3170270919799805,4
d128h2L2,492160,7936,dclm_ranked,1,6.107104182243347,4
d128h2L2,492160,7936,dclm_ranked,2,5.806820869445801,4
d128h2L2,492160,7936,dclm_ranked,3,5.697673797607422,4
d128h2L2,492160,7936,dclm_ranked,4,5.639305591583252,4
d128h2L2,492160,7936,dna,1,3.624643921852112,4
d128h2L2,492160,7936,dna,2,3.164888302485148,4
d128h2L2,492160,7936,dna,3,3.0050483345985413,4
d128h2L2,492160,7936,dna,4,2.9235589504241943,4
d128h2L2,492160,7936,arithmetic,1,7.714591383934021,4
d128h2L2,492160,7936,arithmetic,2,7.664155721664429,4
d128h2L2,492160,7936,arithmetic,3,7.645748496055603,4
d128h2L2,492160,7936,arithmetic,4,7.635824203491211,4
d128h2L2,492160,7936,audio_8bit,1,4.288372993469238,4
d128h2L2,492160,7936,audio_8bit,2,3.967444737752279,4
d128h2L2,492160,7936,audio_8bit,3,3.8503052592277527,4
d128h2L2,492160,7936,audio_8bit,4,3.789198398590088,4
d128h2L2,492160,7936,audio_16bit,1,6.389813423156738,4
d128h2L2,492160,7936,audio_16bit,2,6.235425551732381,4
d128h2L2,492160,7936,audio_16bit,3,6.1811301708221436,4
d128h2L2,492160,7936,audio_16bit,4,6.153038501739502,4
d128h2L2,492160,7936,speech_commands_pcm8,1,3.8882397413253784,4
d128h2L2,492160,7936,speech_commands_pcm8,2,3.6646088361740112,4
d128h2L2,492160,7936,speech_commands_pcm8,3,3.574613928794861,4
d128h2L2,492160,7936,speech_commands_pcm8,4,3.522231101989746,4
d128h2L2,492160,7936,speech_commands_pcm8_8khz,1,3.7366837859153748,4
d128h2L2,492160,7936,speech_commands_pcm8_8khz,2,3.499918818473816,4
d128h2L2,492160,7936,speech_commands_pcm8_8khz,3,3.4051456451416016,4
d128h2L2,492160,7936,speech_commands_pcm8_8khz,4,3.349780797958374,4
d128h2L2,492160,7936,mutopia_melody_16th,1,4.296284914016724,4
d128h2L2,492160,7936,mutopia_melody_16th,2,4.023136615753174,4
d128h2L2,492160,7936,mutopia_melody_16th,3,3.929081082344055,4
d128h2L2,492160,7936,mutopia_melody_16th,4,3.8807172775268555,4
d128h2L2,492160,7936,cifar10_rgb_planar,1,7.555163383483887,4
d128h2L2,492160,7936,cifar10_rgb_planar,2,7.4880467255910235,4
d128h2L2,492160,7936,cifar10_rgb_planar,3,7.46272087097168,4
d128h2L2,492160,7936,cifar10_rgb_planar,4,7.4491472244262695,4
d128h2L2,492160,7936,cifar10_rgb_hwc,1,7.587741732597351,4
d128h2L2,492160,7936,cifar10_rgb_hwc,2,7.529468139012654,4
d128h2L2,492160,7936,cifar10_rgb_hwc,3,7.507600545883179,4
d128h2L2,492160,7936,cifar10_rgb_hwc,4,7.49582052230835,4
d128h2L2,492160,7936,kolmogorov_text,1,7.488208055496216,4
d128h2L2,492160,7936,kolmogorov_text,2,7.400652964909871,4
d128h2L2,492160,7936,kolmogorov_text,3,7.369472622871399,4
d128h2L2,492160,7936,kolmogorov_text,4,7.352966785430908,4
d128h2L2,492160,7936,kolmogorov_dna,1,3.5402984619140625,4
d128h2L2,492160,7936,kolmogorov_dna,2,3.1217469374338784,4
d128h2L2,492160,7936,kolmogorov_dna,3,2.9785139560699463,4
d128h2L2,492160,7936,kolmogorov_dna,4,2.9051709175109863,4
d128h2L2,492160,7936,metamath,1,7.404053688049316,4
d128h2L2,492160,7936,metamath,2,7.304673433303833,4
d128h2L2,492160,7936,metamath,3,7.2685301303863525,4
d128h2L2,492160,7936,metamath,4,7.249182224273682,4
d128h2L2,492160,7936,aitdcc_a_protein,1,7.268178820610046,4
d128h2L2,492160,7936,aitdcc_a_protein,2,7.111751000086467,4
d128h2L2,492160,7936,aitdcc_a_protein,3,7.043115973472595,4
d128h2L2,492160,7936,aitdcc_a_protein,4,7.0009965896606445,4
d128h2L2,492160,7936,aitdcc_b_c_source,1,7.590246558189392,4
d128h2L2,492160,7936,aitdcc_b_c_source,2,7.524461110432942,4
d128h2L2,492160,7936,aitdcc_b_c_source,3,7.500597953796387,4
d128h2L2,492160,7936,aitdcc_b_c_source,4,7.488020896911621,4
d128h2L2,492160,7936,aitdcc_d_glibc_rand,1,8.068303108215332,4
d128h2L2,492160,7936,aitdcc_d_glibc_rand,2,8.040865103403727,4
d128h2L2,492160,7936,aitdcc_d_glibc_rand,3,8.031660079956055,4
d128h2L2,492160,7936,aitdcc_d_glibc_rand,4,8.026989936828613,4
d128h2L2,492160,7936,aitdcc_e_atlas_float32,1,7.791356921195984,4
d128h2L2,492160,7936,aitdcc_e_atlas_float32,2,7.742373943328857,4
d128h2L2,492160,7936,aitdcc_e_atlas_float32,3,7.725106596946716,4
d128h2L2,492160,7936,aitdcc_e_atlas_float32,4,7.716269016265869,4
d128h2L2,492160,7936,aitdcc_g_astronomy,1,4.161344885826111,4
d128h2L2,492160,7936,aitdcc_g_astronomy,2,4.054144700368245,4
d128h2L2,492160,7936,aitdcc_g_astronomy,3,4.017428815364838,4
d128h2L2,492160,7936,aitdcc_g_astronomy,4,3.998183250427246,4
d128h2L2,492160,7936,llm_compression_python,1,7.063109517097473,4
d128h2L2,492160,7936,llm_compression_python,2,6.899349689483643,4
d128h2L2,492160,7936,llm_compression_python,3,6.843210577964783,4
d128h2L2,492160,7936,llm_compression_python,4,6.813948631286621,4
d128h2L2,492160,7936,llm_compression_cc,1,7.466582417488098,4
d128h2L2,492160,7936,llm_compression_cc,2,7.369575421015422,4
d128h2L2,492160,7936,llm_compression_cc,3,7.3357462882995605,4
d128h2L2,492160,7936,llm_compression_cc,4,7.317881107330322,4
d128h2L2,492160,7936,llm_compression_arxiv_math,1,7.481455326080322,4
d128h2L2,492160,7936,llm_compression_arxiv_math,2,7.3979010581970215,4
d128h2L2,492160,7936,llm_compression_arxiv_math,3,7.368231773376465,4
d128h2L2,492160,7936,llm_compression_arxiv_math,4,7.352503776550293,4
d128h2L2,492160,7936,esc50_pcm8,1,3.9323627948760986,4
d128h2L2,492160,7936,esc50_pcm8,2,3.730764547983805,4
d128h2L2,492160,7936,esc50_pcm8,3,3.6528345346450806,4
d128h2L2,492160,7936,esc50_pcm8,4,3.608295440673828,4
d128h2L2,492160,7936,esc50_pcm8_11khz,1,4.46378481388092,4
d128h2L2,492160,7936,esc50_pcm8_11khz,2,4.273602406183879,4
d128h2L2,492160,7936,esc50_pcm8_11khz,3,4.197410225868225,4
d128h2L2,492160,7936,esc50_pcm8_11khz,4,4.1527605056762695,4
d128h2L2,492160,7936,musicnet_pcm8,1,5.6937689781188965,4
d128h2L2,492160,7936,musicnet_pcm8,2,5.466117064158122,4
d128h2L2,492160,7936,musicnet_pcm8,3,5.368480682373047,4
d128h2L2,492160,7936,musicnet_pcm8,4,5.310113430023193,4
d128h2L2,492160,7936,musicnet_pcm8_11khz,1,5.580490708351135,4
d128h2L2,492160,7936,musicnet_pcm8_11khz,2,5.375484069188436,4
d128h2L2,492160,7936,musicnet_pcm8_11khz,3,5.287599444389343,4
d128h2L2,492160,7936,musicnet_pcm8_11khz,4,5.234297752380371,4
d128h2L2,492160,8191,dclm,1,7.6175477504730225,4
d128h2L2,492160,8191,dclm,2,7.213470935821533,4
d128h2L2,492160,8191,dclm,3,7.060028314590454,4
d128h2L2,492160,8191,dclm,4,6.973262786865234,4
d128h2L2,492160,8191,dclm_ranked,1,6.324589848518372,4
d128h2L2,492160,8191,dclm_ranked,2,5.958384911219279,4
d128h2L2,492160,8191,dclm_ranked,3,5.830545783042908,4
d128h2L2,492160,8191,dclm_ranked,4,5.762174129486084,4
d128h2L2,492160,8191,dna,1,4.271210253238678,4
d128h2L2,492160,8191,dna,2,3.5235160191853843,4
d128h2L2,492160,8191,dna,3,3.2795053720474243,4
d128h2L2,492160,8191,dna,4,3.158304214477539,4
d128h2L2,492160,8191,arithmetic,1,7.725554347038269,4
d128h2L2,492160,8191,arithmetic,2,7.6404209931691485,4
d128h2L2,492160,8191,arithmetic,3,7.608273267745972,4
d128h2L2,492160,8191,arithmetic,4,7.591100215911865,4
d128h2L2,492160,8191,audio_8bit,1,4.428587198257446,4
d128h2L2,492160,8191,audio_8bit,2,4.035580674807231,4
d128h2L2,492160,8191,audio_8bit,3,3.891809105873108,4
d128h2L2,492160,8191,audio_8bit,4,3.8139164447784424,4
d128h2L2,492160,8191,audio_16bit,1,6.484435439109802,4
d128h2L2,492160,8191,audio_16bit,2,6.271389881769816,4
d128h2L2,492160,8191,audio_16bit,3,6.200535774230957,4
d128h2L2,492160,8191,audio_16bit,4,6.163539886474609,4
d128h2L2,492160,8191,speech_commands_pcm8,1,4.318908154964447,4
d128h2L2,492160,8191,speech_commands_pcm8,2,3.943700432777405,4
d128h2L2,492160,8191,speech_commands_pcm8,3,3.825369417667389,4
d128h2L2,492160,8191,speech_commands_pcm8,4,3.766646385192871,4
d128h2L2,492160,8191,speech_commands_pcm8_8khz,1,4.2433613538742065,4
d128h2L2,492160,8191,speech_commands_pcm8_8khz,2,3.8511216243108115,4
d128h2L2,492160,8191,speech_commands_pcm8_8khz,3,3.7349950671195984,4
d128h2L2,492160,8191,speech_commands_pcm8_8khz,4,3.679081439971924,4
d128h2L2,492160,8191,mutopia_melody_16th,1,4.843631148338318,4
d128h2L2,492160,8191,mutopia_melody_16th,2,4.130165497461955,4
d128h2L2,492160,8191,mutopia_melody_16th,3,3.9757032990455627,4
d128h2L2,492160,8191,mutopia_melody_16th,4,3.906522512435913,4
d128h2L2,492160,8191,cifar10_rgb_planar,1,7.565559267997742,4
d128h2L2,492160,8191,cifar10_rgb_planar,2,7.454389015833537,4
d128h2L2,492160,8191,cifar10_rgb_planar,3,7.411860346794128,4
d128h2L2,492160,8191,cifar10_rgb_planar,4,7.388607025146484,4
d128h2L2,492160,8191,cifar10_rgb_hwc,1,7.582167983055115,4
d128h2L2,492160,8191,cifar10_rgb_hwc,2,7.48390809694926,4
d128h2L2,492160,8191,cifar10_rgb_hwc,3,7.446139097213745,4
d128h2L2,492160,8191,cifar10_rgb_hwc,4,7.425211429595947,4
d128h2L2,492160,8191,kolmogorov_text,1,7.587809801101685,4
d128h2L2,492160,8191,kolmogorov_text,2,7.2526750564575195,4
d128h2L2,492160,8191,kolmogorov_text,3,7.124308109283447,4
d128h2L2,492160,8191,kolmogorov_text,4,7.051072597503662,4
d128h2L2,492160,8191,kolmogorov_dna,1,3.925831437110901,4
d128h2L2,492160,8191,kolmogorov_dna,2,3.3686814308166504,4
d128h2L2,492160,8191,kolmogorov_dna,3,3.179817259311676,4
d128h2L2,492160,8191,kolmogorov_dna,4,3.0865283012390137,4
d128h2L2,492160,8191,metamath,1,7.549811601638794,4
d128h2L2,492160,8191,metamath,2,7.053764820098877,4
d128h2L2,492160,8191,metamath,3,6.887936472892761,4
d128h2L2,492160,8191,metamath,4,6.809144020080566,4
d128h2L2,492160,8191,aitdcc_a_protein,1,7.099644184112549,4
d128h2L2,492160,8191,aitdcc_a_protein,2,6.892492850621541,4
d128h2L2,492160,8191,aitdcc_a_protein,3,6.808343172073364,4
d128h2L2,492160,8191,aitdcc_a_protein,4,6.760176181793213,4
d128h2L2,492160,8191,aitdcc_b_c_source,1,7.697511792182922,4
d128h2L2,492160,8191,aitdcc_b_c_source,2,7.485004822413127,4
d128h2L2,492160,8191,aitdcc_b_c_source,3,7.405443072319031,4
d128h2L2,492160,8191,aitdcc_b_c_source,4,7.359760284423828,4
d128h2L2,492160,8191,aitdcc_d_glibc_rand,1,8.131536960601807,4
d128h2L2,492160,8191,aitdcc_d_glibc_rand,2,8.08124049504598,4
d128h2L2,492160,8191,aitdcc_d_glibc_rand,3,8.064254522323608,4
d128h2L2,492160,8191,aitdcc_d_glibc_rand,4,8.055416107177734,4
d128h2L2,492160,8191,aitdcc_e_atlas_float32,1,7.74079155921936,4
d128h2L2,492160,8191,aitdcc_e_atlas_float32,2,7.639774799346924,4
d128h2L2,492160,8191,aitdcc_e_atlas_float32,3,7.596848368644714,4
d128h2L2,492160,8191,aitdcc_e_atlas_float32,4,7.570765495300293,4
d128h2L2,492160,8191,aitdcc_g_astronomy,1,4.211833357810974,4
d128h2L2,492160,8191,aitdcc_g_astronomy,2,4.082354029019673,4
d128h2L2,492160,8191,aitdcc_g_astronomy,3,4.044696688652039,4
d128h2L2,492160,8191,aitdcc_g_astronomy,4,4.025920391082764,4
d128h2L2,492160,8191,llm_compression_python,1,7.418853998184204,4
d128h2L2,492160,8191,llm_compression_python,2,6.886797666549683,4
d128h2L2,492160,8191,llm_compression_python,3,6.698246479034424,4
d128h2L2,492160,8191,llm_compression_python,4,6.5993170738220215,4
d128h2L2,492160,8191,llm_compression_cc,1,7.609555006027222,4
d128h2L2,492160,8191,llm_compression_cc,2,7.221679449081421,4
d128h2L2,492160,8191,llm_compression_cc,3,7.074226498603821,4
d128h2L2,492160,8191,llm_compression_cc,4,6.990408420562744,4
d128h2L2,492160,8191,llm_compression_arxiv_math,1,7.59052050113678,4
d128h2L2,492160,8191,llm_compression_arxiv_math,2,7.307692448298137,4
d128h2L2,492160,8191,llm_compression_arxiv_math,3,7.2022751569747925,4
d128h2L2,492160,8191,llm_compression_arxiv_math,4,7.143675804138184,4
d128h2L2,492160,8191,esc50_pcm8,1,4.324384033679962,4
d128h2L2,492160,8191,esc50_pcm8,2,3.950962503751119,4
d128h2L2,492160,8191,esc50_pcm8,3,3.827835977077484,4
d128h2L2,492160,8191,esc50_pcm8,4,3.7650606632232666,4
d128h2L2,492160,8191,esc50_pcm8_11khz,1,4.847371339797974,4
d128h2L2,492160,8191,esc50_pcm8_11khz,2,4.525642315546672,4
d128h2L2,492160,8191,esc50_pcm8_11khz,3,4.4221625328063965,4
d128h2L2,492160,8191,esc50_pcm8_11khz,4,4.369304656982422,4
d128h2L2,492160,8191,musicnet_pcm8,1,5.903251528739929,4
d128h2L2,492160,8191,musicnet_pcm8,2,5.47228741645813,4
d128h2L2,492160,8191,musicnet_pcm8,3,5.293959021568298,4
d128h2L2,492160,8191,musicnet_pcm8,4,5.1979570388793945,4
d128h2L2,492160,8191,musicnet_pcm8_11khz,1,5.855977296829224,4
d128h2L2,492160,8191,musicnet_pcm8_11khz,2,5.538181861241658,4
d128h2L2,492160,8191,musicnet_pcm8_11khz,3,5.419268369674683,4
d128h2L2,492160,8191,musicnet_pcm8_11khz,4,5.355016231536865,4
d128h2L4,984192,256,dclm,1,8.391302466392517,4
d128h2L4,984192,256,dclm,2,8.195609331130981,4
d128h2L4,984192,256,dclm,3,8.072313785552979,4
d128h2L4,984192,256,dclm,4,7.97726583480835,4
d128h2L4,984192,256,dclm_ranked,1,6.665205955505371,4
d128h2L4,984192,256,dclm_ranked,2,6.356941382090251,4
d128h2L4,984192,256,dclm_ranked,3,6.236796498298645,4
d128h2L4,984192,256,dclm_ranked,4,6.166419506072998,4
d128h2L4,984192,256,dna,1,4.697145223617554,4
d128h2L4,984192,256,dna,2,4.277832865715027,4
d128h2L4,984192,256,dna,3,4.082282841205597,4
d128h2L4,984192,256,dna,4,3.9651646614074707,4
d128h2L4,984192,256,arithmetic,1,8.474944353103638,4
d128h2L4,984192,256,arithmetic,2,8.369736512502035,4
d128h2L4,984192,256,arithmetic,3,8.320199489593506,4
d128h2L4,984192,256,arithmetic,4,8.28908920288086,4
d128h2L4,984192,256,audio_8bit,1,5.209439396858215,4
d128h2L4,984192,256,audio_8bit,2,4.759781360626221,4
d128h2L4,984192,256,audio_8bit,3,4.609523296356201,4
d128h2L4,984192,256,audio_8bit,4,4.528530597686768,4
d128h2L4,984192,256,audio_16bit,1,7.178537845611572,4
d128h2L4,984192,256,audio_16bit,2,6.921390851338704,4
d128h2L4,984192,256,audio_16bit,3,6.82024621963501,4
d128h2L4,984192,256,audio_16bit,4,6.764300346374512,4
d128h2L4,984192,256,speech_commands_pcm8,1,8.465232133865356,4
d128h2L4,984192,256,speech_commands_pcm8,2,8.382481257120768,4
d128h2L4,984192,256,speech_commands_pcm8,3,8.353416442871094,4
d128h2L4,984192,256,speech_commands_pcm8,4,8.337518692016602,4
d128h2L4,984192,256,speech_commands_pcm8_8khz,1,8.483625650405884,4
d128h2L4,984192,256,speech_commands_pcm8_8khz,2,8.397667249043783,4
d128h2L4,984192,256,speech_commands_pcm8_8khz,3,8.367960214614868,4
d128h2L4,984192,256,speech_commands_pcm8_8khz,4,8.351807594299316,4
d128h2L4,984192,256,mutopia_melody_16th,1,8.257432222366333,4
d128h2L4,984192,256,mutopia_melody_16th,2,8.157906611760458,4
d128h2L4,984192,256,mutopia_melody_16th,3,8.124918818473816,4
d128h2L4,984192,256,mutopia_melody_16th,4,8.107990264892578,4
d128h2L4,984192,256,cifar10_rgb_planar,1,8.415314674377441,4
d128h2L4,984192,256,cifar10_rgb_planar,2,8.30739450454712,4
d128h2L4,984192,256,cifar10_rgb_planar,3,8.259780168533325,4
d128h2L4,984192,256,cifar10_rgb_planar,4,8.2306489944458,4
d128h2L4,984192,256,cifar10_rgb_hwc,1,8.410350799560547,4
d128h2L4,984192,256,cifar10_rgb_hwc,2,8.300620237986246,4
d128h2L4,984192,256,cifar10_rgb_hwc,3,8.253324270248413,4
d128h2L4,984192,256,cifar10_rgb_hwc,4,8.224510192871094,4
d128h2L4,984192,256,kolmogorov_text,1,8.41773533821106,4
d128h2L4,984192,256,kolmogorov_text,2,8.254417498906454,4
d128h2L4,984192,256,kolmogorov_text,3,8.158113479614258,4
d128h2L4,984192,256,kolmogorov_text,4,8.086506843566895,4
d128h2L4,984192,256,kolmogorov_dna,1,5.898275852203369,4
d128h2L4,984192,256,kolmogorov_dna,2,5.458130598068237,4
d128h2L4,984192,256,kolmogorov_dna,3,5.217712879180908,4
d128h2L4,984192,256,kolmogorov_dna,4,5.054317474365234,4
d128h2L4,984192,256,metamath,1,8.175367712974548,4
d128h2L4,984192,256,metamath,2,7.922122399012248,4
d128h2L4,984192,256,metamath,3,7.764723300933838,4
d128h2L4,984192,256,metamath,4,7.64665412902832,4
d128h2L4,984192,256,aitdcc_a_protein,1,8.563058853149414,4
d128h2L4,984192,256,aitdcc_a_protein,2,8.482852141062418,4
d128h2L4,984192,256,aitdcc_a_protein,3,8.450208187103271,4
d128h2L4,984192,256,aitdcc_a_protein,4,8.431498527526855,4
d128h2L4,984192,256,aitdcc_b_c_source,1,8.466864585876465,4
d128h2L4,984192,256,aitdcc_b_c_source,2,8.328725496927897,4
d128h2L4,984192,256,aitdcc_b_c_source,3,8.250718355178833,4
d128h2L4,984192,256,aitdcc_b_c_source,4,8.194194793701172,4
d128h2L4,984192,256,aitdcc_d_glibc_rand,1,8.477274179458618,4
d128h2L4,984192,256,aitdcc_d_glibc_rand,2,8.375208377838135,4
d128h2L4,984192,256,aitdcc_d_glibc_rand,3,8.327468156814575,4
d128h2L4,984192,256,aitdcc_d_glibc_rand,4,8.297538757324219,4
d128h2L4,984192,256,aitdcc_e_atlas_float32,1,8.557128667831421,4
d128h2L4,984192,256,aitdcc_e_atlas_float32,2,8.46480417251587,4
d128h2L4,984192,256,aitdcc_e_atlas_float32,3,8.423771619796753,4
d128h2L4,984192,256,aitdcc_e_atlas_float32,4,8.398468971252441,4
d128h2L4,984192,256,aitdcc_g_astronomy,1,7.160802125930786,4
d128h2L4,984192,256,aitdcc_g_astronomy,2,6.6937575340271,4
d128h2L4,984192,256,aitdcc_g_astronomy,3,6.453169822692871,4
d128h2L4,984192,256,aitdcc_g_astronomy,4,6.310251712799072,4
d128h2L4,984192,256,llm_compression_python,1,7.903723239898682,4
d128h2L4,984192,256,llm_compression_python,2,7.667176644007365,4
d128h2L4,984192,256,llm_compression_python,3,7.53997540473938,4
d128h2L4,984192,256,llm_compression_python,4,7.453566551208496,4
d128h2L4,984192,256,llm_compression_cc,1,8.406334519386292,4
d128h2L4,984192,256,llm_compression_cc,2,8.215643167495728,4
d128h2L4,984192,256,llm_compression_cc,3,8.096098899841309,4
d128h2L4,984192,256,llm_compression_cc,4,8.00408935546875,4
d128h2L4,984192,256,llm_compression_arxiv_math,1,8.431196451187134,4
d128h2L4,984192,256,llm_compression_arxiv_math,2,8.274066607157389,4
d128h2L4,984192,256,llm_compression_arxiv_math,3,8.183408260345459,4
d128h2L4,984192,256,llm_compression_arxiv_math,4,8.11703872680664,4
d128h2L4,984192,256,esc50_pcm8,1,8.442373275756836,4
d128h2L4,984192,256,esc50_pcm8,2,8.356849511464437,4
d128h2L4,984192,256,esc50_pcm8,3,8.325659036636353,4
d128h2L4,984192,256,esc50_pcm8,4,8.308369636535645,4
d128h2L4,984192,256,esc50_pcm8_11khz,1,8.448511362075806,4
d128h2L4,984192,256,esc50_pcm8_11khz,2,8.36270538965861,4
d128h2L4,984192,256,esc50_pcm8_11khz,3,8.331699132919312,4
d128h2L4,984192,256,esc50_pcm8_11khz,4,8.314497947692871,4
d128h2L4,984192,256,musicnet_pcm8,1,8.564192056655884,4
d128h2L4,984192,256,musicnet_pcm8,2,8.483674844106039,4
d128h2L4,984192,256,musicnet_pcm8,3,8.451266050338745,4
d128h2L4,984192,256,musicnet_pcm8,4,8.431849479675293,4
d128h2L4,984192,256,musicnet_pcm8_11khz,1,8.54186224937439,4
d128h2L4,984192,256,musicnet_pcm8_11khz,2,8.459021091461182,4
d128h2L4,984192,256,musicnet_pcm8_11khz,3,8.427906036376953,4
d128h2L4,984192,256,musicnet_pcm8_11khz,4,8.409920692443848,4
d128h2L4,984192,512,dclm,1,8.259430170059204,4
d128h2L4,984192,512,dclm,2,8.139020363489786,4
d128h2L4,984192,512,dclm,3,8.104509711265564,4
d128h2L4,984192,512,dclm,4,8.087167739868164,4
d128h2L4,984192,512,dclm_ranked,1,6.59277880191803,4
d128h2L4,984192,512,dclm_ranked,2,6.232753038406372,4
d128h2L4,984192,512,dclm_ranked,3,6.1116509437561035,4
d128h2L4,984192,512,dclm_ranked,4,6.049310684204102,4
d128h2L4,984192,512,dna,1,4.303756058216095,4
d128h2L4,984192,512,dna,2,3.781244993209839,4
d128h2L4,984192,512,dna,3,3.605582296848297,4
d128h2L4,984192,512,dna,4,3.5197930335998535,4
d128h2L4,984192,512,arithmetic,1,8.200958728790283,4
d128h2L4,984192,512,arithmetic,2,8.137247721354166,4
d128h2L4,984192,512,arithmetic,3,8.112428665161133,4
d128h2L4,984192,512,arithmetic,4,8.09858226776123,4
d128h2L4,984192,512,audio_8bit,1,4.710118651390076,4
d128h2L4,984192,512,audio_8bit,2,4.3862842718760175,4
d128h2L4,984192,512,audio_8bit,3,4.281583666801453,4
d128h2L4,984192,512,audio_8bit,4,4.228942394256592,4
d128h2L4,984192,512,audio_16bit,1,6.711462020874023,4
d128h2L4,984192,512,audio_16bit,2,6.486953973770142,4
d128h2L4,984192,512,audio_16bit,3,6.419124960899353,4
d128h2L4,984192,512,audio_16bit,4,6.385309219360352,4
d128h2L4,984192,512,speech_commands_pcm8,1,8.20731496810913,4
d128h2L4,984192,512,speech_commands_pcm8,2,8.159624894460043,4
d128h2L4,984192,512,speech_commands_pcm8,3,8.143009424209595,4
d128h2L4,984192,512,speech_commands_pcm8,4,8.134542465209961,4
d128h2L4,984192,512,speech_commands_pcm8_8khz,1,8.207878828048706,4
d128h2L4,984192,512,speech_commands_pcm8_8khz,2,8.161163330078125,4
d128h2L4,984192,512,speech_commands_pcm8_8khz,3,8.144721031188965,4
d128h2L4,984192,512,speech_commands_pcm8_8khz,4,8.136258125305176,4
d128h2L4,984192,512,mutopia_melody_16th,1,8.076857209205627,4
d128h2L4,984192,512,mutopia_melody_16th,2,7.978827079137166,4
d128h2L4,984192,512,mutopia_melody_16th,3,7.945380210876465,4
d128h2L4,984192,512,mutopia_melody_16th,4,7.928365707397461,4
d128h2L4,984192,512,cifar10_rgb_planar,1,8.114862561225891,4
d128h2L4,984192,512,cifar10_rgb_planar,2,8.044481754302979,4
d128h2L4,984192,512,cifar10_rgb_planar,3,8.017613172531128,4
d128h2L4,984192,512,cifar10_rgb_planar,4,8.00294303894043,4
d128h2L4,984192,512,cifar10_rgb_hwc,1,8.098803877830505,4
d128h2L4,984192,512,cifar10_rgb_hwc,2,8.030866463979086,4
d128h2L4,984192,512,cifar10_rgb_hwc,3,8.004828572273254,4
d128h2L4,984192,512,cifar10_rgb_hwc,4,7.99060583114624,4
d128h2L4,984192,512,kolmogorov_text,1,8.241087079048157,4
d128h2L4,984192,512,kolmogorov_text,2,8.132714430491129,4
d128h2L4,984192,512,kolmogorov_text,3,8.098608016967773,4
d128h2L4,984192,512,kolmogorov_text,4,8.080121040344238,4
d128h2L4,984192,512,kolmogorov_dna,1,4.813539743423462,4
d128h2L4,984192,512,kolmogorov_dna,2,4.371814648310344,4
d128h2L4,984192,512,kolmogorov_dna,3,4.225099086761475,4
d128h2L4,984192,512,kolmogorov_dna,4,4.154289722442627,4
d128h2L4,984192,512,metamath,1,8.126633167266846,4
d128h2L4,984192,512,metamath,2,7.918418089548747,4
d128h2L4,984192,512,metamath,3,7.856279373168945,4
d128h2L4,984192,512,metamath,4,7.826107025146484,4
d128h2L4,984192,512,aitdcc_a_protein,1,8.144873261451721,4
d128h2L4,984192,512,aitdcc_a_protein,2,8.075617154439291,4
d128h2L4,984192,512,aitdcc_a_protein,3,8.04704225063324,4
d128h2L4,984192,512,aitdcc_a_protein,4,8.030935287475586,4
d128h2L4,984192,512,aitdcc_b_c_source,1,8.248024940490723,4
d128h2L4,984192,512,aitdcc_b_c_source,2,8.151485443115234,4
d128h2L4,984192,512,aitdcc_b_c_source,3,8.121467232704163,4
d128h2L4,984192,512,aitdcc_b_c_source,4,8.10548210144043,4
d128h2L4,984192,512,aitdcc_d_glibc_rand,1,8.207559585571289,4
d128h2L4,984192,512,aitdcc_d_glibc_rand,2,8.144749164581299,4
d128h2L4,984192,512,aitdcc_d_glibc_rand,3,8.120052576065063,4
d128h2L4,984192,512,aitdcc_d_glibc_rand,4,8.10624885559082,4
d128h2L4,984192,512,aitdcc_e_atlas_float32,1,8.186555624008179,4
d128h2L4,984192,512,aitdcc_e_atlas_float32,2,8.121786832809448,4
d128h2L4,984192,512,aitdcc_e_atlas_float32,3,8.096259593963623,4
d128h2L4,984192,512,aitdcc_e_atlas_float32,4,8.081995964050293,4
d128h2L4,984192,512,aitdcc_g_astronomy,1,6.429780602455139,4
d128h2L4,984192,512,aitdcc_g_astronomy,2,6.1665873527526855,4
d128h2L4,984192,512,aitdcc_g_astronomy,3,6.074800729751587,4
d128h2L4,984192,512,aitdcc_g_astronomy,4,6.0268425941467285,4
d128h2L4,984192,512,llm_compression_python,1,7.893944025039673,4
d128h2L4,984192,512,llm_compression_python,2,7.61958662668864,4
d128h2L4,984192,512,llm_compression_python,3,7.4847389459609985,4
d128h2L4,984192,512,llm_compression_python,4,7.400051593780518,4
d128h2L4,984192,512,llm_compression_cc,1,8.267844676971436,4
d128h2L4,984192,512,llm_compression_cc,2,8.15348513921102,4
d128h2L4,984192,512,llm_compression_cc,3,8.121413350105286,4
d128h2L4,984192,512,llm_compression_cc,4,8.105615615844727,4
d128h2L4,984192,512,llm_compression_arxiv_math,1,8.230623722076416,4
d128h2L4,984192,512,llm_compression_arxiv_math,2,8.119051774342855,4
d128h2L4,984192,512,llm_compression_arxiv_math,3,8.081733703613281,4
d128h2L4,984192,512,llm_compression_arxiv_math,4,8.062434196472168,4
d128h2L4,984192,512,esc50_pcm8,1,8.223531007766724,4
d128h2L4,984192,512,esc50_pcm8,2,8.171218554178873,4
d128h2L4,984192,512,esc50_pcm8,3,8.152770519256592,4
d128h2L4,984192,512,esc50_pcm8,4,8.143316268920898,4
d128h2L4,984192,512,esc50_pcm8_11khz,1,8.224597454071045,4
d128h2L4,984192,512,esc50_pcm8_11khz,2,8.17354186375936,4
d128h2L4,984192,512,esc50_pcm8_11khz,3,8.155590534210205,4
d128h2L4,984192,512,esc50_pcm8_11khz,4,8.146406173706055,4
d128h2L4,984192,512,musicnet_pcm8,1,8.267903327941895,4
d128h2L4,984192,512,musicnet_pcm8,2,8.220365047454834,4
d128h2L4,984192,512,musicnet_pcm8,3,8.2035813331604,4
d128h2L4,984192,512,musicnet_pcm8,4,8.194783210754395,4
d128h2L4,984192,512,musicnet_pcm8_11khz,1,8.252700805664062,4
d128h2L4,984192,512,musicnet_pcm8_11khz,2,8.205224831899008,4
d128h2L4,984192,512,musicnet_pcm8_11khz,3,8.188709020614624,4
d128h2L4,984192,512,musicnet_pcm8_11khz,4,8.180176734924316,4
d128h2L4,984192,768,dclm,1,7.946844935417175,4
d128h2L4,984192,768,dclm,2,7.824260234832764,4
d128h2L4,984192,768,dclm,3,7.769574880599976,4
d128h2L4,984192,768,dclm,4,7.735609531402588,4
d128h2L4,984192,768,dclm_ranked,1,6.7010345458984375,4
d128h2L4,984192,768,dclm_ranked,2,6.251697301864624,4
d128h2L4,984192,768,dclm_ranked,3,6.085738301277161,4
d128h2L4,984192,768,dclm_ranked,4,5.998589515686035,4
d128h2L4,984192,768,dna,1,4.1346975564956665,4
d128h2L4,984192,768,dna,2,3.497867981592814,4
d128h2L4,984192,768,dna,3,3.291024088859558,4
d128h2L4,984192,768,dna,4,3.1922085285186768,4
d128h2L4,984192,768,arithmetic,1,8.09007740020752,4
d128h2L4,984192,768,arithmetic,2,8.04474957784017,4
d128h2L4,984192,768,arithmetic,3,8.02696967124939,4
d128h2L4,984192,768,arithmetic,4,8.017122268676758,4
d128h2L4,984192,768,audio_8bit,1,4.944876790046692,4
d128h2L4,984192,768,audio_8bit,2,4.527610858281453,4
d128h2L4,984192,768,audio_8bit,3,4.3731725215911865,4
d128h2L4,984192,768,audio_8bit,4,4.2922468185424805,4
d128h2L4,984192,768,audio_16bit,1,6.517271995544434,4
d128h2L4,984192,768,audio_16bit,2,6.346642096837361,4
d128h2L4,984192,768,audio_16bit,3,6.285158276557922,4
d128h2L4,984192,768,audio_16bit,4,6.2531538009643555,4
d128h2L4,984192,768,speech_commands_pcm8,1,8.011138081550598,4
d128h2L4,984192,768,speech_commands_pcm8,2,7.98053503036499,4
d128h2L4,984192,768,speech_commands_pcm8,3,7.9691162109375,4
d128h2L4,984192,768,speech_commands_pcm8,4,7.962968826293945,4
d128h2L4,984192,768,speech_commands_pcm8_8khz,1,8.019938230514526,4
d128h2L4,984192,768,speech_commands_pcm8_8khz,2,7.990556399027507,4
d128h2L4,984192,768,speech_commands_pcm8_8khz,3,7.979827284812927,4
d128h2L4,984192,768,speech_commands_pcm8_8khz,4,7.9741082191467285,4
d128h2L4,984192,768,mutopia_melody_16th,1,7.966171741485596,4
d128h2L4,984192,768,mutopia_melody_16th,2,7.922333717346191,4
d128h2L4,984192,768,mutopia_melody_16th,3,7.90633761882782,4
d128h2L4,984192,768,mutopia_melody_16th,4,7.8978352546691895,4
d128h2L4,984192,768,cifar10_rgb_planar,1,7.986605763435364,4
d128h2L4,984192,768,cifar10_rgb_planar,2,7.9303068319956465,4
d128h2L4,984192,768,cifar10_rgb_planar,3,7.907436013221741,4
d128h2L4,984192,768,cifar10_rgb_planar,4,7.894571781158447,4
d128h2L4,984192,768,cifar10_rgb_hwc,1,7.960261702537537,4
d128h2L4,984192,768,cifar10_rgb_hwc,2,7.905130227406819,4
d128h2L4,984192,768,cifar10_rgb_hwc,3,7.88277792930603,4
d128h2L4,984192,768,cifar10_rgb_hwc,4,7.870181083679199,4
d128h2L4,984192,768,kolmogorov_text,1,7.9374754428863525,4
d128h2L4,984192,768,kolmogorov_text,2,7.826292594273885,4
d128h2L4,984192,768,kolmogorov_text,3,7.776363134384155,4
d128h2L4,984192,768,kolmogorov_text,4,7.745921611785889,4
d128h2L4,984192,768,kolmogorov_dna,1,4.300648033618927,4
d128h2L4,984192,768,kolmogorov_dna,2,3.6672561963399253,4
d128h2L4,984192,768,kolmogorov_dna,3,3.470781683921814,4
d128h2L4,984192,768,kolmogorov_dna,4,3.3777670860290527,4
d128h2L4,984192,768,metamath,1,7.787076950073242,4
d128h2L4,984192,768,metamath,2,7.616474310557048,4
d128h2L4,984192,768,metamath,3,7.537660121917725,4
d128h2L4,984192,768,metamath,4,7.488468647003174,4
d128h2L4,984192,768,aitdcc_a_protein,1,7.958423852920532,4
d128h2L4,984192,768,aitdcc_a_protein,2,7.912665128707886,4
d128h2L4,984192,768,aitdcc_a_protein,3,7.894442796707153,4
d128h2L4,984192,768,aitdcc_a_protein,4,7.884650707244873,4
d128h2L4,984192,768,aitdcc_b_c_source,1,7.989482879638672,4
d128h2L4,984192,768,aitdcc_b_c_source,2,7.906876564025879,4
d128h2L4,984192,768,aitdcc_b_c_source,3,7.873161315917969,4
d128h2L4,984192,768,aitdcc_b_c_source,4,7.85370397567749,4
d128h2L4,984192,768,aitdcc_d_glibc_rand,1,8.110188484191895,4
d128h2L4,984192,768,aitdcc_d_glibc_rand,2,8.067843437194824,4
d128h2L4,984192,768,aitdcc_d_glibc_rand,3,8.051221132278442,4
d128h2L4,984192,768,aitdcc_d_glibc_rand,4,8.042033195495605,4
d128h2L4,984192,768,aitdcc_e_atlas_float32,1,8.159113645553589,4
d128h2L4,984192,768,aitdcc_e_atlas_float32,2,8.12179183959961,4
d128h2L4,984192,768,aitdcc_e_atlas_float32,3,8.107398271560669,4
d128h2L4,984192,768,aitdcc_e_atlas_float32,4,8.099486351013184,4
d128h2L4,984192,768,aitdcc_g_astronomy,1,6.059556365013123,4
d128h2L4,984192,768,aitdcc_g_astronomy,2,5.842967748641968,4
d128h2L4,984192,768,aitdcc_g_astronomy,3,5.763791799545288,4
d128h2L4,984192,768,aitdcc_g_astronomy,4,5.722186088562012,4
d128h2L4,984192,768,llm_compression_python,1,7.456811428070068,4
d128h2L4,984192,768,llm_compression_python,2,7.19609268506368,4
d128h2L4,984192,768,llm_compression_python,3,7.099948287010193,4
d128h2L4,984192,768,llm_compression_python,4,7.0583367347717285,4
d128h2L4,984192,768,llm_compression_cc,1,7.958811402320862,4
d128h2L4,984192,768,llm_compression_cc,2,7.8414773146311445,4
d128h2L4,984192,768,llm_compression_cc,3,7.7888771295547485,4
d128h2L4,984192,768,llm_compression_cc,4,7.756089210510254,4
d128h2L4,984192,768,llm_compression_arxiv_math,1,7.919941544532776,4
d128h2L4,984192,768,llm_compression_arxiv_math,2,7.810733000437419,4
d128h2L4,984192,768,llm_compression_arxiv_math,3,7.7636638879776,4
d128h2L4,984192,768,llm_compression_arxiv_math,4,7.736474990844727,4
d128h2L4,984192,768,esc50_pcm8,1,7.99113667011261,4
d128h2L4,984192,768,esc50_pcm8,2,7.954786380132039,4
d128h2L4,984192,768,esc50_pcm8,3,7.941186785697937,4
d128h2L4,984192,768,esc50_pcm8,4,7.933789253234863,4
d128h2L4,984192,768,esc50_pcm8_11khz,1,7.999677062034607,4
d128h2L4,984192,768,esc50_pcm8_11khz,2,7.965988238652547,4
d128h2L4,984192,768,esc50_pcm8_11khz,3,7.953480005264282,4
d128h2L4,984192,768,esc50_pcm8_11khz,4,7.946718215942383,4
d128h2L4,984192,768,musicnet_pcm8,1,8.035751104354858,4
d128h2L4,984192,768,musicnet_pcm8,2,7.998150904973348,4
d128h2L4,984192,768,musicnet_pcm8,3,7.982079267501831,4
d128h2L4,984192,768,musicnet_pcm8,4,7.972897052764893,4
d128h2L4,984192,768,musicnet_pcm8_11khz,1,8.035099506378174,4
d128h2L4,984192,768,musicnet_pcm8_11khz,2,8.001540342966715,4
d128h2L4,984192,768,musicnet_pcm8_11khz,3,7.98792040348053,4
d128h2L4,984192,768,musicnet_pcm8_11khz,4,7.980339527130127,4
d128h2L4,984192,1024,dclm,1,8.030372738838196,4
d128h2L4,984192,1024,dclm,2,7.942613522211711,4
d128h2L4,984192,1024,dclm,3,7.907739639282227,4
d128h2L4,984192,1024,dclm,4,7.888332366943359,4
d128h2L4,984192,1024,dclm_ranked,1,6.908417224884033,4
d128h2L4,984192,1024,dclm_ranked,2,6.505702257156372,4
d128h2L4,984192,1024,dclm_ranked,3,6.359366536140442,4
d128h2L4,984192,1024,dclm_ranked,4,6.28289270401001,4
d128h2L4,984192,1024,dna,1,4.556882679462433,4
d128h2L4,984192,1024,dna,2,3.78865909576416,4
d128h2L4,984192,1024,dna,3,3.5560972094535828,4
d128h2L4,984192,1024,dna,4,3.4440486431121826,4
d128h2L4,984192,1024,arithmetic,1,8.180618286132812,4
d128h2L4,984192,1024,arithmetic,2,8.10401209195455,4
d128h2L4,984192,1024,arithmetic,3,8.073941111564636,4
d128h2L4,984192,1024,arithmetic,4,8.05608081817627,4
d128h2L4,984192,1024,audio_8bit,1,5.181535601615906,4
d128h2L4,984192,1024,audio_8bit,2,4.60776416460673,4
d128h2L4,984192,1024,audio_8bit,3,4.404386401176453,4
d128h2L4,984192,1024,audio_8bit,4,4.302038192749023,4
d128h2L4,984192,1024,audio_16bit,1,6.618637323379517,4
d128h2L4,984192,1024,audio_16bit,2,6.374799013137817,4
d128h2L4,984192,1024,audio_16bit,3,6.289974570274353,4
d128h2L4,984192,1024,audio_16bit,4,6.246790409088135,4
d128h2L4,984192,1024,speech_commands_pcm8,1,8.00576639175415,4
d128h2L4,984192,1024,speech_commands_pcm8,2,7.7206785678863525,4
d128h2L4,984192,1024,speech_commands_pcm8,3,7.54695737361908,4
d128h2L4,984192,1024,speech_commands_pcm8,4,7.416141510009766,4
d128h2L4,984192,1024,speech_commands_pcm8_8khz,1,8.0315500497818,4
d128h2L4,984192,1024,speech_commands_pcm8_8khz,2,7.741706371307373,4
d128h2L4,984192,1024,speech_commands_pcm8_8khz,3,7.567558526992798,4
d128h2L4,984192,1024,speech_commands_pcm8_8khz,4,7.438248157501221,4
d128h2L4,984192,1024,mutopia_melody_16th,1,7.731723189353943,4
d128h2L4,984192,1024,mutopia_melody_16th,2,7.283541123072307,4
d128h2L4,984192,1024,mutopia_melody_16th,3,6.984397292137146,4
d128h2L4,984192,1024,mutopia_melody_16th,4,6.746792793273926,4
d128h2L4,984192,1024,cifar10_rgb_planar,1,8.11090886592865,4
d128h2L4,984192,1024,cifar10_rgb_planar,2,8.032212098439535,4
d128h2L4,984192,1024,cifar10_rgb_planar,3,8.003492951393127,4
d128h2L4,984192,1024,cifar10_rgb_planar,4,7.987911224365234,4
d128h2L4,984192,1024,cifar10_rgb_hwc,1,8.087351560592651,4
d128h2L4,984192,1024,cifar10_rgb_hwc,2,8.011739333470663,4
d128h2L4,984192,1024,cifar10_rgb_hwc,3,7.984349250793457,4
d128h2L4,984192,1024,cifar10_rgb_hwc,4,7.969546794891357,4
d128h2L4,984192,1024,kolmogorov_text,1,8.073606967926025,4
d128h2L4,984192,1024,kolmogorov_text,2,7.992894808451335,4
d128h2L4,984192,1024,kolmogorov_text,3,7.962210655212402,4
d128h2L4,984192,1024,kolmogorov_text,4,7.945244789123535,4
d128h2L4,984192,1024,kolmogorov_dna,1,4.954607903957367,4
d128h2L4,984192,1024,kolmogorov_dna,2,4.093980272610982,4
d128h2L4,984192,1024,kolmogorov_dna,3,3.874510705471039,4
d128h2L4,984192,1024,kolmogorov_dna,4,3.7757465839385986,4
d128h2L4,984192,1024,metamath,1,7.7929604053497314,4
d128h2L4,984192,1024,metamath,2,7.639977931976318,4
d128h2L4,984192,1024,metamath,3,7.582972764968872,4
d128h2L4,984192,1024,metamath,4,7.552122592926025,4
d128h2L4,984192,1024,aitdcc_a_protein,1,8.14272427558899,4
d128h2L4,984192,1024,aitdcc_a_protein,2,8.052300373713175,4
d128h2L4,984192,1024,aitdcc_a_protein,3,8.010037183761597,4
d128h2L4,984192,1024,aitdcc_a_protein,4,7.982696533203125,4
d128h2L4,984192,1024,aitdcc_b_c_source,1,8.15523087978363,4
d128h2L4,984192,1024,aitdcc_b_c_source,2,8.076713879903158,4
d128h2L4,984192,1024,aitdcc_b_c_source,3,8.047387719154358,4
d128h2L4,984192,1024,aitdcc_b_c_source,4,8.031187057495117,4
d128h2L4,984192,1024,aitdcc_d_glibc_rand,1,8.198647737503052,4
d128h2L4,984192,1024,aitdcc_d_glibc_rand,2,8.131590843200684,4
d128h2L4,984192,1024,aitdcc_d_glibc_rand,3,8.106110095977783,4
d128h2L4,984192,1024,aitdcc_d_glibc_rand,4,8.091487884521484,4
d128h2L4,984192,1024,aitdcc_e_atlas_float32,1,8.211034536361694,4
d128h2L4,984192,1024,aitdcc_e_atlas_float32,2,8.153760274251303,4
d128h2L4,984192,1024,aitdcc_e_atlas_float32,3,8.132173538208008,4
d128h2L4,984192,1024,aitdcc_e_atlas_float32,4,8.11994457244873,4
d128h2L4,984192,1024,aitdcc_g_astronomy,1,5.960524559020996,4
d128h2L4,984192,1024,aitdcc_g_astronomy,2,5.4023988246917725,4
d128h2L4,984192,1024,aitdcc_g_astronomy,3,5.3024982213974,4
d128h2L4,984192,1024,aitdcc_g_astronomy,4,5.261467456817627,4
d128h2L4,984192,1024,llm_compression_python,1,7.397970795631409,4
d128h2L4,984192,1024,llm_compression_python,2,7.182853698730469,4
d128h2L4,984192,1024,llm_compression_python,3,7.124958753585815,4
d128h2L4,984192,1024,llm_compression_python,4,7.094396591186523,4
d128h2L4,984192,1024,llm_compression_cc,1,8.047431707382202,4
d128h2L4,984192,1024,llm_compression_cc,2,7.964084625244141,4
d128h2L4,984192,1024,llm_compression_cc,3,7.931155800819397,4
d128h2L4,984192,1024,llm_compression_cc,4,7.912815093994141,4
d128h2L4,984192,1024,llm_compression_arxiv_math,1,8.06694483757019,4
d128h2L4,984192,1024,llm_compression_arxiv_math,2,7.981711784998576,4
d128h2L4,984192,1024,llm_compression_arxiv_math,3,7.952621936798096,4
d128h2L4,984192,1024,llm_compression_arxiv_math,4,7.93695068359375,4
d128h2L4,984192,1024,esc50_pcm8,1,7.963936924934387,4
d128h2L4,984192,1024,esc50_pcm8,2,7.666576464970906,4
d128h2L4,984192,1024,esc50_pcm8,3,7.4820051193237305,4
d128h2L4,984192,1024,esc50_pcm8,4,7.339386463165283,4
d128h2L4,984192,1024,esc50_pcm8_11khz,1,7.992590069770813,4
d128h2L4,984192,1024,esc50_pcm8_11khz,2,7.716688871383667,4
d128h2L4,984192,1024,esc50_pcm8_11khz,3,7.546598315238953,4
d128h2L4,984192,1024,esc50_pcm8_11khz,4,7.415836334228516,4
d128h2L4,984192,1024,musicnet_pcm8,1,8.168334245681763,4
d128h2L4,984192,1024,musicnet_pcm8,2,8.07784628868103,4
d128h2L4,984192,1024,musicnet_pcm8,3,8.041463971138,4
d128h2L4,984192,1024,musicnet_pcm8,4,8.020082473754883,4
d128h2L4,984192,1024,musicnet_pcm8_11khz,1,8.129268884658813,4
d128h2L4,984192,1024,musicnet_pcm8_11khz,2,7.9780934651692705,4
d128h2L4,984192,1024,musicnet_pcm8_11khz,3,7.898647427558899,4
d128h2L4,984192,1024,musicnet_pcm8_11khz,4,7.8428802490234375,4
d128h2L4,984192,1280,dclm,1,7.892260551452637,4
d128h2L4,984192,1280,dclm,2,7.802061478296916,4
d128h2L4,984192,1280,dclm,3,7.767464518547058,4
d128h2L4,984192,1280,dclm,4,7.748713970184326,4
d128h2L4,984192,1280,dclm_ranked,1,7.093335032463074,4
d128h2L4,984192,1280,dclm_ranked,2,6.448092778523763,4
d128h2L4,984192,1280,dclm_ranked,3,6.193570971488953,4
d128h2L4,984192,1280,dclm_ranked,4,6.052537441253662,4
d128h2L4,984192,1280,dna,1,4.653637111186981,4
d128h2L4,984192,1280,dna,2,3.706464489301046,4
d128h2L4,984192,1280,dna,3,3.368492066860199,4
d128h2L4,984192,1280,dna,4,3.206181764602661,4
d128h2L4,984192,1280,arithmetic,1,8.056530237197876,4
d128h2L4,984192,1280,arithmetic,2,8.018197377522787,4
d128h2L4,984192,1280,arithmetic,3,8.00390338897705,4
d128h2L4,984192,1280,arithmetic,4,7.996248245239258,4
d128h2L4,984192,1280,audio_8bit,1,4.987568616867065,4
d128h2L4,984192,1280,audio_8bit,2,4.431421995162964,4
d128h2L4,984192,1280,audio_8bit,3,4.22719132900238,4
d128h2L4,984192,1280,audio_8bit,4,4.125479698181152,4
d128h2L4,984192,1280,audio_16bit,1,6.490302562713623,4
d128h2L4,984192,1280,audio_16bit,2,6.257774591445923,4
d128h2L4,984192,1280,audio_16bit,3,6.179638504981995,4
d128h2L4,984192,1280,audio_16bit,4,6.14040994644165,4
d128h2L4,984192,1280,speech_commands_pcm8,1,7.71245813369751,4
d128h2L4,984192,1280,speech_commands_pcm8,2,7.573903163274129,4
d128h2L4,984192,1280,speech_commands_pcm8,3,7.499019026756287,4
d128h2L4,984192,1280,speech_commands_pcm8,4,7.448835372924805,4
d128h2L4,984192,1280,speech_commands_pcm8_8khz,1,7.734410524368286,4
d128h2L4,984192,1280,speech_commands_pcm8_8khz,2,7.590558052062988,4
d128h2L4,984192,1280,speech_commands_pcm8_8khz,3,7.513164520263672,4
d128h2L4,984192,1280,speech_commands_pcm8_8khz,4,7.461409568786621,4
d128h2L4,984192,1280,mutopia_melody_16th,1,7.522943735122681,4
d128h2L4,984192,1280,mutopia_melody_16th,2,7.334766149520874,4
d128h2L4,984192,1280,mutopia_melody_16th,3,7.238447904586792,4
d128h2L4,984192,1280,mutopia_melody_16th,4,7.174312114715576,4
d128h2L4,984192,1280,cifar10_rgb_planar,1,7.969812870025635,4
d128h2L4,984192,1280,cifar10_rgb_planar,2,7.917638460795085,4
d128h2L4,984192,1280,cifar10_rgb_planar,3,7.897490382194519,4
d128h2L4,984192,1280,cifar10_rgb_planar,4,7.88656759262085,4
d128h2L4,984192,1280,cifar10_rgb_hwc,1,7.941390633583069,4
d128h2L4,984192,1280,cifar10_rgb_hwc,2,7.891188462575276,4
d128h2L4,984192,1280,cifar10_rgb_hwc,3,7.871846079826355,4
d128h2L4,984192,1280,cifar10_rgb_hwc,4,7.861352920532227,4
d128h2L4,984192,1280,kolmogorov_text,1,7.9325549602508545,4
d128h2L4,984192,1280,kolmogorov_text,2,7.851121346155803,4
d128h2L4,984192,1280,kolmogorov_text,3,7.819606900215149,4
d128h2L4,984192,1280,kolmogorov_text,4,7.802635669708252,4
d128h2L4,984192,1280,kolmogorov_dna,1,4.977908611297607,4
d128h2L4,984192,1280,kolmogorov_dna,2,3.965261379877726,4
d128h2L4,984192,1280,kolmogorov_dna,3,3.5555549263954163,4
d128h2L4,984192,1280,kolmogorov_dna,4,3.3750431537628174,4
d128h2L4,984192,1280,metamath,1,7.642876744270325,4
d128h2L4,984192,1280,metamath,2,7.528413534164429,4
d128h2L4,984192,1280,metamath,3,7.488757014274597,4
d128h2L4,984192,1280,metamath,4,7.469096660614014,4
d128h2L4,984192,1280,aitdcc_a_protein,1,7.974115014076233,4
d128h2L4,984192,1280,aitdcc_a_protein,2,7.9446931680043535,4
d128h2L4,984192,1280,aitdcc_a_protein,3,7.933886528015137,4
d128h2L4,984192,1280,aitdcc_a_protein,4,7.92825174331665,4
d128h2L4,984192,1280,aitdcc_b_c_source,1,7.959343671798706,4
d128h2L4,984192,1280,aitdcc_b_c_source,2,7.891971588134766,4
d128h2L4,984192,1280,aitdcc_b_c_source,3,7.86473822593689,4
d128h2L4,984192,1280,aitdcc_b_c_source,4,7.84962272644043,4
d128h2L4,984192,1280,aitdcc_d_glibc_rand,1,8.086578130722046,4
d128h2L4,984192,1280,aitdcc_d_glibc_rand,2,8.052247683207193,4
d128h2L4,984192,1280,aitdcc_d_glibc_rand,3,8.039494752883911,4
d128h2L4,984192,1280,aitdcc_d_glibc_rand,4,8.03267765045166,4
d128h2L4,984192,1280,aitdcc_e_atlas_float32,1,8.057061910629272,4
d128h2L4,984192,1280,aitdcc_e_atlas_float32,2,8.028461615244547,4
d128h2L4,984192,1280,aitdcc_e_atlas_float32,3,8.017771005630493,4
d128h2L4,984192,1280,aitdcc_e_atlas_float32,4,8.012036323547363,4
d128h2L4,984192,1280,aitdcc_g_astronomy,1,5.919036507606506,4
d128h2L4,984192,1280,aitdcc_g_astronomy,2,5.3563501834869385,4
d128h2L4,984192,1280,aitdcc_g_astronomy,3,5.213392019271851,4
d128h2L4,984192,1280,aitdcc_g_astronomy,4,5.164535999298096,4
d128h2L4,984192,1280,llm_compression_python,1,7.3007423877716064,4
d128h2L4,984192,1280,llm_compression_python,2,7.147772232691447,4
d128h2L4,984192,1280,llm_compression_python,3,7.100727319717407,4
d128h2L4,984192,1280,llm_compression_python,4,7.077752113342285,4
d128h2L4,984192,1280,llm_compression_cc,1,7.905123829841614,4
d128h2L4,984192,1280,llm_compression_cc,2,7.8194355964660645,4
d128h2L4,984192,1280,llm_compression_cc,3,7.786063551902771,4
d128h2L4,984192,1280,llm_compression_cc,4,7.767776012420654,4
d128h2L4,984192,1280,llm_compression_arxiv_math,1,7.88957142829895,4
d128h2L4,984192,1280,llm_compression_arxiv_math,2,7.812009970347087,4
d128h2L4,984192,1280,llm_compression_arxiv_math,3,7.781850337982178,4
d128h2L4,984192,1280,llm_compression_arxiv_math,4,7.765451908111572,4
d128h2L4,984192,1280,esc50_pcm8,1,7.678996801376343,4
d128h2L4,984192,1280,esc50_pcm8,2,7.5608906745910645,4
d128h2L4,984192,1280,esc50_pcm8,3,7.50165069103241,4
d128h2L4,984192,1280,esc50_pcm8,4,7.464169979095459,4
d128h2L4,984192,1280,esc50_pcm8_11khz,1,7.70997941493988,4
d128h2L4,984192,1280,esc50_pcm8_11khz,2,7.602514823277791,4
d128h2L4,984192,1280,esc50_pcm8_11khz,3,7.548888683319092,4
d128h2L4,984192,1280,esc50_pcm8_11khz,4,7.515134811401367,4
d128h2L4,984192,1280,musicnet_pcm8,1,7.9116246700286865,4
d128h2L4,984192,1280,musicnet_pcm8,2,7.8585976759592695,4
d128h2L4,984192,1280,musicnet_pcm8,3,7.83623731136322,4
d128h2L4,984192,1280,musicnet_pcm8,4,7.82351016998291,4
d128h2L4,984192,1280,musicnet_pcm8_11khz,1,7.8521857261657715,4
d128h2L4,984192,1280,musicnet_pcm8_11khz,2,7.773900985717773,4
d128h2L4,984192,1280,musicnet_pcm8_11khz,3,7.73598039150238,4
d128h2L4,984192,1280,musicnet_pcm8_11khz,4,7.712226867675781,4
d128h2L4,984192,1536,dclm,1,8.053309559822083,4
d128h2L4,984192,1536,dclm,2,7.9692301750183105,4
d128h2L4,984192,1536,dclm,3,7.9352335929870605,4
d128h2L4,984192,1536,dclm,4,7.915507793426514,4
d128h2L4,984192,1536,dclm_ranked,1,6.992140054702759,4
d128h2L4,984192,1536,dclm_ranked,2,6.466931104660034,4
d128h2L4,984192,1536,dclm_ranked,3,6.282849311828613,4
d128h2L4,984192,1536,dclm_ranked,4,6.182392597198486,4
d128h2L4,984192,1536,dna,1,4.70157390832901,4
d128h2L4,984192,1536,dna,2,3.9264840284983316,4
d128h2L4,984192,1536,dna,3,3.6908682584762573,4
d128h2L4,984192,1536,dna,4,3.572704315185547,4
d128h2L4,984192,1536,arithmetic,1,8.09274959564209,4
d128h2L4,984192,1536,arithmetic,2,8.04320240020752,4
d128h2L4,984192,1536,arithmetic,3,8.024235486984253,4
d128h2L4,984192,1536,arithmetic,4,8.01382827758789,4
d128h2L4,984192,1536,audio_8bit,1,5.090938329696655,4
d128h2L4,984192,1536,audio_8bit,2,4.605532884597778,4
d128h2L4,984192,1536,audio_8bit,3,4.445812106132507,4
d128h2L4,984192,1536,audio_8bit,4,4.363239288330078,4
d128h2L4,984192,1536,audio_16bit,1,6.538731813430786,4
d128h2L4,984192,1536,audio_16bit,2,6.291185696919759,4
d128h2L4,984192,1536,audio_16bit,3,6.209426760673523,4
d128h2L4,984192,1536,audio_16bit,4,6.1684722900390625,4
d128h2L4,984192,1536,speech_commands_pcm8,1,7.969519257545471,4
d128h2L4,984192,1536,speech_commands_pcm8,2,7.926398913065593,4
d128h2L4,984192,1536,speech_commands_pcm8,3,7.911157965660095,4
d128h2L4,984192,1536,speech_commands_pcm8,4,7.903151035308838,4
d128h2L4,984192,1536,speech_commands_pcm8_8khz,1,7.98543643951416,4
d128h2L4,984192,1536,speech_commands_pcm8_8khz,2,7.94052267074585,4
d128h2L4,984192,1536,speech_commands_pcm8_8khz,3,7.925466895103455,4
d128h2L4,984192,1536,speech_commands_pcm8_8khz,4,7.917727470397949,4
d128h2L4,984192,1536,mutopia_melody_16th,1,7.727800250053406,4
d128h2L4,984192,1536,mutopia_melody_16th,2,7.659684975941976,4
d128h2L4,984192,1536,mutopia_melody_16th,3,7.634110331535339,4
d128h2L4,984192,1536,mutopia_melody_16th,4,7.620521068572998,4
d128h2L4,984192,1536,cifar10_rgb_planar,1,8.014804482460022,4
d128h2L4,984192,1536,cifar10_rgb_planar,2,7.95777956644694,4
d128h2L4,984192,1536,cifar10_rgb_planar,3,7.936399936676025,4
d128h2L4,984192,1536,cifar10_rgb_planar,4,7.924652099609375,4
d128h2L4,984192,1536,cifar10_rgb_hwc,1,7.98383903503418,4
d128h2L4,984192,1536,cifar10_rgb_hwc,2,7.928023099899292,4
d128h2L4,984192,1536,cifar10_rgb_hwc,3,7.907020926475525,4
d128h2L4,984192,1536,cifar10_rgb_hwc,4,7.895444869995117,4
d128h2L4,984192,1536,kolmogorov_text,1,8.060628771781921,4
d128h2L4,984192,1536,kolmogorov_text,2,7.993205149968465,4
d128h2L4,984192,1536,kolmogorov_text,3,7.966902494430542,4
d128h2L4,984192,1536,kolmogorov_text,4,7.9518890380859375,4
d128h2L4,984192,1536,kolmogorov_dna,1,4.90494692325592,4
d128h2L4,984192,1536,kolmogorov_dna,2,4.301490585009257,4
d128h2L4,984192,1536,kolmogorov_dna,3,4.0948179960250854,4
d128h2L4,984192,1536,kolmogorov_dna,4,3.9890408515930176,4
d128h2L4,984192,1536,metamath,1,7.926838397979736,4
d128h2L4,984192,1536,metamath,2,7.752049843470256,4
d128h2L4,984192,1536,metamath,3,7.683618426322937,4
d128h2L4,984192,1536,metamath,4,7.649715423583984,4
d128h2L4,984192,1536,aitdcc_a_protein,1,8.02588677406311,4
d128h2L4,984192,1536,aitdcc_a_protein,2,7.996143102645874,4
d128h2L4,984192,1536,aitdcc_a_protein,3,7.984365820884705,4
d128h2L4,984192,1536,aitdcc_a_protein,4,7.978143215179443,4
d128h2L4,984192,1536,aitdcc_b_c_source,1,8.07804560661316,4
d128h2L4,984192,1536,aitdcc_b_c_source,2,8.022846539815268,4
d128h2L4,984192,1536,aitdcc_b_c_source,3,8.001284837722778,4
d128h2L4,984192,1536,aitdcc_b_c_source,4,7.989352703094482,4
d128h2L4,984192,1536,aitdcc_d_glibc_rand,1,8.119754076004028,4
d128h2L4,984192,1536,aitdcc_d_glibc_rand,2,8.074714183807373,4
d128h2L4,984192,1536,aitdcc_d_glibc_rand,3,8.057849168777466,4
d128h2L4,984192,1536,aitdcc_d_glibc_rand,4,8.048613548278809,4
d128h2L4,984192,1536,aitdcc_e_atlas_float32,1,8.07735013961792,4
d128h2L4,984192,1536,aitdcc_e_atlas_float32,2,8.019673347473145,4
d128h2L4,984192,1536,aitdcc_e_atlas_float32,3,7.998204588890076,4
d128h2L4,984192,1536,aitdcc_e_atlas_float32,4,7.987197399139404,4
d128h2L4,984192,1536,aitdcc_g_astronomy,1,5.7548710107803345,4
d128h2L4,984192,1536,aitdcc_g_astronomy,2,5.467922290166219,4
d128h2L4,984192,1536,aitdcc_g_astronomy,3,5.356773257255554,4
d128h2L4,984192,1536,aitdcc_g_astronomy,4,5.303519248962402,4
d128h2L4,984192,1536,llm_compression_python,1,7.484812140464783,4
d128h2L4,984192,1536,llm_compression_python,2,7.318366289138794,4
d128h2L4,984192,1536,llm_compression_python,3,7.254311800003052,4
d128h2L4,984192,1536,llm_compression_python,4,7.2238078117370605,4
d128h2L4,984192,1536,llm_compression_cc,1,8.058236837387085,4
d128h2L4,984192,1536,llm_compression_cc,2,7.978174606959025,4
d128h2L4,984192,1536,llm_compression_cc,3,7.945679426193237,4
d128h2L4,984192,1536,llm_compression_cc,4,7.926689147949219,4
d128h2L4,984192,1536,llm_compression_arxiv_math,1,7.980429410934448,4
d128h2L4,984192,1536,llm_compression_arxiv_math,2,7.905920664469401,4
d128h2L4,984192,1536,llm_compression_arxiv_math,3,7.877259850502014,4
d128h2L4,984192,1536,llm_compression_arxiv_math,4,7.861866474151611,4
d128h2L4,984192,1536,esc50_pcm8,1,7.947312712669373,4
d128h2L4,984192,1536,esc50_pcm8,2,7.898958921432495,4
d128h2L4,984192,1536,esc50_pcm8,3,7.8802196979522705,4
d128h2L4,984192,1536,esc50_pcm8,4,7.869757652282715,4
d128h2L4,984192,1536,esc50_pcm8_11khz,1,7.962060451507568,4
d128h2L4,984192,1536,esc50_pcm8_11khz,2,7.917948961257935,4
d128h2L4,984192,1536,esc50_pcm8_11khz,3,7.90140163898468,4
d128h2L4,984192,1536,esc50_pcm8_11khz,4,7.892448902130127,4
d128h2L4,984192,1536,musicnet_pcm8,1,8.01678216457367,4
d128h2L4,984192,1536,musicnet_pcm8,2,7.977268934249878,4
d128h2L4,984192,1536,musicnet_pcm8,3,7.959745407104492,4
d128h2L4,984192,1536,musicnet_pcm8,4,7.949510097503662,4
d128h2L4,984192,1536,musicnet_pcm8_11khz,1,8.010047554969788,4
d128h2L4,984192,1536,musicnet_pcm8_11khz,2,7.97203795115153,4
d128h2L4,984192,1536,musicnet_pcm8_11khz,3,7.956547379493713,4
d128h2L4,984192,1536,musicnet_pcm8_11khz,4,7.947894096374512,4
d128h2L4,984192,1792,dclm,1,7.9028812646865845,4
d128h2L4,984192,1792,dclm,2,7.854608456293742,4
d128h2L4,984192,1792,dclm,3,7.838224530220032,4
d128h2L4,984192,1792,dclm,4,7.830036640167236,4
d128h2L4,984192,1792,dclm_ranked,1,6.579526782035828,4
d128h2L4,984192,1792,dclm_ranked,2,6.1942644119262695,4
d128h2L4,984192,1792,dclm_ranked,3,6.048319935798645,4
d128h2L4,984192,1792,dclm_ranked,4,5.972044467926025,4
d128h2L4,984192,1792,dna,1,3.9520777463912964,4
d128h2L4,984192,1792,dna,2,3.4387987852096558,4
d128h2L4,984192,1792,dna,3,3.26242733001709,4
d128h2L4,984192,1792,dna,4,3.174039840698242,4
d128h2L4,984192,1792,arithmetic,1,8.042775869369507,4
d128h2L4,984192,1792,arithmetic,2,8.01407527923584,4
d128h2L4,984192,1792,arithmetic,3,8.003337264060974,4
d128h2L4,984192,1792,arithmetic,4,7.997511863708496,4
d128h2L4,984192,1792,audio_8bit,1,4.679614543914795,4
d128h2L4,984192,1792,audio_8bit,2,4.335460106531779,4
d128h2L4,984192,1792,audio_8bit,3,4.214848637580872,4
d128h2L4,984192,1792,audio_8bit,4,4.153463363647461,4
d128h2L4,984192,1792,audio_16bit,1,6.275084018707275,4
d128h2L4,984192,1792,audio_16bit,2,6.130117734273274,4
d128h2L4,984192,1792,audio_16bit,3,6.080128908157349,4
d128h2L4,984192,1792,audio_16bit,4,6.0545549392700195,4
d128h2L4,984192,1792,speech_commands_pcm8,1,7.908564329147339,4
d128h2L4,984192,1792,speech_commands_pcm8,2,7.851034959157308,4
d128h2L4,984192,1792,speech_commands_pcm8,3,7.830319762229919,4
d128h2L4,984192,1792,speech_commands_pcm8,4,7.819392204284668,4
d128h2L4,984192,1792,speech_commands_pcm8_8khz,1,7.934490919113159,4
d128h2L4,984192,1792,speech_commands_pcm8_8khz,2,7.8674741586049395,4
d128h2L4,984192,1792,speech_commands_pcm8_8khz,3,7.844181180000305,4
d128h2L4,984192,1792,speech_commands_pcm8_8khz,4,7.832040309906006,4
d128h2L4,984192,1792,mutopia_melody_16th,1,7.696069598197937,4
d128h2L4,984192,1792,mutopia_melody_16th,2,7.643681446711223,4
d128h2L4,984192,1792,mutopia_melody_16th,3,7.62221372127533,4
d128h2L4,984192,1792,mutopia_melody_16th,4,7.610198020935059,4
d128h2L4,984192,1792,cifar10_rgb_planar,1,7.9709272384643555,4
d128h2L4,984192,1792,cifar10_rgb_planar,2,7.935257196426392,4
d128h2L4,984192,1792,cifar10_rgb_planar,3,7.922051787376404,4
d128h2L4,984192,1792,cifar10_rgb_planar,4,7.91502046585083,4
d128h2L4,984192,1792,cifar10_rgb_hwc,1,7.9382771253585815,4
d128h2L4,984192,1792,cifar10_rgb_hwc,2,7.903474728266398,4
d128h2L4,984192,1792,cifar10_rgb_hwc,3,7.890636086463928,4
d128h2L4,984192,1792,cifar10_rgb_hwc,4,7.883749485015869,4
d128h2L4,984192,1792,kolmogorov_text,1,7.952833890914917,4
d128h2L4,984192,1792,kolmogorov_text,2,7.9138961633046465,4
d128h2L4,984192,1792,kolmogorov_text,3,7.9004387855529785,4
d128h2L4,984192,1792,kolmogorov_text,4,7.893598556518555,4
d128h2L4,984192,1792,kolmogorov_dna,1,4.157873213291168,4
d128h2L4,984192,1792,kolmogorov_dna,2,3.6632049481074014,4
d128h2L4,984192,1792,kolmogorov_dna,3,3.4852960109710693,4
d128h2L4,984192,1792,kolmogorov_dna,4,3.401876449584961,4
d128h2L4,984192,1792,metamath,1,7.714727401733398,4
d128h2L4,984192,1792,metamath,2,7.628915309906006,4
d128h2L4,984192,1792,metamath,3,7.601412773132324,4
d128h2L4,984192,1792,metamath,4,7.587613582611084,4
d128h2L4,984192,1792,aitdcc_a_protein,1,7.997795581817627,4
d128h2L4,984192,1792,aitdcc_a_protein,2,7.9783971309661865,4
d128h2L4,984192,1792,aitdcc_a_protein,3,7.9712241888046265,4
d128h2L4,984192,1792,aitdcc_a_protein,4,7.967407703399658,4
d128h2L4,984192,1792,aitdcc_b_c_source,1,7.956063151359558,4
d128h2L4,984192,1792,aitdcc_b_c_source,2,7.9224739869435625,4
d128h2L4,984192,1792,aitdcc_b_c_source,3,7.910302400588989,4
d128h2L4,984192,1792,aitdcc_b_c_source,4,7.903906345367432,4
d128h2L4,984192,1792,aitdcc_d_glibc_rand,1,8.07112169265747,4
d128h2L4,984192,1792,aitdcc_d_glibc_rand,2,8.044454256693522,4
d128h2L4,984192,1792,aitdcc_d_glibc_rand,3,8.034581422805786,4
d128h2L4,984192,1792,aitdcc_d_glibc_rand,4,8.029248237609863,4
d128h2L4,984192,1792,aitdcc_e_atlas_float32,1,8.067637324333191,4
d128h2L4,984192,1792,aitdcc_e_atlas_float32,2,8.039490779240927,4
d128h2L4,984192,1792,aitdcc_e_atlas_float32,3,8.028560400009155,4
d128h2L4,984192,1792,aitdcc_e_atlas_float32,4,8.022568702697754,4
d128h2L4,984192,1792,aitdcc_g_astronomy,1,5.0340341329574585,4
d128h2L4,984192,1792,aitdcc_g_astronomy,2,4.747612476348877,4
d128h2L4,984192,1792,aitdcc_g_astronomy,3,4.699086785316467,4
d128h2L4,984192,1792,aitdcc_g_astronomy,4,4.677467346191406,4
d128h2L4,984192,1792,llm_compression_python,1,7.354720711708069,4
d128h2L4,984192,1792,llm_compression_python,2,7.276333808898926,4
d128h2L4,984192,1792,llm_compression_python,3,7.249375104904175,4
d128h2L4,984192,1792,llm_compression_python,4,7.235787391662598,4
d128h2L4,984192,1792,llm_compression_cc,1,7.916109800338745,4
d128h2L4,984192,1792,llm_compression_cc,2,7.869203011194865,4
d128h2L4,984192,1792,llm_compression_cc,3,7.853132247924805,4
d128h2L4,984192,1792,llm_compression_cc,4,7.8450822830200195,4
d128h2L4,984192,1792,llm_compression_arxiv_math,1,7.8928738832473755,4
d128h2L4,984192,1792,llm_compression_arxiv_math,2,7.8510669867197675,4
d128h2L4,984192,1792,llm_compression_arxiv_math,3,7.836640000343323,4
d128h2L4,984192,1792,llm_compression_arxiv_math,4,7.829305648803711,4
d128h2L4,984192,1792,esc50_pcm8,1,7.81480348110199,4
d128h2L4,984192,1792,esc50_pcm8,2,7.763165871302287,4
d128h2L4,984192,1792,esc50_pcm8,3,7.743373274803162,4
d128h2L4,984192,1792,esc50_pcm8,4,7.732697486877441,4
d128h2L4,984192,1792,esc50_pcm8_11khz,1,7.847628951072693,4
d128h2L4,984192,1792,esc50_pcm8_11khz,2,7.79830018679301,4
d128h2L4,984192,1792,esc50_pcm8_11khz,3,7.779831767082214,4
d128h2L4,984192,1792,esc50_pcm8_11khz,4,7.769944190979004,4
d128h2L4,984192,1792,musicnet_pcm8,1,8.015097975730896,4
d128h2L4,984192,1792,musicnet_pcm8,2,7.988856871922811,4
d128h2L4,984192,1792,musicnet_pcm8,3,7.978386044502258,4
d128h2L4,984192,1792,musicnet_pcm8,4,7.972659111022949,4
d128h2L4,984192,1792,musicnet_pcm8_11khz,1,7.986253142356873,4
d128h2L4,984192,1792,musicnet_pcm8_11khz,2,7.950987100601196,4
d128h2L4,984192,1792,musicnet_pcm8_11khz,3,7.9376513957977295,4
d128h2L4,984192,1792,musicnet_pcm8_11khz,4,7.930490970611572,4
d128h2L4,984192,2048,dclm,1,7.818611264228821,4
d128h2L4,984192,2048,dclm,2,7.73644741376241,4
d128h2L4,984192,2048,dclm,3,7.706008672714233,4
d128h2L4,984192,2048,dclm,4,7.689292907714844,4
d128h2L4,984192,2048,dclm_ranked,1,6.584675669670105,4
d128h2L4,984192,2048,dclm_ranked,2,6.1035284996032715,4
d128h2L4,984192,2048,dclm_ranked,3,5.927719712257385,4
d128h2L4,984192,2048,dclm_ranked,4,5.83629846572876,4
d128h2L4,984192,2048,dna,1,4.044342815876007,4
d128h2L4,984192,2048,dna,2,3.469111959139506,4
d128h2L4,984192,2048,dna,3,3.2661507725715637,4
d128h2L4,984192,2048,dna,4,3.1639513969421387,4
d128h2L4,984192,2048,arithmetic,1,8.014562606811523,4
d128h2L4,984192,2048,arithmetic,2,7.983375469843547,4
d128h2L4,984192,2048,arithmetic,3,7.969926118850708,4
d128h2L4,984192,2048,arithmetic,4,7.9615159034729,4
d128h2L4,984192,2048,audio_8bit,1,4.630931377410889,4
d128h2L4,984192,2048,audio_8bit,2,4.228613297144572,4
d128h2L4,984192,2048,audio_8bit,3,4.094223499298096,4
d128h2L4,984192,2048,audio_8bit,4,4.02553653717041,4
d128h2L4,984192,2048,audio_16bit,1,6.314563751220703,4
d128h2L4,984192,2048,audio_16bit,2,6.128741264343262,4
d128h2L4,984192,2048,audio_16bit,3,6.067175269126892,4
d128h2L4,984192,2048,audio_16bit,4,6.036193370819092,4
d128h2L4,984192,2048,speech_commands_pcm8,1,7.3451433181762695,4
d128h2L4,984192,2048,speech_commands_pcm8,2,7.160822470982869,4
d128h2L4,984192,2048,speech_commands_pcm8,3,7.063982605934143,4
d128h2L4,984192,2048,speech_commands_pcm8,4,7.000458240509033,4
d128h2L4,984192,2048,speech_commands_pcm8_8khz,1,7.350189208984375,4
d128h2L4,984192,2048,speech_commands_pcm8_8khz,2,7.163616021474202,4
d128h2L4,984192,2048,speech_commands_pcm8_8khz,3,7.071606755256653,4
d128h2L4,984192,2048,speech_commands_pcm8_8khz,4,7.014120578765869,4
d128h2L4,984192,2048,mutopia_melody_16th,1,6.914403438568115,4
d128h2L4,984192,2048,mutopia_melody_16th,2,6.473155339558919,4
d128h2L4,984192,2048,mutopia_melody_16th,3,6.179694294929504,4
d128h2L4,984192,2048,mutopia_melody_16th,4,5.944760322570801,4
d128h2L4,984192,2048,cifar10_rgb_planar,1,7.9164711236953735,4
d128h2L4,984192,2048,cifar10_rgb_planar,2,7.8789152304331465,4
d128h2L4,984192,2048,cifar10_rgb_planar,3,7.864822268486023,4
d128h2L4,984192,2048,cifar10_rgb_planar,4,7.857133865356445,4
d128h2L4,984192,2048,cifar10_rgb_hwc,1,7.885835886001587,4
d128h2L4,984192,2048,cifar10_rgb_hwc,2,7.849339564641316,4
d128h2L4,984192,2048,cifar10_rgb_hwc,3,7.835623383522034,4
d128h2L4,984192,2048,cifar10_rgb_hwc,4,7.828149318695068,4
d128h2L4,984192,2048,kolmogorov_text,1,7.874993801116943,4
d128h2L4,984192,2048,kolmogorov_text,2,7.813416401545207,4
d128h2L4,984192,2048,kolmogorov_text,3,7.789405703544617,4
d128h2L4,984192,2048,kolmogorov_text,4,7.77584171295166,4
d128h2L4,984192,2048,kolmogorov_dna,1,3.7559825778007507,4
d128h2L4,984192,2048,kolmogorov_dna,2,3.328397750854492,4
d128h2L4,984192,2048,kolmogorov_dna,3,3.183666408061981,4
d128h2L4,984192,2048,kolmogorov_dna,4,3.109950304031372,4
d128h2L4,984192,2048,metamath,1,7.632509231567383,4
d128h2L4,984192,2048,metamath,2,7.4980582396189375,4
d128h2L4,984192,2048,metamath,3,7.453640341758728,4
d128h2L4,984192,2048,metamath,4,7.43111515045166,4
d128h2L4,984192,2048,aitdcc_a_protein,1,8.01914131641388,4
d128h2L4,984192,2048,aitdcc_a_protein,2,8.001687049865723,4
d128h2L4,984192,2048,aitdcc_a_protein,3,7.995533347129822,4
d128h2L4,984192,2048,aitdcc_a_protein,4,7.992341041564941,4
d128h2L4,984192,2048,aitdcc_b_c_source,1,7.924845814704895,4
d128h2L4,984192,2048,aitdcc_b_c_source,2,7.875050862630208,4
d128h2L4,984192,2048,aitdcc_b_c_source,3,7.856145977973938,4
d128h2L4,984192,2048,aitdcc_b_c_source,4,7.8456292152404785,4
d128h2L4,984192,2048,aitdcc_d_glibc_rand,1,8.054172039031982,4
d128h2L4,984192,2048,aitdcc_d_glibc_rand,2,8.031166394551596,4
d128h2L4,984192,2048,aitdcc_d_glibc_rand,3,8.022905349731445,4
d128h2L4,984192,2048,aitdcc_d_glibc_rand,4,8.018583297729492,4
d128h2L4,984192,2048,aitdcc_e_atlas_float32,1,8.036507964134216,4
d128h2L4,984192,2048,aitdcc_e_atlas_float32,2,8.016952514648438,4
d128h2L4,984192,2048,aitdcc_e_atlas_float32,3,8.009710907936096,4
d128h2L4,984192,2048,aitdcc_e_atlas_float32,4,8.005864143371582,4
d128h2L4,984192,2048,aitdcc_g_astronomy,1,4.965309381484985,4
d128h2L4,984192,2048,aitdcc_g_astronomy,2,4.744345664978027,4
d128h2L4,984192,2048,aitdcc_g_astronomy,3,4.6987539529800415,4
d128h2L4,984192,2048,aitdcc_g_astronomy,4,4.680037498474121,4
d128h2L4,984192,2048,llm_compression_python,1,7.285921335220337,4
d128h2L4,984192,2048,llm_compression_python,2,7.131092309951782,4
d128h2L4,984192,2048,llm_compression_python,3,7.069755792617798,4
d128h2L4,984192,2048,llm_compression_python,4,7.034194469451904,4
d128h2L4,984192,2048,llm_compression_cc,1,7.831557750701904,4
d128h2L4,984192,2048,llm_compression_cc,2,7.75373371442159,4
d128h2L4,984192,2048,llm_compression_cc,3,7.724559664726257,4
d128h2L4,984192,2048,llm_compression_cc,4,7.708399772644043,4
d128h2L4,984192,2048,llm_compression_arxiv_math,1,7.8317791223526,4
d128h2L4,984192,2048,llm_compression_arxiv_math,2,7.768933852513631,4
d128h2L4,984192,2048,llm_compression_arxiv_math,3,7.745659112930298,4
d128h2L4,984192,2048,llm_compression_arxiv_math,4,7.732835292816162,4
d128h2L4,984192,2048,esc50_pcm8,1,7.28070342540741,4
d128h2L4,984192,2048,esc50_pcm8,2,7.058297872543335,4
d128h2L4,984192,2048,esc50_pcm8,3,6.920956492424011,4
d128h2L4,984192,2048,esc50_pcm8,4,6.815709114074707,4
d128h2L4,984192,2048,esc50_pcm8_11khz,1,7.342424154281616,4
d128h2L4,984192,2048,esc50_pcm8_11khz,2,7.140120983123779,4
d128h2L4,984192,2048,esc50_pcm8_11khz,3,7.016469359397888,4
d128h2L4,984192,2048,esc50_pcm8_11khz,4,6.9220781326293945,4
d128h2L4,984192,2048,musicnet_pcm8,1,7.901922106742859,4
d128h2L4,984192,2048,musicnet_pcm8,2,7.867405494054158,4
d128h2L4,984192,2048,musicnet_pcm8,3,7.85155189037323,4
d128h2L4,984192,2048,musicnet_pcm8,4,7.8418426513671875,4
d128h2L4,984192,2048,musicnet_pcm8_11khz,1,7.727096080780029,4
d128h2L4,984192,2048,musicnet_pcm8_11khz,2,7.645260572433472,4
d128h2L4,984192,2048,musicnet_pcm8_11khz,3,7.603630900382996,4
d128h2L4,984192,2048,musicnet_pcm8_11khz,4,7.57659387588501,4
d128h2L4,984192,2304,dclm,1,7.772998213768005,4
d128h2L4,984192,2304,dclm,2,7.68502934773763,4
d128h2L4,984192,2304,dclm,3,7.653752684593201,4
d128h2L4,984192,2304,dclm,4,7.6373395919799805,4
d128h2L4,984192,2304,dclm_ranked,1,6.826404452323914,4
d128h2L4,984192,2304,dclm_ranked,2,6.244690736134847,4
d128h2L4,984192,2304,dclm_ranked,3,6.040608644485474,4
d128h2L4,984192,2304,dclm_ranked,4,5.9328532218933105,4
d128h2L4,984192,2304,dna,1,4.201290488243103,4
d128h2L4,984192,2304,dna,2,3.5392374197642007,4
d128h2L4,984192,2304,dna,3,3.2973137497901917,4
d128h2L4,984192,2304,dna,4,3.1677327156066895,4
d128h2L4,984192,2304,arithmetic,1,8.0235013961792,4
d128h2L4,984192,2304,arithmetic,2,7.9947441418965655,4
d128h2L4,984192,2304,arithmetic,3,7.983174443244934,4
d128h2L4,984192,2304,arithmetic,4,7.976659297943115,4
d128h2L4,984192,2304,audio_8bit,1,4.684945583343506,4
d128h2L4,984192,2304,audio_8bit,2,4.292619625727336,4
d128h2L4,984192,2304,audio_8bit,3,4.151442527770996,4
d128h2L4,984192,2304,audio_8bit,4,4.077369689941406,4
d128h2L4,984192,2304,audio_16bit,1,6.32221782207489,4
d128h2L4,984192,2304,audio_16bit,2,6.148909727732341,4
d128h2L4,984192,2304,audio_16bit,3,6.086380362510681,4
d128h2L4,984192,2304,audio_16bit,4,6.052831649780273,4
d128h2L4,984192,2304,speech_commands_pcm8,1,7.58222508430481,4
d128h2L4,984192,2304,speech_commands_pcm8,2,7.470423539479573,4
d128h2L4,984192,2304,speech_commands_pcm8,3,7.417725682258606,4
d128h2L4,984192,2304,speech_commands_pcm8,4,7.385478973388672,4
d128h2L4,984192,2304,speech_commands_pcm8_8khz,1,7.597174644470215,4
d128h2L4,984192,2304,speech_commands_pcm8_8khz,2,7.479804039001465,4
d128h2L4,984192,2304,speech_commands_pcm8_8khz,3,7.4279175996780396,4
d128h2L4,984192,2304,speech_commands_pcm8_8khz,4,7.39744758605957,4
d128h2L4,984192,2304,mutopia_melody_16th,1,7.4193925857543945,4
d128h2L4,984192,2304,mutopia_melody_16th,2,7.269461313883464,4
d128h2L4,984192,2304,mutopia_melody_16th,3,7.191404461860657,4
d128h2L4,984192,2304,mutopia_melody_16th,4,7.139235973358154,4
d128h2L4,984192,2304,cifar10_rgb_planar,1,7.91288161277771,4
d128h2L4,984192,2304,cifar10_rgb_planar,2,7.875516255696614,4
d128h2L4,984192,2304,cifar10_rgb_planar,3,7.861451745033264,4
d128h2L4,984192,2304,cifar10_rgb_planar,4,7.853879928588867,4
d128h2L4,984192,2304,cifar10_rgb_hwc,1,7.879745364189148,4
d128h2L4,984192,2304,cifar10_rgb_hwc,2,7.843478361765544,4
d128h2L4,984192,2304,cifar10_rgb_hwc,3,7.829717040061951,4
d128h2L4,984192,2304,cifar10_rgb_hwc,4,7.822304725646973,4
d128h2L4,984192,2304,kolmogorov_text,1,7.846460700035095,4
d128h2L4,984192,2304,kolmogorov_text,2,7.779937028884888,4
d128h2L4,984192,2304,kolmogorov_text,3,7.756147503852844,4
d128h2L4,984192,2304,kolmogorov_text,4,7.743554592132568,4
d128h2L4,984192,2304,kolmogorov_dna,1,3.8932650089263916,4
d128h2L4,984192,2304,kolmogorov_dna,2,3.311442812283834,4
d128h2L4,984192,2304,kolmogorov_dna,3,3.0939468145370483,4
d128h2L4,984192,2304,kolmogorov_dna,4,2.976123332977295,4
d128h2L4,984192,2304,metamath,1,7.56436562538147,4
d128h2L4,984192,2304,metamath,2,7.416768550872803,4
d128h2L4,984192,2304,metamath,3,7.366473197937012,4
d128h2L4,984192,2304,metamath,4,7.340626239776611,4
d128h2L4,984192,2304,aitdcc_a_protein,1,7.912710666656494,4
d128h2L4,984192,2304,aitdcc_a_protein,2,7.882054249445598,4
d128h2L4,984192,2304,aitdcc_a_protein,3,7.869985103607178,4
d128h2L4,984192,2304,aitdcc_a_protein,4,7.863636493682861,4
d128h2L4,984192,2304,aitdcc_b_c_source,1,7.891545295715332,4
d128h2L4,984192,2304,aitdcc_b_c_source,2,7.839180072148641,4
d128h2L4,984192,2304,aitdcc_b_c_source,3,7.820304751396179,4
d128h2L4,984192,2304,aitdcc_b_c_source,4,7.810401439666748,4
d128h2L4,984192,2304,aitdcc_d_glibc_rand,1,8.057448625564575,4
d128h2L4,984192,2304,aitdcc_d_glibc_rand,2,8.033725261688232,4
d128h2L4,984192,2304,aitdcc_d_glibc_rand,3,8.02494192123413,4
d128h2L4,984192,2304,aitdcc_d_glibc_rand,4,8.020305633544922,4
d128h2L4,984192,2304,aitdcc_e_atlas_float32,1,8.048964023590088,4
d128h2L4,984192,2304,aitdcc_e_atlas_float32,2,8.028081576029459,4
d128h2L4,984192,2304,aitdcc_e_atlas_float32,3,8.020334720611572,4
d128h2L4,984192,2304,aitdcc_e_atlas_float32,4,8.016242027282715,4
d128h2L4,984192,2304,aitdcc_g_astronomy,1,4.586912631988525,4
d128h2L4,984192,2304,aitdcc_g_astronomy,2,4.528011242548625,4
d128h2L4,984192,2304,aitdcc_g_astronomy,3,4.509552955627441,4
d128h2L4,984192,2304,aitdcc_g_astronomy,4,4.50059700012207,4
d128h2L4,984192,2304,llm_compression_python,1,7.333243131637573,4
d128h2L4,984192,2304,llm_compression_python,2,7.196445782979329,4
d128h2L4,984192,2304,llm_compression_python,3,7.147619724273682,4
d128h2L4,984192,2304,llm_compression_python,4,7.122818470001221,4
d128h2L4,984192,2304,llm_compression_cc,1,7.784509897232056,4
d128h2L4,984192,2304,llm_compression_cc,2,7.7016245524088545,4
d128h2L4,984192,2304,llm_compression_cc,3,7.671822786331177,4
d128h2L4,984192,2304,llm_compression_cc,4,7.656063556671143,4
d128h2L4,984192,2304,llm_compression_arxiv_math,1,7.798089146614075,4
d128h2L4,984192,2304,llm_compression_arxiv_math,2,7.7284345626831055,4
d128h2L4,984192,2304,llm_compression_arxiv_math,3,7.70391845703125,4
d128h2L4,984192,2304,llm_compression_arxiv_math,4,7.690981388092041,4
d128h2L4,984192,2304,esc50_pcm8,1,7.543907165527344,4
d128h2L4,984192,2304,esc50_pcm8,2,7.423999389012654,4
d128h2L4,984192,2304,esc50_pcm8,3,7.356350064277649,4
d128h2L4,984192,2304,esc50_pcm8,4,7.309710502624512,4
d128h2L4,984192,2304,esc50_pcm8_11khz,1,7.583974838256836,4
d128h2L4,984192,2304,esc50_pcm8_11khz,2,7.472970565160115,4
d128h2L4,984192,2304,esc50_pcm8_11khz,3,7.411367893218994,4
d128h2L4,984192,2304,esc50_pcm8_11khz,4,7.369205474853516,4
d128h2L4,984192,2304,musicnet_pcm8,1,7.898532867431641,4
d128h2L4,984192,2304,musicnet_pcm8,2,7.869651873906453,4
d128h2L4,984192,2304,musicnet_pcm8,3,7.857675790786743,4
d128h2L4,984192,2304,musicnet_pcm8,4,7.850944519042969,4
d128h2L4,984192,2304,musicnet_pcm8_11khz,1,7.803816556930542,4
d128h2L4,984192,2304,musicnet_pcm8_11khz,2,7.748400131861369,4
d128h2L4,984192,2304,musicnet_pcm8_11khz,3,7.722964406013489,4
d128h2L4,984192,2304,musicnet_pcm8_11khz,4,7.707611083984375,4
d128h2L4,984192,2560,dclm,1,8.016833186149597,4
d128h2L4,984192,2560,dclm,2,7.805999517440796,4
d128h2L4,984192,2560,dclm,3,7.714634656906128,4
d128h2L4,984192,2560,dclm,4,7.654961585998535,4
d128h2L4,984192,2560,dclm_ranked,1,6.775949597358704,4
d128h2L4,984192,2560,dclm_ranked,2,6.206198533376058,4
d128h2L4,984192,2560,dclm_ranked,3,6.000070571899414,4
d128h2L4,984192,2560,dclm_ranked,4,5.888938903808594,4
d128h2L4,984192,2560,dna,1,4.169617533683777,4
d128h2L4,984192,2560,dna,2,3.5266260703404746,4
d128h2L4,984192,2560,dna,3,3.314692974090576,4
d128h2L4,984192,2560,dna,4,3.206531524658203,4
d128h2L4,984192,2560,arithmetic,1,8.052521467208862,4
d128h2L4,984192,2560,arithmetic,2,8.005333503087362,4
d128h2L4,984192,2560,arithmetic,3,7.988341808319092,4
d128h2L4,984192,2560,arithmetic,4,7.979371070861816,4
d128h2L4,984192,2560,audio_8bit,1,4.908299684524536,4
d128h2L4,984192,2560,audio_8bit,2,4.423051913579305,4
d128h2L4,984192,2560,audio_8bit,3,4.248049736022949,4
d128h2L4,984192,2560,audio_8bit,4,4.15602970123291,4
d128h2L4,984192,2560,audio_16bit,1,6.3317999839782715,4
d128h2L4,984192,2560,audio_16bit,2,6.127186457316081,4
d128h2L4,984192,2560,audio_16bit,3,6.055669546127319,4
d128h2L4,984192,2560,audio_16bit,4,6.017809867858887,4
d128h2L4,984192,2560,speech_commands_pcm8,1,7.492184400558472,4
d128h2L4,984192,2560,speech_commands_pcm8,2,7.29950229326884,4
d128h2L4,984192,2560,speech_commands_pcm8,3,7.221794605255127,4
d128h2L4,984192,2560,speech_commands_pcm8,4,7.186084747314453,4
d128h2L4,984192,2560,speech_commands_pcm8_8khz,1,7.517042279243469,4
d128h2L4,984192,2560,speech_commands_pcm8_8khz,2,7.310373465220134,4
d128h2L4,984192,2560,speech_commands_pcm8_8khz,3,7.2240296602249146,4
d128h2L4,984192,2560,speech_commands_pcm8_8khz,4,7.18218469619751,4
d128h2L4,984192,2560,mutopia_melody_16th,1,7.106792092323303,4
d128h2L4,984192,2560,mutopia_melody_16th,2,6.751989285151164,4
d128h2L4,984192,2560,mutopia_melody_16th,3,6.620137453079224,4
d128h2L4,984192,2560,mutopia_melody_16th,4,6.57670783996582,4
d128h2L4,984192,2560,cifar10_rgb_planar,1,7.95852255821228,4
d128h2L4,984192,2560,cifar10_rgb_planar,2,7.902993202209473,4
d128h2L4,984192,2560,cifar10_rgb_planar,3,7.882620573043823,4
d128h2L4,984192,2560,cifar10_rgb_planar,4,7.871740818023682,4
d128h2L4,984192,2560,cifar10_rgb_hwc,1,7.926700711250305,4
d128h2L4,984192,2560,cifar10_rgb_hwc,2,7.8717702229817705,4
d128h2L4,984192,2560,cifar10_rgb_hwc,3,7.851645588874817,4
d128h2L4,984192,2560,cifar10_rgb_hwc,4,7.840916633605957,4
d128h2L4,984192,2560,kolmogorov_text,1,8.054057836532593,4
d128h2L4,984192,2560,kolmogorov_text,2,7.893676519393921,4
d128h2L4,984192,2560,kolmogorov_text,3,7.8260109424591064,4
d128h2L4,984192,2560,kolmogorov_text,4,7.7828779220581055,4
d128h2L4,984192,2560,kolmogorov_dna,1,3.8934841752052307,4
d128h2L4,984192,2560,kolmogorov_dna,2,3.3139991760253906,4
d128h2L4,984192,2560,kolmogorov_dna,3,3.136217951774597,4
d128h2L4,984192,2560,kolmogorov_dna,4,3.0485808849334717,4
d128h2L4,984192,2560,metamath,1,7.859583139419556,4
d128h2L4,984192,2560,metamath,2,7.515243291854858,4
d128h2L4,984192,2560,metamath,3,7.380524277687073,4
d128h2L4,984192,2560,metamath,4,7.30216121673584,4
d128h2L4,984192,2560,aitdcc_a_protein,1,8.012998461723328,4
d128h2L4,984192,2560,aitdcc_a_protein,2,7.949793259302775,4
d128h2L4,984192,2560,aitdcc_a_protein,3,7.924449801445007,4
d128h2L4,984192,2560,aitdcc_a_protein,4,7.911442756652832,4
d128h2L4,984192,2560,aitdcc_b_c_source,1,8.05912184715271,4
d128h2L4,984192,2560,aitdcc_b_c_source,2,7.936842679977417,4
d128h2L4,984192,2560,aitdcc_b_c_source,3,7.884660601615906,4
d128h2L4,984192,2560,aitdcc_b_c_source,4,7.851657390594482,4
d128h2L4,984192,2560,aitdcc_d_glibc_rand,1,8.092620849609375,4
d128h2L4,984192,2560,aitdcc_d_glibc_rand,2,8.05312442779541,4
d128h2L4,984192,2560,aitdcc_d_glibc_rand,3,8.038769960403442,4
d128h2L4,984192,2560,aitdcc_d_glibc_rand,4,8.031112670898438,4
d128h2L4,984192,2560,aitdcc_e_atlas_float32,1,8.072535991668701,4
d128h2L4,984192,2560,aitdcc_e_atlas_float32,2,8.03988766670227,4
d128h2L4,984192,2560,aitdcc_e_atlas_float32,3,8.027682065963745,4
d128h2L4,984192,2560,aitdcc_e_atlas_float32,4,8.021114349365234,4
d128h2L4,984192,2560,aitdcc_g_astronomy,1,5.080857276916504,4
d128h2L4,984192,2560,aitdcc_g_astronomy,2,4.677612940470378,4
d128h2L4,984192,2560,aitdcc_g_astronomy,3,4.6149595975875854,4
d128h2L4,984192,2560,aitdcc_g_astronomy,4,4.590725421905518,4
d128h2L4,984192,2560,llm_compression_python,1,7.661179304122925,4
d128h2L4,984192,2560,llm_compression_python,2,7.375840187072754,4
d128h2L4,984192,2560,llm_compression_python,3,7.264755964279175,4
d128h2L4,984192,2560,llm_compression_python,4,7.1999125480651855,4
d128h2L4,984192,2560,llm_compression_cc,1,8.01561415195465,4
d128h2L4,984192,2560,llm_compression_cc,2,7.817979653676351,4
d128h2L4,984192,2560,llm_compression_cc,3,7.732481837272644,4
d128h2L4,984192,2560,llm_compression_cc,4,7.676806926727295,4
d128h2L4,984192,2560,llm_compression_arxiv_math,1,7.990412592887878,4
d128h2L4,984192,2560,llm_compression_arxiv_math,2,7.834579706192017,4
d128h2L4,984192,2560,llm_compression_arxiv_math,3,7.769866108894348,4
d128h2L4,984192,2560,llm_compression_arxiv_math,4,7.7296061515808105,4
d128h2L4,984192,2560,esc50_pcm8,1,7.408629298210144,4
d128h2L4,984192,2560,esc50_pcm8,2,7.212213039398193,4
d128h2L4,984192,2560,esc50_pcm8,3,7.139715909957886,4
d128h2L4,984192,2560,esc50_pcm8,4,7.1067352294921875,4
d128h2L4,984192,2560,esc50_pcm8_11khz,1,7.453760266304016,4
d128h2L4,984192,2560,esc50_pcm8_11khz,2,7.271576642990112,4
d128h2L4,984192,2560,esc50_pcm8_11khz,3,7.203874230384827,4
d128h2L4,984192,2560,esc50_pcm8_11khz,4,7.173136234283447,4
d128h2L4,984192,2560,musicnet_pcm8,1,7.8633668422698975,4
d128h2L4,984192,2560,musicnet_pcm8,2,7.794678290685018,4
d128h2L4,984192,2560,musicnet_pcm8,3,7.760801076889038,4
d128h2L4,984192,2560,musicnet_pcm8,4,7.739569187164307,4
d128h2L4,984192,2560,musicnet_pcm8_11khz,1,7.7538474798202515,4
d128h2L4,984192,2560,musicnet_pcm8_11khz,2,7.649516264597575,4
d128h2L4,984192,2560,musicnet_pcm8_11khz,3,7.6047433614730835,4
d128h2L4,984192,2560,musicnet_pcm8_11khz,4,7.581395149230957,4
d128h2L4,984192,2816,dclm,1,7.81089174747467,4
d128h2L4,984192,2816,dclm,2,7.717978318532308,4
d128h2L4,984192,2816,dclm,3,7.684097051620483,4
d128h2L4,984192,2816,dclm,4,7.6640706062316895,4
d128h2L4,984192,2816,dclm_ranked,1,6.903526067733765,4
d128h2L4,984192,2816,dclm_ranked,2,6.21525510152181,4
d128h2L4,984192,2816,dclm_ranked,3,5.976663947105408,4
d128h2L4,984192,2816,dclm_ranked,4,5.853468894958496,4
d128h2L4,984192,2816,dna,1,4.186627149581909,4
d128h2L4,984192,2816,dna,2,3.542433579762777,4
d128h2L4,984192,2816,dna,3,3.315119683742523,4
d128h2L4,984192,2816,dna,4,3.1947052478790283,4
d128h2L4,984192,2816,arithmetic,1,8.010349035263062,4
d128h2L4,984192,2816,arithmetic,2,7.982742071151733,4
d128h2L4,984192,2816,arithmetic,3,7.9726386070251465,4
d128h2L4,984192,2816,arithmetic,4,7.967240810394287,4
d128h2L4,984192,2816,audio_8bit,1,4.805814981460571,4
d128h2L4,984192,2816,audio_8bit,2,4.368637402852376,4
d128h2L4,984192,2816,audio_8bit,3,4.215625524520874,4
d128h2L4,984192,2816,audio_8bit,4,4.136728763580322,4
d128h2L4,984192,2816,audio_16bit,1,6.389613389968872,4
d128h2L4,984192,2816,audio_16bit,2,6.18973708152771,4
d128h2L4,984192,2816,audio_16bit,3,6.123113989830017,4
d128h2L4,984192,2816,audio_16bit,4,6.088302135467529,4
d128h2L4,984192,2816,speech_commands_pcm8,1,7.448592782020569,4
d128h2L4,984192,2816,speech_commands_pcm8,2,7.189825932184855,4
d128h2L4,984192,2816,speech_commands_pcm8,3,7.1539740562438965,4
d128h2L4,984192,2816,speech_commands_pcm8,4,7.137850284576416,4
d128h2L4,984192,2816,speech_commands_pcm8_8khz,1,7.435710906982422,4
d128h2L4,984192,2816,speech_commands_pcm8_8khz,2,7.111440738042195,4
d128h2L4,984192,2816,speech_commands_pcm8_8khz,3,7.067639470100403,4
d128h2L4,984192,2816,speech_commands_pcm8_8khz,4,7.047976493835449,4
d128h2L4,984192,2816,mutopia_melody_16th,1,7.062971711158752,4
d128h2L4,984192,2816,mutopia_melody_16th,2,6.989775021870931,4
d128h2L4,984192,2816,mutopia_melody_16th,3,6.964656352996826,4
d128h2L4,984192,2816,mutopia_melody_16th,4,6.951294422149658,4
d128h2L4,984192,2816,cifar10_rgb_planar,1,7.913986325263977,4
d128h2L4,984192,2816,cifar10_rgb_planar,2,7.874863465627034,4
d128h2L4,984192,2816,cifar10_rgb_planar,3,7.860479712486267,4
d128h2L4,984192,2816,cifar10_rgb_planar,4,7.852771282196045,4
d128h2L4,984192,2816,cifar10_rgb_hwc,1,7.881191730499268,4
d128h2L4,984192,2816,cifar10_rgb_hwc,2,7.843445777893066,4
d128h2L4,984192,2816,cifar10_rgb_hwc,3,7.829395174980164,4
d128h2L4,984192,2816,cifar10_rgb_hwc,4,7.821849346160889,4
d128h2L4,984192,2816,kolmogorov_text,1,7.872649312019348,4
d128h2L4,984192,2816,kolmogorov_text,2,7.804617325464885,4
d128h2L4,984192,2816,kolmogorov_text,3,7.779603004455566,4
d128h2L4,984192,2816,kolmogorov_text,4,7.76514196395874,4
d128h2L4,984192,2816,kolmogorov_dna,1,4.290208160877228,4
d128h2L4,984192,2816,kolmogorov_dna,2,3.648723562558492,4
d128h2L4,984192,2816,kolmogorov_dna,3,3.4249714016914368,4
d128h2L4,984192,2816,kolmogorov_dna,4,3.311231851577759,4
d128h2L4,984192,2816,metamath,1,7.664187550544739,4
d128h2L4,984192,2816,metamath,2,7.510698636372884,4
d128h2L4,984192,2816,metamath,3,7.4581276178359985,4
d128h2L4,984192,2816,metamath,4,7.427842140197754,4
d128h2L4,984192,2816,aitdcc_a_protein,1,7.885198473930359,4
d128h2L4,984192,2816,aitdcc_a_protein,2,7.8548338413238525,4
d128h2L4,984192,2816,aitdcc_a_protein,3,7.842945456504822,4
d128h2L4,984192,2816,aitdcc_a_protein,4,7.836716175079346,4
d128h2L4,984192,2816,aitdcc_b_c_source,1,7.914873719215393,4
d128h2L4,984192,2816,aitdcc_b_c_source,2,7.865143616994222,4
d128h2L4,984192,2816,aitdcc_b_c_source,3,7.847168445587158,4
d128h2L4,984192,2816,aitdcc_b_c_source,4,7.837244510650635,4
d128h2L4,984192,2816,aitdcc_d_glibc_rand,1,8.054891109466553,4
d128h2L4,984192,2816,aitdcc_d_glibc_rand,2,8.033257166544596,4
d128h2L4,984192,2816,aitdcc_d_glibc_rand,3,8.02554178237915,4
d128h2L4,984192,2816,aitdcc_d_glibc_rand,4,8.021522521972656,4
d128h2L4,984192,2816,aitdcc_e_atlas_float32,1,8.003477215766907,4
d128h2L4,984192,2816,aitdcc_e_atlas_float32,2,7.977879762649536,4
d128h2L4,984192,2816,aitdcc_e_atlas_float32,3,7.968693256378174,4
d128h2L4,984192,2816,aitdcc_e_atlas_float32,4,7.963989734649658,4
d128h2L4,984192,2816,aitdcc_g_astronomy,1,5.484955072402954,4
d128h2L4,984192,2816,aitdcc_g_astronomy,2,4.999047835667928,4
d128h2L4,984192,2816,aitdcc_g_astronomy,3,4.922907829284668,4
d128h2L4,984192,2816,aitdcc_g_astronomy,4,4.891933441162109,4
d128h2L4,984192,2816,llm_compression_python,1,7.352964758872986,4
d128h2L4,984192,2816,llm_compression_python,2,7.204033374786377,4
d128h2L4,984192,2816,llm_compression_python,3,7.152401804924011,4
d128h2L4,984192,2816,llm_compression_python,4,7.12286376953125,4
d128h2L4,984192,2816,llm_compression_cc,1,7.824250221252441,4
d128h2L4,984192,2816,llm_compression_cc,2,7.737215757369995,4
d128h2L4,984192,2816,llm_compression_cc,3,7.705249071121216,4
d128h2L4,984192,2816,llm_compression_cc,4,7.686367034912109,4
d128h2L4,984192,2816,llm_compression_arxiv_math,1,7.837099313735962,4
d128h2L4,984192,2816,llm_compression_arxiv_math,2,7.7699588139851885,4
d128h2L4,984192,2816,llm_compression_arxiv_math,3,7.745537519454956,4
d128h2L4,984192,2816,llm_compression_arxiv_math,4,7.7315754890441895,4
d128h2L4,984192,2816,esc50_pcm8,1,7.384968161582947,4
d128h2L4,984192,2816,esc50_pcm8,2,7.227763652801514,4
d128h2L4,984192,2816,esc50_pcm8,3,7.201376438140869,4
d128h2L4,984192,2816,esc50_pcm8,4,7.189180850982666,4
d128h2L4,984192,2816,esc50_pcm8_11khz,1,7.430302619934082,4
d128h2L4,984192,2816,esc50_pcm8_11khz,2,7.28055206934611,4
d128h2L4,984192,2816,esc50_pcm8_11khz,3,7.255538702011108,4
d128h2L4,984192,2816,esc50_pcm8_11khz,4,7.243968963623047,4
d128h2L4,984192,2816,musicnet_pcm8,1,7.942605018615723,4
d128h2L4,984192,2816,musicnet_pcm8,2,7.911733388900757,4
d128h2L4,984192,2816,musicnet_pcm8,3,7.901493668556213,4
d128h2L4,984192,2816,musicnet_pcm8,4,7.89608097076416,4
d128h2L4,984192,2816,musicnet_pcm8_11khz,1,7.787927627563477,4
d128h2L4,984192,2816,musicnet_pcm8_11khz,2,7.685258944829305,4
d128h2L4,984192,2816,musicnet_pcm8_11khz,3,7.66776442527771,4
d128h2L4,984192,2816,musicnet_pcm8_11khz,4,7.65952730178833,4
d128h2L4,984192,3072,dclm,1,7.891513109207153,4
d128h2L4,984192,3072,dclm,2,7.829728603363037,4
d128h2L4,984192,3072,dclm,3,7.807342886924744,4
d128h2L4,984192,3072,dclm,4,7.795795917510986,4
d128h2L4,984192,3072,dclm_ranked,1,6.846394777297974,4
d128h2L4,984192,3072,dclm_ranked,2,6.300559838612874,4
d128h2L4,984192,3072,dclm_ranked,3,6.099452376365662,4
d128h2L4,984192,3072,dclm_ranked,4,5.992012977600098,4
d128h2L4,984192,3072,dna,1,4.377644717693329,4
d128h2L4,984192,3072,dna,2,3.6836426655451455,4
d128h2L4,984192,3072,dna,3,3.446094512939453,4
d128h2L4,984192,3072,dna,4,3.3296799659729004,4
d128h2L4,984192,3072,arithmetic,1,8.014382719993591,4
d128h2L4,984192,3072,arithmetic,2,7.986478726069133,4
d128h2L4,984192,3072,arithmetic,3,7.97675347328186,4
d128h2L4,984192,3072,arithmetic,4,7.971714496612549,4
d128h2L4,984192,3072,audio_8bit,1,4.884218215942383,4
d128h2L4,984192,3072,audio_8bit,2,4.397178649902344,4
d128h2L4,984192,3072,audio_8bit,3,4.234931588172913,4
d128h2L4,984192,3072,audio_8bit,4,4.152254104614258,4
d128h2L4,984192,3072,audio_16bit,1,6.358751177787781,4
d128h2L4,984192,3072,audio_16bit,2,6.145477533340454,4
d128h2L4,984192,3072,audio_16bit,3,6.078457474708557,4
d128h2L4,984192,3072,audio_16bit,4,6.044573783874512,4
d128h2L4,984192,3072,speech_commands_pcm8,1,7.50278627872467,4
d128h2L4,984192,3072,speech_commands_pcm8,2,7.430041392644246,4
d128h2L4,984192,3072,speech_commands_pcm8,3,7.394473552703857,4
d128h2L4,984192,3072,speech_commands_pcm8,4,7.3721489906311035,4
d128h2L4,984192,3072,speech_commands_pcm8_8khz,1,7.467781901359558,4
d128h2L4,984192,3072,speech_commands_pcm8_8khz,2,7.384751160939534,4
d128h2L4,984192,3072,speech_commands_pcm8_8khz,3,7.343820691108704,4
d128h2L4,984192,3072,speech_commands_pcm8_8khz,4,7.318039894104004,4
d128h2L4,984192,3072,mutopia_melody_16th,1,7.485820770263672,4
d128h2L4,984192,3072,mutopia_melody_16th,2,7.402537822723389,4
d128h2L4,984192,3072,mutopia_melody_16th,3,7.366439938545227,4
d128h2L4,984192,3072,mutopia_melody_16th,4,7.345243453979492,4
d128h2L4,984192,3072,cifar10_rgb_planar,1,7.942094087600708,4
d128h2L4,984192,3072,cifar10_rgb_planar,2,7.9025774002075195,4
d128h2L4,984192,3072,cifar10_rgb_planar,3,7.888471841812134,4
d128h2L4,984192,3072,cifar10_rgb_planar,4,7.881067276000977,4
d128h2L4,984192,3072,cifar10_rgb_hwc,1,7.910179138183594,4
d128h2L4,984192,3072,cifar10_rgb_hwc,2,7.871314922968547,4
d128h2L4,984192,3072,cifar10_rgb_hwc,3,7.857329368591309,4
d128h2L4,984192,3072,cifar10_rgb_hwc,4,7.849935531616211,4
d128h2L4,984192,3072,kolmogorov_text,1,7.948578238487244,4
d128h2L4,984192,3072,kolmogorov_text,2,7.898584206899007,4
d128h2L4,984192,3072,kolmogorov_text,3,7.880627751350403,4
d128h2L4,984192,3072,kolmogorov_text,4,7.871337890625,4
d128h2L4,984192,3072,kolmogorov_dna,1,4.528084695339203,4
d128h2L4,984192,3072,kolmogorov_dna,2,3.794963081677755,4
d128h2L4,984192,3072,kolmogorov_dna,3,3.523703455924988,4
d128h2L4,984192,3072,kolmogorov_dna,4,3.397891044616699,4
d128h2L4,984192,3072,metamath,1,7.713088393211365,4
d128h2L4,984192,3072,metamath,2,7.601879994074504,4
d128h2L4,984192,3072,metamath,3,7.564301609992981,4
d128h2L4,984192,3072,metamath,4,7.544516563415527,4
d128h2L4,984192,3072,aitdcc_a_protein,1,7.980882525444031,4
d128h2L4,984192,3072,aitdcc_a_protein,2,7.958364248275757,4
d128h2L4,984192,3072,aitdcc_a_protein,3,7.950447082519531,4
d128h2L4,984192,3072,aitdcc_a_protein,4,7.94635534286499,4
d128h2L4,984192,3072,aitdcc_b_c_source,1,7.9752994775772095,4
d128h2L4,984192,3072,aitdcc_b_c_source,2,7.931296745936076,4
d128h2L4,984192,3072,aitdcc_b_c_source,3,7.915683746337891,4
d128h2L4,984192,3072,aitdcc_b_c_source,4,7.9075093269348145,4
d128h2L4,984192,3072,aitdcc_d_glibc_rand,1,8.056243658065796,4
d128h2L4,984192,3072,aitdcc_d_glibc_rand,2,8.031416257222494,4
d128h2L4,984192,3072,aitdcc_d_glibc_rand,3,8.023126125335693,4
d128h2L4,984192,3072,aitdcc_d_glibc_rand,4,8.018914222717285,4
d128h2L4,984192,3072,aitdcc_e_atlas_float32,1,8.015764117240906,4
d128h2L4,984192,3072,aitdcc_e_atlas_float32,2,7.990589300791423,4
d128h2L4,984192,3072,aitdcc_e_atlas_float32,3,7.982077717781067,4
d128h2L4,984192,3072,aitdcc_e_atlas_float32,4,7.977807521820068,4
d128h2L4,984192,3072,aitdcc_g_astronomy,1,4.85754132270813,4
d128h2L4,984192,3072,aitdcc_g_astronomy,2,4.719810088475545,4
d128h2L4,984192,3072,aitdcc_g_astronomy,3,4.6687504053115845,4
d128h2L4,984192,3072,aitdcc_g_astronomy,4,4.642220497131348,4
d128h2L4,984192,3072,llm_compression_python,1,7.473100543022156,4
d128h2L4,984192,3072,llm_compression_python,2,7.3493185838063555,4
d128h2L4,984192,3072,llm_compression_python,3,7.307049989700317,4
d128h2L4,984192,3072,llm_compression_python,4,7.286449432373047,4
d128h2L4,984192,3072,llm_compression_cc,1,7.9059284925460815,4
d128h2L4,984192,3072,llm_compression_cc,2,7.848415454228719,4
d128h2L4,984192,3072,llm_compression_cc,3,7.82778263092041,4
d128h2L4,984192,3072,llm_compression_cc,4,7.817170143127441,4
d128h2L4,984192,3072,llm_compression_arxiv_math,1,7.902094125747681,4
d128h2L4,984192,3072,llm_compression_arxiv_math,2,7.850050052007039,4
d128h2L4,984192,3072,llm_compression_arxiv_math,3,7.832032084465027,4
d128h2L4,984192,3072,llm_compression_arxiv_math,4,7.822888374328613,4
d128h2L4,984192,3072,esc50_pcm8,1,7.496369957923889,4
d128h2L4,984192,3072,esc50_pcm8,2,7.41970173517863,4
d128h2L4,984192,3072,esc50_pcm8,3,7.383723616600037,4
d128h2L4,984192,3072,esc50_pcm8,4,7.361545562744141,4
d128h2L4,984192,3072,esc50_pcm8_11khz,1,7.539780259132385,4
d128h2L4,984192,3072,esc50_pcm8_11khz,2,7.471806605656941,4
d128h2L4,984192,3072,esc50_pcm8_11khz,3,7.440189361572266,4
d128h2L4,984192,3072,esc50_pcm8_11khz,4,7.420840740203857,4
d128h2L4,984192,3072,musicnet_pcm8,1,7.942073702812195,4
d128h2L4,984192,3072,musicnet_pcm8,2,7.922062635421753,4
d128h2L4,984192,3072,musicnet_pcm8,3,7.914349794387817,4
d128h2L4,984192,3072,musicnet_pcm8,4,7.9101433753967285,4
d128h2L4,984192,3072,musicnet_pcm8_11khz,1,7.803569793701172,4
d128h2L4,984192,3072,musicnet_pcm8_11khz,2,7.767359733581543,4
d128h2L4,984192,3072,musicnet_pcm8_11khz,3,7.750618577003479,4
d128h2L4,984192,3072,musicnet_pcm8_11khz,4,7.7404046058654785,4
d128h2L4,984192,3328,dclm,1,7.8568150997161865,4
d128h2L4,984192,3328,dclm,2,7.7553354899088545,4
d128h2L4,984192,3328,dclm,3,7.712607741355896,4
d128h2L4,984192,3328,dclm,4,7.686662197113037,4
d128h2L4,984192,3328,dclm_ranked,1,6.883845686912537,4
d128h2L4,984192,3328,dclm_ranked,2,6.292070388793945,4
d128h2L4,984192,3328,dclm_ranked,3,6.075619101524353,4
d128h2L4,984192,3328,dclm_ranked,4,5.961174488067627,4
d128h2L4,984192,3328,dna,1,4.1025115847587585,4
d128h2L4,984192,3328,dna,2,3.4140994548797607,4
d128h2L4,984192,3328,dna,3,3.193404197692871,4
d128h2L4,984192,3328,dna,4,3.084169626235962,4
d128h2L4,984192,3328,arithmetic,1,8.033789038658142,4
d128h2L4,984192,3328,arithmetic,2,7.99641489982605,4
d128h2L4,984192,3328,arithmetic,3,7.982612490653992,4
d128h2L4,984192,3328,arithmetic,4,7.975235939025879,4
d128h2L4,984192,3328,audio_8bit,1,4.786272287368774,4
d128h2L4,984192,3328,audio_8bit,2,4.337227662404378,4
d128h2L4,984192,3328,audio_8bit,3,4.176714181900024,4
d128h2L4,984192,3328,audio_8bit,4,4.0911712646484375,4
d128h2L4,984192,3328,audio_16bit,1,6.344679236412048,4
d128h2L4,984192,3328,audio_16bit,2,6.123539845148723,4
d128h2L4,984192,3328,audio_16bit,3,6.052194833755493,4
d128h2L4,984192,3328,audio_16bit,4,6.015064239501953,4
d128h2L4,984192,3328,speech_commands_pcm8,1,7.39662504196167,4
d128h2L4,984192,3328,speech_commands_pcm8,2,7.316773970921834,4
d128h2L4,984192,3328,speech_commands_pcm8,3,7.28322696685791,4
d128h2L4,984192,3328,speech_commands_pcm8,4,7.264068126678467,4
d128h2L4,984192,3328,speech_commands_pcm8_8khz,1,7.323734402656555,4
d128h2L4,984192,3328,speech_commands_pcm8_8khz,2,7.23941707611084,4
d128h2L4,984192,3328,speech_commands_pcm8_8khz,3,7.2025169134140015,4
d128h2L4,984192,3328,speech_commands_pcm8_8khz,4,7.181098461151123,4
d128h2L4,984192,3328,mutopia_melody_16th,1,7.5262579917907715,4
d128h2L4,984192,3328,mutopia_melody_16th,2,7.386896371841431,4
d128h2L4,984192,3328,mutopia_melody_16th,3,7.333289861679077,4
d128h2L4,984192,3328,mutopia_melody_16th,4,7.30491828918457,4
d128h2L4,984192,3328,cifar10_rgb_planar,1,7.9426798820495605,4
d128h2L4,984192,3328,cifar10_rgb_planar,2,7.896901289621989,4
d128h2L4,984192,3328,cifar10_rgb_planar,3,7.880115270614624,4
d128h2L4,984192,3328,cifar10_rgb_planar,4,7.871119499206543,4
d128h2L4,984192,3328,cifar10_rgb_hwc,1,7.90917444229126,4
d128h2L4,984192,3328,cifar10_rgb_hwc,2,7.864770332972209,4
d128h2L4,984192,3328,cifar10_rgb_hwc,3,7.848380208015442,4
d128h2L4,984192,3328,cifar10_rgb_hwc,4,7.839552402496338,4
d128h2L4,984192,3328,kolmogorov_text,1,7.91411828994751,4
d128h2L4,984192,3328,kolmogorov_text,2,7.833826939264934,4
d128h2L4,984192,3328,kolmogorov_text,3,7.800607681274414,4
d128h2L4,984192,3328,kolmogorov_text,4,7.780820369720459,4
d128h2L4,984192,3328,kolmogorov_dna,1,3.9218965768814087,4
d128h2L4,984192,3328,kolmogorov_dna,2,3.3873774210611978,4
d128h2L4,984192,3328,kolmogorov_dna,3,3.218077301979065,4
d128h2L4,984192,3328,kolmogorov_dna,4,3.136671781539917,4
d128h2L4,984192,3328,metamath,1,7.645955801010132,4
d128h2L4,984192,3328,metamath,2,7.4871383508046465,4
d128h2L4,984192,3328,metamath,3,7.414287567138672,4
d128h2L4,984192,3328,metamath,4,7.368093013763428,4
d128h2L4,984192,3328,aitdcc_a_protein,1,7.967488408088684,4
d128h2L4,984192,3328,aitdcc_a_protein,2,7.93188754717509,4
d128h2L4,984192,3328,aitdcc_a_protein,3,7.91732919216156,4
d128h2L4,984192,3328,aitdcc_a_protein,4,7.9090962409973145,4
d128h2L4,984192,3328,aitdcc_b_c_source,1,7.978497862815857,4
d128h2L4,984192,3328,aitdcc_b_c_source,2,7.9124696254730225,4
d128h2L4,984192,3328,aitdcc_b_c_source,3,7.8837608098983765,4
d128h2L4,984192,3328,aitdcc_b_c_source,4,7.8662238121032715,4
d128h2L4,984192,3328,aitdcc_d_glibc_rand,1,8.073245763778687,4
d128h2L4,984192,3328,aitdcc_d_glibc_rand,2,8.041439215342203,4
d128h2L4,984192,3328,aitdcc_d_glibc_rand,3,8.030323505401611,4
d128h2L4,984192,3328,aitdcc_d_glibc_rand,4,8.024580955505371,4
d128h2L4,984192,3328,aitdcc_e_atlas_float32,1,8.046696543693542,4
d128h2L4,984192,3328,aitdcc_e_atlas_float32,2,8.014548381169638,4
d128h2L4,984192,3328,aitdcc_e_atlas_float32,3,8.003166675567627,4
d128h2L4,984192,3328,aitdcc_e_atlas_float32,4,7.997299671173096,4
d128h2L4,984192,3328,aitdcc_g_astronomy,1,4.666483402252197,4
d128h2L4,984192,3328,aitdcc_g_astronomy,2,4.508508125940959,4
d128h2L4,984192,3328,aitdcc_g_astronomy,3,4.471624970436096,4
d128h2L4,984192,3328,aitdcc_g_astronomy,4,4.454043865203857,4
d128h2L4,984192,3328,llm_compression_python,1,7.510139346122742,4
d128h2L4,984192,3328,llm_compression_python,2,7.361678600311279,4
d128h2L4,984192,3328,llm_compression_python,3,7.302979350090027,4
d128h2L4,984192,3328,llm_compression_python,4,7.268390655517578,4
d128h2L4,984192,3328,llm_compression_cc,1,7.8706769943237305,4
d128h2L4,984192,3328,llm_compression_cc,2,7.774423122406006,4
d128h2L4,984192,3328,llm_compression_cc,3,7.733938097953796,4
d128h2L4,984192,3328,llm_compression_cc,4,7.709342956542969,4
d128h2L4,984192,3328,llm_compression_arxiv_math,1,7.880853533744812,4
d128h2L4,984192,3328,llm_compression_arxiv_math,2,7.803523540496826,4
d128h2L4,984192,3328,llm_compression_arxiv_math,3,7.7699432373046875,4
d128h2L4,984192,3328,llm_compression_arxiv_math,4,7.7494707107543945,4
d128h2L4,984192,3328,esc50_pcm8,1,7.485373139381409,4
d128h2L4,984192,3328,esc50_pcm8,2,7.398512681325276,4
d128h2L4,984192,3328,esc50_pcm8,3,7.359490513801575,4
d128h2L4,984192,3328,esc50_pcm8,4,7.336019039154053,4
d128h2L4,984192,3328,esc50_pcm8_11khz,1,7.5113019943237305,4
d128h2L4,984192,3328,esc50_pcm8_11khz,2,7.42965030670166,4
d128h2L4,984192,3328,esc50_pcm8_11khz,3,7.393099427223206,4
d128h2L4,984192,3328,esc50_pcm8_11khz,4,7.37113094329834,4
d128h2L4,984192,3328,musicnet_pcm8,1,7.908216714859009,4
d128h2L4,984192,3328,musicnet_pcm8,2,7.865964571634929,4
d128h2L4,984192,3328,musicnet_pcm8,3,7.8517091274261475,4
d128h2L4,984192,3328,musicnet_pcm8,4,7.844212532043457,4
d128h2L4,984192,3328,musicnet_pcm8_11khz,1,7.742299795150757,4
d128h2L4,984192,3328,musicnet_pcm8_11khz,2,7.68999441464742,4
d128h2L4,984192,3328,musicnet_pcm8_11khz,3,7.670071482658386,4
d128h2L4,984192,3328,musicnet_pcm8_11khz,4,7.658999443054199,4
d128h2L4,984192,3584,dclm,1,7.919770240783691,4
d128h2L4,984192,3584,dclm,2,7.796823024749756,4
d128h2L4,984192,3584,dclm,3,7.75580096244812,4
d128h2L4,984192,3584,dclm,4,7.735289573669434,4
d128h2L4,984192,3584,dclm_ranked,1,7.012267470359802,4
d128h2L4,984192,3584,dclm_ranked,2,6.325279871622722,4
d128h2L4,984192,3584,dclm_ranked,3,6.070941209793091,4
d128h2L4,984192,3584,dclm_ranked,4,5.940483093261719,4
d128h2L4,984192,3584,dna,1,4.34276670217514,4
d128h2L4,984192,3584,dna,2,3.648640235265096,4
d128h2L4,984192,3584,dna,3,3.416214168071747,4
d128h2L4,984192,3584,dna,4,3.3026461601257324,4
d128h2L4,984192,3584,arithmetic,1,8.03126609325409,4
d128h2L4,984192,3584,arithmetic,2,7.993476152420044,4
d128h2L4,984192,3584,arithmetic,3,7.980361342430115,4
d128h2L4,984192,3584,arithmetic,4,7.973452568054199,4
d128h2L4,984192,3584,audio_8bit,1,4.792620778083801,4
d128h2L4,984192,3584,audio_8bit,2,4.342458963394165,4
d128h2L4,984192,3584,audio_8bit,3,4.179163575172424,4
d128h2L4,984192,3584,audio_8bit,4,4.093589782714844,4
d128h2L4,984192,3584,audio_16bit,1,6.349864482879639,4
d128h2L4,984192,3584,audio_16bit,2,6.136616865793864,4
d128h2L4,984192,3584,audio_16bit,3,6.0596020221710205,4
d128h2L4,984192,3584,audio_16bit,4,6.019730567932129,4
d128h2L4,984192,3584,speech_commands_pcm8,1,7.56460976600647,4
d128h2L4,984192,3584,speech_commands_pcm8,2,7.465459028879802,4
d128h2L4,984192,3584,speech_commands_pcm8,3,7.434680223464966,4
d128h2L4,984192,3584,speech_commands_pcm8,4,7.41848611831665,4
d128h2L4,984192,3584,speech_commands_pcm8_8khz,1,7.549668073654175,4
d128h2L4,984192,3584,speech_commands_pcm8_8khz,2,7.444054126739502,4
d128h2L4,984192,3584,speech_commands_pcm8_8khz,3,7.410673499107361,4
d128h2L4,984192,3584,speech_commands_pcm8_8khz,4,7.39306640625,4
d128h2L4,984192,3584,mutopia_melody_16th,1,7.326728701591492,4
d128h2L4,984192,3584,mutopia_melody_16th,2,7.165883541107178,4
d128h2L4,984192,3584,mutopia_melody_16th,3,7.118595480918884,4
d128h2L4,984192,3584,mutopia_melody_16th,4,7.092853546142578,4
d128h2L4,984192,3584,cifar10_rgb_planar,1,7.9481412172317505,4
d128h2L4,984192,3584,cifar10_rgb_planar,2,7.901240110397339,4
d128h2L4,984192,3584,cifar10_rgb_planar,3,7.884341597557068,4
d128h2L4,984192,3584,cifar10_rgb_planar,4,7.875372409820557,4
d128h2L4,984192,3584,cifar10_rgb_hwc,1,7.911113500595093,4
d128h2L4,984192,3584,cifar10_rgb_hwc,2,7.86556077003479,4
d128h2L4,984192,3584,cifar10_rgb_hwc,3,7.848995923995972,4
d128h2L4,984192,3584,cifar10_rgb_hwc,4,7.840152263641357,4
d128h2L4,984192,3584,kolmogorov_text,1,7.985333681106567,4
d128h2L4,984192,3584,kolmogorov_text,2,7.895708322525024,4
d128h2L4,984192,3584,kolmogorov_text,3,7.866292357444763,4
d128h2L4,984192,3584,kolmogorov_text,4,7.851638317108154,4
d128h2L4,984192,3584,kolmogorov_dna,1,4.2087414264678955,4
d128h2L4,984192,3584,kolmogorov_dna,2,3.5554952224095664,4
d128h2L4,984192,3584,kolmogorov_dna,3,3.3600162267684937,4
d128h2L4,984192,3584,kolmogorov_dna,4,3.272287368774414,4
d128h2L4,984192,3584,metamath,1,7.658616662025452,4
d128h2L4,984192,3584,metamath,2,7.434800624847412,4
d128h2L4,984192,3584,metamath,3,7.361828327178955,4
d128h2L4,984192,3584,metamath,4,7.326031684875488,4
d128h2L4,984192,3584,aitdcc_a_protein,1,8.027058124542236,4
d128h2L4,984192,3584,aitdcc_a_protein,2,7.9968351523081465,4
d128h2L4,984192,3584,aitdcc_a_protein,3,7.983786106109619,4
d128h2L4,984192,3584,aitdcc_a_protein,4,7.9760942459106445,4
d128h2L4,984192,3584,aitdcc_b_c_source,1,8.01262879371643,4
d128h2L4,984192,3584,aitdcc_b_c_source,2,7.936606407165527,4
d128h2L4,984192,3584,aitdcc_b_c_source,3,7.91108763217926,4
d128h2L4,984192,3584,aitdcc_b_c_source,4,7.898042678833008,4
d128h2L4,984192,3584,aitdcc_d_glibc_rand,1,8.073586702346802,4
d128h2L4,984192,3584,aitdcc_d_glibc_rand,2,8.041707992553711,4
d128h2L4,984192,3584,aitdcc_d_glibc_rand,3,8.030698537826538,4
d128h2L4,984192,3584,aitdcc_d_glibc_rand,4,8.025005340576172,4
d128h2L4,984192,3584,aitdcc_e_atlas_float32,1,8.072734832763672,4
d128h2L4,984192,3584,aitdcc_e_atlas_float32,2,8.041163921356201,4
d128h2L4,984192,3584,aitdcc_e_atlas_float32,3,8.02992582321167,4
d128h2L4,984192,3584,aitdcc_e_atlas_float32,4,8.024065017700195,4
d128h2L4,984192,3584,aitdcc_g_astronomy,1,4.999509215354919,4
d128h2L4,984192,3584,aitdcc_g_astronomy,2,4.718160231908162,4
d128h2L4,984192,3584,aitdcc_g_astronomy,3,4.642693996429443,4
d128h2L4,984192,3584,aitdcc_g_astronomy,4,4.6082587242126465,4
d128h2L4,984192,3584,llm_compression_python,1,7.5693522691726685,4
d128h2L4,984192,3584,llm_compression_python,2,7.3906177679697675,4
d128h2L4,984192,3584,llm_compression_python,3,7.330467700958252,4
d128h2L4,984192,3584,llm_compression_python,4,7.299224376678467,4
d128h2L4,984192,3584,llm_compression_cc,1,7.93139374256134,4
d128h2L4,984192,3584,llm_compression_cc,2,7.816803693771362,4
d128h2L4,984192,3584,llm_compression_cc,3,7.778582572937012,4
d128h2L4,984192,3584,llm_compression_cc,4,7.7595133781433105,4
d128h2L4,984192,3584,llm_compression_arxiv_math,1,7.928639650344849,4
d128h2L4,984192,3584,llm_compression_arxiv_math,2,7.83917768796285,4
d128h2L4,984192,3584,llm_compression_arxiv_math,3,7.808891296386719,4
d128h2L4,984192,3584,llm_compression_arxiv_math,4,7.793719291687012,4
d128h2L4,984192,3584,esc50_pcm8,1,7.5120497941970825,4
d128h2L4,984192,3584,esc50_pcm8,2,7.393684148788452,4
d128h2L4,984192,3584,esc50_pcm8,3,7.354544639587402,4
d128h2L4,984192,3584,esc50_pcm8,4,7.332862854003906,4
d128h2L4,984192,3584,esc50_pcm8_11khz,1,7.554751753807068,4
d128h2L4,984192,3584,esc50_pcm8_11khz,2,7.445631901423137,4
d128h2L4,984192,3584,esc50_pcm8_11khz,3,7.409869074821472,4
d128h2L4,984192,3584,esc50_pcm8_11khz,4,7.390186786651611,4
d128h2L4,984192,3584,musicnet_pcm8,1,7.969713091850281,4
d128h2L4,984192,3584,musicnet_pcm8,2,7.939195076624553,4
d128h2L4,984192,3584,musicnet_pcm8,3,7.928451776504517,4
d128h2L4,984192,3584,musicnet_pcm8,4,7.922877311706543,4
d128h2L4,984192,3584,musicnet_pcm8_11khz,1,7.847967147827148,4
d128h2L4,984192,3584,musicnet_pcm8_11khz,2,7.796866178512573,4
d128h2L4,984192,3584,musicnet_pcm8_11khz,3,7.780273199081421,4
d128h2L4,984192,3584,musicnet_pcm8_11khz,4,7.771601676940918,4
d128h2L4,984192,3840,dclm,1,7.935330271720886,4
d128h2L4,984192,3840,dclm,2,7.842889388402303,4
d128h2L4,984192,3840,dclm,3,7.8148276805877686,4
d128h2L4,984192,3840,dclm,4,7.800286293029785,4
d128h2L4,984192,3840,dclm_ranked,1,6.881540417671204,4
d128h2L4,984192,3840,dclm_ranked,2,6.28800908724467,4
d128h2L4,984192,3840,dclm_ranked,3,6.058242678642273,4
d128h2L4,984192,3840,dclm_ranked,4,5.932809829711914,4
d128h2L4,984192,3840,dna,1,4.164526104927063,4
d128h2L4,984192,3840,dna,2,3.510165055592855,4
d128h2L4,984192,3840,dna,3,3.276277244091034,4
d128h2L4,984192,3840,dna,4,3.1534690856933594,4
d128h2L4,984192,3840,arithmetic,1,8.030458927154541,4
d128h2L4,984192,3840,arithmetic,2,7.997556686401367,4
d128h2L4,984192,3840,arithmetic,3,7.985666990280151,4
d128h2L4,984192,3840,arithmetic,4,7.979456424713135,4
d128h2L4,984192,3840,audio_8bit,1,4.8345677852630615,4
d128h2L4,984192,3840,audio_8bit,2,4.39246932665507,4
d128h2L4,984192,3840,audio_8bit,3,4.234378099441528,4
d128h2L4,984192,3840,audio_8bit,4,4.150608539581299,4
d128h2L4,984192,3840,audio_16bit,1,6.414915323257446,4
d128h2L4,984192,3840,audio_16bit,2,6.225064198176066,4
d128h2L4,984192,3840,audio_16bit,3,6.156972408294678,4
d128h2L4,984192,3840,audio_16bit,4,6.120157241821289,4
d128h2L4,984192,3840,speech_commands_pcm8,1,7.5189125537872314,4
d128h2L4,984192,3840,speech_commands_pcm8,2,7.402313947677612,4
d128h2L4,984192,3840,speech_commands_pcm8,3,7.338892579078674,4
d128h2L4,984192,3840,speech_commands_pcm8,4,7.295262336730957,4
d128h2L4,984192,3840,speech_commands_pcm8_8khz,1,7.465906977653503,4
d128h2L4,984192,3840,speech_commands_pcm8_8khz,2,7.334113438924153,4
d128h2L4,984192,3840,speech_commands_pcm8_8khz,3,7.262764811515808,4
d128h2L4,984192,3840,speech_commands_pcm8_8khz,4,7.213806629180908,4
d128h2L4,984192,3840,mutopia_melody_16th,1,7.791634798049927,4
d128h2L4,984192,3840,mutopia_melody_16th,2,7.730645259221395,4
d128h2L4,984192,3840,mutopia_melody_16th,3,7.711257338523865,4
d128h2L4,984192,3840,mutopia_melody_16th,4,7.700637340545654,4
d128h2L4,984192,3840,cifar10_rgb_planar,1,7.93509316444397,4
d128h2L4,984192,3840,cifar10_rgb_planar,2,7.890966733296712,4
d128h2L4,984192,3840,cifar10_rgb_planar,3,7.874983549118042,4
d128h2L4,984192,3840,cifar10_rgb_planar,4,7.866465091705322,4
d128h2L4,984192,3840,cifar10_rgb_hwc,1,7.904390335083008,4
d128h2L4,984192,3840,cifar10_rgb_hwc,2,7.861193259557088,4
d128h2L4,984192,3840,cifar10_rgb_hwc,3,7.845502853393555,4
d128h2L4,984192,3840,cifar10_rgb_hwc,4,7.837152481079102,4
d128h2L4,984192,3840,kolmogorov_text,1,7.970713138580322,4
d128h2L4,984192,3840,kolmogorov_text,2,7.901882807413737,4
d128h2L4,984192,3840,kolmogorov_text,3,7.880702257156372,4
d128h2L4,984192,3840,kolmogorov_text,4,7.86975622177124,4
d128h2L4,984192,3840,kolmogorov_dna,1,4.064805269241333,4
d128h2L4,984192,3840,kolmogorov_dna,2,3.4623378912607827,4
d128h2L4,984192,3840,kolmogorov_dna,3,3.248426616191864,4
d128h2L4,984192,3840,kolmogorov_dna,4,3.141235589981079,4
d128h2L4,984192,3840,metamath,1,7.752033352851868,4
d128h2L4,984192,3840,metamath,2,7.548356374104817,4
d128h2L4,984192,3840,metamath,3,7.48503041267395,4
d128h2L4,984192,3840,metamath,4,7.451748847961426,4
d128h2L4,984192,3840,aitdcc_a_protein,1,7.941136002540588,4
d128h2L4,984192,3840,aitdcc_a_protein,2,7.914737224578857,4
d128h2L4,984192,3840,aitdcc_a_protein,3,7.903006434440613,4
d128h2L4,984192,3840,aitdcc_a_protein,4,7.896117210388184,4
d128h2L4,984192,3840,aitdcc_b_c_source,1,8.022496938705444,4
d128h2L4,984192,3840,aitdcc_b_c_source,2,7.96259347597758,4
d128h2L4,984192,3840,aitdcc_b_c_source,3,7.943367004394531,4
d128h2L4,984192,3840,aitdcc_b_c_source,4,7.9333953857421875,4
d128h2L4,984192,3840,aitdcc_d_glibc_rand,1,8.067054033279419,4
d128h2L4,984192,3840,aitdcc_d_glibc_rand,2,8.039155801137289,4
d128h2L4,984192,3840,aitdcc_d_glibc_rand,3,8.029198408126831,4
d128h2L4,984192,3840,aitdcc_d_glibc_rand,4,8.023978233337402,4
d128h2L4,984192,3840,aitdcc_e_atlas_float32,1,8.050359606742859,4
d128h2L4,984192,3840,aitdcc_e_atlas_float32,2,8.0239950021108,4
d128h2L4,984192,3840,aitdcc_e_atlas_float32,3,8.014221668243408,4
d128h2L4,984192,3840,aitdcc_e_atlas_float32,4,8.009001731872559,4
d128h2L4,984192,3840,aitdcc_g_astronomy,1,4.930530667304993,4
d128h2L4,984192,3840,aitdcc_g_astronomy,2,4.406415541966756,4
d128h2L4,984192,3840,aitdcc_g_astronomy,3,4.352723121643066,4
d128h2L4,984192,3840,aitdcc_g_astronomy,4,4.325265407562256,4
d128h2L4,984192,3840,llm_compression_python,1,7.665763020515442,4
d128h2L4,984192,3840,llm_compression_python,2,7.437849044799805,4
d128h2L4,984192,3840,llm_compression_python,3,7.376054048538208,4
d128h2L4,984192,3840,llm_compression_python,4,7.346124172210693,4
d128h2L4,984192,3840,llm_compression_cc,1,7.9430015087127686,4
d128h2L4,984192,3840,llm_compression_cc,2,7.857617060343425,4
d128h2L4,984192,3840,llm_compression_cc,3,7.831750988960266,4
d128h2L4,984192,3840,llm_compression_cc,4,7.818346977233887,4
d128h2L4,984192,3840,llm_compression_arxiv_math,1,7.921874046325684,4
d128h2L4,984192,3840,llm_compression_arxiv_math,2,7.847702423731486,4
d128h2L4,984192,3840,llm_compression_arxiv_math,3,7.825206875801086,4
d128h2L4,984192,3840,llm_compression_arxiv_math,4,7.813641548156738,4
d128h2L4,984192,3840,esc50_pcm8,1,7.611167311668396,4
d128h2L4,984192,3840,esc50_pcm8,2,7.506686766942342,4
d128h2L4,984192,3840,esc50_pcm8,3,7.449589133262634,4
d128h2L4,984192,3840,esc50_pcm8,4,7.410190105438232,4
d128h2L4,984192,3840,esc50_pcm8_11khz,1,7.642074704170227,4
d128h2L4,984192,3840,esc50_pcm8_11khz,2,7.551037470499675,4
d128h2L4,984192,3840,esc50_pcm8_11khz,3,7.502840042114258,4
d128h2L4,984192,3840,esc50_pcm8_11khz,4,7.470327377319336,4
d128h2L4,984192,3840,musicnet_pcm8,1,7.946708083152771,4
d128h2L4,984192,3840,musicnet_pcm8,2,7.904339234034221,4
d128h2L4,984192,3840,musicnet_pcm8,3,7.883826851844788,4
d128h2L4,984192,3840,musicnet_pcm8,4,7.870708465576172,4
d128h2L4,984192,3840,musicnet_pcm8_11khz,1,7.812094569206238,4
d128h2L4,984192,3840,musicnet_pcm8_11khz,2,7.7457381884257,4
d128h2L4,984192,3840,musicnet_pcm8_11khz,3,7.710935592651367,4
d128h2L4,984192,3840,musicnet_pcm8_11khz,4,7.687620162963867,4
d128h2L4,984192,4096,dclm,1,7.830682992935181,4
d128h2L4,984192,4096,dclm,2,7.74192476272583,4
d128h2L4,984192,4096,dclm,3,7.710739970207214,4
d128h2L4,984192,4096,dclm,4,7.694409370422363,4
d128h2L4,984192,4096,dclm_ranked,1,6.935196280479431,4
d128h2L4,984192,4096,dclm_ranked,2,6.311366001764934,4
d128h2L4,984192,4096,dclm_ranked,3,6.073408246040344,4
d128h2L4,984192,4096,dclm_ranked,4,5.944798469543457,4
d128h2L4,984192,4096,dna,1,4.240192234516144,4
d128h2L4,984192,4096,dna,2,3.6087719202041626,4
d128h2L4,984192,4096,dna,3,3.3886964321136475,4
d128h2L4,984192,4096,dna,4,3.277940034866333,4
d128h2L4,984192,4096,arithmetic,1,8.003151893615723,4
d128h2L4,984192,4096,arithmetic,2,7.974766492843628,4
d128h2L4,984192,4096,arithmetic,3,7.964016556739807,4
d128h2L4,984192,4096,arithmetic,4,7.9581298828125,4
d128h2L4,984192,4096,audio_8bit,1,4.664464473724365,4
d128h2L4,984192,4096,audio_8bit,2,4.220520973205566,4
d128h2L4,984192,4096,audio_8bit,3,4.059172868728638,4
d128h2L4,984192,4096,audio_8bit,4,3.9741008281707764,4
d128h2L4,984192,4096,audio_16bit,1,6.418450117111206,4
d128h2L4,984192,4096,audio_16bit,2,6.192110697428386,4
d128h2L4,984192,4096,audio_16bit,3,6.109457492828369,4
d128h2L4,984192,4096,audio_16bit,4,6.06604528427124,4
d128h2L4,984192,4096,speech_commands_pcm8,1,7.375261425971985,4
d128h2L4,984192,4096,speech_commands_pcm8,2,7.306569417317708,4
d128h2L4,984192,4096,speech_commands_pcm8,3,7.275637745857239,4
d128h2L4,984192,4096,speech_commands_pcm8,4,7.2570271492004395,4
d128h2L4,984192,4096,speech_commands_pcm8_8khz,1,7.3654197454452515,4
d128h2L4,984192,4096,speech_commands_pcm8_8khz,2,7.288808663686116,4
d128h2L4,984192,4096,speech_commands_pcm8_8khz,3,7.254782557487488,4
d128h2L4,984192,4096,speech_commands_pcm8_8khz,4,7.2343902587890625,4
d128h2L4,984192,4096,mutopia_melody_16th,1,7.269499778747559,4
d128h2L4,984192,4096,mutopia_melody_16th,2,7.220395406087239,4
d128h2L4,984192,4096,mutopia_melody_16th,3,7.202652335166931,4
d128h2L4,984192,4096,mutopia_melody_16th,4,7.1928510665893555,4
d128h2L4,984192,4096,cifar10_rgb_planar,1,7.900655031204224,4
d128h2L4,984192,4096,cifar10_rgb_planar,2,7.858494997024536,4
d128h2L4,984192,4096,cifar10_rgb_planar,3,7.842786431312561,4
d128h2L4,984192,4096,cifar10_rgb_planar,4,7.8342814445495605,4
d128h2L4,984192,4096,cifar10_rgb_hwc,1,7.865182876586914,4
d128h2L4,984192,4096,cifar10_rgb_hwc,2,7.824470440546672,4
d128h2L4,984192,4096,cifar10_rgb_hwc,3,7.809221029281616,4
d128h2L4,984192,4096,cifar10_rgb_hwc,4,7.800912857055664,4
d128h2L4,984192,4096,kolmogorov_text,1,7.902742147445679,4
d128h2L4,984192,4096,kolmogorov_text,2,7.835321982701619,4
d128h2L4,984192,4096,kolmogorov_text,3,7.8117088079452515,4
d128h2L4,984192,4096,kolmogorov_text,4,7.799403667449951,4
d128h2L4,984192,4096,kolmogorov_dna,1,4.4952064752578735,4
d128h2L4,984192,4096,kolmogorov_dna,2,3.8182084560394287,4
d128h2L4,984192,4096,kolmogorov_dna,3,3.5857582092285156,4
d128h2L4,984192,4096,kolmogorov_dna,4,3.4694676399230957,4
d128h2L4,984192,4096,metamath,1,7.612725019454956,4
d128h2L4,984192,4096,metamath,2,7.438048601150513,4
d128h2L4,984192,4096,metamath,3,7.379994750022888,4
d128h2L4,984192,4096,metamath,4,7.350801467895508,4
d128h2L4,984192,4096,aitdcc_a_protein,1,7.934923887252808,4
d128h2L4,984192,4096,aitdcc_a_protein,2,7.893683671951294,4
d128h2L4,984192,4096,aitdcc_a_protein,3,7.87532377243042,4
d128h2L4,984192,4096,aitdcc_a_protein,4,7.864694595336914,4
d128h2L4,984192,4096,aitdcc_b_c_source,1,7.970765471458435,4
d128h2L4,984192,4096,aitdcc_b_c_source,2,7.9168204466501875,4
d128h2L4,984192,4096,aitdcc_b_c_source,3,7.8973236083984375,4
d128h2L4,984192,4096,aitdcc_b_c_source,4,7.8868794441223145,4
d128h2L4,984192,4096,aitdcc_d_glibc_rand,1,8.056814193725586,4
d128h2L4,984192,4096,aitdcc_d_glibc_rand,2,8.034184455871582,4
d128h2L4,984192,4096,aitdcc_d_glibc_rand,3,8.02632212638855,4
d128h2L4,984192,4096,aitdcc_d_glibc_rand,4,8.022279739379883,4
d128h2L4,984192,4096,aitdcc_e_atlas_float32,1,8.061504364013672,4
d128h2L4,984192,4096,aitdcc_e_atlas_float32,2,8.036790370941162,4
d128h2L4,984192,4096,aitdcc_e_atlas_float32,3,8.028137683868408,4
d128h2L4,984192,4096,aitdcc_e_atlas_float32,4,8.023699760437012,4
d128h2L4,984192,4096,aitdcc_g_astronomy,1,4.680828094482422,4
d128h2L4,984192,4096,aitdcc_g_astronomy,2,4.4942225615183515,4
d128h2L4,984192,4096,aitdcc_g_astronomy,3,4.459063649177551,4
d128h2L4,984192,4096,aitdcc_g_astronomy,4,4.443110466003418,4
d128h2L4,984192,4096,llm_compression_python,1,7.511516332626343,4
d128h2L4,984192,4096,llm_compression_python,2,7.354880174001058,4
d128h2L4,984192,4096,llm_compression_python,3,7.299054741859436,4
d128h2L4,984192,4096,llm_compression_python,4,7.269829273223877,4
d128h2L4,984192,4096,llm_compression_cc,1,7.840598225593567,4
d128h2L4,984192,4096,llm_compression_cc,2,7.75696603457133,4
d128h2L4,984192,4096,llm_compression_cc,3,7.727407693862915,4
d128h2L4,984192,4096,llm_compression_cc,4,7.712005615234375,4
d128h2L4,984192,4096,llm_compression_arxiv_math,1,7.857828736305237,4
d128h2L4,984192,4096,llm_compression_arxiv_math,2,7.791098356246948,4
d128h2L4,984192,4096,llm_compression_arxiv_math,3,7.767531633377075,4
d128h2L4,984192,4096,llm_compression_arxiv_math,4,7.755450248718262,4
d128h2L4,984192,4096,esc50_pcm8,1,7.365215301513672,4
d128h2L4,984192,4096,esc50_pcm8,2,7.304698308308919,4
d128h2L4,984192,4096,esc50_pcm8,3,7.277622580528259,4
d128h2L4,984192,4096,esc50_pcm8,4,7.261318683624268,4
d128h2L4,984192,4096,esc50_pcm8_11khz,1,7.412280797958374,4
d128h2L4,984192,4096,esc50_pcm8_11khz,2,7.358347813288371,4
d128h2L4,984192,4096,esc50_pcm8_11khz,3,7.334245562553406,4
d128h2L4,984192,4096,esc50_pcm8_11khz,4,7.3198347091674805,4
d128h2L4,984192,4096,musicnet_pcm8,1,7.85225510597229,4
d128h2L4,984192,4096,musicnet_pcm8,2,7.821944236755371,4
d128h2L4,984192,4096,musicnet_pcm8,3,7.808532476425171,4
d128h2L4,984192,4096,musicnet_pcm8,4,7.800739288330078,4
d128h2L4,984192,4096,musicnet_pcm8_11khz,1,7.697275519371033,4
d128h2L4,984192,4096,musicnet_pcm8_11khz,2,7.6551032066345215,4
d128h2L4,984192,4096,musicnet_pcm8_11khz,3,7.636037588119507,4
d128h2L4,984192,4096,musicnet_pcm8_11khz,4,7.624688625335693,4
d128h2L4,984192,4352,dclm,1,7.94446074962616,4
d128h2L4,984192,4352,dclm,2,7.881242036819458,4
d128h2L4,984192,4352,dclm,3,7.85804545879364,4
d128h2L4,984192,4352,dclm,4,7.846100807189941,4
d128h2L4,984192,4352,dclm_ranked,1,6.769914269447327,4
d128h2L4,984192,4352,dclm_ranked,2,6.191547552744548,4
d128h2L4,984192,4352,dclm_ranked,3,5.980063796043396,4
d128h2L4,984192,4352,dclm_ranked,4,5.871159076690674,4
d128h2L4,984192,4352,dna,1,3.89138662815094,4
d128h2L4,984192,4352,dna,2,3.378957668940226,4
d128h2L4,984192,4352,dna,3,3.2016831636428833,4
d128h2L4,984192,4352,dna,4,3.1117970943450928,4
d128h2L4,984192,4352,arithmetic,1,8.022497534751892,4
d128h2L4,984192,4352,arithmetic,2,7.984134912490845,4
d128h2L4,984192,4352,arithmetic,3,7.969288349151611,4
d128h2L4,984192,4352,arithmetic,4,7.961021900177002,4
d128h2L4,984192,4352,audio_8bit,1,4.68866753578186,4
d128h2L4,984192,4352,audio_8bit,2,4.226286093393962,4
d128h2L4,984192,4352,audio_8bit,3,4.063639879226685,4
d128h2L4,984192,4352,audio_8bit,4,3.978363275527954,4
d128h2L4,984192,4352,audio_16bit,1,6.3474109172821045,4
d128h2L4,984192,4352,audio_16bit,2,6.129930178324382,4
d128h2L4,984192,4352,audio_16bit,3,6.0533130168914795,4
d128h2L4,984192,4352,audio_16bit,4,6.013607501983643,4
d128h2L4,984192,4352,speech_commands_pcm8,1,7.247029542922974,4
d128h2L4,984192,4352,speech_commands_pcm8,2,6.958034833272298,4
d128h2L4,984192,4352,speech_commands_pcm8,3,6.7700382471084595,4
d128h2L4,984192,4352,speech_commands_pcm8,4,6.62768030166626,4
d128h2L4,984192,4352,speech_commands_pcm8_8khz,1,7.1862266063690186,4
d128h2L4,984192,4352,speech_commands_pcm8_8khz,2,6.837502161661784,4
d128h2L4,984192,4352,speech_commands_pcm8_8khz,3,6.605307698249817,4
d128h2L4,984192,4352,speech_commands_pcm8_8khz,4,6.426858901977539,4
d128h2L4,984192,4352,mutopia_melody_16th,1,7.346510529518127,4
d128h2L4,984192,4352,mutopia_melody_16th,2,7.230074961980184,4
d128h2L4,984192,4352,mutopia_melody_16th,3,7.177592754364014,4
d128h2L4,984192,4352,mutopia_melody_16th,4,7.145461082458496,4
d128h2L4,984192,4352,cifar10_rgb_planar,1,7.9415178298950195,4
d128h2L4,984192,4352,cifar10_rgb_planar,2,7.893329938252767,4
d128h2L4,984192,4352,cifar10_rgb_planar,3,7.875667691230774,4
d128h2L4,984192,4352,cifar10_rgb_planar,4,7.866331100463867,4
d128h2L4,984192,4352,cifar10_rgb_hwc,1,7.906634092330933,4
d128h2L4,984192,4352,cifar10_rgb_hwc,2,7.859449942906697,4
d128h2L4,984192,4352,cifar10_rgb_hwc,3,7.842144966125488,4
d128h2L4,984192,4352,cifar10_rgb_hwc,4,7.832967758178711,4
d128h2L4,984192,4352,kolmogorov_text,1,7.99741005897522,4
d128h2L4,984192,4352,kolmogorov_text,2,7.948227167129517,4
d128h2L4,984192,4352,kolmogorov_text,3,7.930565357208252,4
d128h2L4,984192,4352,kolmogorov_text,4,7.9214887619018555,4
d128h2L4,984192,4352,kolmogorov_dna,1,4.12629759311676,4
d128h2L4,984192,4352,kolmogorov_dna,2,3.5814096132914224,4
d128h2L4,984192,4352,kolmogorov_dna,3,3.383760094642639,4
d128h2L4,984192,4352,kolmogorov_dna,4,3.2792916297912598,4
d128h2L4,984192,4352,metamath,1,7.7291635274887085,4
d128h2L4,984192,4352,metamath,2,7.578694264094035,4
d128h2L4,984192,4352,metamath,3,7.528297662734985,4
d128h2L4,984192,4352,metamath,4,7.503735065460205,4
d128h2L4,984192,4352,aitdcc_a_protein,1,7.946849942207336,4
d128h2L4,984192,4352,aitdcc_a_protein,2,7.9000944296518965,4
d128h2L4,984192,4352,aitdcc_a_protein,3,7.8803499937057495,4
d128h2L4,984192,4352,aitdcc_a_protein,4,7.8693928718566895,4
d128h2L4,984192,4352,aitdcc_b_c_source,1,8.006842374801636,4
d128h2L4,984192,4352,aitdcc_b_c_source,2,7.960733811060588,4
d128h2L4,984192,4352,aitdcc_b_c_source,3,7.944324374198914,4
d128h2L4,984192,4352,aitdcc_b_c_source,4,7.935945510864258,4
d128h2L4,984192,4352,aitdcc_d_glibc_rand,1,8.076073408126831,4
d128h2L4,984192,4352,aitdcc_d_glibc_rand,2,8.044808546702066,4
d128h2L4,984192,4352,aitdcc_d_glibc_rand,3,8.033605337142944,4
d128h2L4,984192,4352,aitdcc_d_glibc_rand,4,8.027729034423828,4
d128h2L4,984192,4352,aitdcc_e_atlas_float32,1,8.029818534851074,4
d128h2L4,984192,4352,aitdcc_e_atlas_float32,2,8.004271904627482,4
d128h2L4,984192,4352,aitdcc_e_atlas_float32,3,7.9950110912323,4
d128h2L4,984192,4352,aitdcc_e_atlas_float32,4,7.990139007568359,4
d128h2L4,984192,4352,aitdcc_g_astronomy,1,4.5641186237335205,4
d128h2L4,984192,4352,aitdcc_g_astronomy,2,4.3504048983256025,4
d128h2L4,984192,4352,aitdcc_g_astronomy,3,4.306151986122131,4
d128h2L4,984192,4352,aitdcc_g_astronomy,4,4.28502082824707,4
d128h2L4,984192,4352,llm_compression_python,1,7.661529302597046,4
d128h2L4,984192,4352,llm_compression_python,2,7.531574964523315,4
d128h2L4,984192,4352,llm_compression_python,3,7.487609148025513,4
d128h2L4,984192,4352,llm_compression_python,4,7.465992450714111,4
d128h2L4,984192,4352,llm_compression_cc,1,7.957058668136597,4
d128h2L4,984192,4352,llm_compression_cc,2,7.897128025690715,4
d128h2L4,984192,4352,llm_compression_cc,3,7.874990820884705,4
d128h2L4,984192,4352,llm_compression_cc,4,7.863542556762695,4
d128h2L4,984192,4352,llm_compression_arxiv_math,1,7.975505352020264,4
d128h2L4,984192,4352,llm_compression_arxiv_math,2,7.922854502995809,4
d128h2L4,984192,4352,llm_compression_arxiv_math,3,7.904434561729431,4
d128h2L4,984192,4352,llm_compression_arxiv_math,4,7.895240783691406,4
d128h2L4,984192,4352,esc50_pcm8,1,7.255583167076111,4
d128h2L4,984192,4352,esc50_pcm8,2,7.035934766133626,4
d128h2L4,984192,4352,esc50_pcm8,3,6.902329921722412,4
d128h2L4,984192,4352,esc50_pcm8,4,6.80458927154541,4
d128h2L4,984192,4352,esc50_pcm8_11khz,1,7.323177218437195,4
d128h2L4,984192,4352,esc50_pcm8_11khz,2,7.11489733060201,4
d128h2L4,984192,4352,esc50_pcm8_11khz,3,6.987929463386536,4
d128h2L4,984192,4352,esc50_pcm8_11khz,4,6.895036697387695,4
d128h2L4,984192,4352,musicnet_pcm8,1,7.903024673461914,4
d128h2L4,984192,4352,musicnet_pcm8,2,7.851841370264689,4
d128h2L4,984192,4352,musicnet_pcm8,3,7.829921364784241,4
d128h2L4,984192,4352,musicnet_pcm8,4,7.8173627853393555,4
d128h2L4,984192,4352,musicnet_pcm8_11khz,1,7.6937068700790405,4
d128h2L4,984192,4352,musicnet_pcm8_11khz,2,7.562748034795125,4
d128h2L4,984192,4352,musicnet_pcm8_11khz,3,7.483781218528748,4
d128h2L4,984192,4352,musicnet_pcm8_11khz,4,7.426061630249023,4
d128h2L4,984192,4608,dclm,1,7.864049434661865,4
d128h2L4,984192,4608,dclm,2,7.801449457804362,4
d128h2L4,984192,4608,dclm,3,7.780134797096252,4
d128h2L4,984192,4608,dclm,4,7.768955230712891,4
d128h2L4,984192,4608,dclm_ranked,1,7.027390122413635,4
d128h2L4,984192,4608,dclm_ranked,2,6.356815338134766,4
d128h2L4,984192,4608,dclm_ranked,3,6.1024768352508545,4
d128h2L4,984192,4608,dclm_ranked,4,5.964733123779297,4
d128h2L4,984192,4608,dna,1,4.313987553119659,4
d128h2L4,984192,4608,dna,2,3.676071564356486,4
d128h2L4,984192,4608,dna,3,3.4678046703338623,4
d128h2L4,984192,4608,dna,4,3.363666534423828,4
d128h2L4,984192,4608,arithmetic,1,8.01905632019043,4
d128h2L4,984192,4608,arithmetic,2,7.983256657918294,4
d128h2L4,984192,4608,arithmetic,3,7.97120475769043,4
d128h2L4,984192,4608,arithmetic,4,7.965038776397705,4
d128h2L4,984192,4608,audio_8bit,1,5.116509318351746,4
d128h2L4,984192,4608,audio_8bit,2,4.5037821133931475,4
d128h2L4,984192,4608,audio_8bit,3,4.305346369743347,4
d128h2L4,984192,4608,audio_8bit,4,4.20325231552124,4
d128h2L4,984192,4608,audio_16bit,1,6.577919840812683,4
d128h2L4,984192,4608,audio_16bit,2,6.282429536183675,4
d128h2L4,984192,4608,audio_16bit,3,6.1902865171432495,4
d128h2L4,984192,4608,audio_16bit,4,6.145450592041016,4
d128h2L4,984192,4608,speech_commands_pcm8,1,7.2922797203063965,4
d128h2L4,984192,4608,speech_commands_pcm8,2,7.163099050521851,4
d128h2L4,984192,4608,speech_commands_pcm8,3,7.1137455701828,4
d128h2L4,984192,4608,speech_commands_pcm8,4,7.088377952575684,4
d128h2L4,984192,4608,speech_commands_pcm8_8khz,1,7.241564750671387,4
d128h2L4,984192,4608,speech_commands_pcm8_8khz,2,7.081447760264079,4
d128h2L4,984192,4608,speech_commands_pcm8_8khz,3,7.0205395221710205,4
d128h2L4,984192,4608,speech_commands_pcm8_8khz,4,6.98938512802124,4
d128h2L4,984192,4608,mutopia_melody_16th,1,7.277201175689697,4
d128h2L4,984192,4608,mutopia_melody_16th,2,7.186556498209636,4
d128h2L4,984192,4608,mutopia_melody_16th,3,7.1497557163238525,4
d128h2L4,984192,4608,mutopia_melody_16th,4,7.129471778869629,4
d128h2L4,984192,4608,cifar10_rgb_planar,1,7.935891270637512,4
d128h2L4,984192,4608,cifar10_rgb_planar,2,7.88579519589742,4
d128h2L4,984192,4608,cifar10_rgb_planar,3,7.869302034378052,4
d128h2L4,984192,4608,cifar10_rgb_planar,4,7.860707759857178,4
d128h2L4,984192,4608,cifar10_rgb_hwc,1,7.902938365936279,4
d128h2L4,984192,4608,cifar10_rgb_hwc,2,7.852909406026204,4
d128h2L4,984192,4608,cifar10_rgb_hwc,3,7.836641311645508,4
d128h2L4,984192,4608,cifar10_rgb_hwc,4,7.828117847442627,4
d128h2L4,984192,4608,kolmogorov_text,1,7.926437735557556,4
d128h2L4,984192,4608,kolmogorov_text,2,7.879808982213338,4
d128h2L4,984192,4608,kolmogorov_text,3,7.863833665847778,4
d128h2L4,984192,4608,kolmogorov_text,4,7.855505466461182,4
d128h2L4,984192,4608,kolmogorov_dna,1,4.420978903770447,4
d128h2L4,984192,4608,kolmogorov_dna,2,3.8854187726974487,4
d128h2L4,984192,4608,kolmogorov_dna,3,3.7087868452072144,4
d128h2L4,984192,4608,kolmogorov_dna,4,3.6222047805786133,4
d128h2L4,984192,4608,metamath,1,7.668866515159607,4
d128h2L4,984192,4608,metamath,2,7.527773539225261,4
d128h2L4,984192,4608,metamath,3,7.482172608375549,4
d128h2L4,984192,4608,metamath,4,7.458688735961914,4
d128h2L4,984192,4608,aitdcc_a_protein,1,7.914982914924622,4
d128h2L4,984192,4608,aitdcc_a_protein,2,7.885939757029216,4
d128h2L4,984192,4608,aitdcc_a_protein,3,7.874526262283325,4
d128h2L4,984192,4608,aitdcc_a_protein,4,7.868330001831055,4
d128h2L4,984192,4608,aitdcc_b_c_source,1,7.963202118873596,4
d128h2L4,984192,4608,aitdcc_b_c_source,2,7.922639052073161,4
d128h2L4,984192,4608,aitdcc_b_c_source,3,7.908205270767212,4
d128h2L4,984192,4608,aitdcc_b_c_source,4,7.900576114654541,4
d128h2L4,984192,4608,aitdcc_d_glibc_rand,1,8.065950632095337,4
d128h2L4,984192,4608,aitdcc_d_glibc_rand,2,8.034576892852783,4
d128h2L4,984192,4608,aitdcc_d_glibc_rand,3,8.024404287338257,4
d128h2L4,984192,4608,aitdcc_d_glibc_rand,4,8.019266128540039,4
d128h2L4,984192,4608,aitdcc_e_atlas_float32,1,8.072688341140747,4
d128h2L4,984192,4608,aitdcc_e_atlas_float32,2,8.045876820882162,4
d128h2L4,984192,4608,aitdcc_e_atlas_float32,3,8.036939859390259,4
d128h2L4,984192,4608,aitdcc_e_atlas_float32,4,8.0324068069458,4
d128h2L4,984192,4608,aitdcc_g_astronomy,1,4.733030557632446,4
d128h2L4,984192,4608,aitdcc_g_astronomy,2,4.576296806335449,4
d128h2L4,984192,4608,aitdcc_g_astronomy,3,4.532064914703369,4
d128h2L4,984192,4608,aitdcc_g_astronomy,4,4.513286113739014,4
d128h2L4,984192,4608,llm_compression_python,1,7.571706056594849,4
d128h2L4,984192,4608,llm_compression_python,2,7.452930847803752,4
d128h2L4,984192,4608,llm_compression_python,3,7.414130330085754,4
d128h2L4,984192,4608,llm_compression_python,4,7.394977569580078,4
d128h2L4,984192,4608,llm_compression_cc,1,7.873800277709961,4
d128h2L4,984192,4608,llm_compression_cc,2,7.814508438110352,4
d128h2L4,984192,4608,llm_compression_cc,3,7.794359922409058,4
d128h2L4,984192,4608,llm_compression_cc,4,7.78384256362915,4
d128h2L4,984192,4608,llm_compression_arxiv_math,1,7.886062741279602,4
d128h2L4,984192,4608,llm_compression_arxiv_math,2,7.836753288904826,4
d128h2L4,984192,4608,llm_compression_arxiv_math,3,7.819983720779419,4
d128h2L4,984192,4608,llm_compression_arxiv_math,4,7.8113274574279785,4
d128h2L4,984192,4608,esc50_pcm8,1,7.361523151397705,4
d128h2L4,984192,4608,esc50_pcm8,2,7.25783904393514,4
d128h2L4,984192,4608,esc50_pcm8,3,7.2174354791641235,4
d128h2L4,984192,4608,esc50_pcm8,4,7.196644306182861,4
d128h2L4,984192,4608,esc50_pcm8_11khz,1,7.398145914077759,4
d128h2L4,984192,4608,esc50_pcm8_11khz,2,7.299725691477458,4
d128h2L4,984192,4608,esc50_pcm8_11khz,3,7.2617151737213135,4
d128h2L4,984192,4608,esc50_pcm8_11khz,4,7.242507457733154,4
d128h2L4,984192,4608,musicnet_pcm8,1,7.912890315055847,4
d128h2L4,984192,4608,musicnet_pcm8,2,7.883972803751628,4
d128h2L4,984192,4608,musicnet_pcm8,3,7.873152136802673,4
d128h2L4,984192,4608,musicnet_pcm8,4,7.867485523223877,4
d128h2L4,984192,4608,musicnet_pcm8_11khz,1,7.7162147760391235,4
d128h2L4,984192,4608,musicnet_pcm8_11khz,2,7.657910505930583,4
d128h2L4,984192,4608,musicnet_pcm8_11khz,3,7.635703802108765,4
d128h2L4,984192,4608,musicnet_pcm8_11khz,4,7.624354839324951,4
d128h2L4,984192,4864,dclm,1,7.873008728027344,4
d128h2L4,984192,4864,dclm,2,7.812636931737264,4
d128h2L4,984192,4864,dclm,3,7.791974186897278,4
d128h2L4,984192,4864,dclm,4,7.781014442443848,4
d128h2L4,984192,4864,dclm_ranked,1,6.778777599334717,4
d128h2L4,984192,4864,dclm_ranked,2,6.247509717941284,4
d128h2L4,984192,4864,dclm_ranked,3,6.054713487625122,4
d128h2L4,984192,4864,dclm_ranked,4,5.953558444976807,4
d128h2L4,984192,4864,dna,1,4.208136081695557,4
d128h2L4,984192,4864,dna,2,3.6074094772338867,4
d128h2L4,984192,4864,dna,3,3.3865752816200256,4
d128h2L4,984192,4864,dna,4,3.272914409637451,4
d128h2L4,984192,4864,arithmetic,1,8.006158232688904,4
d128h2L4,984192,4864,arithmetic,2,7.982597986857097,4
d128h2L4,984192,4864,arithmetic,3,7.97417676448822,4
d128h2L4,984192,4864,arithmetic,4,7.9698004722595215,4
d128h2L4,984192,4864,audio_8bit,1,4.878692030906677,4
d128h2L4,984192,4864,audio_8bit,2,4.4062628746032715,4
d128h2L4,984192,4864,audio_8bit,3,4.234070301055908,4
d128h2L4,984192,4864,audio_8bit,4,4.143131732940674,4
d128h2L4,984192,4864,audio_16bit,1,6.430764675140381,4
d128h2L4,984192,4864,audio_16bit,2,6.249353011449178,4
d128h2L4,984192,4864,audio_16bit,3,6.186994314193726,4
d128h2L4,984192,4864,audio_16bit,4,6.155014991760254,4
d128h2L4,984192,4864,speech_commands_pcm8,1,7.458543539047241,4
d128h2L4,984192,4864,speech_commands_pcm8,2,7.36599858601888,4
d128h2L4,984192,4864,speech_commands_pcm8,3,7.331586003303528,4
d128h2L4,984192,4864,speech_commands_pcm8,4,7.314267158508301,4
d128h2L4,984192,4864,speech_commands_pcm8_8khz,1,7.439687728881836,4
d128h2L4,984192,4864,speech_commands_pcm8_8khz,2,7.332664330800374,4
d128h2L4,984192,4864,speech_commands_pcm8_8khz,3,7.292465686798096,4
d128h2L4,984192,4864,speech_commands_pcm8_8khz,4,7.271879196166992,4
d128h2L4,984192,4864,mutopia_melody_16th,1,7.288119077682495,4
d128h2L4,984192,4864,mutopia_melody_16th,2,7.172843376795451,4
d128h2L4,984192,4864,mutopia_melody_16th,3,7.130722403526306,4
d128h2L4,984192,4864,mutopia_melody_16th,4,7.1087822914123535,4
d128h2L4,984192,4864,cifar10_rgb_planar,1,7.92555558681488,4
d128h2L4,984192,4864,cifar10_rgb_planar,2,7.88801383972168,4
d128h2L4,984192,4864,cifar10_rgb_planar,3,7.873931288719177,4
d128h2L4,984192,4864,cifar10_rgb_planar,4,7.866374969482422,4
d128h2L4,984192,4864,cifar10_rgb_hwc,1,7.893630504608154,4
d128h2L4,984192,4864,cifar10_rgb_hwc,2,7.857893069585164,4
d128h2L4,984192,4864,cifar10_rgb_hwc,3,7.844573259353638,4
d128h2L4,984192,4864,cifar10_rgb_hwc,4,7.83738899230957,4
d128h2L4,984192,4864,kolmogorov_text,1,7.916194677352905,4
d128h2L4,984192,4864,kolmogorov_text,2,7.8710752328236895,4
d128h2L4,984192,4864,kolmogorov_text,3,7.855642795562744,4
d128h2L4,984192,4864,kolmogorov_text,4,7.847538948059082,4
d128h2L4,984192,4864,kolmogorov_dna,1,3.996129631996155,4
d128h2L4,984192,4864,kolmogorov_dna,2,3.416491150856018,4
d128h2L4,984192,4864,kolmogorov_dna,3,3.2227577567100525,4
d128h2L4,984192,4864,kolmogorov_dna,4,3.1326801776885986,4
d128h2L4,984192,4864,metamath,1,7.760758399963379,4
d128h2L4,984192,4864,metamath,2,7.6346382300059,4
d128h2L4,984192,4864,metamath,3,7.5894633531570435,4
d128h2L4,984192,4864,metamath,4,7.563844203948975,4
d128h2L4,984192,4864,aitdcc_a_protein,1,7.971193909645081,4
d128h2L4,984192,4864,aitdcc_a_protein,2,7.948555946350098,4
d128h2L4,984192,4864,aitdcc_a_protein,3,7.9395211935043335,4
d128h2L4,984192,4864,aitdcc_a_protein,4,7.934598445892334,4
d128h2L4,984192,4864,aitdcc_b_c_source,1,7.972982883453369,4
d128h2L4,984192,4864,aitdcc_b_c_source,2,7.934023380279541,4
d128h2L4,984192,4864,aitdcc_b_c_source,3,7.920310020446777,4
d128h2L4,984192,4864,aitdcc_b_c_source,4,7.912992000579834,4
d128h2L4,984192,4864,aitdcc_d_glibc_rand,1,8.05091667175293,4
d128h2L4,984192,4864,aitdcc_d_glibc_rand,2,8.031181494394938,4
d128h2L4,984192,4864,aitdcc_d_glibc_rand,3,8.024240016937256,4
d128h2L4,984192,4864,aitdcc_d_glibc_rand,4,8.020674705505371,4
d128h2L4,984192,4864,aitdcc_e_atlas_float32,1,8.01755142211914,4
d128h2L4,984192,4864,aitdcc_e_atlas_float32,2,7.992166678110759,4
d128h2L4,984192,4864,aitdcc_e_atlas_float32,3,7.982832551002502,4
d128h2L4,984192,4864,aitdcc_e_atlas_float32,4,7.977921485900879,4
d128h2L4,984192,4864,aitdcc_g_astronomy,1,4.589107155799866,4
d128h2L4,984192,4864,aitdcc_g_astronomy,2,4.504186312357585,4
d128h2L4,984192,4864,aitdcc_g_astronomy,3,4.480875134468079,4
d128h2L4,984192,4864,aitdcc_g_astronomy,4,4.470000267028809,4
d128h2L4,984192,4864,llm_compression_python,1,7.529517769813538,4
d128h2L4,984192,4864,llm_compression_python,2,7.4237667719523115,4
d128h2L4,984192,4864,llm_compression_python,3,7.387839674949646,4
d128h2L4,984192,4864,llm_compression_python,4,7.36887264251709,4
d128h2L4,984192,4864,llm_compression_cc,1,7.880820035934448,4
d128h2L4,984192,4864,llm_compression_cc,2,7.823728720347087,4
d128h2L4,984192,4864,llm_compression_cc,3,7.804228663444519,4
d128h2L4,984192,4864,llm_compression_cc,4,7.793938636779785,4
d128h2L4,984192,4864,llm_compression_arxiv_math,1,7.873551249504089,4
d128h2L4,984192,4864,llm_compression_arxiv_math,2,7.827535390853882,4
d128h2L4,984192,4864,llm_compression_arxiv_math,3,7.811397075653076,4
d128h2L4,984192,4864,llm_compression_arxiv_math,4,7.802768230438232,4
d128h2L4,984192,4864,esc50_pcm8,1,7.402833819389343,4
d128h2L4,984192,4864,esc50_pcm8,2,7.3191046714782715,4
d128h2L4,984192,4864,esc50_pcm8,3,7.289007306098938,4
d128h2L4,984192,4864,esc50_pcm8,4,7.274173259735107,4
d128h2L4,984192,4864,esc50_pcm8_11khz,1,7.4568012952804565,4
d128h2L4,984192,4864,esc50_pcm8_11khz,2,7.379597902297974,4
d128h2L4,984192,4864,esc50_pcm8_11khz,3,7.35215950012207,4
d128h2L4,984192,4864,esc50_pcm8_11khz,4,7.338741779327393,4
d128h2L4,984192,4864,musicnet_pcm8,1,7.892990469932556,4
d128h2L4,984192,4864,musicnet_pcm8,2,7.863865852355957,4
d128h2L4,984192,4864,musicnet_pcm8,3,7.852773189544678,4
d128h2L4,984192,4864,musicnet_pcm8,4,7.846863269805908,4
d128h2L4,984192,4864,musicnet_pcm8_11khz,1,7.760078430175781,4
d128h2L4,984192,4864,musicnet_pcm8_11khz,2,7.71373724937439,4
d128h2L4,984192,4864,musicnet_pcm8_11khz,3,7.696711301803589,4
d128h2L4,984192,4864,musicnet_pcm8_11khz,4,7.687987804412842,4
d128h2L4,984192,5120,dclm,1,7.885098099708557,4
d128h2L4,984192,5120,dclm,2,7.827666203180949,4
d128h2L4,984192,5120,dclm,3,7.806558012962341,4
d128h2L4,984192,5120,dclm,4,7.794651985168457,4
d128h2L4,984192,5120,dclm_ranked,1,7.000747561454773,4
d128h2L4,984192,5120,dclm_ranked,2,6.3662746747334795,4
d128h2L4,984192,5120,dclm_ranked,3,6.14095151424408,4
d128h2L4,984192,5120,dclm_ranked,4,6.025361061096191,4
d128h2L4,984192,5120,dna,1,4.383091866970062,4
d128h2L4,984192,5120,dna,2,3.683501362800598,4
d128h2L4,984192,5120,dna,3,3.450917959213257,4
d128h2L4,984192,5120,dna,4,3.3365519046783447,4
d128h2L4,984192,5120,arithmetic,1,7.996819257736206,4
d128h2L4,984192,5120,arithmetic,2,7.965777158737183,4
d128h2L4,984192,5120,arithmetic,3,7.953789114952087,4
d128h2L4,984192,5120,arithmetic,4,7.9472246170043945,4
d128h2L4,984192,5120,audio_8bit,1,4.7958083152771,4
d128h2L4,984192,5120,audio_8bit,2,4.3551130294799805,4
d128h2L4,984192,5120,audio_8bit,3,4.201865553855896,4
d128h2L4,984192,5120,audio_8bit,4,4.121893882751465,4
d128h2L4,984192,5120,audio_16bit,1,6.382757544517517,4
d128h2L4,984192,5120,audio_16bit,2,6.182584444681804,4
d128h2L4,984192,5120,audio_16bit,3,6.109687805175781,4
d128h2L4,984192,5120,audio_16bit,4,6.071008682250977,4
d128h2L4,984192,5120,speech_commands_pcm8,1,6.878779411315918,4
d128h2L4,984192,5120,speech_commands_pcm8,2,6.686652580897014,4
d128h2L4,984192,5120,speech_commands_pcm8,3,6.614624738693237,4
d128h2L4,984192,5120,speech_commands_pcm8,4,6.579296112060547,4
d128h2L4,984192,5120,speech_commands_pcm8_8khz,1,6.811902403831482,4
d128h2L4,984192,5120,speech_commands_pcm8_8khz,2,6.5785947640736895,4
d128h2L4,984192,5120,speech_commands_pcm8_8khz,3,6.49158239364624,4
d128h2L4,984192,5120,speech_commands_pcm8_8khz,4,6.448688507080078,4
d128h2L4,984192,5120,mutopia_melody_16th,1,6.756838083267212,4
d128h2L4,984192,5120,mutopia_melody_16th,2,6.542722781499227,4
d128h2L4,984192,5120,mutopia_melody_16th,3,6.457206964492798,4
d128h2L4,984192,5120,mutopia_melody_16th,4,6.408185005187988,4
d128h2L4,984192,5120,cifar10_rgb_planar,1,7.922333717346191,4
d128h2L4,984192,5120,cifar10_rgb_planar,2,7.883494695027669,4
d128h2L4,984192,5120,cifar10_rgb_planar,3,7.869328856468201,4
d128h2L4,984192,5120,cifar10_rgb_planar,4,7.861827850341797,4
d128h2L4,984192,5120,cifar10_rgb_hwc,1,7.889035940170288,4
d128h2L4,984192,5120,cifar10_rgb_hwc,2,7.850556135177612,4
d128h2L4,984192,5120,cifar10_rgb_hwc,3,7.836309432983398,4
d128h2L4,984192,5120,cifar10_rgb_hwc,4,7.828753471374512,4
d128h2L4,984192,5120,kolmogorov_text,1,7.942882776260376,4
d128h2L4,984192,5120,kolmogorov_text,2,7.90134859085083,4
d128h2L4,984192,5120,kolmogorov_text,3,7.886034250259399,4
d128h2L4,984192,5120,kolmogorov_text,4,7.877538681030273,4
d128h2L4,984192,5120,kolmogorov_dna,1,4.336090385913849,4
d128h2L4,984192,5120,kolmogorov_dna,2,3.6621623833974204,4
d128h2L4,984192,5120,kolmogorov_dna,3,3.4213972687721252,4
d128h2L4,984192,5120,kolmogorov_dna,4,3.2958505153656006,4
d128h2L4,984192,5120,metamath,1,7.746937155723572,4
d128h2L4,984192,5120,metamath,2,7.624123891194661,4
d128h2L4,984192,5120,metamath,3,7.580384731292725,4
d128h2L4,984192,5120,metamath,4,7.5560712814331055,4
d128h2L4,984192,5120,aitdcc_a_protein,1,7.889861226081848,4
d128h2L4,984192,5120,aitdcc_a_protein,2,7.853699763615926,4
d128h2L4,984192,5120,aitdcc_a_protein,3,7.83799147605896,4
d128h2L4,984192,5120,aitdcc_a_protein,4,7.829023838043213,4
d128h2L4,984192,5120,aitdcc_b_c_source,1,7.971459627151489,4
d128h2L4,984192,5120,aitdcc_b_c_source,2,7.933690150578816,4
d128h2L4,984192,5120,aitdcc_b_c_source,3,7.919885277748108,4
d128h2L4,984192,5120,aitdcc_b_c_source,4,7.912296295166016,4
d128h2L4,984192,5120,aitdcc_d_glibc_rand,1,8.054732084274292,4
d128h2L4,984192,5120,aitdcc_d_glibc_rand,2,8.031070073445639,4
d128h2L4,984192,5120,aitdcc_d_glibc_rand,3,8.022600889205933,4
d128h2L4,984192,5120,aitdcc_d_glibc_rand,4,8.01817512512207,4
d128h2L4,984192,5120,aitdcc_e_atlas_float32,1,8.030851244926453,4
d128h2L4,984192,5120,aitdcc_e_atlas_float32,2,8.008469740549723,4
d128h2L4,984192,5120,aitdcc_e_atlas_float32,3,8.000423669815063,4
d128h2L4,984192,5120,aitdcc_e_atlas_float32,4,7.996211528778076,4
d128h2L4,984192,5120,aitdcc_g_astronomy,1,4.337467193603516,4
d128h2L4,984192,5120,aitdcc_g_astronomy,2,4.281721274058024,4
d128h2L4,984192,5120,aitdcc_g_astronomy,3,4.264860033988953,4
d128h2L4,984192,5120,aitdcc_g_astronomy,4,4.25653076171875,4
d128h2L4,984192,5120,llm_compression_python,1,7.675390362739563,4
d128h2L4,984192,5120,llm_compression_python,2,7.555218537648519,4
d128h2L4,984192,5120,llm_compression_python,3,7.511133074760437,4
d128h2L4,984192,5120,llm_compression_python,4,7.486865520477295,4
d128h2L4,984192,5120,llm_compression_cc,1,7.889082670211792,4
d128h2L4,984192,5120,llm_compression_cc,2,7.836157321929932,4
d128h2L4,984192,5120,llm_compression_cc,3,7.816640377044678,4
d128h2L4,984192,5120,llm_compression_cc,4,7.805725574493408,4
d128h2L4,984192,5120,llm_compression_arxiv_math,1,7.898344874382019,4
d128h2L4,984192,5120,llm_compression_arxiv_math,2,7.854844490687053,4
d128h2L4,984192,5120,llm_compression_arxiv_math,3,7.839143514633179,4
d128h2L4,984192,5120,llm_compression_arxiv_math,4,7.830733776092529,4
d128h2L4,984192,5120,esc50_pcm8,1,6.923026919364929,4
d128h2L4,984192,5120,esc50_pcm8,2,6.731956084569295,4
d128h2L4,984192,5120,esc50_pcm8,3,6.651141405105591,4
d128h2L4,984192,5120,esc50_pcm8,4,6.605932235717773,4
d128h2L4,984192,5120,esc50_pcm8_11khz,1,7.000635623931885,4
d128h2L4,984192,5120,esc50_pcm8_11khz,2,6.826347986857097,4
d128h2L4,984192,5120,esc50_pcm8_11khz,3,6.7537806034088135,4
d128h2L4,984192,5120,esc50_pcm8_11khz,4,6.712817668914795,4
d128h2L4,984192,5120,musicnet_pcm8,1,7.907301664352417,4
d128h2L4,984192,5120,musicnet_pcm8,2,7.863887627919515,4
d128h2L4,984192,5120,musicnet_pcm8,3,7.849919080734253,4
d128h2L4,984192,5120,musicnet_pcm8,4,7.84271240234375,4
d128h2L4,984192,5120,musicnet_pcm8_11khz,1,7.569262266159058,4
d128h2L4,984192,5120,musicnet_pcm8_11khz,2,7.473195155461629,4
d128h2L4,984192,5120,musicnet_pcm8_11khz,3,7.438400030136108,4
d128h2L4,984192,5120,musicnet_pcm8_11khz,4,7.4209818840026855,4
d128h2L4,984192,5376,dclm,1,7.985023021697998,4
d128h2L4,984192,5376,dclm,2,7.8411219120025635,4
d128h2L4,984192,5376,dclm,3,7.786491632461548,4
d128h2L4,984192,5376,dclm,4,7.752974510192871,4
d128h2L4,984192,5376,dclm_ranked,1,6.926119685173035,4
d128h2L4,984192,5376,dclm_ranked,2,6.326068878173828,4
d128h2L4,984192,5376,dclm_ranked,3,6.099324941635132,4
d128h2L4,984192,5376,dclm_ranked,4,5.978513717651367,4
d128h2L4,984192,5376,dna,1,4.402569651603699,4
d128h2L4,984192,5376,dna,2,3.7503710985183716,4
d128h2L4,984192,5376,dna,3,3.5191370248794556,4
d128h2L4,984192,5376,dna,4,3.400498151779175,4
d128h2L4,984192,5376,arithmetic,1,8.005266427993774,4
d128h2L4,984192,5376,arithmetic,2,7.970180670420329,4
d128h2L4,984192,5376,arithmetic,3,7.957328915596008,4
d128h2L4,984192,5376,arithmetic,4,7.950775623321533,4
d128h2L4,984192,5376,audio_8bit,1,4.739138126373291,4
d128h2L4,984192,5376,audio_8bit,2,4.293116490046184,4
d128h2L4,984192,5376,audio_8bit,3,4.134559869766235,4
d128h2L4,984192,5376,audio_8bit,4,4.052435398101807,4
d128h2L4,984192,5376,audio_16bit,1,6.442720890045166,4
d128h2L4,984192,5376,audio_16bit,2,6.201509316762288,4
d128h2L4,984192,5376,audio_16bit,3,6.116848945617676,4
d128h2L4,984192,5376,audio_16bit,4,6.072919845581055,4
d128h2L4,984192,5376,speech_commands_pcm8,1,7.1540257930755615,4
d128h2L4,984192,5376,speech_commands_pcm8,2,6.972533146540324,4
d128h2L4,984192,5376,speech_commands_pcm8,3,6.894697785377502,4
d128h2L4,984192,5376,speech_commands_pcm8,4,6.853229522705078,4
d128h2L4,984192,5376,speech_commands_pcm8_8khz,1,7.112977743148804,4
d128h2L4,984192,5376,speech_commands_pcm8_8khz,2,6.908089637756348,4
d128h2L4,984192,5376,speech_commands_pcm8_8khz,3,6.8200929164886475,4
d128h2L4,984192,5376,speech_commands_pcm8_8khz,4,6.77315616607666,4
d128h2L4,984192,5376,mutopia_melody_16th,1,7.206873178482056,4
d128h2L4,984192,5376,mutopia_melody_16th,2,6.88094965616862,4
d128h2L4,984192,5376,mutopia_melody_16th,3,6.743879914283752,4
d128h2L4,984192,5376,mutopia_melody_16th,4,6.682676315307617,4
d128h2L4,984192,5376,cifar10_rgb_planar,1,7.927679538726807,4
d128h2L4,984192,5376,cifar10_rgb_planar,2,7.885268211364746,4
d128h2L4,984192,5376,cifar10_rgb_planar,3,7.869428753852844,4
d128h2L4,984192,5376,cifar10_rgb_planar,4,7.860909461975098,4
d128h2L4,984192,5376,cifar10_rgb_hwc,1,7.895014047622681,4
d128h2L4,984192,5376,cifar10_rgb_hwc,2,7.853057781855266,4
d128h2L4,984192,5376,cifar10_rgb_hwc,3,7.83716344833374,4
d128h2L4,984192,5376,cifar10_rgb_hwc,4,7.828577995300293,4
d128h2L4,984192,5376,kolmogorov_text,1,8.028769612312317,4
d128h2L4,984192,5376,kolmogorov_text,2,7.926750024159749,4
d128h2L4,984192,5376,kolmogorov_text,3,7.888803243637085,4
d128h2L4,984192,5376,kolmogorov_text,4,7.865916728973389,4
d128h2L4,984192,5376,kolmogorov_dna,1,4.398906230926514,4
d128h2L4,984192,5376,kolmogorov_dna,2,3.7744514544804892,4
d128h2L4,984192,5376,kolmogorov_dna,3,3.556448996067047,4
d128h2L4,984192,5376,kolmogorov_dna,4,3.444105625152588,4
d128h2L4,984192,5376,metamath,1,7.787092089653015,4
d128h2L4,984192,5376,metamath,2,7.586427132288615,4
d128h2L4,984192,5376,metamath,3,7.509929776191711,4
d128h2L4,984192,5376,metamath,4,7.466256618499756,4
d128h2L4,984192,5376,aitdcc_a_protein,1,7.970073103904724,4
d128h2L4,984192,5376,aitdcc_a_protein,2,7.940776268641154,4
d128h2L4,984192,5376,aitdcc_a_protein,3,7.929277420043945,4
d128h2L4,984192,5376,aitdcc_a_protein,4,7.923069953918457,4
d128h2L4,984192,5376,aitdcc_b_c_source,1,8.0546395778656,4
d128h2L4,984192,5376,aitdcc_b_c_source,2,7.99041763941447,4
d128h2L4,984192,5376,aitdcc_b_c_source,3,7.967455744743347,4
d128h2L4,984192,5376,aitdcc_b_c_source,4,7.954374313354492,4
d128h2L4,984192,5376,aitdcc_d_glibc_rand,1,8.064427852630615,4
d128h2L4,984192,5376,aitdcc_d_glibc_rand,2,8.037940502166748,4
d128h2L4,984192,5376,aitdcc_d_glibc_rand,3,8.028391599655151,4
d128h2L4,984192,5376,aitdcc_d_glibc_rand,4,8.023405075073242,4
d128h2L4,984192,5376,aitdcc_e_atlas_float32,1,8.051729321479797,4
d128h2L4,984192,5376,aitdcc_e_atlas_float32,2,8.018640756607056,4
d128h2L4,984192,5376,aitdcc_e_atlas_float32,3,8.006648540496826,4
d128h2L4,984192,5376,aitdcc_e_atlas_float32,4,8.00033187866211,4
d128h2L4,984192,5376,aitdcc_g_astronomy,1,4.874098181724548,4
d128h2L4,984192,5376,aitdcc_g_astronomy,2,4.643367369969686,4
d128h2L4,984192,5376,aitdcc_g_astronomy,3,4.605014324188232,4
d128h2L4,984192,5376,aitdcc_g_astronomy,4,4.588264465332031,4
d128h2L4,984192,5376,llm_compression_python,1,7.705060243606567,4
d128h2L4,984192,5376,llm_compression_python,2,7.514235496520996,4
d128h2L4,984192,5376,llm_compression_python,3,7.4436317682266235,4
d128h2L4,984192,5376,llm_compression_python,4,7.402855396270752,4
d128h2L4,984192,5376,llm_compression_cc,1,7.988544821739197,4
d128h2L4,984192,5376,llm_compression_cc,2,7.854807694753011,4
d128h2L4,984192,5376,llm_compression_cc,3,7.8041832447052,4
d128h2L4,984192,5376,llm_compression_cc,4,7.7732462882995605,4
d128h2L4,984192,5376,llm_compression_arxiv_math,1,7.9685670137405396,4
d128h2L4,984192,5376,llm_compression_arxiv_math,2,7.883760054906209,4
d128h2L4,984192,5376,llm_compression_arxiv_math,3,7.8524768352508545,4
d128h2L4,984192,5376,llm_compression_arxiv_math,4,7.834139823913574,4
d128h2L4,984192,5376,esc50_pcm8,1,7.180734276771545,4
d128h2L4,984192,5376,esc50_pcm8,2,6.988739967346191,4
d128h2L4,984192,5376,esc50_pcm8,3,6.914884924888611,4
d128h2L4,984192,5376,esc50_pcm8,4,6.882163047790527,4
d128h2L4,984192,5376,esc50_pcm8_11khz,1,7.251492857933044,4
d128h2L4,984192,5376,esc50_pcm8_11khz,2,7.080376625061035,4
d128h2L4,984192,5376,esc50_pcm8_11khz,3,7.0154194831848145,4
d128h2L4,984192,5376,esc50_pcm8_11khz,4,6.987226963043213,4
d128h2L4,984192,5376,musicnet_pcm8,1,7.888721466064453,4
d128h2L4,984192,5376,musicnet_pcm8,2,7.849857807159424,4
d128h2L4,984192,5376,musicnet_pcm8,3,7.832345962524414,4
d128h2L4,984192,5376,musicnet_pcm8,4,7.821989059448242,4
d128h2L4,984192,5376,musicnet_pcm8_11khz,1,7.65232241153717,4
d128h2L4,984192,5376,musicnet_pcm8_11khz,2,7.570022344589233,4
d128h2L4,984192,5376,musicnet_pcm8_11khz,3,7.535359621047974,4
d128h2L4,984192,5376,musicnet_pcm8_11khz,4,7.5171380043029785,4
d128h2L4,984192,5632,dclm,1,7.953154563903809,4
d128h2L4,984192,5632,dclm,2,7.882603724797566,4
d128h2L4,984192,5632,dclm,3,7.854469418525696,4
d128h2L4,984192,5632,dclm,4,7.838180065155029,4
d128h2L4,984192,5632,dclm_ranked,1,6.824285626411438,4
d128h2L4,984192,5632,dclm_ranked,2,6.291994094848633,4
d128h2L4,984192,5632,dclm_ranked,3,6.094454288482666,4
d128h2L4,984192,5632,dclm_ranked,4,5.988513469696045,4
d128h2L4,984192,5632,dna,1,4.623022675514221,4
d128h2L4,984192,5632,dna,2,3.7647269566853843,4
d128h2L4,984192,5632,dna,3,3.5054275393486023,4
d128h2L4,984192,5632,dna,4,3.3773984909057617,4
d128h2L4,984192,5632,arithmetic,1,8.011977434158325,4
d128h2L4,984192,5632,arithmetic,2,7.973055283228557,4
d128h2L4,984192,5632,arithmetic,3,7.958307504653931,4
d128h2L4,984192,5632,arithmetic,4,7.950879096984863,4
d128h2L4,984192,5632,audio_8bit,1,4.911845088005066,4
d128h2L4,984192,5632,audio_8bit,2,4.357410430908203,4
d128h2L4,984192,5632,audio_8bit,3,4.15717089176178,4
d128h2L4,984192,5632,audio_8bit,4,4.050113201141357,4
d128h2L4,984192,5632,audio_16bit,1,6.598588943481445,4
d128h2L4,984192,5632,audio_16bit,2,6.286780754725139,4
d128h2L4,984192,5632,audio_16bit,3,6.184900283813477,4
d128h2L4,984192,5632,audio_16bit,4,6.13204288482666,4
d128h2L4,984192,5632,speech_commands_pcm8,1,7.044967770576477,4
d128h2L4,984192,5632,speech_commands_pcm8,2,6.742874224980672,4
d128h2L4,984192,5632,speech_commands_pcm8,3,6.614054441452026,4
d128h2L4,984192,5632,speech_commands_pcm8,4,6.557587623596191,4
d128h2L4,984192,5632,speech_commands_pcm8_8khz,1,7.020628571510315,4
d128h2L4,984192,5632,speech_commands_pcm8_8khz,2,6.673933664957683,4
d128h2L4,984192,5632,speech_commands_pcm8_8khz,3,6.523098707199097,4
d128h2L4,984192,5632,speech_commands_pcm8_8khz,4,6.4509501457214355,4
d128h2L4,984192,5632,mutopia_melody_16th,1,6.928571581840515,4
d128h2L4,984192,5632,mutopia_melody_16th,2,6.420133113861084,4
d128h2L4,984192,5632,mutopia_melody_16th,3,6.213690161705017,4
d128h2L4,984192,5632,mutopia_melody_16th,4,6.124213218688965,4
d128h2L4,984192,5632,cifar10_rgb_planar,1,7.938021540641785,4
d128h2L4,984192,5632,cifar10_rgb_planar,2,7.888669888178508,4
d128h2L4,984192,5632,cifar10_rgb_planar,3,7.869908571243286,4
d128h2L4,984192,5632,cifar10_rgb_planar,4,7.859650611877441,4
d128h2L4,984192,5632,cifar10_rgb_hwc,1,7.912703514099121,4
d128h2L4,984192,5632,cifar10_rgb_hwc,2,7.863871892293294,4
d128h2L4,984192,5632,cifar10_rgb_hwc,3,7.846098303794861,4
d128h2L4,984192,5632,cifar10_rgb_hwc,4,7.836501121520996,4
d128h2L4,984192,5632,kolmogorov_text,1,7.991534948348999,4
d128h2L4,984192,5632,kolmogorov_text,2,7.940754572550456,4
d128h2L4,984192,5632,kolmogorov_text,3,7.920557975769043,4
d128h2L4,984192,5632,kolmogorov_text,4,7.908982753753662,4
d128h2L4,984192,5632,kolmogorov_dna,1,4.9239890575408936,4
d128h2L4,984192,5632,kolmogorov_dna,2,4.057449857393901,4
d128h2L4,984192,5632,kolmogorov_dna,3,3.754447042942047,4
d128h2L4,984192,5632,kolmogorov_dna,4,3.613118886947632,4
d128h2L4,984192,5632,metamath,1,7.823262453079224,4
d128h2L4,984192,5632,metamath,2,7.643099228541057,4
d128h2L4,984192,5632,metamath,3,7.568833351135254,4
d128h2L4,984192,5632,metamath,4,7.524458408355713,4
d128h2L4,984192,5632,aitdcc_a_protein,1,7.983444690704346,4
d128h2L4,984192,5632,aitdcc_a_protein,2,7.960416475931804,4
d128h2L4,984192,5632,aitdcc_a_protein,3,7.951092839241028,4
d128h2L4,984192,5632,aitdcc_a_protein,4,7.945862770080566,4
d128h2L4,984192,5632,aitdcc_b_c_source,1,8.001993656158447,4
d128h2L4,984192,5632,aitdcc_b_c_source,2,7.955531120300293,4
d128h2L4,984192,5632,aitdcc_b_c_source,3,7.937735557556152,4
d128h2L4,984192,5632,aitdcc_b_c_source,4,7.9279890060424805,4
d128h2L4,984192,5632,aitdcc_d_glibc_rand,1,8.071440696716309,4
d128h2L4,984192,5632,aitdcc_d_glibc_rand,2,8.04316250483195,4
d128h2L4,984192,5632,aitdcc_d_glibc_rand,3,8.033064842224121,4
d128h2L4,984192,5632,aitdcc_d_glibc_rand,4,8.027695655822754,4
d128h2L4,984192,5632,aitdcc_e_atlas_float32,1,8.03288471698761,4
d128h2L4,984192,5632,aitdcc_e_atlas_float32,2,8.011517445246378,4
d128h2L4,984192,5632,aitdcc_e_atlas_float32,3,8.004068732261658,4
d128h2L4,984192,5632,aitdcc_e_atlas_float32,4,8.000161170959473,4
d128h2L4,984192,5632,aitdcc_g_astronomy,1,5.457287430763245,4
d128h2L4,984192,5632,aitdcc_g_astronomy,2,4.8377916018168134,4
d128h2L4,984192,5632,aitdcc_g_astronomy,3,4.698165416717529,4
d128h2L4,984192,5632,aitdcc_g_astronomy,4,4.648110389709473,4
d128h2L4,984192,5632,llm_compression_python,1,7.740031719207764,4
d128h2L4,984192,5632,llm_compression_python,2,7.575296878814697,4
d128h2L4,984192,5632,llm_compression_python,3,7.511661887168884,4
d128h2L4,984192,5632,llm_compression_python,4,7.475451469421387,4
d128h2L4,984192,5632,llm_compression_cc,1,7.9560863971710205,4
d128h2L4,984192,5632,llm_compression_cc,2,7.89050571123759,4
d128h2L4,984192,5632,llm_compression_cc,3,7.864140272140503,4
d128h2L4,984192,5632,llm_compression_cc,4,7.848848342895508,4
d128h2L4,984192,5632,llm_compression_arxiv_math,1,7.933382630348206,4
d128h2L4,984192,5632,llm_compression_arxiv_math,2,7.874680519104004,4
d128h2L4,984192,5632,llm_compression_arxiv_math,3,7.852636218070984,4
d128h2L4,984192,5632,llm_compression_arxiv_math,4,7.840404033660889,4
d128h2L4,984192,5632,esc50_pcm8,1,7.0497647523880005,4
d128h2L4,984192,5632,esc50_pcm8,2,6.777051289876302,4
d128h2L4,984192,5632,esc50_pcm8,3,6.665894389152527,4
d128h2L4,984192,5632,esc50_pcm8,4,6.623635768890381,4
d128h2L4,984192,5632,esc50_pcm8_11khz,1,7.110834360122681,4
d128h2L4,984192,5632,esc50_pcm8_11khz,2,6.856055577596028,4
d128h2L4,984192,5632,esc50_pcm8_11khz,3,6.752745032310486,4
d128h2L4,984192,5632,esc50_pcm8_11khz,4,6.713027000427246,4
d128h2L4,984192,5632,musicnet_pcm8,1,7.901768207550049,4
d128h2L4,984192,5632,musicnet_pcm8,2,7.855436325073242,4
d128h2L4,984192,5632,musicnet_pcm8,3,7.834664344787598,4
d128h2L4,984192,5632,musicnet_pcm8,4,7.822266101837158,4
d128h2L4,984192,5632,musicnet_pcm8_11khz,1,7.635901093482971,4
d128h2L4,984192,5632,musicnet_pcm8_11khz,2,7.514719486236572,4
d128h2L4,984192,5632,musicnet_pcm8_11khz,3,7.46221137046814,4
d128h2L4,984192,5632,musicnet_pcm8_11khz,4,7.437517166137695,4
d128h2L4,984192,5888,dclm,1,7.738759636878967,4
d128h2L4,984192,5888,dclm,2,7.654932896296184,4
d128h2L4,984192,5888,dclm,3,7.623255610466003,4
d128h2L4,984192,5888,dclm,4,7.607089996337891,4
d128h2L4,984192,5888,dclm_ranked,1,6.801127910614014,4
d128h2L4,984192,5888,dclm_ranked,2,6.229697306950887,4
d128h2L4,984192,5888,dclm_ranked,3,6.029449701309204,4
d128h2L4,984192,5888,dclm_ranked,4,5.9245524406433105,4
d128h2L4,984192,5888,dna,1,4.219478011131287,4
d128h2L4,984192,5888,dna,2,3.4725391070048013,4
d128h2L4,984192,5888,dna,3,3.225450873374939,4
d128h2L4,984192,5888,dna,4,3.1001999378204346,4
d128h2L4,984192,5888,arithmetic,1,8.001222372055054,4
d128h2L4,984192,5888,arithmetic,2,7.969453573226929,4
d128h2L4,984192,5888,arithmetic,3,7.957884907722473,4
d128h2L4,984192,5888,arithmetic,4,7.951414108276367,4
d128h2L4,984192,5888,audio_8bit,1,4.881177544593811,4
d128h2L4,984192,5888,audio_8bit,2,4.316481351852417,4
d128h2L4,984192,5888,audio_8bit,3,4.124955773353577,4
d128h2L4,984192,5888,audio_8bit,4,4.029605388641357,4
d128h2L4,984192,5888,audio_16bit,1,6.569047808647156,4
d128h2L4,984192,5888,audio_16bit,2,6.277619043986003,4
d128h2L4,984192,5888,audio_16bit,3,6.183954358100891,4
d128h2L4,984192,5888,audio_16bit,4,6.1373419761657715,4
d128h2L4,984192,5888,speech_commands_pcm8,1,7.168787717819214,4
d128h2L4,984192,5888,speech_commands_pcm8,2,6.708156267801921,4
d128h2L4,984192,5888,speech_commands_pcm8,3,6.512101888656616,4
d128h2L4,984192,5888,speech_commands_pcm8,4,6.385149002075195,4
d128h2L4,984192,5888,speech_commands_pcm8_8khz,1,7.211695313453674,4
d128h2L4,984192,5888,speech_commands_pcm8_8khz,2,6.628826379776001,4
d128h2L4,984192,5888,speech_commands_pcm8_8khz,3,6.387980699539185,4
d128h2L4,984192,5888,speech_commands_pcm8_8khz,4,6.2313642501831055,4
d128h2L4,984192,5888,mutopia_melody_16th,1,6.892018556594849,4
d128h2L4,984192,5888,mutopia_melody_16th,2,6.3344140847524,4
d128h2L4,984192,5888,mutopia_melody_16th,3,6.13085675239563,4
d128h2L4,984192,5888,mutopia_melody_16th,4,5.999420642852783,4
d128h2L4,984192,5888,cifar10_rgb_planar,1,7.921183705329895,4
d128h2L4,984192,5888,cifar10_rgb_planar,2,7.881836175918579,4
d128h2L4,984192,5888,cifar10_rgb_planar,3,7.867703557014465,4
d128h2L4,984192,5888,cifar10_rgb_planar,4,7.8601765632629395,4
d128h2L4,984192,5888,cifar10_rgb_hwc,1,7.8949878215789795,4
d128h2L4,984192,5888,cifar10_rgb_hwc,2,7.856414874394734,4
d128h2L4,984192,5888,cifar10_rgb_hwc,3,7.842262387275696,4
d128h2L4,984192,5888,cifar10_rgb_hwc,4,7.834607124328613,4
d128h2L4,984192,5888,kolmogorov_text,1,7.820552945137024,4
d128h2L4,984192,5888,kolmogorov_text,2,7.753088076909383,4
d128h2L4,984192,5888,kolmogorov_text,3,7.7265331745147705,4
d128h2L4,984192,5888,kolmogorov_text,4,7.712610721588135,4
d128h2L4,984192,5888,kolmogorov_dna,1,4.236130356788635,4
d128h2L4,984192,5888,kolmogorov_dna,2,3.632458766301473,4
d128h2L4,984192,5888,kolmogorov_dna,3,3.4065118432044983,4
d128h2L4,984192,5888,kolmogorov_dna,4,3.284069299697876,4
d128h2L4,984192,5888,metamath,1,7.518010258674622,4
d128h2L4,984192,5888,metamath,2,7.364333311716716,4
d128h2L4,984192,5888,metamath,3,7.310083270072937,4
d128h2L4,984192,5888,metamath,4,7.282430648803711,4
d128h2L4,984192,5888,aitdcc_a_protein,1,7.961953401565552,4
d128h2L4,984192,5888,aitdcc_a_protein,2,7.941641330718994,4
d128h2L4,984192,5888,aitdcc_a_protein,3,7.934581756591797,4
d128h2L4,984192,5888,aitdcc_a_protein,4,7.931012153625488,4
d128h2L4,984192,5888,aitdcc_b_c_source,1,7.905240774154663,4
d128h2L4,984192,5888,aitdcc_b_c_source,2,7.852647304534912,4
d128h2L4,984192,5888,aitdcc_b_c_source,3,7.83150839805603,4
d128h2L4,984192,5888,aitdcc_b_c_source,4,7.819731712341309,4
d128h2L4,984192,5888,aitdcc_d_glibc_rand,1,8.055669784545898,4
d128h2L4,984192,5888,aitdcc_d_glibc_rand,2,8.033416748046875,4
d128h2L4,984192,5888,aitdcc_d_glibc_rand,3,8.025801420211792,4
d128h2L4,984192,5888,aitdcc_d_glibc_rand,4,8.021866798400879,4
d128h2L4,984192,5888,aitdcc_e_atlas_float32,1,8.04833984375,4
d128h2L4,984192,5888,aitdcc_e_atlas_float32,2,8.030495166778564,4
d128h2L4,984192,5888,aitdcc_e_atlas_float32,3,8.024452447891235,4
d128h2L4,984192,5888,aitdcc_e_atlas_float32,4,8.021345138549805,4
d128h2L4,984192,5888,aitdcc_g_astronomy,1,4.93840754032135,4
d128h2L4,984192,5888,aitdcc_g_astronomy,2,4.688596645991008,4
d128h2L4,984192,5888,aitdcc_g_astronomy,3,4.6282957792282104,4
d128h2L4,984192,5888,aitdcc_g_astronomy,4,4.606684684753418,4
d128h2L4,984192,5888,llm_compression_python,1,7.380826830863953,4
d128h2L4,984192,5888,llm_compression_python,2,7.213252226511638,4
d128h2L4,984192,5888,llm_compression_python,3,7.154181122779846,4
d128h2L4,984192,5888,llm_compression_python,4,7.124509334564209,4
d128h2L4,984192,5888,llm_compression_cc,1,7.751958966255188,4
d128h2L4,984192,5888,llm_compression_cc,2,7.671617428461711,4
d128h2L4,984192,5888,llm_compression_cc,3,7.641181111335754,4
d128h2L4,984192,5888,llm_compression_cc,4,7.625734329223633,4
d128h2L4,984192,5888,llm_compression_arxiv_math,1,7.7884862422943115,4
d128h2L4,984192,5888,llm_compression_arxiv_math,2,7.721788724263509,4
d128h2L4,984192,5888,llm_compression_arxiv_math,3,7.696591138839722,4
d128h2L4,984192,5888,llm_compression_arxiv_math,4,7.683419704437256,4
d128h2L4,984192,5888,esc50_pcm8,1,7.113046765327454,4
d128h2L4,984192,5888,esc50_pcm8,2,6.756953080495198,4
d128h2L4,984192,5888,esc50_pcm8,3,6.603887915611267,4
d128h2L4,984192,5888,esc50_pcm8,4,6.502106666564941,4
d128h2L4,984192,5888,esc50_pcm8_11khz,1,7.1586092710494995,4
d128h2L4,984192,5888,esc50_pcm8_11khz,2,6.817861000696818,4
d128h2L4,984192,5888,esc50_pcm8_11khz,3,6.669324278831482,4
d128h2L4,984192,5888,esc50_pcm8_11khz,4,6.569121360778809,4
d128h2L4,984192,5888,musicnet_pcm8,1,7.8899219036102295,4
d128h2L4,984192,5888,musicnet_pcm8,2,7.8361888726552325,4
d128h2L4,984192,5888,musicnet_pcm8,3,7.814854860305786,4
d128h2L4,984192,5888,musicnet_pcm8,4,7.802088737487793,4
d128h2L4,984192,5888,musicnet_pcm8_11khz,1,7.65031635761261,4
d128h2L4,984192,5888,musicnet_pcm8_11khz,2,7.469972292582194,4
d128h2L4,984192,5888,musicnet_pcm8_11khz,3,7.391210913658142,4
d128h2L4,984192,5888,musicnet_pcm8_11khz,4,7.339514255523682,4
d128h2L4,984192,6144,dclm,1,7.966002464294434,4
d128h2L4,984192,6144,dclm,2,7.860002915064494,4
d128h2L4,984192,6144,dclm,3,7.82048773765564,4
d128h2L4,984192,6144,dclm,4,7.79764986038208,4
d128h2L4,984192,6144,dclm_ranked,1,6.953962683677673,4
d128h2L4,984192,6144,dclm_ranked,2,6.155133167902629,4
d128h2L4,984192,6144,dclm_ranked,3,5.835270166397095,4
d128h2L4,984192,6144,dclm_ranked,4,5.6537041664123535,4
d128h2L4,984192,6144,dna,1,4.141843855381012,4
d128h2L4,984192,6144,dna,2,3.3761263688405356,4
d128h2L4,984192,6144,dna,3,3.08799546957016,4
d128h2L4,984192,6144,dna,4,2.9286282062530518,4
d128h2L4,984192,6144,arithmetic,1,8.016207456588745,4
d128h2L4,984192,6144,arithmetic,2,7.97586719195048,4
d128h2L4,984192,6144,arithmetic,3,7.961134195327759,4
d128h2L4,984192,6144,arithmetic,4,7.953246116638184,4
d128h2L4,984192,6144,audio_8bit,1,4.832804083824158,4
d128h2L4,984192,6144,audio_8bit,2,4.276880184809367,4
d128h2L4,984192,6144,audio_8bit,3,4.081193447113037,4
d128h2L4,984192,6144,audio_8bit,4,3.9774932861328125,4
d128h2L4,984192,6144,audio_16bit,1,6.4963603019714355,4
d128h2L4,984192,6144,audio_16bit,2,6.220408995946248,4
d128h2L4,984192,6144,audio_16bit,3,6.125440001487732,4
d128h2L4,984192,6144,audio_16bit,4,6.074978351593018,4
d128h2L4,984192,6144,speech_commands_pcm8,1,7.086540341377258,4
d128h2L4,984192,6144,speech_commands_pcm8,2,6.766572078069051,4
d128h2L4,984192,6144,speech_commands_pcm8,3,6.589335918426514,4
d128h2L4,984192,6144,speech_commands_pcm8,4,6.458802700042725,4
d128h2L4,984192,6144,speech_commands_pcm8_8khz,1,7.036984205245972,4
d128h2L4,984192,6144,speech_commands_pcm8_8khz,2,6.638629913330078,4
d128h2L4,984192,6144,speech_commands_pcm8_8khz,3,6.413640260696411,4
d128h2L4,984192,6144,speech_commands_pcm8_8khz,4,6.246165752410889,4
d128h2L4,984192,6144,mutopia_melody_16th,1,6.873351693153381,4
d128h2L4,984192,6144,mutopia_melody_16th,2,6.712361256281535,4
d128h2L4,984192,6144,mutopia_melody_16th,3,6.657899618148804,4
d128h2L4,984192,6144,mutopia_melody_16th,4,6.629452228546143,4
d128h2L4,984192,6144,cifar10_rgb_planar,1,7.901960372924805,4
d128h2L4,984192,6144,cifar10_rgb_planar,2,7.84445055325826,4
d128h2L4,984192,6144,cifar10_rgb_planar,3,7.8230050802230835,4
d128h2L4,984192,6144,cifar10_rgb_planar,4,7.811297416687012,4
d128h2L4,984192,6144,cifar10_rgb_hwc,1,7.868088126182556,4
d128h2L4,984192,6144,cifar10_rgb_hwc,2,7.811248302459717,4
d128h2L4,984192,6144,cifar10_rgb_hwc,3,7.789804697036743,4
d128h2L4,984192,6144,cifar10_rgb_hwc,4,7.7779107093811035,4
d128h2L4,984192,6144,kolmogorov_text,1,7.999442458152771,4
d128h2L4,984192,6144,kolmogorov_text,2,7.9213409423828125,4
d128h2L4,984192,6144,kolmogorov_text,3,7.892647743225098,4
d128h2L4,984192,6144,kolmogorov_text,4,7.876160621643066,4
d128h2L4,984192,6144,kolmogorov_dna,1,4.2413665652275085,4
d128h2L4,984192,6144,kolmogorov_dna,2,3.538736621538798,4
d128h2L4,984192,6144,kolmogorov_dna,3,3.265294909477234,4
d128h2L4,984192,6144,kolmogorov_dna,4,3.1074001789093018,4
d128h2L4,984192,6144,metamath,1,7.782564043998718,4
d128h2L4,984192,6144,metamath,2,7.525140682856242,4
d128h2L4,984192,6144,metamath,3,7.441529631614685,4
d128h2L4,984192,6144,metamath,4,7.398044109344482,4
d128h2L4,984192,6144,aitdcc_a_protein,1,7.876230955123901,4
d128h2L4,984192,6144,aitdcc_a_protein,2,7.833551088968913,4
d128h2L4,984192,6144,aitdcc_a_protein,3,7.818889021873474,4
d128h2L4,984192,6144,aitdcc_a_protein,4,7.8113884925842285,4
d128h2L4,984192,6144,aitdcc_b_c_source,1,8.036051988601685,4
d128h2L4,984192,6144,aitdcc_b_c_source,2,7.9749534130096436,4
d128h2L4,984192,6144,aitdcc_b_c_source,3,7.953060269355774,4
d128h2L4,984192,6144,aitdcc_b_c_source,4,7.9407267570495605,4
d128h2L4,984192,6144,aitdcc_d_glibc_rand,1,8.08046269416809,4
d128h2L4,984192,6144,aitdcc_d_glibc_rand,2,8.046322186787924,4
d128h2L4,984192,6144,aitdcc_d_glibc_rand,3,8.03453278541565,4
d128h2L4,984192,6144,aitdcc_d_glibc_rand,4,8.028404235839844,4
d128h2L4,984192,6144,aitdcc_e_atlas_float32,1,8.065484762191772,4
d128h2L4,984192,6144,aitdcc_e_atlas_float32,2,8.035443464914957,4
d128h2L4,984192,6144,aitdcc_e_atlas_float32,3,8.02493166923523,4
d128h2L4,984192,6144,aitdcc_e_atlas_float32,4,8.019500732421875,4
d128h2L4,984192,6144,aitdcc_g_astronomy,1,4.7416428327560425,4
d128h2L4,984192,6144,aitdcc_g_astronomy,2,4.596640904744466,4
d128h2L4,984192,6144,aitdcc_g_astronomy,3,4.56149685382843,4
d128h2L4,984192,6144,aitdcc_g_astronomy,4,4.545353412628174,4
d128h2L4,984192,6144,llm_compression_python,1,7.604029417037964,4
d128h2L4,984192,6144,llm_compression_python,2,7.4089211622873945,4
d128h2L4,984192,6144,llm_compression_python,3,7.349486351013184,4
d128h2L4,984192,6144,llm_compression_python,4,7.319849967956543,4
d128h2L4,984192,6144,llm_compression_cc,1,7.9742642641067505,4
d128h2L4,984192,6144,llm_compression_cc,2,7.8753306070963545,4
d128h2L4,984192,6144,llm_compression_cc,3,7.838434338569641,4
d128h2L4,984192,6144,llm_compression_cc,4,7.817054271697998,4
d128h2L4,984192,6144,llm_compression_arxiv_math,1,7.922897100448608,4
d128h2L4,984192,6144,llm_compression_arxiv_math,2,7.837369918823242,4
d128h2L4,984192,6144,llm_compression_arxiv_math,3,7.807705879211426,4
d128h2L4,984192,6144,llm_compression_arxiv_math,4,7.791082859039307,4
d128h2L4,984192,6144,esc50_pcm8,1,7.09199321269989,4
d128h2L4,984192,6144,esc50_pcm8,2,6.863439957300822,4
d128h2L4,984192,6144,esc50_pcm8,3,6.732825517654419,4
d128h2L4,984192,6144,esc50_pcm8,4,6.637058734893799,4
d128h2L4,984192,6144,esc50_pcm8_11khz,1,7.147354364395142,4
d128h2L4,984192,6144,esc50_pcm8_11khz,2,6.931433200836182,4
d128h2L4,984192,6144,esc50_pcm8_11khz,3,6.810440897941589,4
d128h2L4,984192,6144,esc50_pcm8_11khz,4,6.722527980804443,4
d128h2L4,984192,6144,musicnet_pcm8,1,7.812074303627014,4
d128h2L4,984192,6144,musicnet_pcm8,2,7.750511884689331,4
d128h2L4,984192,6144,musicnet_pcm8,3,7.722718358039856,4
d128h2L4,984192,6144,musicnet_pcm8,4,7.705778121948242,4
d128h2L4,984192,6144,musicnet_pcm8_11khz,1,7.585645437240601,4
d128h2L4,984192,6144,musicnet_pcm8_11khz,2,7.442440668741862,4
d128h2L4,984192,6144,musicnet_pcm8_11khz,3,7.365793585777283,4
d128h2L4,984192,6144,musicnet_pcm8_11khz,4,7.311365604400635,4
d128h2L4,984192,6400,dclm,1,7.85765814781189,4
d128h2L4,984192,6400,dclm,2,7.729212999343872,4
d128h2L4,984192,6400,dclm,3,7.676199436187744,4
d128h2L4,984192,6400,dclm,4,7.644198894500732,4
d128h2L4,984192,6400,dclm_ranked,1,6.956830024719238,4
d128h2L4,984192,6400,dclm_ranked,2,6.340914408365886,4
d128h2L4,984192,6400,dclm_ranked,3,6.105350375175476,4
d128h2L4,984192,6400,dclm_ranked,4,5.9762678146362305,4
d128h2L4,984192,6400,dna,1,4.310819566249847,4
d128h2L4,984192,6400,dna,2,3.493635058403015,4
d128h2L4,984192,6400,dna,3,3.208888828754425,4
d128h2L4,984192,6400,dna,4,3.0643503665924072,4
d128h2L4,984192,6400,arithmetic,1,7.992172122001648,4
d128h2L4,984192,6400,arithmetic,2,7.959412733713786,4
d128h2L4,984192,6400,arithmetic,3,7.947442650794983,4
d128h2L4,984192,6400,arithmetic,4,7.941074848175049,4
d128h2L4,984192,6400,audio_8bit,1,4.671885967254639,4
d128h2L4,984192,6400,audio_8bit,2,4.17696746190389,4
d128h2L4,984192,6400,audio_8bit,3,3.99793803691864,4
d128h2L4,984192,6400,audio_8bit,4,3.9038500785827637,4
d128h2L4,984192,6400,audio_16bit,1,6.424942851066589,4
d128h2L4,984192,6400,audio_16bit,2,6.182063182195027,4
d128h2L4,984192,6400,audio_16bit,3,6.101187825202942,4
d128h2L4,984192,6400,audio_16bit,4,6.059515476226807,4
d128h2L4,984192,6400,speech_commands_pcm8,1,7.045117974281311,4
d128h2L4,984192,6400,speech_commands_pcm8,2,6.778217077255249,4
d128h2L4,984192,6400,speech_commands_pcm8,3,6.677489519119263,4
d128h2L4,984192,6400,speech_commands_pcm8,4,6.641586780548096,4
d128h2L4,984192,6400,speech_commands_pcm8_8khz,1,6.998335242271423,4
d128h2L4,984192,6400,speech_commands_pcm8_8khz,2,6.668386061986287,4
d128h2L4,984192,6400,speech_commands_pcm8_8khz,3,6.545360088348389,4
d128h2L4,984192,6400,speech_commands_pcm8_8khz,4,6.502547264099121,4
d128h2L4,984192,6400,mutopia_melody_16th,1,7.065029621124268,4
d128h2L4,984192,6400,mutopia_melody_16th,2,6.934746106465657,4
d128h2L4,984192,6400,mutopia_melody_16th,3,6.882468581199646,4
d128h2L4,984192,6400,mutopia_melody_16th,4,6.853270530700684,4
d128h2L4,984192,6400,cifar10_rgb_planar,1,7.880792140960693,4
d128h2L4,984192,6400,cifar10_rgb_planar,2,7.835208257039388,4
d128h2L4,984192,6400,cifar10_rgb_planar,3,7.818255066871643,4
d128h2L4,984192,6400,cifar10_rgb_planar,4,7.809168815612793,4
d128h2L4,984192,6400,cifar10_rgb_hwc,1,7.852480530738831,4
d128h2L4,984192,6400,cifar10_rgb_hwc,2,7.807714541753133,4
d128h2L4,984192,6400,cifar10_rgb_hwc,3,7.7910614013671875,4
d128h2L4,984192,6400,cifar10_rgb_hwc,4,7.7821502685546875,4
d128h2L4,984192,6400,kolmogorov_text,1,7.9002251625061035,4
d128h2L4,984192,6400,kolmogorov_text,2,7.8114964962005615,4
d128h2L4,984192,6400,kolmogorov_text,3,7.77594792842865,4
d128h2L4,984192,6400,kolmogorov_text,4,7.7551093101501465,4
d128h2L4,984192,6400,kolmogorov_dna,1,4.26004832983017,4
d128h2L4,984192,6400,kolmogorov_dna,2,3.5807936986287436,4
d128h2L4,984192,6400,kolmogorov_dna,3,3.353455066680908,4
d128h2L4,984192,6400,kolmogorov_dna,4,3.2453157901763916,4
d128h2L4,984192,6400,metamath,1,7.755094528198242,4
d128h2L4,984192,6400,metamath,2,7.538406133651733,4
d128h2L4,984192,6400,metamath,3,7.458297848701477,4
d128h2L4,984192,6400,metamath,4,7.410045623779297,4
d128h2L4,984192,6400,aitdcc_a_protein,1,7.944844961166382,4
d128h2L4,984192,6400,aitdcc_a_protein,2,7.918447891871135,4
d128h2L4,984192,6400,aitdcc_a_protein,3,7.908769369125366,4
d128h2L4,984192,6400,aitdcc_a_protein,4,7.903684139251709,4
d128h2L4,984192,6400,aitdcc_b_c_source,1,7.9794968366622925,4
d128h2L4,984192,6400,aitdcc_b_c_source,2,7.910691261291504,4
d128h2L4,984192,6400,aitdcc_b_c_source,3,7.8844170570373535,4
d128h2L4,984192,6400,aitdcc_b_c_source,4,7.869574546813965,4
d128h2L4,984192,6400,aitdcc_d_glibc_rand,1,8.060765027999878,4
d128h2L4,984192,6400,aitdcc_d_glibc_rand,2,8.0363876024882,4
d128h2L4,984192,6400,aitdcc_d_glibc_rand,3,8.027858018875122,4
d128h2L4,984192,6400,aitdcc_d_glibc_rand,4,8.023472785949707,4
d128h2L4,984192,6400,aitdcc_e_atlas_float32,1,8.018176674842834,4
d128h2L4,984192,6400,aitdcc_e_atlas_float32,2,7.988888104756673,4
d128h2L4,984192,6400,aitdcc_e_atlas_float32,3,7.978308439254761,4
d128h2L4,984192,6400,aitdcc_e_atlas_float32,4,7.972747802734375,4
d128h2L4,984192,6400,aitdcc_g_astronomy,1,4.304826259613037,4
d128h2L4,984192,6400,aitdcc_g_astronomy,2,4.259957472483317,4
d128h2L4,984192,6400,aitdcc_g_astronomy,3,4.244678974151611,4
d128h2L4,984192,6400,aitdcc_g_astronomy,4,4.236126899719238,4
d128h2L4,984192,6400,llm_compression_python,1,7.532174825668335,4
d128h2L4,984192,6400,llm_compression_python,2,7.2898062864939375,4
d128h2L4,984192,6400,llm_compression_python,3,7.207348108291626,4
d128h2L4,984192,6400,llm_compression_python,4,7.1661529541015625,4
d128h2L4,984192,6400,llm_compression_cc,1,7.859424710273743,4
d128h2L4,984192,6400,llm_compression_cc,2,7.741789102554321,4
d128h2L4,984192,6400,llm_compression_cc,3,7.692965149879456,4
d128h2L4,984192,6400,llm_compression_cc,4,7.663544654846191,4
d128h2L4,984192,6400,llm_compression_arxiv_math,1,7.85483455657959,4
d128h2L4,984192,6400,llm_compression_arxiv_math,2,7.766173442204793,4
d128h2L4,984192,6400,llm_compression_arxiv_math,3,7.732851147651672,4
d128h2L4,984192,6400,llm_compression_arxiv_math,4,7.714057445526123,4
d128h2L4,984192,6400,esc50_pcm8,1,7.098190546035767,4
d128h2L4,984192,6400,esc50_pcm8,2,6.911487817764282,4
d128h2L4,984192,6400,esc50_pcm8,3,6.835266947746277,4
d128h2L4,984192,6400,esc50_pcm8,4,6.802751541137695,4
d128h2L4,984192,6400,esc50_pcm8_11khz,1,7.149886250495911,4
d128h2L4,984192,6400,esc50_pcm8_11khz,2,6.970793803532918,4
d128h2L4,984192,6400,esc50_pcm8_11khz,3,6.899165511131287,4
d128h2L4,984192,6400,esc50_pcm8_11khz,4,6.869181156158447,4
d128h2L4,984192,6400,musicnet_pcm8,1,7.809071898460388,4
d128h2L4,984192,6400,musicnet_pcm8,2,7.753294070561727,4
d128h2L4,984192,6400,musicnet_pcm8,3,7.729970812797546,4
d128h2L4,984192,6400,musicnet_pcm8,4,7.717106342315674,4
d128h2L4,984192,6400,musicnet_pcm8_11khz,1,7.570722579956055,4
d128h2L4,984192,6400,musicnet_pcm8_11khz,2,7.4499116738637285,4
d128h2L4,984192,6400,musicnet_pcm8_11khz,3,7.403249621391296,4
d128h2L4,984192,6400,musicnet_pcm8_11khz,4,7.384726524353027,4
d128h2L4,984192,6656,dclm,1,7.887954831123352,4
d128h2L4,984192,6656,dclm,2,7.7885355949401855,4
d128h2L4,984192,6656,dclm,3,7.760849595069885,4
d128h2L4,984192,6656,dclm,4,7.746585845947266,4
d128h2L4,984192,6656,dclm_ranked,1,6.67153263092041,4
d128h2L4,984192,6656,dclm_ranked,2,6.12690011660258,4
d128h2L4,984192,6656,dclm_ranked,3,5.920668721199036,4
d128h2L4,984192,6656,dclm_ranked,4,5.809444427490234,4
d128h2L4,984192,6656,dna,1,4.136376202106476,4
d128h2L4,984192,6656,dna,2,3.5188076893488565,4
d128h2L4,984192,6656,dna,3,3.303223967552185,4
d128h2L4,984192,6656,dna,4,3.1927571296691895,4
d128h2L4,984192,6656,arithmetic,1,7.997754454612732,4
d128h2L4,984192,6656,arithmetic,2,7.963242848714192,4
d128h2L4,984192,6656,arithmetic,3,7.949987411499023,4
d128h2L4,984192,6656,arithmetic,4,7.942538738250732,4
d128h2L4,984192,6656,audio_8bit,1,4.607431054115295,4
d128h2L4,984192,6656,audio_8bit,2,4.155516306559245,4
d128h2L4,984192,6656,audio_8bit,3,3.997697174549103,4
d128h2L4,984192,6656,audio_8bit,4,3.9169609546661377,4
d128h2L4,984192,6656,audio_16bit,1,6.372898101806641,4
d128h2L4,984192,6656,audio_16bit,2,6.176695346832275,4
d128h2L4,984192,6656,audio_16bit,3,6.110702633857727,4
d128h2L4,984192,6656,audio_16bit,4,6.076728820800781,4
d128h2L4,984192,6656,speech_commands_pcm8,1,7.07476019859314,4
d128h2L4,984192,6656,speech_commands_pcm8,2,6.900409857432048,4
d128h2L4,984192,6656,speech_commands_pcm8,3,6.826537847518921,4
d128h2L4,984192,6656,speech_commands_pcm8,4,6.790512561798096,4
d128h2L4,984192,6656,speech_commands_pcm8_8khz,1,6.997915863990784,4
d128h2L4,984192,6656,speech_commands_pcm8_8khz,2,6.793941418329875,4
d128h2L4,984192,6656,speech_commands_pcm8_8khz,3,6.707561612129211,4
d128h2L4,984192,6656,speech_commands_pcm8_8khz,4,6.6655049324035645,4
d128h2L4,984192,6656,mutopia_melody_16th,1,7.025320529937744,4
d128h2L4,984192,6656,mutopia_melody_16th,2,6.823962529500325,4
d128h2L4,984192,6656,mutopia_melody_16th,3,6.744115233421326,4
d128h2L4,984192,6656,mutopia_melody_16th,4,6.702098369598389,4
d128h2L4,984192,6656,cifar10_rgb_planar,1,7.9085551500320435,4
d128h2L4,984192,6656,cifar10_rgb_planar,2,7.865729967753093,4
d128h2L4,984192,6656,cifar10_rgb_planar,3,7.850088357925415,4
d128h2L4,984192,6656,cifar10_rgb_planar,4,7.841693878173828,4
d128h2L4,984192,6656,cifar10_rgb_hwc,1,7.88327157497406,4
d128h2L4,984192,6656,cifar10_rgb_hwc,2,7.842154423395793,4
d128h2L4,984192,6656,cifar10_rgb_hwc,3,7.827154159545898,4
d128h2L4,984192,6656,cifar10_rgb_hwc,4,7.819161415100098,4
d128h2L4,984192,6656,kolmogorov_text,1,7.943378448486328,4
d128h2L4,984192,6656,kolmogorov_text,2,7.860522508621216,4
d128h2L4,984192,6656,kolmogorov_text,3,7.838101148605347,4
d128h2L4,984192,6656,kolmogorov_text,4,7.826789855957031,4
d128h2L4,984192,6656,kolmogorov_dna,1,4.372067630290985,4
d128h2L4,984192,6656,kolmogorov_dna,2,3.700309713681539,4
d128h2L4,984192,6656,kolmogorov_dna,3,3.459996461868286,4
d128h2L4,984192,6656,kolmogorov_dna,4,3.334657907485962,4
d128h2L4,984192,6656,metamath,1,7.752387046813965,4
d128h2L4,984192,6656,metamath,2,7.59860372543335,4
d128h2L4,984192,6656,metamath,3,7.550359010696411,4
d128h2L4,984192,6656,metamath,4,7.524352550506592,4
d128h2L4,984192,6656,aitdcc_a_protein,1,7.972850799560547,4
d128h2L4,984192,6656,aitdcc_a_protein,2,7.954294919967651,4
d128h2L4,984192,6656,aitdcc_a_protein,3,7.947627067565918,4
d128h2L4,984192,6656,aitdcc_a_protein,4,7.944172382354736,4
d128h2L4,984192,6656,aitdcc_b_c_source,1,8.00514280796051,4
d128h2L4,984192,6656,aitdcc_b_c_source,2,7.941565752029419,4
d128h2L4,984192,6656,aitdcc_b_c_source,3,7.924573659896851,4
d128h2L4,984192,6656,aitdcc_b_c_source,4,7.916004180908203,4
d128h2L4,984192,6656,aitdcc_d_glibc_rand,1,8.062799215316772,4
d128h2L4,984192,6656,aitdcc_d_glibc_rand,2,8.035600662231445,4
d128h2L4,984192,6656,aitdcc_d_glibc_rand,3,8.02624773979187,4
d128h2L4,984192,6656,aitdcc_d_glibc_rand,4,8.021418571472168,4
d128h2L4,984192,6656,aitdcc_e_atlas_float32,1,8.057793855667114,4
d128h2L4,984192,6656,aitdcc_e_atlas_float32,2,8.035416920979818,4
d128h2L4,984192,6656,aitdcc_e_atlas_float32,3,8.027741432189941,4
d128h2L4,984192,6656,aitdcc_e_atlas_float32,4,8.023794174194336,4
d128h2L4,984192,6656,aitdcc_g_astronomy,1,4.281272888183594,4
d128h2L4,984192,6656,aitdcc_g_astronomy,2,4.249486684799194,4
d128h2L4,984192,6656,aitdcc_g_astronomy,3,4.239924192428589,4
d128h2L4,984192,6656,aitdcc_g_astronomy,4,4.23520565032959,4
d128h2L4,984192,6656,llm_compression_python,1,7.510882496833801,4
d128h2L4,984192,6656,llm_compression_python,2,7.3765707810719805,4
d128h2L4,984192,6656,llm_compression_python,3,7.334368586540222,4
d128h2L4,984192,6656,llm_compression_python,4,7.312098979949951,4
d128h2L4,984192,6656,llm_compression_cc,1,7.897107124328613,4
d128h2L4,984192,6656,llm_compression_cc,2,7.8013826211293535,4
d128h2L4,984192,6656,llm_compression_cc,3,7.774781703948975,4
d128h2L4,984192,6656,llm_compression_cc,4,7.761139392852783,4
d128h2L4,984192,6656,llm_compression_arxiv_math,1,7.894803166389465,4
d128h2L4,984192,6656,llm_compression_arxiv_math,2,7.8122611840566,4
d128h2L4,984192,6656,llm_compression_arxiv_math,3,7.787959694862366,4
d128h2L4,984192,6656,llm_compression_arxiv_math,4,7.775145530700684,4
d128h2L4,984192,6656,esc50_pcm8,1,7.108410120010376,4
d128h2L4,984192,6656,esc50_pcm8,2,6.967646439870198,4
d128h2L4,984192,6656,esc50_pcm8,3,6.909119486808777,4
d128h2L4,984192,6656,esc50_pcm8,4,6.879800796508789,4
d128h2L4,984192,6656,esc50_pcm8_11khz,1,7.168556571006775,4
d128h2L4,984192,6656,esc50_pcm8_11khz,2,7.035324494043986,4
d128h2L4,984192,6656,esc50_pcm8_11khz,3,6.9801188707351685,4
d128h2L4,984192,6656,esc50_pcm8_11khz,4,6.9526801109313965,4
d128h2L4,984192,6656,musicnet_pcm8,1,7.867191672325134,4
d128h2L4,984192,6656,musicnet_pcm8,2,7.830601056416829,4
d128h2L4,984192,6656,musicnet_pcm8,3,7.815658926963806,4
d128h2L4,984192,6656,musicnet_pcm8,4,7.807408809661865,4
d128h2L4,984192,6656,musicnet_pcm8_11khz,1,7.620062470436096,4
d128h2L4,984192,6656,musicnet_pcm8_11khz,2,7.544839859008789,4
d128h2L4,984192,6656,musicnet_pcm8_11khz,3,7.514423966407776,4
d128h2L4,984192,6656,musicnet_pcm8_11khz,4,7.499402046203613,4
d128h2L4,984192,6912,dclm,1,7.866097450256348,4
d128h2L4,984192,6912,dclm,2,7.755797386169434,4
d128h2L4,984192,6912,dclm,3,7.7141700983047485,4
d128h2L4,984192,6912,dclm,4,7.690124988555908,4
d128h2L4,984192,6912,dclm_ranked,1,6.692877888679504,4
d128h2L4,984192,6912,dclm_ranked,2,6.101931254069011,4
d128h2L4,984192,6912,dclm_ranked,3,5.880519986152649,4
d128h2L4,984192,6912,dclm_ranked,4,5.762253284454346,4
d128h2L4,984192,6912,dna,1,4.038340628147125,4
d128h2L4,984192,6912,dna,2,3.3576306899388633,4
d128h2L4,984192,6912,dna,3,3.1259695291519165,4
d128h2L4,984192,6912,dna,4,3.0108370780944824,4
d128h2L4,984192,6912,arithmetic,1,8.00320553779602,4
d128h2L4,984192,6912,arithmetic,2,7.963976860046387,4
d128h2L4,984192,6912,arithmetic,3,7.949576497077942,4
d128h2L4,984192,6912,arithmetic,4,7.94191312789917,4
d128h2L4,984192,6912,audio_8bit,1,4.584182381629944,4
d128h2L4,984192,6912,audio_8bit,2,4.065167148907979,4
d128h2L4,984192,6912,audio_8bit,3,3.8753784894943237,4
d128h2L4,984192,6912,audio_8bit,4,3.7749032974243164,4
d128h2L4,984192,6912,audio_16bit,1,6.395996928215027,4
d128h2L4,984192,6912,audio_16bit,2,6.179195562998454,4
d128h2L4,984192,6912,audio_16bit,3,6.103803515434265,4
d128h2L4,984192,6912,audio_16bit,4,6.065244674682617,4
d128h2L4,984192,6912,speech_commands_pcm8,1,6.93159544467926,4
d128h2L4,984192,6912,speech_commands_pcm8,2,6.4178158442179365,4
d128h2L4,984192,6912,speech_commands_pcm8,3,6.075090765953064,4
d128h2L4,984192,6912,speech_commands_pcm8,4,5.806793212890625,4
d128h2L4,984192,6912,speech_commands_pcm8_8khz,1,6.883835673332214,4
d128h2L4,984192,6912,speech_commands_pcm8_8khz,2,6.260844707489014,4
d128h2L4,984192,6912,speech_commands_pcm8_8khz,3,5.8449060916900635,4
d128h2L4,984192,6912,speech_commands_pcm8_8khz,4,5.516763210296631,4
d128h2L4,984192,6912,mutopia_melody_16th,1,6.719562292098999,4
d128h2L4,984192,6912,mutopia_melody_16th,2,6.351734002431233,4
d128h2L4,984192,6912,mutopia_melody_16th,3,6.178714632987976,4
d128h2L4,984192,6912,mutopia_melody_16th,4,6.089693069458008,4
d128h2L4,984192,6912,cifar10_rgb_planar,1,7.897341370582581,4
d128h2L4,984192,6912,cifar10_rgb_planar,2,7.844086408615112,4
d128h2L4,984192,6912,cifar10_rgb_planar,3,7.824352145195007,4
d128h2L4,984192,6912,cifar10_rgb_planar,4,7.81356954574585,4
d128h2L4,984192,6912,cifar10_rgb_hwc,1,7.866301655769348,4
d128h2L4,984192,6912,cifar10_rgb_hwc,2,7.815051237742106,4
d128h2L4,984192,6912,cifar10_rgb_hwc,3,7.796097636222839,4
d128h2L4,984192,6912,cifar10_rgb_hwc,4,7.7858452796936035,4
d128h2L4,984192,6912,kolmogorov_text,1,7.929435610771179,4
d128h2L4,984192,6912,kolmogorov_text,2,7.8443238735198975,4
d128h2L4,984192,6912,kolmogorov_text,3,7.813104271888733,4
d128h2L4,984192,6912,kolmogorov_text,4,7.795320510864258,4
d128h2L4,984192,6912,kolmogorov_dna,1,3.8883367776870728,4
d128h2L4,984192,6912,kolmogorov_dna,2,3.2975810368855796,4
d128h2L4,984192,6912,kolmogorov_dna,3,3.1081960201263428,4
d128h2L4,984192,6912,kolmogorov_dna,4,3.0145621299743652,4
d128h2L4,984192,6912,metamath,1,7.634220600128174,4
d128h2L4,984192,6912,metamath,2,7.412790298461914,4
d128h2L4,984192,6912,metamath,3,7.324066996574402,4
d128h2L4,984192,6912,metamath,4,7.27260684967041,4
d128h2L4,984192,6912,aitdcc_a_protein,1,7.926834344863892,4
d128h2L4,984192,6912,aitdcc_a_protein,2,7.863881826400757,4
d128h2L4,984192,6912,aitdcc_a_protein,3,7.834796786308289,4
d128h2L4,984192,6912,aitdcc_a_protein,4,7.816460132598877,4
d128h2L4,984192,6912,aitdcc_b_c_source,1,7.992368698120117,4
d128h2L4,984192,6912,aitdcc_b_c_source,2,7.9300492604573565,4
d128h2L4,984192,6912,aitdcc_b_c_source,3,7.907983660697937,4
d128h2L4,984192,6912,aitdcc_b_c_source,4,7.895968914031982,4
d128h2L4,984192,6912,aitdcc_d_glibc_rand,1,8.068051815032959,4
d128h2L4,984192,6912,aitdcc_d_glibc_rand,2,8.037360986073812,4
d128h2L4,984192,6912,aitdcc_d_glibc_rand,3,8.026735067367554,4
d128h2L4,984192,6912,aitdcc_d_glibc_rand,4,8.02123737335205,4
d128h2L4,984192,6912,aitdcc_e_atlas_float32,1,8.069892406463623,4
d128h2L4,984192,6912,aitdcc_e_atlas_float32,2,8.043044249216715,4
d128h2L4,984192,6912,aitdcc_e_atlas_float32,3,8.033798933029175,4
d128h2L4,984192,6912,aitdcc_e_atlas_float32,4,8.029061317443848,4
d128h2L4,984192,6912,aitdcc_g_astronomy,1,4.549668550491333,4
d128h2L4,984192,6912,aitdcc_g_astronomy,2,4.385333935419719,4
d128h2L4,984192,6912,aitdcc_g_astronomy,3,4.3444637060165405,4
d128h2L4,984192,6912,aitdcc_g_astronomy,4,4.32131290435791,4
d128h2L4,984192,6912,llm_compression_python,1,7.438973903656006,4
d128h2L4,984192,6912,llm_compression_python,2,7.256331205368042,4
d128h2L4,984192,6912,llm_compression_python,3,7.191920042037964,4
d128h2L4,984192,6912,llm_compression_python,4,7.157761096954346,4
d128h2L4,984192,6912,llm_compression_cc,1,7.877336502075195,4
d128h2L4,984192,6912,llm_compression_cc,2,7.772877375284831,4
d128h2L4,984192,6912,llm_compression_cc,3,7.733049631118774,4
d128h2L4,984192,6912,llm_compression_cc,4,7.7099080085754395,4
d128h2L4,984192,6912,llm_compression_arxiv_math,1,7.863342642784119,4
d128h2L4,984192,6912,llm_compression_arxiv_math,2,7.7847081025441485,4
d128h2L4,984192,6912,llm_compression_arxiv_math,3,7.755024552345276,4
d128h2L4,984192,6912,llm_compression_arxiv_math,4,7.738367080688477,4
d128h2L4,984192,6912,esc50_pcm8,1,6.928864479064941,4
d128h2L4,984192,6912,esc50_pcm8,2,6.5841803550720215,4
d128h2L4,984192,6912,esc50_pcm8,3,6.36846923828125,4
d128h2L4,984192,6912,esc50_pcm8,4,6.205965518951416,4
d128h2L4,984192,6912,esc50_pcm8_11khz,1,6.992760539054871,4
d128h2L4,984192,6912,esc50_pcm8_11khz,2,6.656316916147868,4
d128h2L4,984192,6912,esc50_pcm8_11khz,3,6.444647192955017,4
d128h2L4,984192,6912,esc50_pcm8_11khz,4,6.285244941711426,4
d128h2L4,984192,6912,musicnet_pcm8,1,7.804014325141907,4
d128h2L4,984192,6912,musicnet_pcm8,2,7.7398708661397295,4
d128h2L4,984192,6912,musicnet_pcm8,3,7.70875346660614,4
d128h2L4,984192,6912,musicnet_pcm8,4,7.689032077789307,4
d128h2L4,984192,6912,musicnet_pcm8_11khz,1,7.525729417800903,4
d128h2L4,984192,6912,musicnet_pcm8_11khz,2,7.319036483764648,4
d128h2L4,984192,6912,musicnet_pcm8_11khz,3,7.187065482139587,4
d128h2L4,984192,6912,musicnet_pcm8_11khz,4,7.085542678833008,4
d128h2L4,984192,7168,dclm,1,7.863773584365845,4
d128h2L4,984192,7168,dclm,2,7.7708884080251055,4
d128h2L4,984192,7168,dclm,3,7.73612904548645,4
d128h2L4,984192,7168,dclm,4,7.717175006866455,4
d128h2L4,984192,7168,dclm_ranked,1,6.735488176345825,4
d128h2L4,984192,7168,dclm_ranked,2,6.190907955169678,4
d128h2L4,984192,7168,dclm_ranked,3,5.984432101249695,4
d128h2L4,984192,7168,dclm_ranked,4,5.873594284057617,4
d128h2L4,984192,7168,dna,1,4.241347670555115,4
d128h2L4,984192,7168,dna,2,3.5581039985020957,4
d128h2L4,984192,7168,dna,3,3.307631194591522,4
d128h2L4,984192,7168,dna,4,3.180720329284668,4
d128h2L4,984192,7168,arithmetic,1,8.00543749332428,4
d128h2L4,984192,7168,arithmetic,2,7.971086661020915,4
d128h2L4,984192,7168,arithmetic,3,7.957805633544922,4
d128h2L4,984192,7168,arithmetic,4,7.9504194259643555,4
d128h2L4,984192,7168,audio_8bit,1,4.778513789176941,4
d128h2L4,984192,7168,audio_8bit,2,4.235633293787639,4
d128h2L4,984192,7168,audio_8bit,3,4.043209910392761,4
d128h2L4,984192,7168,audio_8bit,4,3.944192409515381,4
d128h2L4,984192,7168,audio_16bit,1,6.411791801452637,4
d128h2L4,984192,7168,audio_16bit,2,6.178359429041545,4
d128h2L4,984192,7168,audio_16bit,3,6.096893668174744,4
d128h2L4,984192,7168,audio_16bit,4,6.055077075958252,4
d128h2L4,984192,7168,speech_commands_pcm8,1,7.343348979949951,4
d128h2L4,984192,7168,speech_commands_pcm8,2,7.228441476821899,4
d128h2L4,984192,7168,speech_commands_pcm8,3,7.19364070892334,4
d128h2L4,984192,7168,speech_commands_pcm8,4,7.175636291503906,4
d128h2L4,984192,7168,speech_commands_pcm8_8khz,1,7.373206377029419,4
d128h2L4,984192,7168,speech_commands_pcm8_8khz,2,7.203587532043457,4
d128h2L4,984192,7168,speech_commands_pcm8_8khz,3,7.159303307533264,4
d128h2L4,984192,7168,speech_commands_pcm8_8khz,4,7.1370344161987305,4
d128h2L4,984192,7168,mutopia_melody_16th,1,7.265507936477661,4
d128h2L4,984192,7168,mutopia_melody_16th,2,7.1542313893636065,4
d128h2L4,984192,7168,mutopia_melody_16th,3,7.119675397872925,4
d128h2L4,984192,7168,mutopia_melody_16th,4,7.101682186126709,4
d128h2L4,984192,7168,cifar10_rgb_planar,1,7.909868240356445,4
d128h2L4,984192,7168,cifar10_rgb_planar,2,7.862674633661906,4
d128h2L4,984192,7168,cifar10_rgb_planar,3,7.8451279401779175,4
d128h2L4,984192,7168,cifar10_rgb_planar,4,7.835687160491943,4
d128h2L4,984192,7168,cifar10_rgb_hwc,1,7.879321932792664,4
d128h2L4,984192,7168,cifar10_rgb_hwc,2,7.833572149276733,4
d128h2L4,984192,7168,cifar10_rgb_hwc,3,7.816690921783447,4
d128h2L4,984192,7168,cifar10_rgb_hwc,4,7.807516098022461,4
d128h2L4,984192,7168,kolmogorov_text,1,7.924722194671631,4
d128h2L4,984192,7168,kolmogorov_text,2,7.853976567586263,4
d128h2L4,984192,7168,kolmogorov_text,3,7.827700734138489,4
d128h2L4,984192,7168,kolmogorov_text,4,7.813779354095459,4
d128h2L4,984192,7168,kolmogorov_dna,1,4.198797166347504,4
d128h2L4,984192,7168,kolmogorov_dna,2,3.6180653969446817,4
d128h2L4,984192,7168,kolmogorov_dna,3,3.4143319725990295,4
d128h2L4,984192,7168,kolmogorov_dna,4,3.309680223464966,4
d128h2L4,984192,7168,metamath,1,7.617874503135681,4
d128h2L4,984192,7168,metamath,2,7.481478611628215,4
d128h2L4,984192,7168,metamath,3,7.429648041725159,4
d128h2L4,984192,7168,metamath,4,7.400253772735596,4
d128h2L4,984192,7168,aitdcc_a_protein,1,8.011134028434753,4
d128h2L4,984192,7168,aitdcc_a_protein,2,7.982936143875122,4
d128h2L4,984192,7168,aitdcc_a_protein,3,7.973370671272278,4
d128h2L4,984192,7168,aitdcc_a_protein,4,7.968445777893066,4
d128h2L4,984192,7168,aitdcc_b_c_source,1,7.993157982826233,4
d128h2L4,984192,7168,aitdcc_b_c_source,2,7.9465882778167725,4
d128h2L4,984192,7168,aitdcc_b_c_source,3,7.929128408432007,4
d128h2L4,984192,7168,aitdcc_b_c_source,4,7.919756889343262,4
d128h2L4,984192,7168,aitdcc_d_glibc_rand,1,8.063389778137207,4
d128h2L4,984192,7168,aitdcc_d_glibc_rand,2,8.03658930460612,4
d128h2L4,984192,7168,aitdcc_d_glibc_rand,3,8.027004957199097,4
d128h2L4,984192,7168,aitdcc_d_glibc_rand,4,8.021955490112305,4
d128h2L4,984192,7168,aitdcc_e_atlas_float32,1,8.05825400352478,4
d128h2L4,984192,7168,aitdcc_e_atlas_float32,2,8.032551447550455,4
d128h2L4,984192,7168,aitdcc_e_atlas_float32,3,8.023601055145264,4
d128h2L4,984192,7168,aitdcc_e_atlas_float32,4,8.018904685974121,4
d128h2L4,984192,7168,aitdcc_g_astronomy,1,4.586178421974182,4
d128h2L4,984192,7168,aitdcc_g_astronomy,2,4.459644873936971,4
d128h2L4,984192,7168,aitdcc_g_astronomy,3,4.431182026863098,4
d128h2L4,984192,7168,aitdcc_g_astronomy,4,4.417304515838623,4
d128h2L4,984192,7168,llm_compression_python,1,7.4494651556015015,4
d128h2L4,984192,7168,llm_compression_python,2,7.3121457894643145,4
d128h2L4,984192,7168,llm_compression_python,3,7.26456344127655,4
d128h2L4,984192,7168,llm_compression_python,4,7.240139961242676,4
d128h2L4,984192,7168,llm_compression_cc,1,7.874314069747925,4
d128h2L4,984192,7168,llm_compression_cc,2,7.7856364250183105,4
d128h2L4,984192,7168,llm_compression_cc,3,7.752167701721191,4
d128h2L4,984192,7168,llm_compression_cc,4,7.7340826988220215,4
d128h2L4,984192,7168,llm_compression_arxiv_math,1,7.872565865516663,4
d128h2L4,984192,7168,llm_compression_arxiv_math,2,7.8125425179799395,4
d128h2L4,984192,7168,llm_compression_arxiv_math,3,7.790687441825867,4
d128h2L4,984192,7168,llm_compression_arxiv_math,4,7.778857231140137,4
d128h2L4,984192,7168,esc50_pcm8,1,7.289884448051453,4
d128h2L4,984192,7168,esc50_pcm8,2,7.189929167429606,4
d128h2L4,984192,7168,esc50_pcm8,3,7.154112339019775,4
d128h2L4,984192,7168,esc50_pcm8,4,7.134458065032959,4
d128h2L4,984192,7168,esc50_pcm8_11khz,1,7.343328475952148,4
d128h2L4,984192,7168,esc50_pcm8_11khz,2,7.2504598299662275,4
d128h2L4,984192,7168,esc50_pcm8_11khz,3,7.218406438827515,4
d128h2L4,984192,7168,esc50_pcm8_11khz,4,7.201097011566162,4
d128h2L4,984192,7168,musicnet_pcm8,1,7.840623378753662,4
d128h2L4,984192,7168,musicnet_pcm8,2,7.808069705963135,4
d128h2L4,984192,7168,musicnet_pcm8,3,7.796110510826111,4
d128h2L4,984192,7168,musicnet_pcm8,4,7.789780139923096,4
d128h2L4,984192,7168,musicnet_pcm8_11khz,1,7.66957950592041,4
d128h2L4,984192,7168,musicnet_pcm8_11khz,2,7.617366711298625,4
d128h2L4,984192,7168,musicnet_pcm8_11khz,3,7.600004315376282,4
d128h2L4,984192,7168,musicnet_pcm8_11khz,4,7.591145038604736,4
d128h2L4,984192,7424,dclm,1,8.087879180908203,4
d128h2L4,984192,7424,dclm,2,8.022448062896729,4
d128h2L4,984192,7424,dclm,3,7.998037338256836,4
d128h2L4,984192,7424,dclm,4,7.985389232635498,4
d128h2L4,984192,7424,dclm_ranked,1,7.1037702560424805,4
d128h2L4,984192,7424,dclm_ranked,2,6.4236055215199785,4
d128h2L4,984192,7424,dclm_ranked,3,6.164833307266235,4
d128h2L4,984192,7424,dclm_ranked,4,6.026025295257568,4
d128h2L4,984192,7424,dna,1,4.970054626464844,4
d128h2L4,984192,7424,dna,2,3.95464289188385,4
d128h2L4,984192,7424,dna,3,3.57181316614151,4
d128h2L4,984192,7424,dna,4,3.377842903137207,4
d128h2L4,984192,7424,arithmetic,1,8.102867126464844,4
d128h2L4,984192,7424,arithmetic,2,8.03844134012858,4
d128h2L4,984192,7424,arithmetic,3,8.018622875213623,4
d128h2L4,984192,7424,arithmetic,4,8.007584571838379,4
d128h2L4,984192,7424,audio_8bit,1,5.391370534896851,4
d128h2L4,984192,7424,audio_8bit,2,4.6171979904174805,4
d128h2L4,984192,7424,audio_8bit,3,4.368456602096558,4
d128h2L4,984192,7424,audio_8bit,4,4.238608360290527,4
d128h2L4,984192,7424,audio_16bit,1,6.924798369407654,4
d128h2L4,984192,7424,audio_16bit,2,6.387304226557414,4
d128h2L4,984192,7424,audio_16bit,3,6.253259181976318,4
d128h2L4,984192,7424,audio_16bit,4,6.181437015533447,4
d128h2L4,984192,7424,speech_commands_pcm8,1,8.623873233795166,4
d128h2L4,984192,7424,speech_commands_pcm8,2,7.54019832611084,4
d128h2L4,984192,7424,speech_commands_pcm8,3,7.424008369445801,4
d128h2L4,984192,7424,speech_commands_pcm8,4,7.368286609649658,4
d128h2L4,984192,7424,speech_commands_pcm8_8khz,1,8.870534658432007,4
d128h2L4,984192,7424,speech_commands_pcm8_8khz,2,7.572921911875407,4
d128h2L4,984192,7424,speech_commands_pcm8_8khz,3,7.436568856239319,4
d128h2L4,984192,7424,speech_commands_pcm8_8khz,4,7.370226860046387,4
d128h2L4,984192,7424,mutopia_melody_16th,1,7.59091591835022,4
d128h2L4,984192,7424,mutopia_melody_16th,2,7.033806165059407,4
d128h2L4,984192,7424,mutopia_melody_16th,3,6.928297758102417,4
d128h2L4,984192,7424,mutopia_melody_16th,4,6.876095294952393,4
d128h2L4,984192,7424,cifar10_rgb_planar,1,8.023598790168762,4
d128h2L4,984192,7424,cifar10_rgb_planar,2,7.963670571645101,4
d128h2L4,984192,7424,cifar10_rgb_planar,3,7.944208860397339,4
d128h2L4,984192,7424,cifar10_rgb_planar,4,7.9338178634643555,4
d128h2L4,984192,7424,cifar10_rgb_hwc,1,7.996729493141174,4
d128h2L4,984192,7424,cifar10_rgb_hwc,2,7.9348790645599365,4
d128h2L4,984192,7424,cifar10_rgb_hwc,3,7.9151458740234375,4
d128h2L4,984192,7424,cifar10_rgb_hwc,4,7.904661655426025,4
d128h2L4,984192,7424,kolmogorov_text,1,8.108816146850586,4
d128h2L4,984192,7424,kolmogorov_text,2,8.056483427683512,4
d128h2L4,984192,7424,kolmogorov_text,3,8.03798496723175,4
d128h2L4,984192,7424,kolmogorov_text,4,8.028520584106445,4
d128h2L4,984192,7424,kolmogorov_dna,1,5.260477066040039,4
d128h2L4,984192,7424,kolmogorov_dna,2,4.205571134885152,4
d128h2L4,984192,7424,kolmogorov_dna,3,3.7890517711639404,4
d128h2L4,984192,7424,kolmogorov_dna,4,3.571887254714966,4
d128h2L4,984192,7424,metamath,1,8.004619002342224,4
d128h2L4,984192,7424,metamath,2,7.86091160774231,4
d128h2L4,984192,7424,metamath,3,7.802736401557922,4
d128h2L4,984192,7424,metamath,4,7.771009922027588,4
d128h2L4,984192,7424,aitdcc_a_protein,1,8.02526605129242,4
d128h2L4,984192,7424,aitdcc_a_protein,2,8.00294534365336,4
d128h2L4,984192,7424,aitdcc_a_protein,3,7.99504280090332,4
d128h2L4,984192,7424,aitdcc_a_protein,4,7.990848541259766,4
d128h2L4,984192,7424,aitdcc_b_c_source,1,8.135292768478394,4
d128h2L4,984192,7424,aitdcc_b_c_source,2,8.091508150100708,4
d128h2L4,984192,7424,aitdcc_b_c_source,3,8.076549172401428,4
d128h2L4,984192,7424,aitdcc_b_c_source,4,8.068855285644531,4
d128h2L4,984192,7424,aitdcc_d_glibc_rand,1,8.140564441680908,4
d128h2L4,984192,7424,aitdcc_d_glibc_rand,2,8.09736935297648,4
d128h2L4,984192,7424,aitdcc_d_glibc_rand,3,8.08255386352539,4
d128h2L4,984192,7424,aitdcc_d_glibc_rand,4,8.074212074279785,4
d128h2L4,984192,7424,aitdcc_e_atlas_float32,1,8.093488454818726,4
d128h2L4,984192,7424,aitdcc_e_atlas_float32,2,8.044198195139566,4
d128h2L4,984192,7424,aitdcc_e_atlas_float32,3,8.025376319885254,4
d128h2L4,984192,7424,aitdcc_e_atlas_float32,4,8.014554977416992,4
d128h2L4,984192,7424,aitdcc_g_astronomy,1,5.199880838394165,4
d128h2L4,984192,7424,aitdcc_g_astronomy,2,4.619290828704834,4
d128h2L4,984192,7424,aitdcc_g_astronomy,3,4.5554152727127075,4
d128h2L4,984192,7424,aitdcc_g_astronomy,4,4.528961181640625,4
d128h2L4,984192,7424,llm_compression_python,1,7.874925971031189,4
d128h2L4,984192,7424,llm_compression_python,2,7.690679470698039,4
d128h2L4,984192,7424,llm_compression_python,3,7.6128599643707275,4
d128h2L4,984192,7424,llm_compression_python,4,7.579282760620117,4
d128h2L4,984192,7424,llm_compression_cc,1,8.0889732837677,4
d128h2L4,984192,7424,llm_compression_cc,2,8.027157386144003,4
d128h2L4,984192,7424,llm_compression_cc,3,8.004358291625977,4
d128h2L4,984192,7424,llm_compression_cc,4,7.992571830749512,4
d128h2L4,984192,7424,llm_compression_arxiv_math,1,8.060335159301758,4
d128h2L4,984192,7424,llm_compression_arxiv_math,2,7.997211694717407,4
d128h2L4,984192,7424,llm_compression_arxiv_math,3,7.97376012802124,4
d128h2L4,984192,7424,llm_compression_arxiv_math,4,7.962729454040527,4
d128h2L4,984192,7424,esc50_pcm8,1,8.383995771408081,4
d128h2L4,984192,7424,esc50_pcm8,2,7.42511264483134,4
d128h2L4,984192,7424,esc50_pcm8,3,7.31274151802063,4
d128h2L4,984192,7424,esc50_pcm8,4,7.2669501304626465,4
d128h2L4,984192,7424,esc50_pcm8_11khz,1,8.374247431755066,4
d128h2L4,984192,7424,esc50_pcm8_11khz,2,7.483271678288777,4
d128h2L4,984192,7424,esc50_pcm8_11khz,3,7.379705786705017,4
d128h2L4,984192,7424,esc50_pcm8_11khz,4,7.33648681640625,4
d128h2L4,984192,7424,musicnet_pcm8,1,8.143020749092102,4
d128h2L4,984192,7424,musicnet_pcm8,2,8.02368950843811,4
d128h2L4,984192,7424,musicnet_pcm8,3,8.00473952293396,4
d128h2L4,984192,7424,musicnet_pcm8,4,7.9954142570495605,4
d128h2L4,984192,7424,musicnet_pcm8_11khz,1,8.32332193851471,4
d128h2L4,984192,7424,musicnet_pcm8_11khz,2,7.8828574021657305,4
d128h2L4,984192,7424,musicnet_pcm8_11khz,3,7.8335137367248535,4
d128h2L4,984192,7424,musicnet_pcm8_11khz,4,7.8099493980407715,4
d128h2L4,984192,7680,dclm,1,7.832340240478516,4
d128h2L4,984192,7680,dclm,2,7.741716543833415,4
d128h2L4,984192,7680,dclm,3,7.704774260520935,4
d128h2L4,984192,7680,dclm,4,7.683492183685303,4
d128h2L4,984192,7680,dclm_ranked,1,7.046583294868469,4
d128h2L4,984192,7680,dclm_ranked,2,6.302738507588704,4
d128h2L4,984192,7680,dclm_ranked,3,5.998903870582581,4
d128h2L4,984192,7680,dclm_ranked,4,5.823159694671631,4
d128h2L4,984192,7680,dna,1,4.684816956520081,4
d128h2L4,984192,7680,dna,2,3.6790799299875894,4
d128h2L4,984192,7680,dna,3,3.3243311643600464,4
d128h2L4,984192,7680,dna,4,3.145843744277954,4
d128h2L4,984192,7680,arithmetic,1,8.012314915657043,4
d128h2L4,984192,7680,arithmetic,2,7.969604969024658,4
d128h2L4,984192,7680,arithmetic,3,7.954169273376465,4
d128h2L4,984192,7680,arithmetic,4,7.945953369140625,4
d128h2L4,984192,7680,audio_8bit,1,4.930232763290405,4
d128h2L4,984192,7680,audio_8bit,2,4.3801454703013105,4
d128h2L4,984192,7680,audio_8bit,3,4.177498817443848,4
d128h2L4,984192,7680,audio_8bit,4,4.070237159729004,4
d128h2L4,984192,7680,audio_16bit,1,6.552846312522888,4
d128h2L4,984192,7680,audio_16bit,2,6.258813858032227,4
d128h2L4,984192,7680,audio_16bit,3,6.157750368118286,4
d128h2L4,984192,7680,audio_16bit,4,6.104593753814697,4
d128h2L4,984192,7680,speech_commands_pcm8,1,7.1605870723724365,4
d128h2L4,984192,7680,speech_commands_pcm8,2,6.942330439885457,4
d128h2L4,984192,7680,speech_commands_pcm8,3,6.846303939819336,4
d128h2L4,984192,7680,speech_commands_pcm8,4,6.785004615783691,4
d128h2L4,984192,7680,speech_commands_pcm8_8khz,1,7.114907264709473,4
d128h2L4,984192,7680,speech_commands_pcm8_8khz,2,6.863150676091512,4
d128h2L4,984192,7680,speech_commands_pcm8_8khz,3,6.753138542175293,4
d128h2L4,984192,7680,speech_commands_pcm8_8khz,4,6.683276176452637,4
d128h2L4,984192,7680,mutopia_melody_16th,1,7.0681679248809814,4
d128h2L4,984192,7680,mutopia_melody_16th,2,6.82148273785909,4
d128h2L4,984192,7680,mutopia_melody_16th,3,6.744510531425476,4
d128h2L4,984192,7680,mutopia_melody_16th,4,6.703879356384277,4
d128h2L4,984192,7680,cifar10_rgb_planar,1,7.918417930603027,4
d128h2L4,984192,7680,cifar10_rgb_planar,2,7.86622683207194,4
d128h2L4,984192,7680,cifar10_rgb_planar,3,7.846703886985779,4
d128h2L4,984192,7680,cifar10_rgb_planar,4,7.8361053466796875,4
d128h2L4,984192,7680,cifar10_rgb_hwc,1,7.885592699050903,4
d128h2L4,984192,7680,cifar10_rgb_hwc,2,7.834741512934367,4
d128h2L4,984192,7680,cifar10_rgb_hwc,3,7.815648674964905,4
d128h2L4,984192,7680,cifar10_rgb_hwc,4,7.805172443389893,4
d128h2L4,984192,7680,kolmogorov_text,1,7.894091963768005,4
d128h2L4,984192,7680,kolmogorov_text,2,7.8207526206970215,4
d128h2L4,984192,7680,kolmogorov_text,3,7.790764689445496,4
d128h2L4,984192,7680,kolmogorov_text,4,7.773550510406494,4
d128h2L4,984192,7680,kolmogorov_dna,1,4.70711213350296,4
d128h2L4,984192,7680,kolmogorov_dna,2,3.7292941411336265,4
d128h2L4,984192,7680,kolmogorov_dna,3,3.3880921006202698,4
d128h2L4,984192,7680,kolmogorov_dna,4,3.216013193130493,4
d128h2L4,984192,7680,metamath,1,7.6665109395980835,4
d128h2L4,984192,7680,metamath,2,7.4829041957855225,4
d128h2L4,984192,7680,metamath,3,7.4154393672943115,4
d128h2L4,984192,7680,metamath,4,7.378238677978516,4
d128h2L4,984192,7680,aitdcc_a_protein,1,8.03018057346344,4
d128h2L4,984192,7680,aitdcc_a_protein,2,8.00927217801412,4
d128h2L4,984192,7680,aitdcc_a_protein,3,8.00146210193634,4
d128h2L4,984192,7680,aitdcc_a_protein,4,7.997309684753418,4
d128h2L4,984192,7680,aitdcc_b_c_source,1,7.962216138839722,4
d128h2L4,984192,7680,aitdcc_b_c_source,2,7.897706826527913,4
d128h2L4,984192,7680,aitdcc_b_c_source,3,7.871778964996338,4
d128h2L4,984192,7680,aitdcc_b_c_source,4,7.8569159507751465,4
d128h2L4,984192,7680,aitdcc_d_glibc_rand,1,8.082033395767212,4
d128h2L4,984192,7680,aitdcc_d_glibc_rand,2,8.048044681549072,4
d128h2L4,984192,7680,aitdcc_d_glibc_rand,3,8.036280870437622,4
d128h2L4,984192,7680,aitdcc_d_glibc_rand,4,8.030076026916504,4
d128h2L4,984192,7680,aitdcc_e_atlas_float32,1,8.0382981300354,4
d128h2L4,984192,7680,aitdcc_e_atlas_float32,2,7.999756495157878,4
d128h2L4,984192,7680,aitdcc_e_atlas_float32,3,7.985660910606384,4
d128h2L4,984192,7680,aitdcc_e_atlas_float32,4,7.978034973144531,4
d128h2L4,984192,7680,aitdcc_g_astronomy,1,4.578541994094849,4
d128h2L4,984192,7680,aitdcc_g_astronomy,2,4.482314030329387,4
d128h2L4,984192,7680,aitdcc_g_astronomy,3,4.448878526687622,4
d128h2L4,984192,7680,aitdcc_g_astronomy,4,4.430731773376465,4
d128h2L4,984192,7680,llm_compression_python,1,7.395445823669434,4
d128h2L4,984192,7680,llm_compression_python,2,7.216712713241577,4
d128h2L4,984192,7680,llm_compression_python,3,7.153472542762756,4
d128h2L4,984192,7680,llm_compression_python,4,7.121182441711426,4
d128h2L4,984192,7680,llm_compression_cc,1,7.8398354053497314,4
d128h2L4,984192,7680,llm_compression_cc,2,7.7536013921101885,4
d128h2L4,984192,7680,llm_compression_cc,3,7.7178603410720825,4
d128h2L4,984192,7680,llm_compression_cc,4,7.697049617767334,4
d128h2L4,984192,7680,llm_compression_arxiv_math,1,7.855943322181702,4
d128h2L4,984192,7680,llm_compression_arxiv_math,2,7.782838185628255,4
d128h2L4,984192,7680,llm_compression_arxiv_math,3,7.7530035972595215,4
d128h2L4,984192,7680,llm_compression_arxiv_math,4,7.7363409996032715,4
d128h2L4,984192,7680,esc50_pcm8,1,7.1516125202178955,4
d128h2L4,984192,7680,esc50_pcm8,2,6.98861026763916,4
d128h2L4,984192,7680,esc50_pcm8,3,6.921511650085449,4
d128h2L4,984192,7680,esc50_pcm8,4,6.881570816040039,4
d128h2L4,984192,7680,esc50_pcm8_11khz,1,7.20031464099884,4
d128h2L4,984192,7680,esc50_pcm8_11khz,2,7.0445897579193115,4
d128h2L4,984192,7680,esc50_pcm8_11khz,3,6.980625510215759,4
d128h2L4,984192,7680,esc50_pcm8_11khz,4,6.9426493644714355,4
d128h2L4,984192,7680,musicnet_pcm8,1,7.848937511444092,4
d128h2L4,984192,7680,musicnet_pcm8,2,7.808742920557658,4
d128h2L4,984192,7680,musicnet_pcm8,3,7.791617035865784,4
d128h2L4,984192,7680,musicnet_pcm8,4,7.7816667556762695,4
d128h2L4,984192,7680,musicnet_pcm8_11khz,1,7.633514165878296,4
d128h2L4,984192,7680,musicnet_pcm8_11khz,2,7.538697322209676,4
d128h2L4,984192,7680,musicnet_pcm8_11khz,3,7.497315406799316,4
d128h2L4,984192,7680,musicnet_pcm8_11khz,4,7.471678256988525,4
d128h2L4,984192,7936,dclm,1,7.783037304878235,4
d128h2L4,984192,7936,dclm,2,7.6866804758707685,4
d128h2L4,984192,7936,dclm,3,7.650578856468201,4
d128h2L4,984192,7936,dclm,4,7.629182815551758,4
d128h2L4,984192,7936,dclm_ranked,1,6.89192521572113,4
d128h2L4,984192,7936,dclm_ranked,2,6.260202566782634,4
d128h2L4,984192,7936,dclm_ranked,3,6.024506688117981,4
d128h2L4,984192,7936,dclm_ranked,4,5.900156497955322,4
d128h2L4,984192,7936,dna,1,4.302884817123413,4
d128h2L4,984192,7936,dna,2,3.5366938511530557,4
d128h2L4,984192,7936,dna,3,3.2631263732910156,4
d128h2L4,984192,7936,dna,4,3.1248228549957275,4
d128h2L4,984192,7936,arithmetic,1,7.981399416923523,4
d128h2L4,984192,7936,arithmetic,2,7.9543350537618,4
d128h2L4,984192,7936,arithmetic,3,7.944685339927673,4
d128h2L4,984192,7936,arithmetic,4,7.939526081085205,4
d128h2L4,984192,7936,audio_8bit,1,4.67274022102356,4
d128h2L4,984192,7936,audio_8bit,2,4.215023676554362,4
d128h2L4,984192,7936,audio_8bit,3,4.050922691822052,4
d128h2L4,984192,7936,audio_8bit,4,3.962212085723877,4
d128h2L4,984192,7936,audio_16bit,1,6.4364378452301025,4
d128h2L4,984192,7936,audio_16bit,2,6.220417896906535,4
d128h2L4,984192,7936,audio_16bit,3,6.1461992263793945,4
d128h2L4,984192,7936,audio_16bit,4,6.1072678565979,4
d128h2L4,984192,7936,speech_commands_pcm8,1,7.085112452507019,4
d128h2L4,984192,7936,speech_commands_pcm8,2,6.912647644678752,4
d128h2L4,984192,7936,speech_commands_pcm8,3,6.8599196672439575,4
d128h2L4,984192,7936,speech_commands_pcm8,4,6.834265232086182,4
d128h2L4,984192,7936,speech_commands_pcm8_8khz,1,6.995482921600342,4
d128h2L4,984192,7936,speech_commands_pcm8_8khz,2,6.778576215108235,4
d128h2L4,984192,7936,speech_commands_pcm8_8khz,3,6.712501645088196,4
d128h2L4,984192,7936,speech_commands_pcm8_8khz,4,6.6803436279296875,4
d128h2L4,984192,7936,mutopia_melody_16th,1,7.115950107574463,4
d128h2L4,984192,7936,mutopia_melody_16th,2,6.888957818349202,4
d128h2L4,984192,7936,mutopia_melody_16th,3,6.79818058013916,4
d128h2L4,984192,7936,mutopia_melody_16th,4,6.750628471374512,4
d128h2L4,984192,7936,cifar10_rgb_planar,1,7.876044034957886,4
d128h2L4,984192,7936,cifar10_rgb_planar,2,7.838893413543701,4
d128h2L4,984192,7936,cifar10_rgb_planar,3,7.824676990509033,4
d128h2L4,984192,7936,cifar10_rgb_planar,4,7.816711902618408,4
d128h2L4,984192,7936,cifar10_rgb_hwc,1,7.842812180519104,4
d128h2L4,984192,7936,cifar10_rgb_hwc,2,7.806848605473836,4
d128h2L4,984192,7936,cifar10_rgb_hwc,3,7.793231964111328,4
d128h2L4,984192,7936,cifar10_rgb_hwc,4,7.78572416305542,4
d128h2L4,984192,7936,kolmogorov_text,1,7.836328864097595,4
d128h2L4,984192,7936,kolmogorov_text,2,7.776322364807129,4
d128h2L4,984192,7936,kolmogorov_text,3,7.754190564155579,4
d128h2L4,984192,7936,kolmogorov_text,4,7.74172830581665,4
d128h2L4,984192,7936,kolmogorov_dna,1,4.323950290679932,4
d128h2L4,984192,7936,kolmogorov_dna,2,3.5878942807515464,4
d128h2L4,984192,7936,kolmogorov_dna,3,3.339470148086548,4
d128h2L4,984192,7936,kolmogorov_dna,4,3.2151565551757812,4
d128h2L4,984192,7936,metamath,1,7.535140156745911,4
d128h2L4,984192,7936,metamath,2,7.379867076873779,4
d128h2L4,984192,7936,metamath,3,7.3221153020858765,4
d128h2L4,984192,7936,metamath,4,7.28953742980957,4
d128h2L4,984192,7936,aitdcc_a_protein,1,7.862413644790649,4
d128h2L4,984192,7936,aitdcc_a_protein,2,7.8376204172770185,4
d128h2L4,984192,7936,aitdcc_a_protein,3,7.827121257781982,4
d128h2L4,984192,7936,aitdcc_a_protein,4,7.821190357208252,4
d128h2L4,984192,7936,aitdcc_b_c_source,1,7.917952656745911,4
d128h2L4,984192,7936,aitdcc_b_c_source,2,7.8699963092803955,4
d128h2L4,984192,7936,aitdcc_b_c_source,3,7.852262020111084,4
d128h2L4,984192,7936,aitdcc_b_c_source,4,7.842350482940674,4
d128h2L4,984192,7936,aitdcc_d_glibc_rand,1,8.046528100967407,4
d128h2L4,984192,7936,aitdcc_d_glibc_rand,2,8.027936935424805,4
d128h2L4,984192,7936,aitdcc_d_glibc_rand,3,8.022008419036865,4
d128h2L4,984192,7936,aitdcc_d_glibc_rand,4,8.0189790725708,4
d128h2L4,984192,7936,aitdcc_e_atlas_float32,1,8.006101727485657,4
d128h2L4,984192,7936,aitdcc_e_atlas_float32,2,7.979966878890991,4
d128h2L4,984192,7936,aitdcc_e_atlas_float32,3,7.97053325176239,4
d128h2L4,984192,7936,aitdcc_e_atlas_float32,4,7.965416431427002,4
d128h2L4,984192,7936,aitdcc_g_astronomy,1,4.396362662315369,4
d128h2L4,984192,7936,aitdcc_g_astronomy,2,4.326762278874715,4
d128h2L4,984192,7936,aitdcc_g_astronomy,3,4.306898832321167,4
d128h2L4,984192,7936,aitdcc_g_astronomy,4,4.297424793243408,4
d128h2L4,984192,7936,llm_compression_python,1,7.34957492351532,4
d128h2L4,984192,7936,llm_compression_python,2,7.179604530334473,4
d128h2L4,984192,7936,llm_compression_python,3,7.124635457992554,4
d128h2L4,984192,7936,llm_compression_python,4,7.095363140106201,4
d128h2L4,984192,7936,llm_compression_cc,1,7.784587621688843,4
d128h2L4,984192,7936,llm_compression_cc,2,7.696637233098348,4
d128h2L4,984192,7936,llm_compression_cc,3,7.663668394088745,4
d128h2L4,984192,7936,llm_compression_cc,4,7.644329071044922,4
d128h2L4,984192,7936,llm_compression_arxiv_math,1,7.780463218688965,4
d128h2L4,984192,7936,llm_compression_arxiv_math,2,7.713346878687541,4
d128h2L4,984192,7936,llm_compression_arxiv_math,3,7.688876986503601,4
d128h2L4,984192,7936,llm_compression_arxiv_math,4,7.675082206726074,4
d128h2L4,984192,7936,esc50_pcm8,1,7.145986557006836,4
d128h2L4,984192,7936,esc50_pcm8,2,7.030592759450276,4
d128h2L4,984192,7936,esc50_pcm8,3,6.9909292459487915,4
d128h2L4,984192,7936,esc50_pcm8,4,6.970513343811035,4
d128h2L4,984192,7936,esc50_pcm8_11khz,1,7.173988342285156,4
d128h2L4,984192,7936,esc50_pcm8_11khz,2,7.0643510818481445,4
d128h2L4,984192,7936,esc50_pcm8_11khz,3,7.026971340179443,4
d128h2L4,984192,7936,esc50_pcm8_11khz,4,7.0080132484436035,4
d128h2L4,984192,7936,musicnet_pcm8,1,7.8526047468185425,4
d128h2L4,984192,7936,musicnet_pcm8,2,7.821128050486247,4
d128h2L4,984192,7936,musicnet_pcm8,3,7.8084447383880615,4
d128h2L4,984192,7936,musicnet_pcm8,4,7.801388740539551,4
d128h2L4,984192,7936,musicnet_pcm8_11khz,1,7.598929047584534,4
d128h2L4,984192,7936,musicnet_pcm8_11khz,2,7.528509457906087,4
d128h2L4,984192,7936,musicnet_pcm8_11khz,3,7.505158543586731,4
d128h2L4,984192,7936,musicnet_pcm8_11khz,4,7.493349552154541,4
d128h2L4,984192,8191,dclm,1,7.880563974380493,4
d128h2L4,984192,8191,dclm,2,7.799777110417684,4
d128h2L4,984192,8191,dclm,3,7.769894599914551,4
d128h2L4,984192,8191,dclm,4,7.753535270690918,4
d128h2L4,984192,8191,dclm_ranked,1,6.770373225212097,4
d128h2L4,984192,8191,dclm_ranked,2,6.248370965321858,4
d128h2L4,984192,8191,dclm_ranked,3,6.0471436977386475,4
d128h2L4,984192,8191,dclm_ranked,4,5.934186935424805,4
d128h2L4,984192,8191,dna,1,3.899268925189972,4
d128h2L4,984192,8191,dna,2,3.329765717188517,4
d128h2L4,984192,8191,dna,3,3.127391993999481,4
d128h2L4,984192,8191,dna,4,3.023733615875244,4
d128h2L4,984192,8191,arithmetic,1,7.986587166786194,4
d128h2L4,984192,8191,arithmetic,2,7.95753542582194,4
d128h2L4,984192,8191,arithmetic,3,7.946821928024292,4
d128h2L4,984192,8191,arithmetic,4,7.941086769104004,4
d128h2L4,984192,8191,audio_8bit,1,4.618464946746826,4
d128h2L4,984192,8191,audio_8bit,2,4.172514756520589,4
d128h2L4,984192,8191,audio_8bit,3,4.010902404785156,4
d128h2L4,984192,8191,audio_8bit,4,3.926013708114624,4
d128h2L4,984192,8191,audio_16bit,1,6.444251656532288,4
d128h2L4,984192,8191,audio_16bit,2,6.211272795995076,4
d128h2L4,984192,8191,audio_16bit,3,6.126533150672913,4
d128h2L4,984192,8191,audio_16bit,4,6.083042144775391,4
d128h2L4,984192,8191,speech_commands_pcm8,1,7.306102514266968,4
d128h2L4,984192,8191,speech_commands_pcm8,2,7.209704637527466,4
d128h2L4,984192,8191,speech_commands_pcm8,3,7.184818863868713,4
d128h2L4,984192,8191,speech_commands_pcm8,4,7.172511100769043,4
d128h2L4,984192,8191,speech_commands_pcm8_8khz,1,7.254446744918823,4
d128h2L4,984192,8191,speech_commands_pcm8_8khz,2,7.143515586853027,4
d128h2L4,984192,8191,speech_commands_pcm8_8khz,3,7.112647294998169,4
d128h2L4,984192,8191,speech_commands_pcm8_8khz,4,7.0966033935546875,4
d128h2L4,984192,8191,mutopia_melody_16th,1,7.264394760131836,4
d128h2L4,984192,8191,mutopia_melody_16th,2,7.149637858072917,4
d128h2L4,984192,8191,mutopia_melody_16th,3,7.107986927032471,4
d128h2L4,984192,8191,mutopia_melody_16th,4,7.086656093597412,4
d128h2L4,984192,8191,cifar10_rgb_planar,1,7.885077595710754,4
d128h2L4,984192,8191,cifar10_rgb_planar,2,7.847400585810344,4
d128h2L4,984192,8191,cifar10_rgb_planar,3,7.833198308944702,4
d128h2L4,984192,8191,cifar10_rgb_planar,4,7.825511455535889,4
d128h2L4,984192,8191,cifar10_rgb_hwc,1,7.85579788684845,4
d128h2L4,984192,8191,cifar10_rgb_hwc,2,7.818592627843221,4
d128h2L4,984192,8191,cifar10_rgb_hwc,3,7.8046053647994995,4
d128h2L4,984192,8191,cifar10_rgb_hwc,4,7.797090530395508,4
d128h2L4,984192,8191,kolmogorov_text,1,7.922973871231079,4
d128h2L4,984192,8191,kolmogorov_text,2,7.867764790852864,4
d128h2L4,984192,8191,kolmogorov_text,3,7.847579479217529,4
d128h2L4,984192,8191,kolmogorov_text,4,7.836595058441162,4
d128h2L4,984192,8191,kolmogorov_dna,1,3.917273998260498,4
d128h2L4,984192,8191,kolmogorov_dna,2,3.4066745042800903,4
d128h2L4,984192,8191,kolmogorov_dna,3,3.216847062110901,4
d128h2L4,984192,8191,kolmogorov_dna,4,3.1167163848876953,4
d128h2L4,984192,8191,metamath,1,7.61262309551239,4
d128h2L4,984192,8191,metamath,2,7.472403446833293,4
d128h2L4,984192,8191,metamath,3,7.420175671577454,4
d128h2L4,984192,8191,metamath,4,7.3904900550842285,4
d128h2L4,984192,8191,aitdcc_a_protein,1,7.902462720870972,4
d128h2L4,984192,8191,aitdcc_a_protein,2,7.880990902582805,4
d128h2L4,984192,8191,aitdcc_a_protein,3,7.873016715049744,4
d128h2L4,984192,8191,aitdcc_a_protein,4,7.868803977966309,4
d128h2L4,984192,8191,aitdcc_b_c_source,1,7.994388580322266,4
d128h2L4,984192,8191,aitdcc_b_c_source,2,7.948988199234009,4
d128h2L4,984192,8191,aitdcc_b_c_source,3,7.932758569717407,4
d128h2L4,984192,8191,aitdcc_b_c_source,4,7.924036026000977,4
d128h2L4,984192,8191,aitdcc_d_glibc_rand,1,8.048242568969727,4
d128h2L4,984192,8191,aitdcc_d_glibc_rand,2,8.027360916137695,4
d128h2L4,984192,8191,aitdcc_d_glibc_rand,3,8.020049810409546,4
d128h2L4,984192,8191,aitdcc_d_glibc_rand,4,8.01628589630127,4
d128h2L4,984192,8191,aitdcc_e_atlas_float32,1,8.008956789970398,4
d128h2L4,984192,8191,aitdcc_e_atlas_float32,2,7.989807526270549,4
d128h2L4,984192,8191,aitdcc_e_atlas_float32,3,7.982972145080566,4
d128h2L4,984192,8191,aitdcc_e_atlas_float32,4,7.979434967041016,4
d128h2L4,984192,8191,aitdcc_g_astronomy,1,4.797198057174683,4
d128h2L4,984192,8191,aitdcc_g_astronomy,2,4.481170892715454,4
d128h2L4,984192,8191,aitdcc_g_astronomy,3,4.4410905838012695,4
d128h2L4,984192,8191,aitdcc_g_astronomy,4,4.424829006195068,4
d128h2L4,984192,8191,llm_compression_python,1,7.41396951675415,4
d128h2L4,984192,8191,llm_compression_python,2,7.271162986755371,4
d128h2L4,984192,8191,llm_compression_python,3,7.220364689826965,4
d128h2L4,984192,8191,llm_compression_python,4,7.193474769592285,4
d128h2L4,984192,8191,llm_compression_cc,1,7.886389970779419,4
d128h2L4,984192,8191,llm_compression_cc,2,7.810328404108684,4
d128h2L4,984192,8191,llm_compression_cc,3,7.782505512237549,4
d128h2L4,984192,8191,llm_compression_cc,4,7.767391204833984,4
d128h2L4,984192,8191,llm_compression_arxiv_math,1,7.871239185333252,4
d128h2L4,984192,8191,llm_compression_arxiv_math,2,7.814701000849406,4
d128h2L4,984192,8191,llm_compression_arxiv_math,3,7.794886946678162,4
d128h2L4,984192,8191,llm_compression_arxiv_math,4,7.784243583679199,4
d128h2L4,984192,8191,esc50_pcm8,1,7.290996789932251,4
d128h2L4,984192,8191,esc50_pcm8,2,7.196959098180135,4
d128h2L4,984192,8191,esc50_pcm8,3,7.168494462966919,4
d128h2L4,984192,8191,esc50_pcm8,4,7.1537675857543945,4
d128h2L4,984192,8191,esc50_pcm8_11khz,1,7.341464281082153,4
d128h2L4,984192,8191,esc50_pcm8_11khz,2,7.256056070327759,4
d128h2L4,984192,8191,esc50_pcm8_11khz,3,7.23085618019104,4
d128h2L4,984192,8191,esc50_pcm8_11khz,4,7.2179741859436035,4
d128h2L4,984192,8191,musicnet_pcm8,1,7.917221188545227,4
d128h2L4,984192,8191,musicnet_pcm8,2,7.896515528361003,4
d128h2L4,984192,8191,musicnet_pcm8,3,7.888677358627319,4
d128h2L4,984192,8191,musicnet_pcm8,4,7.884449005126953,4
d128h2L4,984192,8191,musicnet_pcm8_11khz,1,7.730041146278381,4
d128h2L4,984192,8191,musicnet_pcm8_11khz,2,7.688626766204834,4
d128h2L4,984192,8191,musicnet_pcm8_11khz,3,7.676289916038513,4
d128h2L4,984192,8191,musicnet_pcm8_11khz,4,7.6700520515441895,4
d256h4L4,3016960,0,dclm,1,8.817109823226929,4
d256h4L4,3016960,0,dclm,2,8.49910831451416,4
d256h4L4,3016960,0,dclm,3,8.36625051498413,4
d256h4L4,3016960,0,dclm,4,8.291537284851074,4
d256h4L4,3016960,0,dclm_ranked,1,8.426437616348267,4
d256h4L4,3016960,0,dclm_ranked,2,8.074923356374105,4
d256h4L4,3016960,0,dclm_ranked,3,7.937989115715027,4
d256h4L4,3016960,0,dclm_ranked,4,7.869083881378174,4
d256h4L4,3016960,0,dna,1,8.119217157363892,4
d256h4L4,3016960,0,dna,2,7.75548513730367,4
d256h4L4,3016960,0,dna,3,7.615354776382446,4
d256h4L4,3016960,0,dna,4,7.533627986907959,4
d256h4L4,3016960,0,arithmetic,1,8.713470697402954,4
d256h4L4,3016960,0,arithmetic,2,8.411465644836426,4
d256h4L4,3016960,0,arithmetic,3,8.29535436630249,4
d256h4L4,3016960,0,arithmetic,4,8.232401847839355,4
d256h4L4,3016960,0,audio_8bit,1,8.285178780555725,4
d256h4L4,3016960,0,audio_8bit,2,7.9684898853302,4
d256h4L4,3016960,0,audio_8bit,3,7.862544894218445,4
d256h4L4,3016960,0,audio_8bit,4,7.809908390045166,4
d256h4L4,3016960,0,audio_16bit,1,8.467455625534058,4
d256h4L4,3016960,0,audio_16bit,2,8.15220300356547,4
d256h4L4,3016960,0,audio_16bit,3,8.037553668022156,4
d256h4L4,3016960,0,audio_16bit,4,7.975245475769043,4
d256h4L4,3016960,0,speech_commands_pcm8,1,8.812926530838013,4
d256h4L4,3016960,0,speech_commands_pcm8,2,8.585702260335287,4
d256h4L4,3016960,0,speech_commands_pcm8,3,8.50007963180542,4
d256h4L4,3016960,0,speech_commands_pcm8,4,8.453418731689453,4
d256h4L4,3016960,0,speech_commands_pcm8_8khz,1,8.842489957809448,4
d256h4L4,3016960,0,speech_commands_pcm8_8khz,2,8.630504449208578,4
d256h4L4,3016960,0,speech_commands_pcm8_8khz,3,8.548493146896362,4
d256h4L4,3016960,0,speech_commands_pcm8_8khz,4,8.502737998962402,4
d256h4L4,3016960,0,mutopia_melody_16th,1,8.419593572616577,4
d256h4L4,3016960,0,mutopia_melody_16th,2,8.167574961980185,4
d256h4L4,3016960,0,mutopia_melody_16th,3,8.074293971061707,4
d256h4L4,3016960,0,mutopia_melody_16th,4,8.02612590789795,4
d256h4L4,3016960,0,cifar10_rgb_planar,1,8.693000316619873,4
d256h4L4,3016960,0,cifar10_rgb_planar,2,8.394785563151041,4
d256h4L4,3016960,0,cifar10_rgb_planar,3,8.279254674911499,4
d256h4L4,3016960,0,cifar10_rgb_planar,4,8.216712951660156,4
d256h4L4,3016960,0,cifar10_rgb_hwc,1,8.690440893173218,4
d256h4L4,3016960,0,cifar10_rgb_hwc,2,8.393048763275146,4
d256h4L4,3016960,0,cifar10_rgb_hwc,3,8.27758264541626,4
d256h4L4,3016960,0,cifar10_rgb_hwc,4,8.214984893798828,4
d256h4L4,3016960,0,kolmogorov_text,1,8.803487539291382,4
d256h4L4,3016960,0,kolmogorov_text,2,8.476669311523438,4
d256h4L4,3016960,0,kolmogorov_text,3,8.343862771987915,4
d256h4L4,3016960,0,kolmogorov_text,4,8.269474029541016,4
d256h4L4,3016960,0,kolmogorov_dna,1,8.411830186843872,4
d256h4L4,3016960,0,kolmogorov_dna,2,8.147582213083902,4
d256h4L4,3016960,0,kolmogorov_dna,3,8.055460333824158,4
d256h4L4,3016960,0,kolmogorov_dna,4,8.006059646606445,4
d256h4L4,3016960,0,metamath,1,8.704344511032104,4
d256h4L4,3016960,0,metamath,2,8.428341388702393,4
d256h4L4,3016960,0,metamath,3,8.320339918136597,4
d256h4L4,3016960,0,metamath,4,8.260466575622559,4
d256h4L4,3016960,0,aitdcc_a_protein,1,8.679296731948853,4
d256h4L4,3016960,0,aitdcc_a_protein,2,8.427562872568766,4
d256h4L4,3016960,0,aitdcc_a_protein,3,8.32152509689331,4
d256h4L4,3016960,0,aitdcc_a_protein,4,8.260757446289062,4
d256h4L4,3016960,0,aitdcc_b_c_source,1,8.618992805480957,4
d256h4L4,3016960,0,aitdcc_b_c_source,2,8.309507687886557,4
d256h4L4,3016960,0,aitdcc_b_c_source,3,8.182946681976318,4
d256h4L4,3016960,0,aitdcc_b_c_source,4,8.111780166625977,4
d256h4L4,3016960,0,aitdcc_d_glibc_rand,1,8.70482063293457,4
d256h4L4,3016960,0,aitdcc_d_glibc_rand,2,8.403999328613281,4
d256h4L4,3016960,0,aitdcc_d_glibc_rand,3,8.287154912948608,4
d256h4L4,3016960,0,aitdcc_d_glibc_rand,4,8.223892211914062,4
d256h4L4,3016960,0,aitdcc_e_atlas_float32,1,8.755388498306274,4
d256h4L4,3016960,0,aitdcc_e_atlas_float32,2,8.49920686086019,4
d256h4L4,3016960,0,aitdcc_e_atlas_float32,3,8.399281740188599,4
d256h4L4,3016960,0,aitdcc_e_atlas_float32,4,8.344185829162598,4
d256h4L4,3016960,0,aitdcc_g_astronomy,1,8.651585578918457,4
d256h4L4,3016960,0,aitdcc_g_astronomy,2,8.501058260599772,4
d256h4L4,3016960,0,aitdcc_g_astronomy,3,8.44249677658081,4
d256h4L4,3016960,0,aitdcc_g_astronomy,4,8.411365509033203,4
d256h4L4,3016960,0,llm_compression_python,1,8.826679706573486,4
d256h4L4,3016960,0,llm_compression_python,2,8.524430751800537,4
d256h4L4,3016960,0,llm_compression_python,3,8.397659301757812,4
d256h4L4,3016960,0,llm_compression_python,4,8.324673652648926,4
d256h4L4,3016960,0,llm_compression_cc,1,8.79205870628357,4
d256h4L4,3016960,0,llm_compression_cc,2,8.477038383483887,4
d256h4L4,3016960,0,llm_compression_cc,3,8.345186710357666,4
d256h4L4,3016960,0,llm_compression_cc,4,8.270953178405762,4
d256h4L4,3016960,0,llm_compression_arxiv_math,1,8.779778242111206,4
d256h4L4,3016960,0,llm_compression_arxiv_math,2,8.478942076365152,4
d256h4L4,3016960,0,llm_compression_arxiv_math,3,8.359673738479614,4
d256h4L4,3016960,0,llm_compression_arxiv_math,4,8.292844772338867,4
d256h4L4,3016960,0,esc50_pcm8,1,8.703361511230469,4
d256h4L4,3016960,0,esc50_pcm8,2,8.4643603960673,4
d256h4L4,3016960,0,esc50_pcm8,3,8.373136281967163,4
d256h4L4,3016960,0,esc50_pcm8,4,8.323657989501953,4
d256h4L4,3016960,0,esc50_pcm8_11khz,1,8.723201274871826,4
d256h4L4,3016960,0,esc50_pcm8_11khz,2,8.479969024658203,4
d256h4L4,3016960,0,esc50_pcm8_11khz,3,8.386542081832886,4
d256h4L4,3016960,0,esc50_pcm8_11khz,4,8.335784912109375,4
d256h4L4,3016960,0,musicnet_pcm8,1,8.7595534324646,4
d256h4L4,3016960,0,musicnet_pcm8,2,8.480484962463379,4
d256h4L4,3016960,0,musicnet_pcm8,3,8.375558853149414,4
d256h4L4,3016960,0,musicnet_pcm8,4,8.319292068481445,4
d256h4L4,3016960,0,musicnet_pcm8_11khz,1,8.79403042793274,4
d256h4L4,3016960,0,musicnet_pcm8_11khz,2,8.53378931681315,4
d256h4L4,3016960,0,musicnet_pcm8_11khz,3,8.43570852279663,4
d256h4L4,3016960,0,musicnet_pcm8_11khz,4,8.383036613464355,4
d256h4L4,3016960,256,dclm,1,8.067116737365723,4
d256h4L4,3016960,256,dclm,2,7.775746742884318,4
d256h4L4,3016960,256,dclm,3,7.6534340381622314,4
d256h4L4,3016960,256,dclm,4,7.592318534851074,4
d256h4L4,3016960,256,dclm_ranked,1,7.096943497657776,4
d256h4L4,3016960,256,dclm_ranked,2,6.752574682235718,4
d256h4L4,3016960,256,dclm_ranked,3,6.61477267742157,4
d256h4L4,3016960,256,dclm_ranked,4,6.538388252258301,4
d256h4L4,3016960,256,dna,1,4.973873734474182,4
d256h4L4,3016960,256,dna,2,4.480440060297648,4
d256h4L4,3016960,256,dna,3,4.2957764863967896,4
d256h4L4,3016960,256,dna,4,4.198999404907227,4
d256h4L4,3016960,256,arithmetic,1,8.37949824333191,4
d256h4L4,3016960,256,arithmetic,2,8.257345199584961,4
d256h4L4,3016960,256,arithmetic,3,8.203248739242554,4
d256h4L4,3016960,256,arithmetic,4,8.17048454284668,4
d256h4L4,3016960,256,audio_8bit,1,4.94757604598999,4
d256h4L4,3016960,256,audio_8bit,2,4.580392201741536,4
d256h4L4,3016960,256,audio_8bit,3,4.454499125480652,4
d256h4L4,3016960,256,audio_8bit,4,4.389795303344727,4
d256h4L4,3016960,256,audio_16bit,1,6.824384570121765,4
d256h4L4,3016960,256,audio_16bit,2,6.595441261927287,4
d256h4L4,3016960,256,audio_16bit,3,6.508253216743469,4
d256h4L4,3016960,256,audio_16bit,4,6.46126651763916,4
d256h4L4,3016960,256,speech_commands_pcm8,1,7.962961435317993,4
d256h4L4,3016960,256,speech_commands_pcm8,2,7.688083966573079,4
d256h4L4,3016960,256,speech_commands_pcm8,3,7.55537223815918,4
d256h4L4,3016960,256,speech_commands_pcm8,4,7.46598482131958,4
d256h4L4,3016960,256,speech_commands_pcm8_8khz,1,7.915972828865051,4
d256h4L4,3016960,256,speech_commands_pcm8_8khz,2,7.602054675420125,4
d256h4L4,3016960,256,speech_commands_pcm8_8khz,3,7.449080944061279,4
d256h4L4,3016960,256,speech_commands_pcm8_8khz,4,7.344724655151367,4
d256h4L4,3016960,256,mutopia_melody_16th,1,8.366084933280945,4
d256h4L4,3016960,256,mutopia_melody_16th,2,8.27872101465861,4
d256h4L4,3016960,256,mutopia_melody_16th,3,8.236758470535278,4
d256h4L4,3016960,256,mutopia_melody_16th,4,8.210021018981934,4
d256h4L4,3016960,256,cifar10_rgb_planar,1,8.277173042297363,4
d256h4L4,3016960,256,cifar10_rgb_planar,2,8.149049917856852,4
d256h4L4,3016960,256,cifar10_rgb_planar,3,8.09196949005127,4
d256h4L4,3016960,256,cifar10_rgb_planar,4,8.057296752929688,4
d256h4L4,3016960,256,cifar10_rgb_hwc,1,8.266356468200684,4
d256h4L4,3016960,256,cifar10_rgb_hwc,2,8.140626271565756,4
d256h4L4,3016960,256,cifar10_rgb_hwc,3,8.084766626358032,4
d256h4L4,3016960,256,cifar10_rgb_hwc,4,8.050857543945312,4
d256h4L4,3016960,256,kolmogorov_text,1,8.082504749298096,4
d256h4L4,3016960,256,kolmogorov_text,2,7.833110570907593,4
d256h4L4,3016960,256,kolmogorov_text,3,7.723335266113281,4
d256h4L4,3016960,256,kolmogorov_text,4,7.662992477416992,4
d256h4L4,3016960,256,kolmogorov_dna,1,6.3181471824646,4
d256h4L4,3016960,256,kolmogorov_dna,2,5.958896636962891,4
d256h4L4,3016960,256,kolmogorov_dna,3,5.826740622520447,4
d256h4L4,3016960,256,kolmogorov_dna,4,5.756743907928467,4
d256h4L4,3016960,256,metamath,1,7.9327392578125,4
d256h4L4,3016960,256,metamath,2,7.6006762981414795,4
d256h4L4,3016960,256,metamath,3,7.463751435279846,4
d256h4L4,3016960,256,metamath,4,7.391572952270508,4
d256h4L4,3016960,256,aitdcc_a_protein,1,8.33187747001648,4
d256h4L4,3016960,256,aitdcc_a_protein,2,8.137799501419067,4
d256h4L4,3016960,256,aitdcc_a_protein,3,8.028824210166931,4
d256h4L4,3016960,256,aitdcc_a_protein,4,7.952123641967773,4
d256h4L4,3016960,256,aitdcc_b_c_source,1,8.23759388923645,4
d256h4L4,3016960,256,aitdcc_b_c_source,2,8.040239095687866,4
d256h4L4,3016960,256,aitdcc_b_c_source,3,7.952673316001892,4
d256h4L4,3016960,256,aitdcc_b_c_source,4,7.90264892578125,4
d256h4L4,3016960,256,aitdcc_d_glibc_rand,1,8.404741525650024,4
d256h4L4,3016960,256,aitdcc_d_glibc_rand,2,8.290357112884521,4
d256h4L4,3016960,256,aitdcc_d_glibc_rand,3,8.23971962928772,4
d256h4L4,3016960,256,aitdcc_d_glibc_rand,4,8.209177017211914,4
d256h4L4,3016960,256,aitdcc_e_atlas_float32,1,8.505039691925049,4
d256h4L4,3016960,256,aitdcc_e_atlas_float32,2,8.404195149739584,4
d256h4L4,3016960,256,aitdcc_e_atlas_float32,3,8.360968351364136,4
d256h4L4,3016960,256,aitdcc_e_atlas_float32,4,8.335199356079102,4
d256h4L4,3016960,256,aitdcc_g_astronomy,1,7.365769386291504,4
d256h4L4,3016960,256,aitdcc_g_astronomy,2,6.480465730031331,4
d256h4L4,3016960,256,aitdcc_g_astronomy,3,6.197382211685181,4
d256h4L4,3016960,256,aitdcc_g_astronomy,4,6.033840179443359,4
d256h4L4,3016960,256,llm_compression_python,1,7.268609285354614,4
d256h4L4,3016960,256,llm_compression_python,2,6.979200442632039,4
d256h4L4,3016960,256,llm_compression_python,3,6.867596387863159,4
d256h4L4,3016960,256,llm_compression_python,4,6.807742118835449,4
d256h4L4,3016960,256,llm_compression_cc,1,8.079208612442017,4
d256h4L4,3016960,256,llm_compression_cc,2,7.798402468363444,4
d256h4L4,3016960,256,llm_compression_cc,3,7.679112911224365,4
d256h4L4,3016960,256,llm_compression_cc,4,7.618687629699707,4
d256h4L4,3016960,256,llm_compression_arxiv_math,1,8.087160348892212,4
d256h4L4,3016960,256,llm_compression_arxiv_math,2,7.870479345321655,4
d256h4L4,3016960,256,llm_compression_arxiv_math,3,7.777133226394653,4
d256h4L4,3016960,256,llm_compression_arxiv_math,4,7.726902008056641,4
d256h4L4,3016960,256,esc50_pcm8,1,8.06601595878601,4
d256h4L4,3016960,256,esc50_pcm8,2,7.8450586795806885,4
d256h4L4,3016960,256,esc50_pcm8,3,7.740229845046997,4
d256h4L4,3016960,256,esc50_pcm8,4,7.670933246612549,4
d256h4L4,3016960,256,esc50_pcm8_11khz,1,8.077869534492493,4
d256h4L4,3016960,256,esc50_pcm8_11khz,2,7.864245891571045,4
d256h4L4,3016960,256,esc50_pcm8_11khz,3,7.763260006904602,4
d256h4L4,3016960,256,esc50_pcm8_11khz,4,7.6967291831970215,4
d256h4L4,3016960,256,musicnet_pcm8,1,8.223681211471558,4
d256h4L4,3016960,256,musicnet_pcm8,2,8.090930064519247,4
d256h4L4,3016960,256,musicnet_pcm8,3,8.030733942985535,4
d256h4L4,3016960,256,musicnet_pcm8,4,7.9936957359313965,4
d256h4L4,3016960,256,musicnet_pcm8_11khz,1,8.148613572120667,4
d256h4L4,3016960,256,musicnet_pcm8_11khz,2,7.969463745752971,4
d256h4L4,3016960,256,musicnet_pcm8_11khz,3,7.886006712913513,4
d256h4L4,3016960,256,musicnet_pcm8_11khz,4,7.832202911376953,4
d256h4L4,3016960,512,dclm,1,7.766926527023315,4
d256h4L4,3016960,512,dclm,2,7.546587864557902,4
d256h4L4,3016960,512,dclm,3,7.462215423583984,4
d256h4L4,3016960,512,dclm,4,7.415055274963379,4
d256h4L4,3016960,512,dclm_ranked,1,6.983820915222168,4
d256h4L4,3016960,512,dclm_ranked,2,6.530010382334392,4
d256h4L4,3016960,512,dclm_ranked,3,6.3394999504089355,4
d256h4L4,3016960,512,dclm_ranked,4,6.2291646003723145,4
d256h4L4,3016960,512,dna,1,4.39336895942688,4
d256h4L4,3016960,512,dna,2,3.7872653007507324,4
d256h4L4,3016960,512,dna,3,3.5719105005264282,4
d256h4L4,3016960,512,dna,4,3.4574618339538574,4
d256h4L4,3016960,512,arithmetic,1,8.171675443649292,4
d256h4L4,3016960,512,arithmetic,2,8.072453339894613,4
d256h4L4,3016960,512,arithmetic,3,8.031299829483032,4
d256h4L4,3016960,512,arithmetic,4,8.007461547851562,4
d256h4L4,3016960,512,audio_8bit,1,4.821691989898682,4
d256h4L4,3016960,512,audio_8bit,2,4.447961171468099,4
d256h4L4,3016960,512,audio_8bit,3,4.306582570075989,4
d256h4L4,3016960,512,audio_8bit,4,4.2304463386535645,4
d256h4L4,3016960,512,audio_16bit,1,6.482842564582825,4
d256h4L4,3016960,512,audio_16bit,2,6.27913236618042,4
d256h4L4,3016960,512,audio_16bit,3,6.204019069671631,4
d256h4L4,3016960,512,audio_16bit,4,6.16411018371582,4
d256h4L4,3016960,512,speech_commands_pcm8,1,7.760964512825012,4
d256h4L4,3016960,512,speech_commands_pcm8,2,7.584354559580485,4
d256h4L4,3016960,512,speech_commands_pcm8,3,7.487161993980408,4
d256h4L4,3016960,512,speech_commands_pcm8,4,7.421597480773926,4
d256h4L4,3016960,512,speech_commands_pcm8_8khz,1,7.772638320922852,4
d256h4L4,3016960,512,speech_commands_pcm8_8khz,2,7.585665702819824,4
d256h4L4,3016960,512,speech_commands_pcm8_8khz,3,7.482080578804016,4
d256h4L4,3016960,512,speech_commands_pcm8_8khz,4,7.411701202392578,4
d256h4L4,3016960,512,mutopia_melody_16th,1,7.511678457260132,4
d256h4L4,3016960,512,mutopia_melody_16th,2,7.274628082911174,4
d256h4L4,3016960,512,mutopia_melody_16th,3,7.127625465393066,4
d256h4L4,3016960,512,mutopia_melody_16th,4,7.021486759185791,4
d256h4L4,3016960,512,cifar10_rgb_planar,1,8.062540888786316,4
d256h4L4,3016960,512,cifar10_rgb_planar,2,7.958279530207316,4
d256h4L4,3016960,512,cifar10_rgb_planar,3,7.915567517280579,4
d256h4L4,3016960,512,cifar10_rgb_planar,4,7.891266345977783,4
d256h4L4,3016960,512,cifar10_rgb_hwc,1,8.04314923286438,4
d256h4L4,3016960,512,cifar10_rgb_hwc,2,7.942058245340983,4
d256h4L4,3016960,512,cifar10_rgb_hwc,3,7.900635600090027,4
d256h4L4,3016960,512,cifar10_rgb_hwc,4,7.87701940536499,4
d256h4L4,3016960,512,kolmogorov_text,1,7.868643641471863,4
d256h4L4,3016960,512,kolmogorov_text,2,7.689057191212972,4
d256h4L4,3016960,512,kolmogorov_text,3,7.61871063709259,4
d256h4L4,3016960,512,kolmogorov_text,4,7.578680992126465,4
d256h4L4,3016960,512,kolmogorov_dna,1,5.526941180229187,4
d256h4L4,3016960,512,kolmogorov_dna,2,4.804187615712483,4
d256h4L4,3016960,512,kolmogorov_dna,3,4.548487424850464,4
d256h4L4,3016960,512,kolmogorov_dna,4,4.4037604331970215,4
d256h4L4,3016960,512,metamath,1,7.6610846519470215,4
d256h4L4,3016960,512,metamath,2,7.443949222564697,4
d256h4L4,3016960,512,metamath,3,7.354608058929443,4
d256h4L4,3016960,512,metamath,4,7.302231311798096,4
d256h4L4,3016960,512,aitdcc_a_protein,1,8.198787450790405,4
d256h4L4,3016960,512,aitdcc_a_protein,2,7.990809361139934,4
d256h4L4,3016960,512,aitdcc_a_protein,3,7.885996580123901,4
d256h4L4,3016960,512,aitdcc_a_protein,4,7.826700687408447,4
d256h4L4,3016960,512,aitdcc_b_c_source,1,7.971670866012573,4
d256h4L4,3016960,512,aitdcc_b_c_source,2,7.844379822413127,4
d256h4L4,3016960,512,aitdcc_b_c_source,3,7.7948139905929565,4
d256h4L4,3016960,512,aitdcc_b_c_source,4,7.7674665451049805,4
d256h4L4,3016960,512,aitdcc_d_glibc_rand,1,8.231805324554443,4
d256h4L4,3016960,512,aitdcc_d_glibc_rand,2,8.145698388417562,4
d256h4L4,3016960,512,aitdcc_d_glibc_rand,3,8.11154317855835,4
d256h4L4,3016960,512,aitdcc_d_glibc_rand,4,8.092500686645508,4
d256h4L4,3016960,512,aitdcc_e_atlas_float32,1,8.275411605834961,4
d256h4L4,3016960,512,aitdcc_e_atlas_float32,2,8.196775595347086,4
d256h4L4,3016960,512,aitdcc_e_atlas_float32,3,8.166151285171509,4
d256h4L4,3016960,512,aitdcc_e_atlas_float32,4,8.149214744567871,4
d256h4L4,3016960,512,aitdcc_g_astronomy,1,6.290302157402039,4
d256h4L4,3016960,512,aitdcc_g_astronomy,2,5.6094199021657305,4
d256h4L4,3016960,512,aitdcc_g_astronomy,3,5.468336701393127,4
d256h4L4,3016960,512,aitdcc_g_astronomy,4,5.403800010681152,4
d256h4L4,3016960,512,llm_compression_python,1,7.128270864486694,4
d256h4L4,3016960,512,llm_compression_python,2,6.875009775161743,4
d256h4L4,3016960,512,llm_compression_python,3,6.787577867507935,4
d256h4L4,3016960,512,llm_compression_python,4,6.739928722381592,4
d256h4L4,3016960,512,llm_compression_cc,1,7.791424989700317,4
d256h4L4,3016960,512,llm_compression_cc,2,7.579554716746013,4
d256h4L4,3016960,512,llm_compression_cc,3,7.498764753341675,4
d256h4L4,3016960,512,llm_compression_cc,4,7.453688144683838,4
d256h4L4,3016960,512,llm_compression_arxiv_math,1,7.787901401519775,4
d256h4L4,3016960,512,llm_compression_arxiv_math,2,7.616379102071126,4
d256h4L4,3016960,512,llm_compression_arxiv_math,3,7.548852801322937,4
d256h4L4,3016960,512,llm_compression_arxiv_math,4,7.510586738586426,4
d256h4L4,3016960,512,esc50_pcm8,1,7.7000285387039185,4
d256h4L4,3016960,512,esc50_pcm8,2,7.512450377146403,4
d256h4L4,3016960,512,esc50_pcm8,3,7.407856583595276,4
d256h4L4,3016960,512,esc50_pcm8,4,7.336797714233398,4
d256h4L4,3016960,512,esc50_pcm8_11khz,1,7.7529075145721436,4
d256h4L4,3016960,512,esc50_pcm8_11khz,2,7.577331940333049,4
d256h4L4,3016960,512,esc50_pcm8_11khz,3,7.48084282875061,4
d256h4L4,3016960,512,esc50_pcm8_11khz,4,7.415731430053711,4
d256h4L4,3016960,512,musicnet_pcm8,1,7.933735609054565,4
d256h4L4,3016960,512,musicnet_pcm8,2,7.820313374201457,4
d256h4L4,3016960,512,musicnet_pcm8,3,7.7714245319366455,4
d256h4L4,3016960,512,musicnet_pcm8,4,7.74361515045166,4
d256h4L4,3016960,512,musicnet_pcm8_11khz,1,7.913862586021423,4
d256h4L4,3016960,512,musicnet_pcm8_11khz,2,7.784994125366211,4
d256h4L4,3016960,512,musicnet_pcm8_11khz,3,7.724153161048889,4
d256h4L4,3016960,512,musicnet_pcm8_11khz,4,7.6871337890625,4
d256h4L4,3016960,768,dclm,1,7.794989228248596,4
d256h4L4,3016960,768,dclm,2,7.539382696151733,4
d256h4L4,3016960,768,dclm,3,7.459366321563721,4
d256h4L4,3016960,768,dclm,4,7.420766353607178,4
d256h4L4,3016960,768,dclm_ranked,1,7.135817646980286,4
d256h4L4,3016960,768,dclm_ranked,2,6.590596040089925,4
d256h4L4,3016960,768,dclm_ranked,3,6.368081092834473,4
d256h4L4,3016960,768,dclm_ranked,4,6.239406108856201,4
d256h4L4,3016960,768,dna,1,4.540472507476807,4
d256h4L4,3016960,768,dna,2,3.819538156191508,4
d256h4L4,3016960,768,dna,3,3.5700723528862,4
d256h4L4,3016960,768,dna,4,3.441903591156006,4
d256h4L4,3016960,768,arithmetic,1,8.13829255104065,4
d256h4L4,3016960,768,arithmetic,2,8.02937920888265,4
d256h4L4,3016960,768,arithmetic,3,7.9859466552734375,4
d256h4L4,3016960,768,arithmetic,4,7.96120023727417,4
d256h4L4,3016960,768,audio_8bit,1,4.74332582950592,4
d256h4L4,3016960,768,audio_8bit,2,4.348732233047485,4
d256h4L4,3016960,768,audio_8bit,3,4.205563068389893,4
d256h4L4,3016960,768,audio_8bit,4,4.131635665893555,4
d256h4L4,3016960,768,audio_16bit,1,6.425520539283752,4
d256h4L4,3016960,768,audio_16bit,2,6.223201433817546,4
d256h4L4,3016960,768,audio_16bit,3,6.149296164512634,4
d256h4L4,3016960,768,audio_16bit,4,6.110452651977539,4
d256h4L4,3016960,768,speech_commands_pcm8,1,7.391785979270935,4
d256h4L4,3016960,768,speech_commands_pcm8,2,6.960255066553752,4
d256h4L4,3016960,768,speech_commands_pcm8,3,6.693187355995178,4
d256h4L4,3016960,768,speech_commands_pcm8,4,6.49290657043457,4
d256h4L4,3016960,768,speech_commands_pcm8_8khz,1,7.34808349609375,4
d256h4L4,3016960,768,speech_commands_pcm8_8khz,2,6.864315986633301,4
d256h4L4,3016960,768,speech_commands_pcm8_8khz,3,6.56424868106842,4
d256h4L4,3016960,768,speech_commands_pcm8_8khz,4,6.338861465454102,4
d256h4L4,3016960,768,mutopia_melody_16th,1,7.5020387172698975,4
d256h4L4,3016960,768,mutopia_melody_16th,2,7.090152025222778,4
d256h4L4,3016960,768,mutopia_melody_16th,3,6.848204255104065,4
d256h4L4,3016960,768,mutopia_melody_16th,4,6.670775890350342,4
d256h4L4,3016960,768,cifar10_rgb_planar,1,8.041303038597107,4
d256h4L4,3016960,768,cifar10_rgb_planar,2,7.9343710740407305,4
d256h4L4,3016960,768,cifar10_rgb_planar,3,7.891207575798035,4
d256h4L4,3016960,768,cifar10_rgb_planar,4,7.866693019866943,4
d256h4L4,3016960,768,cifar10_rgb_hwc,1,8.021565079689026,4
d256h4L4,3016960,768,cifar10_rgb_hwc,2,7.918472528457642,4
d256h4L4,3016960,768,cifar10_rgb_hwc,3,7.877249479293823,4
d256h4L4,3016960,768,cifar10_rgb_hwc,4,7.853957176208496,4
d256h4L4,3016960,768,kolmogorov_text,1,7.843865513801575,4
d256h4L4,3016960,768,kolmogorov_text,2,7.6411767800649,4
d256h4L4,3016960,768,kolmogorov_text,3,7.573493957519531,4
d256h4L4,3016960,768,kolmogorov_text,4,7.539156436920166,4
d256h4L4,3016960,768,kolmogorov_dna,1,5.1950414180755615,4
d256h4L4,3016960,768,kolmogorov_dna,2,4.592450936635335,4
d256h4L4,3016960,768,kolmogorov_dna,3,4.383802771568298,4
d256h4L4,3016960,768,kolmogorov_dna,4,4.276240348815918,4
d256h4L4,3016960,768,metamath,1,7.690093755722046,4
d256h4L4,3016960,768,metamath,2,7.371351321538289,4
d256h4L4,3016960,768,metamath,3,7.2666497230529785,4
d256h4L4,3016960,768,metamath,4,7.21319055557251,4
d256h4L4,3016960,768,aitdcc_a_protein,1,7.801582098007202,4
d256h4L4,3016960,768,aitdcc_a_protein,2,7.610557317733765,4
d256h4L4,3016960,768,aitdcc_a_protein,3,7.525619864463806,4
d256h4L4,3016960,768,aitdcc_a_protein,4,7.475800514221191,4
d256h4L4,3016960,768,aitdcc_b_c_source,1,7.94328248500824,4
d256h4L4,3016960,768,aitdcc_b_c_source,2,7.757449706395467,4
d256h4L4,3016960,768,aitdcc_b_c_source,3,7.690340042114258,4
d256h4L4,3016960,768,aitdcc_b_c_source,4,7.654201507568359,4
d256h4L4,3016960,768,aitdcc_d_glibc_rand,1,8.216764211654663,4
d256h4L4,3016960,768,aitdcc_d_glibc_rand,2,8.132075627644857,4
d256h4L4,3016960,768,aitdcc_d_glibc_rand,3,8.099444150924683,4
d256h4L4,3016960,768,aitdcc_d_glibc_rand,4,8.081414222717285,4
d256h4L4,3016960,768,aitdcc_e_atlas_float32,1,8.10302722454071,4
d256h4L4,3016960,768,aitdcc_e_atlas_float32,2,7.985347429911296,4
d256h4L4,3016960,768,aitdcc_e_atlas_float32,3,7.933642387390137,4
d256h4L4,3016960,768,aitdcc_e_atlas_float32,4,7.902938365936279,4
d256h4L4,3016960,768,aitdcc_g_astronomy,1,5.084367275238037,4
d256h4L4,3016960,768,aitdcc_g_astronomy,2,4.731688419977824,4
d256h4L4,3016960,768,aitdcc_g_astronomy,3,4.629410266876221,4
d256h4L4,3016960,768,aitdcc_g_astronomy,4,4.579331874847412,4
d256h4L4,3016960,768,llm_compression_python,1,7.225193619728088,4
d256h4L4,3016960,768,llm_compression_python,2,6.884551445643107,4
d256h4L4,3016960,768,llm_compression_python,3,6.799665093421936,4
d256h4L4,3016960,768,llm_compression_python,4,6.758660793304443,4
d256h4L4,3016960,768,llm_compression_cc,1,7.814004182815552,4
d256h4L4,3016960,768,llm_compression_cc,2,7.567363897959392,4
d256h4L4,3016960,768,llm_compression_cc,3,7.489166259765625,4
d256h4L4,3016960,768,llm_compression_cc,4,7.451344966888428,4
d256h4L4,3016960,768,llm_compression_arxiv_math,1,7.87711226940155,4
d256h4L4,3016960,768,llm_compression_arxiv_math,2,7.695783058802287,4
d256h4L4,3016960,768,llm_compression_arxiv_math,3,7.637457489967346,4
d256h4L4,3016960,768,llm_compression_arxiv_math,4,7.607479095458984,4
d256h4L4,3016960,768,esc50_pcm8,1,7.4014270305633545,4
d256h4L4,3016960,768,esc50_pcm8,2,7.036580562591553,4
d256h4L4,3016960,768,esc50_pcm8,3,6.81037163734436,4
d256h4L4,3016960,768,esc50_pcm8,4,6.641378879547119,4
d256h4L4,3016960,768,esc50_pcm8_11khz,1,7.49999475479126,4
d256h4L4,3016960,768,esc50_pcm8_11khz,2,7.170066912968953,4
d256h4L4,3016960,768,esc50_pcm8_11khz,3,6.967279076576233,4
d256h4L4,3016960,768,esc50_pcm8_11khz,4,6.8167724609375,4
d256h4L4,3016960,768,musicnet_pcm8,1,7.875555396080017,4
d256h4L4,3016960,768,musicnet_pcm8,2,7.755655845006307,4
d256h4L4,3016960,768,musicnet_pcm8,3,7.693994045257568,4
d256h4L4,3016960,768,musicnet_pcm8,4,7.653335094451904,4
d256h4L4,3016960,768,musicnet_pcm8_11khz,1,7.7658531665802,4
d256h4L4,3016960,768,musicnet_pcm8_11khz,2,7.551214774449666,4
d256h4L4,3016960,768,musicnet_pcm8_11khz,3,7.427497982978821,4
d256h4L4,3016960,768,musicnet_pcm8_11khz,4,7.338809490203857,4
d256h4L4,3016960,1024,dclm,1,7.814339637756348,4
d256h4L4,3016960,1024,dclm,2,7.499310731887817,4
d256h4L4,3016960,1024,dclm,3,7.336313486099243,4
d256h4L4,3016960,1024,dclm,4,7.222053050994873,4
d256h4L4,3016960,1024,dclm_ranked,1,6.778368830680847,4
d256h4L4,3016960,1024,dclm_ranked,2,6.330735921859741,4
d256h4L4,3016960,1024,dclm_ranked,3,6.159942626953125,4
d256h4L4,3016960,1024,dclm_ranked,4,6.066835403442383,4
d256h4L4,3016960,1024,dna,1,4.2158843874931335,4
d256h4L4,3016960,1024,dna,2,3.6552361647288003,4
d256h4L4,3016960,1024,dna,3,3.432683289051056,4
d256h4L4,3016960,1024,dna,4,3.3131542205810547,4
d256h4L4,3016960,1024,arithmetic,1,8.046844720840454,4
d256h4L4,3016960,1024,arithmetic,2,7.960862954457601,4
d256h4L4,3016960,1024,arithmetic,3,7.9268269538879395,4
d256h4L4,3016960,1024,arithmetic,4,7.9076385498046875,4
d256h4L4,3016960,1024,audio_8bit,1,4.6318840980529785,4
d256h4L4,3016960,1024,audio_8bit,2,4.258333683013916,4
d256h4L4,3016960,1024,audio_8bit,3,4.118290543556213,4
d256h4L4,3016960,1024,audio_8bit,4,4.041543006896973,4
d256h4L4,3016960,1024,audio_16bit,1,6.347892880439758,4
d256h4L4,3016960,1024,audio_16bit,2,6.1648415724436445,4
d256h4L4,3016960,1024,audio_16bit,3,6.098647475242615,4
d256h4L4,3016960,1024,audio_16bit,4,6.06395959854126,4
d256h4L4,3016960,1024,speech_commands_pcm8,1,6.832828879356384,4
d256h4L4,3016960,1024,speech_commands_pcm8,2,6.505910476048787,4
d256h4L4,3016960,1024,speech_commands_pcm8,3,6.33067524433136,4
d256h4L4,3016960,1024,speech_commands_pcm8,4,6.221925735473633,4
d256h4L4,3016960,1024,speech_commands_pcm8_8khz,1,6.784733414649963,4
d256h4L4,3016960,1024,speech_commands_pcm8_8khz,2,6.447813590367635,4
d256h4L4,3016960,1024,speech_commands_pcm8_8khz,3,6.270535945892334,4
d256h4L4,3016960,1024,speech_commands_pcm8_8khz,4,6.161127090454102,4
d256h4L4,3016960,1024,mutopia_melody_16th,1,7.028962850570679,4
d256h4L4,3016960,1024,mutopia_melody_16th,2,6.4997711181640625,4
d256h4L4,3016960,1024,mutopia_melody_16th,3,6.169380784034729,4
d256h4L4,3016960,1024,mutopia_melody_16th,4,5.917629718780518,4
d256h4L4,3016960,1024,cifar10_rgb_planar,1,7.928357124328613,4
d256h4L4,3016960,1024,cifar10_rgb_planar,2,7.851320028305054,4
d256h4L4,3016960,1024,cifar10_rgb_planar,3,7.82146418094635,4
d256h4L4,3016960,1024,cifar10_rgb_planar,4,7.804792881011963,4
d256h4L4,3016960,1024,cifar10_rgb_hwc,1,7.9119720458984375,4
d256h4L4,3016960,1024,cifar10_rgb_hwc,2,7.839489857355754,4
d256h4L4,3016960,1024,cifar10_rgb_hwc,3,7.811832785606384,4
d256h4L4,3016960,1024,cifar10_rgb_hwc,4,7.7965521812438965,4
d256h4L4,3016960,1024,kolmogorov_text,1,7.812260866165161,4
d256h4L4,3016960,1024,kolmogorov_text,2,7.563686847686768,4
d256h4L4,3016960,1024,kolmogorov_text,3,7.438944339752197,4
d256h4L4,3016960,1024,kolmogorov_text,4,7.353338241577148,4
d256h4L4,3016960,1024,kolmogorov_dna,1,5.068816542625427,4
d256h4L4,3016960,1024,kolmogorov_dna,2,4.405494729677836,4
d256h4L4,3016960,1024,kolmogorov_dna,3,4.118007481098175,4
d256h4L4,3016960,1024,kolmogorov_dna,4,3.953592300415039,4
d256h4L4,3016960,1024,metamath,1,7.817034125328064,4
d256h4L4,3016960,1024,metamath,2,7.409776528676351,4
d256h4L4,3016960,1024,metamath,3,7.230535387992859,4
d256h4L4,3016960,1024,metamath,4,7.119050979614258,4
d256h4L4,3016960,1024,aitdcc_a_protein,1,7.804545640945435,4
d256h4L4,3016960,1024,aitdcc_a_protein,2,7.613689581553142,4
d256h4L4,3016960,1024,aitdcc_a_protein,3,7.520514011383057,4
d256h4L4,3016960,1024,aitdcc_a_protein,4,7.457789421081543,4
d256h4L4,3016960,1024,aitdcc_b_c_source,1,7.909035325050354,4
d256h4L4,3016960,1024,aitdcc_b_c_source,2,7.721194585164388,4
d256h4L4,3016960,1024,aitdcc_b_c_source,3,7.629525899887085,4
d256h4L4,3016960,1024,aitdcc_b_c_source,4,7.569606304168701,4
d256h4L4,3016960,1024,aitdcc_d_glibc_rand,1,8.147345781326294,4
d256h4L4,3016960,1024,aitdcc_d_glibc_rand,2,8.091829140981039,4
d256h4L4,3016960,1024,aitdcc_d_glibc_rand,3,8.071556568145752,4
d256h4L4,3016960,1024,aitdcc_d_glibc_rand,4,8.060735702514648,4
d256h4L4,3016960,1024,aitdcc_e_atlas_float32,1,7.9671807289123535,4
d256h4L4,3016960,1024,aitdcc_e_atlas_float32,2,7.8937632242838545,4
d256h4L4,3016960,1024,aitdcc_e_atlas_float32,3,7.864572167396545,4
d256h4L4,3016960,1024,aitdcc_e_atlas_float32,4,7.848345756530762,4
d256h4L4,3016960,1024,aitdcc_g_astronomy,1,5.478022575378418,4
d256h4L4,3016960,1024,aitdcc_g_astronomy,2,4.919060786565145,4
d256h4L4,3016960,1024,aitdcc_g_astronomy,3,4.760685920715332,4
d256h4L4,3016960,1024,aitdcc_g_astronomy,4,4.714219093322754,4
d256h4L4,3016960,1024,llm_compression_python,1,7.164058566093445,4
d256h4L4,3016960,1024,llm_compression_python,2,6.87138303120931,4
d256h4L4,3016960,1024,llm_compression_python,3,6.745275139808655,4
d256h4L4,3016960,1024,llm_compression_python,4,6.667133808135986,4
d256h4L4,3016960,1024,llm_compression_cc,1,7.82853639125824,4
d256h4L4,3016960,1024,llm_compression_cc,2,7.5214762687683105,4
d256h4L4,3016960,1024,llm_compression_cc,3,7.362245678901672,4
d256h4L4,3016960,1024,llm_compression_cc,4,7.250218391418457,4
d256h4L4,3016960,1024,llm_compression_arxiv_math,1,7.801964044570923,4
d256h4L4,3016960,1024,llm_compression_arxiv_math,2,7.594366868336995,4
d256h4L4,3016960,1024,llm_compression_arxiv_math,3,7.491706013679504,4
d256h4L4,3016960,1024,llm_compression_arxiv_math,4,7.423805236816406,4
d256h4L4,3016960,1024,esc50_pcm8,1,6.835294246673584,4
d256h4L4,3016960,1024,esc50_pcm8,2,6.479028701782227,4
d256h4L4,3016960,1024,esc50_pcm8,3,6.2871333360672,4
d256h4L4,3016960,1024,esc50_pcm8,4,6.174366474151611,4
d256h4L4,3016960,1024,esc50_pcm8_11khz,1,6.973754525184631,4
d256h4L4,3016960,1024,esc50_pcm8_11khz,2,6.6607857545216875,4
d256h4L4,3016960,1024,esc50_pcm8_11khz,3,6.492965221405029,4
d256h4L4,3016960,1024,esc50_pcm8_11khz,4,6.394595146179199,4
d256h4L4,3016960,1024,musicnet_pcm8,1,7.554805517196655,4
d256h4L4,3016960,1024,musicnet_pcm8,2,7.428600708643596,4
d256h4L4,3016960,1024,musicnet_pcm8,3,7.365148305892944,4
d256h4L4,3016960,1024,musicnet_pcm8,4,7.324715614318848,4
d256h4L4,3016960,1024,musicnet_pcm8_11khz,1,7.3720972537994385,4
d256h4L4,3016960,1024,musicnet_pcm8_11khz,2,7.192100127538045,4
d256h4L4,3016960,1024,musicnet_pcm8_11khz,3,7.097707748413086,4
d256h4L4,3016960,1024,musicnet_pcm8_11khz,4,7.038327217102051,4
d256h4L4,3016960,1280,dclm,1,7.785383820533752,4
d256h4L4,3016960,1280,dclm,2,7.6017381350199384,4
d256h4L4,3016960,1280,dclm,3,7.52853536605835,4
d256h4L4,3016960,1280,dclm,4,7.488004207611084,4
d256h4L4,3016960,1280,dclm_ranked,1,6.90773344039917,4
d256h4L4,3016960,1280,dclm_ranked,2,6.4405624071757,4
d256h4L4,3016960,1280,dclm_ranked,3,6.263249516487122,4
d256h4L4,3016960,1280,dclm_ranked,4,6.167457580566406,4
d256h4L4,3016960,1280,dna,1,4.4667927622795105,4
d256h4L4,3016960,1280,dna,2,3.5963284571965537,4
d256h4L4,3016960,1280,dna,3,3.316918194293976,4
d256h4L4,3016960,1280,dna,4,3.165081739425659,4
d256h4L4,3016960,1280,arithmetic,1,8.027735233306885,4
d256h4L4,3016960,1280,arithmetic,2,7.939198811848958,4
d256h4L4,3016960,1280,arithmetic,3,7.904606580734253,4
d256h4L4,3016960,1280,arithmetic,4,7.885086536407471,4
d256h4L4,3016960,1280,audio_8bit,1,4.693316459655762,4
d256h4L4,3016960,1280,audio_8bit,2,4.262261788050334,4
d256h4L4,3016960,1280,audio_8bit,3,4.097288370132446,4
d256h4L4,3016960,1280,audio_8bit,4,4.008307933807373,4
d256h4L4,3016960,1280,audio_16bit,1,6.37409245967865,4
d256h4L4,3016960,1280,audio_16bit,2,6.168940544128418,4
d256h4L4,3016960,1280,audio_16bit,3,6.092690348625183,4
d256h4L4,3016960,1280,audio_16bit,4,6.051294326782227,4
d256h4L4,3016960,1280,speech_commands_pcm8,1,5.941427230834961,4
d256h4L4,3016960,1280,speech_commands_pcm8,2,5.426941315333049,4
d256h4L4,3016960,1280,speech_commands_pcm8,3,5.251345634460449,4
d256h4L4,3016960,1280,speech_commands_pcm8,4,5.186443328857422,4
d256h4L4,3016960,1280,speech_commands_pcm8_8khz,1,5.842203617095947,4
d256h4L4,3016960,1280,speech_commands_pcm8_8khz,2,5.263779401779175,4
d256h4L4,3016960,1280,speech_commands_pcm8_8khz,3,5.068946480751038,4
d256h4L4,3016960,1280,speech_commands_pcm8_8khz,4,5.000363349914551,4
d256h4L4,3016960,1280,mutopia_melody_16th,1,5.692474603652954,4
d256h4L4,3016960,1280,mutopia_melody_16th,2,5.023329019546509,4
d256h4L4,3016960,1280,mutopia_melody_16th,3,4.73999297618866,4
d256h4L4,3016960,1280,mutopia_melody_16th,4,4.615509033203125,4
d256h4L4,3016960,1280,cifar10_rgb_planar,1,7.913932800292969,4
d256h4L4,3016960,1280,cifar10_rgb_planar,2,7.8282655874888105,4
d256h4L4,3016960,1280,cifar10_rgb_planar,3,7.795164227485657,4
d256h4L4,3016960,1280,cifar10_rgb_planar,4,7.776867866516113,4
d256h4L4,3016960,1280,cifar10_rgb_hwc,1,7.9028578996658325,4
d256h4L4,3016960,1280,cifar10_rgb_hwc,2,7.8212229410807295,4
d256h4L4,3016960,1280,cifar10_rgb_hwc,3,7.789872407913208,4
d256h4L4,3016960,1280,cifar10_rgb_hwc,4,7.772615432739258,4
d256h4L4,3016960,1280,kolmogorov_text,1,7.846643090248108,4
d256h4L4,3016960,1280,kolmogorov_text,2,7.691035509109497,4
d256h4L4,3016960,1280,kolmogorov_text,3,7.629268288612366,4
d256h4L4,3016960,1280,kolmogorov_text,4,7.594977378845215,4
d256h4L4,3016960,1280,kolmogorov_dna,1,4.616606056690216,4
d256h4L4,3016960,1280,kolmogorov_dna,2,3.8629993200302124,4
d256h4L4,3016960,1280,kolmogorov_dna,3,3.57956862449646,4
d256h4L4,3016960,1280,kolmogorov_dna,4,3.4028539657592773,4
d256h4L4,3016960,1280,metamath,1,7.620295524597168,4
d256h4L4,3016960,1280,metamath,2,7.401379028956096,4
d256h4L4,3016960,1280,metamath,3,7.315427303314209,4
d256h4L4,3016960,1280,metamath,4,7.266594886779785,4
d256h4L4,3016960,1280,aitdcc_a_protein,1,7.832988023757935,4
d256h4L4,3016960,1280,aitdcc_a_protein,2,7.512557744979858,4
d256h4L4,3016960,1280,aitdcc_a_protein,3,7.3553690910339355,4
d256h4L4,3016960,1280,aitdcc_a_protein,4,7.244792461395264,4
d256h4L4,3016960,1280,aitdcc_b_c_source,1,7.949039697647095,4
d256h4L4,3016960,1280,aitdcc_b_c_source,2,7.821269273757935,4
d256h4L4,3016960,1280,aitdcc_b_c_source,3,7.771255970001221,4
d256h4L4,3016960,1280,aitdcc_b_c_source,4,7.74353551864624,4
d256h4L4,3016960,1280,aitdcc_d_glibc_rand,1,8.1446533203125,4
d256h4L4,3016960,1280,aitdcc_d_glibc_rand,2,8.0858367284139,4
d256h4L4,3016960,1280,aitdcc_d_glibc_rand,3,8.06403923034668,4
d256h4L4,3016960,1280,aitdcc_d_glibc_rand,4,8.052300453186035,4
d256h4L4,3016960,1280,aitdcc_e_atlas_float32,1,8.088864803314209,4
d256h4L4,3016960,1280,aitdcc_e_atlas_float32,2,8.031721909840902,4
d256h4L4,3016960,1280,aitdcc_e_atlas_float32,3,8.010475873947144,4
d256h4L4,3016960,1280,aitdcc_e_atlas_float32,4,7.999017715454102,4
d256h4L4,3016960,1280,aitdcc_g_astronomy,1,4.619224786758423,4
d256h4L4,3016960,1280,aitdcc_g_astronomy,2,4.486182530721028,4
d256h4L4,3016960,1280,aitdcc_g_astronomy,3,4.433102250099182,4
d256h4L4,3016960,1280,aitdcc_g_astronomy,4,4.402289867401123,4
d256h4L4,3016960,1280,llm_compression_python,1,7.232123374938965,4
d256h4L4,3016960,1280,llm_compression_python,2,7.007456302642822,4
d256h4L4,3016960,1280,llm_compression_python,3,6.924900770187378,4
d256h4L4,3016960,1280,llm_compression_python,4,6.880949020385742,4
d256h4L4,3016960,1280,llm_compression_cc,1,7.809359073638916,4
d256h4L4,3016960,1280,llm_compression_cc,2,7.630819161732991,4
d256h4L4,3016960,1280,llm_compression_cc,3,7.560390949249268,4
d256h4L4,3016960,1280,llm_compression_cc,4,7.521831035614014,4
d256h4L4,3016960,1280,llm_compression_arxiv_math,1,7.825405120849609,4
d256h4L4,3016960,1280,llm_compression_arxiv_math,2,7.688980023066203,4
d256h4L4,3016960,1280,llm_compression_arxiv_math,3,7.635486364364624,4
d256h4L4,3016960,1280,llm_compression_arxiv_math,4,7.606183052062988,4
d256h4L4,3016960,1280,esc50_pcm8,1,5.939269304275513,4
d256h4L4,3016960,1280,esc50_pcm8,2,5.5220731894175215,4
d256h4L4,3016960,1280,esc50_pcm8,3,5.368760347366333,4
d256h4L4,3016960,1280,esc50_pcm8,4,5.303603649139404,4
d256h4L4,3016960,1280,esc50_pcm8_11khz,1,6.186379790306091,4
d256h4L4,3016960,1280,esc50_pcm8_11khz,2,5.79611070950826,4
d256h4L4,3016960,1280,esc50_pcm8_11khz,3,5.657973885536194,4
d256h4L4,3016960,1280,esc50_pcm8_11khz,4,5.602059364318848,4
d256h4L4,3016960,1280,musicnet_pcm8,1,7.402357459068298,4
d256h4L4,3016960,1280,musicnet_pcm8,2,7.207269112269084,4
d256h4L4,3016960,1280,musicnet_pcm8,3,7.124022841453552,4
d256h4L4,3016960,1280,musicnet_pcm8,4,7.076250076293945,4
d256h4L4,3016960,1280,musicnet_pcm8_11khz,1,7.043299913406372,4
d256h4L4,3016960,1280,musicnet_pcm8_11khz,2,6.755605936050415,4
d256h4L4,3016960,1280,musicnet_pcm8_11khz,3,6.653440594673157,4
d256h4L4,3016960,1280,musicnet_pcm8_11khz,4,6.609821796417236,4
d256h4L4,3016960,1536,dclm,1,7.777669787406921,4
d256h4L4,3016960,1536,dclm,2,7.587566375732422,4
d256h4L4,3016960,1536,dclm,3,7.518019795417786,4
d256h4L4,3016960,1536,dclm,4,7.480027198791504,4
d256h4L4,3016960,1536,dclm_ranked,1,7.216293573379517,4
d256h4L4,3016960,1536,dclm_ranked,2,6.580136219660441,4
d256h4L4,3016960,1536,dclm_ranked,3,6.334138989448547,4
d256h4L4,3016960,1536,dclm_ranked,4,6.1974711418151855,4
d256h4L4,3016960,1536,dna,1,4.238604545593262,4
d256h4L4,3016960,1536,dna,2,3.4812684853871665,4
d256h4L4,3016960,1536,dna,3,3.233534097671509,4
d256h4L4,3016960,1536,dna,4,3.1155755519866943,4
d256h4L4,3016960,1536,arithmetic,1,8.053393363952637,4
d256h4L4,3016960,1536,arithmetic,2,7.953765233357747,4
d256h4L4,3016960,1536,arithmetic,3,7.915355086326599,4
d256h4L4,3016960,1536,arithmetic,4,7.894044399261475,4
d256h4L4,3016960,1536,audio_8bit,1,4.797580242156982,4
d256h4L4,3016960,1536,audio_8bit,2,4.2578080495198565,4
d256h4L4,3016960,1536,audio_8bit,3,4.0594088435173035,4
d256h4L4,3016960,1536,audio_8bit,4,3.952101469039917,4
d256h4L4,3016960,1536,audio_16bit,1,6.4700539112091064,4
d256h4L4,3016960,1536,audio_16bit,2,6.251990636189778,4
d256h4L4,3016960,1536,audio_16bit,3,6.174657702445984,4
d256h4L4,3016960,1536,audio_16bit,4,6.133746147155762,4
d256h4L4,3016960,1536,speech_commands_pcm8,1,6.184885025024414,4
d256h4L4,3016960,1536,speech_commands_pcm8,2,5.766885598500569,4
d256h4L4,3016960,1536,speech_commands_pcm8,3,5.587878346443176,4
d256h4L4,3016960,1536,speech_commands_pcm8,4,5.474433422088623,4
d256h4L4,3016960,1536,speech_commands_pcm8_8khz,1,6.119256377220154,4
d256h4L4,3016960,1536,speech_commands_pcm8_8khz,2,5.638849258422852,4
d256h4L4,3016960,1536,speech_commands_pcm8_8khz,3,5.4271546602249146,4
d256h4L4,3016960,1536,speech_commands_pcm8_8khz,4,5.290185451507568,4
d256h4L4,3016960,1536,mutopia_melody_16th,1,6.175744533538818,4
d256h4L4,3016960,1536,mutopia_melody_16th,2,5.9465263684590655,4
d256h4L4,3016960,1536,mutopia_melody_16th,3,5.861723780632019,4
d256h4L4,3016960,1536,mutopia_melody_16th,4,5.816922187805176,4
d256h4L4,3016960,1536,cifar10_rgb_planar,1,7.916407823562622,4
d256h4L4,3016960,1536,cifar10_rgb_planar,2,7.8158031304677325,4
d256h4L4,3016960,1536,cifar10_rgb_planar,3,7.777896881103516,4
d256h4L4,3016960,1536,cifar10_rgb_planar,4,7.757258892059326,4
d256h4L4,3016960,1536,cifar10_rgb_hwc,1,7.904106616973877,4
d256h4L4,3016960,1536,cifar10_rgb_hwc,2,7.807161013285319,4
d256h4L4,3016960,1536,cifar10_rgb_hwc,3,7.770596981048584,4
d256h4L4,3016960,1536,cifar10_rgb_hwc,4,7.750653266906738,4
d256h4L4,3016960,1536,kolmogorov_text,1,7.8146140575408936,4
d256h4L4,3016960,1536,kolmogorov_text,2,7.645919720331828,4
d256h4L4,3016960,1536,kolmogorov_text,3,7.582873344421387,4
d256h4L4,3016960,1536,kolmogorov_text,4,7.548224925994873,4
d256h4L4,3016960,1536,kolmogorov_dna,1,4.6267969608306885,4
d256h4L4,3016960,1536,kolmogorov_dna,2,3.868973731994629,4
d256h4L4,3016960,1536,kolmogorov_dna,3,3.6169065833091736,4
d256h4L4,3016960,1536,kolmogorov_dna,4,3.4880547523498535,4
d256h4L4,3016960,1536,metamath,1,7.742081999778748,4
d256h4L4,3016960,1536,metamath,2,7.431462446848552,4
d256h4L4,3016960,1536,metamath,3,7.324259281158447,4
d256h4L4,3016960,1536,metamath,4,7.269420623779297,4
d256h4L4,3016960,1536,aitdcc_a_protein,1,7.672883629798889,4
d256h4L4,3016960,1536,aitdcc_a_protein,2,7.481480677922566,4
d256h4L4,3016960,1536,aitdcc_a_protein,3,7.396103501319885,4
d256h4L4,3016960,1536,aitdcc_a_protein,4,7.34360408782959,4
d256h4L4,3016960,1536,aitdcc_b_c_source,1,7.958383917808533,4
d256h4L4,3016960,1536,aitdcc_b_c_source,2,7.805938800175984,4
d256h4L4,3016960,1536,aitdcc_b_c_source,3,7.752715826034546,4
d256h4L4,3016960,1536,aitdcc_b_c_source,4,7.7235894203186035,4
d256h4L4,3016960,1536,aitdcc_d_glibc_rand,1,8.168049812316895,4
d256h4L4,3016960,1536,aitdcc_d_glibc_rand,2,8.09625212351481,4
d256h4L4,3016960,1536,aitdcc_d_glibc_rand,3,8.070715188980103,4
d256h4L4,3016960,1536,aitdcc_d_glibc_rand,4,8.057365417480469,4
d256h4L4,3016960,1536,aitdcc_e_atlas_float32,1,8.048602104187012,4
d256h4L4,3016960,1536,aitdcc_e_atlas_float32,2,7.97477650642395,4
d256h4L4,3016960,1536,aitdcc_e_atlas_float32,3,7.947667479515076,4
d256h4L4,3016960,1536,aitdcc_e_atlas_float32,4,7.933283805847168,4
d256h4L4,3016960,1536,aitdcc_g_astronomy,1,4.550073862075806,4
d256h4L4,3016960,1536,aitdcc_g_astronomy,2,4.405725638071696,4
d256h4L4,3016960,1536,aitdcc_g_astronomy,3,4.356556534767151,4
d256h4L4,3016960,1536,aitdcc_g_astronomy,4,4.330026149749756,4
d256h4L4,3016960,1536,llm_compression_python,1,7.26621675491333,4
d256h4L4,3016960,1536,llm_compression_python,2,7.000150203704834,4
d256h4L4,3016960,1536,llm_compression_python,3,6.904769659042358,4
d256h4L4,3016960,1536,llm_compression_python,4,6.852967739105225,4
d256h4L4,3016960,1536,llm_compression_cc,1,7.79800271987915,4
d256h4L4,3016960,1536,llm_compression_cc,2,7.614009777704875,4
d256h4L4,3016960,1536,llm_compression_cc,3,7.546692371368408,4
d256h4L4,3016960,1536,llm_compression_cc,4,7.509957313537598,4
d256h4L4,3016960,1536,llm_compression_arxiv_math,1,7.818853497505188,4
d256h4L4,3016960,1536,llm_compression_arxiv_math,2,7.666701952616374,4
d256h4L4,3016960,1536,llm_compression_arxiv_math,3,7.609174132347107,4
d256h4L4,3016960,1536,llm_compression_arxiv_math,4,7.577214241027832,4
d256h4L4,3016960,1536,esc50_pcm8,1,6.1552040576934814,4
d256h4L4,3016960,1536,esc50_pcm8,2,5.794586579004924,4
d256h4L4,3016960,1536,esc50_pcm8,3,5.638033509254456,4
d256h4L4,3016960,1536,esc50_pcm8,4,5.541330337524414,4
d256h4L4,3016960,1536,esc50_pcm8_11khz,1,6.400408864021301,4
d256h4L4,3016960,1536,esc50_pcm8_11khz,2,6.080399592717488,4
d256h4L4,3016960,1536,esc50_pcm8_11khz,3,5.941774845123291,4
d256h4L4,3016960,1536,esc50_pcm8_11khz,4,5.855668067932129,4
d256h4L4,3016960,1536,musicnet_pcm8,1,7.379560828208923,4
d256h4L4,3016960,1536,musicnet_pcm8,2,7.193799734115601,4
d256h4L4,3016960,1536,musicnet_pcm8,3,7.1074159145355225,4
d256h4L4,3016960,1536,musicnet_pcm8,4,7.053648471832275,4
d256h4L4,3016960,1536,musicnet_pcm8_11khz,1,7.120645642280579,4
d256h4L4,3016960,1536,musicnet_pcm8_11khz,2,6.877672513326009,4
d256h4L4,3016960,1536,musicnet_pcm8_11khz,3,6.773751974105835,4
d256h4L4,3016960,1536,musicnet_pcm8_11khz,4,6.709836483001709,4
d256h4L4,3016960,1792,dclm,1,7.681742191314697,4
d256h4L4,3016960,1792,dclm,2,7.505801280339559,4
d256h4L4,3016960,1792,dclm,3,7.441854119300842,4
d256h4L4,3016960,1792,dclm,4,7.407325267791748,4
d256h4L4,3016960,1792,dclm_ranked,1,6.982476115226746,4
d256h4L4,3016960,1792,dclm_ranked,2,6.5193257331848145,4
d256h4L4,3016960,1792,dclm_ranked,3,6.334128737449646,4
d256h4L4,3016960,1792,dclm_ranked,4,6.230636119842529,4
d256h4L4,3016960,1792,dna,1,4.182703256607056,4
d256h4L4,3016960,1792,dna,2,3.5523672501246133,4
d256h4L4,3016960,1792,dna,3,3.329073429107666,4
d256h4L4,3016960,1792,dna,4,3.218909740447998,4
d256h4L4,3016960,1792,arithmetic,1,7.97135591506958,4
d256h4L4,3016960,1792,arithmetic,2,7.885369857152303,4
d256h4L4,3016960,1792,arithmetic,3,7.852160096168518,4
d256h4L4,3016960,1792,arithmetic,4,7.833122253417969,4
d256h4L4,3016960,1792,audio_8bit,1,4.577792644500732,4
d256h4L4,3016960,1792,audio_8bit,2,4.1627499262491865,4
d256h4L4,3016960,1792,audio_8bit,3,4.010945737361908,4
d256h4L4,3016960,1792,audio_8bit,4,3.9296135902404785,4
d256h4L4,3016960,1792,audio_16bit,1,6.394369125366211,4
d256h4L4,3016960,1792,audio_16bit,2,6.205276807149251,4
d256h4L4,3016960,1792,audio_16bit,3,6.1374876499176025,4
d256h4L4,3016960,1792,audio_16bit,4,6.101927757263184,4
d256h4L4,3016960,1792,speech_commands_pcm8,1,5.837429165840149,4
d256h4L4,3016960,1792,speech_commands_pcm8,2,5.411567211151123,4
d256h4L4,3016960,1792,speech_commands_pcm8,3,5.196375012397766,4
d256h4L4,3016960,1792,speech_commands_pcm8,4,5.048991680145264,4
d256h4L4,3016960,1792,speech_commands_pcm8_8khz,1,5.731398701667786,4
d256h4L4,3016960,1792,speech_commands_pcm8_8khz,2,5.253528753916423,4
d256h4L4,3016960,1792,speech_commands_pcm8_8khz,3,5.011614680290222,4
d256h4L4,3016960,1792,speech_commands_pcm8_8khz,4,4.845401287078857,4
d256h4L4,3016960,1792,mutopia_melody_16th,1,6.147293210029602,4
d256h4L4,3016960,1792,mutopia_melody_16th,2,5.821122407913208,4
d256h4L4,3016960,1792,mutopia_melody_16th,3,5.656900882720947,4
d256h4L4,3016960,1792,mutopia_melody_16th,4,5.5470075607299805,4
d256h4L4,3016960,1792,cifar10_rgb_planar,1,7.885403275489807,4
d256h4L4,3016960,1792,cifar10_rgb_planar,2,7.80598799387614,4
d256h4L4,3016960,1792,cifar10_rgb_planar,3,7.7769505977630615,4
d256h4L4,3016960,1792,cifar10_rgb_planar,4,7.761245250701904,4
d256h4L4,3016960,1792,cifar10_rgb_hwc,1,7.876774311065674,4
d256h4L4,3016960,1792,cifar10_rgb_hwc,2,7.801024595896403,4
d256h4L4,3016960,1792,cifar10_rgb_hwc,3,7.773566842079163,4
d256h4L4,3016960,1792,cifar10_rgb_hwc,4,7.758782863616943,4
d256h4L4,3016960,1792,kolmogorov_text,1,7.759196758270264,4
d256h4L4,3016960,1792,kolmogorov_text,2,7.609660784403483,4
d256h4L4,3016960,1792,kolmogorov_text,3,7.554550886154175,4
d256h4L4,3016960,1792,kolmogorov_text,4,7.524648189544678,4
d256h4L4,3016960,1792,kolmogorov_dna,1,4.678828120231628,4
d256h4L4,3016960,1792,kolmogorov_dna,2,3.92042875289917,4
d256h4L4,3016960,1792,kolmogorov_dna,3,3.642595589160919,4
d256h4L4,3016960,1792,kolmogorov_dna,4,3.5132288932800293,4
d256h4L4,3016960,1792,metamath,1,7.636905550956726,4
d256h4L4,3016960,1792,metamath,2,7.423261801401774,4
d256h4L4,3016960,1792,metamath,3,7.34851348400116,4
d256h4L4,3016960,1792,metamath,4,7.31143045425415,4
d256h4L4,3016960,1792,aitdcc_a_protein,1,7.650163054466248,4
d256h4L4,3016960,1792,aitdcc_a_protein,2,7.484576384226481,4
d256h4L4,3016960,1792,aitdcc_a_protein,3,7.42284095287323,4
d256h4L4,3016960,1792,aitdcc_a_protein,4,7.38934326171875,4
d256h4L4,3016960,1792,aitdcc_b_c_source,1,7.848593831062317,4
d256h4L4,3016960,1792,aitdcc_b_c_source,2,7.724449475606282,4
d256h4L4,3016960,1792,aitdcc_b_c_source,3,7.678572177886963,4
d256h4L4,3016960,1792,aitdcc_b_c_source,4,7.653801441192627,4
d256h4L4,3016960,1792,aitdcc_d_glibc_rand,1,8.131726741790771,4
d256h4L4,3016960,1792,aitdcc_d_glibc_rand,2,8.074743111928305,4
d256h4L4,3016960,1792,aitdcc_d_glibc_rand,3,8.05527663230896,4
d256h4L4,3016960,1792,aitdcc_d_glibc_rand,4,8.045196533203125,4
d256h4L4,3016960,1792,aitdcc_e_atlas_float32,1,8.033461809158325,4
d256h4L4,3016960,1792,aitdcc_e_atlas_float32,2,7.973860899607341,4
d256h4L4,3016960,1792,aitdcc_e_atlas_float32,3,7.952293515205383,4
d256h4L4,3016960,1792,aitdcc_e_atlas_float32,4,7.940889358520508,4
d256h4L4,3016960,1792,aitdcc_g_astronomy,1,4.420667409896851,4
d256h4L4,3016960,1792,aitdcc_g_astronomy,2,4.3270284334818525,4
d256h4L4,3016960,1792,aitdcc_g_astronomy,3,4.301623225212097,4
d256h4L4,3016960,1792,aitdcc_g_astronomy,4,4.289076328277588,4
d256h4L4,3016960,1792,llm_compression_python,1,7.282753348350525,4
d256h4L4,3016960,1792,llm_compression_python,2,7.057405233383179,4
d256h4L4,3016960,1792,llm_compression_python,3,6.975484251976013,4
d256h4L4,3016960,1792,llm_compression_python,4,6.930812835693359,4
d256h4L4,3016960,1792,llm_compression_cc,1,7.701941132545471,4
d256h4L4,3016960,1792,llm_compression_cc,2,7.5293582280476885,4
d256h4L4,3016960,1792,llm_compression_cc,3,7.466393947601318,4
d256h4L4,3016960,1792,llm_compression_cc,4,7.432378768920898,4
d256h4L4,3016960,1792,llm_compression_arxiv_math,1,7.76151716709137,4
d256h4L4,3016960,1792,llm_compression_arxiv_math,2,7.6356485684712725,4
d256h4L4,3016960,1792,llm_compression_arxiv_math,3,7.589778184890747,4
d256h4L4,3016960,1792,llm_compression_arxiv_math,4,7.565206050872803,4
d256h4L4,3016960,1792,esc50_pcm8,1,5.882152557373047,4
d256h4L4,3016960,1792,esc50_pcm8,2,5.512117306391398,4
d256h4L4,3016960,1792,esc50_pcm8,3,5.3271180391311646,4
d256h4L4,3016960,1792,esc50_pcm8,4,5.202969551086426,4
d256h4L4,3016960,1792,esc50_pcm8_11khz,1,6.162344217300415,4
d256h4L4,3016960,1792,esc50_pcm8_11khz,2,5.832064390182495,4
d256h4L4,3016960,1792,esc50_pcm8_11khz,3,5.666639089584351,4
d256h4L4,3016960,1792,esc50_pcm8_11khz,4,5.554600238800049,4
d256h4L4,3016960,1792,musicnet_pcm8,1,7.193775296211243,4
d256h4L4,3016960,1792,musicnet_pcm8,2,6.99422828356425,4
d256h4L4,3016960,1792,musicnet_pcm8,3,6.897207617759705,4
d256h4L4,3016960,1792,musicnet_pcm8,4,6.8328142166137695,4
d256h4L4,3016960,1792,musicnet_pcm8_11khz,1,6.927241206169128,4
d256h4L4,3016960,1792,musicnet_pcm8_11khz,2,6.67882506052653,4
d256h4L4,3016960,1792,musicnet_pcm8_11khz,3,6.561354160308838,4
d256h4L4,3016960,1792,musicnet_pcm8_11khz,4,6.483278751373291,4
d256h4L4,3016960,2048,dclm,1,7.621244549751282,4
d256h4L4,3016960,2048,dclm,2,7.3609715302785235,4
d256h4L4,3016960,2048,dclm,3,7.265057682991028,4
d256h4L4,3016960,2048,dclm,4,7.212513446807861,4
d256h4L4,3016960,2048,dclm_ranked,1,6.821139454841614,4
d256h4L4,3016960,2048,dclm_ranked,2,6.286571184794108,4
d256h4L4,3016960,2048,dclm_ranked,3,6.085294008255005,4
d256h4L4,3016960,2048,dclm_ranked,4,5.976759433746338,4
d256h4L4,3016960,2048,dna,1,4.024008095264435,4
d256h4L4,3016960,2048,dna,2,3.4391116301218667,4
d256h4L4,3016960,2048,dna,3,3.2318632006645203,4
d256h4L4,3016960,2048,dna,4,3.1287968158721924,4
d256h4L4,3016960,2048,arithmetic,1,7.953646302223206,4
d256h4L4,3016960,2048,arithmetic,2,7.856716950734456,4
d256h4L4,3016960,2048,arithmetic,3,7.820802211761475,4
d256h4L4,3016960,2048,arithmetic,4,7.801568984985352,4
d256h4L4,3016960,2048,audio_8bit,1,4.553875088691711,4
d256h4L4,3016960,2048,audio_8bit,2,4.104146281878154,4
d256h4L4,3016960,2048,audio_8bit,3,3.9393872022628784,4
d256h4L4,3016960,2048,audio_8bit,4,3.8534576892852783,4
d256h4L4,3016960,2048,audio_16bit,1,6.349491715431213,4
d256h4L4,3016960,2048,audio_16bit,2,6.152915795644124,4
d256h4L4,3016960,2048,audio_16bit,3,6.082864046096802,4
d256h4L4,3016960,2048,audio_16bit,4,6.0462751388549805,4
d256h4L4,3016960,2048,speech_commands_pcm8,1,4.952167272567749,4
d256h4L4,3016960,2048,speech_commands_pcm8,2,4.551763534545898,4
d256h4L4,3016960,2048,speech_commands_pcm8,3,4.435506701469421,4
d256h4L4,3016960,2048,speech_commands_pcm8,4,4.377560138702393,4
d256h4L4,3016960,2048,speech_commands_pcm8_8khz,1,4.777226567268372,4
d256h4L4,3016960,2048,speech_commands_pcm8_8khz,2,4.321435848871867,4
d256h4L4,3016960,2048,speech_commands_pcm8_8khz,3,4.188086152076721,4
d256h4L4,3016960,2048,speech_commands_pcm8_8khz,4,4.122714996337891,4
d256h4L4,3016960,2048,mutopia_melody_16th,1,5.402836322784424,4
d256h4L4,3016960,2048,mutopia_melody_16th,2,4.724640051523845,4
d256h4L4,3016960,2048,mutopia_melody_16th,3,4.505534410476685,4
d256h4L4,3016960,2048,mutopia_melody_16th,4,4.419644355773926,4
d256h4L4,3016960,2048,cifar10_rgb_planar,1,7.854373216629028,4
d256h4L4,3016960,2048,cifar10_rgb_planar,2,7.764984289805095,4
d256h4L4,3016960,2048,cifar10_rgb_planar,3,7.73213005065918,4
d256h4L4,3016960,2048,cifar10_rgb_planar,4,7.7143988609313965,4
d256h4L4,3016960,2048,cifar10_rgb_hwc,1,7.849956393241882,4
d256h4L4,3016960,2048,cifar10_rgb_hwc,2,7.764858404795329,4
d256h4L4,3016960,2048,cifar10_rgb_hwc,3,7.733573079109192,4
d256h4L4,3016960,2048,cifar10_rgb_hwc,4,7.716676235198975,4
d256h4L4,3016960,2048,kolmogorov_text,1,7.69758403301239,4
d256h4L4,3016960,2048,kolmogorov_text,2,7.482204357783,4
d256h4L4,3016960,2048,kolmogorov_text,3,7.401515603065491,4
d256h4L4,3016960,2048,kolmogorov_text,4,7.357231140136719,4
d256h4L4,3016960,2048,kolmogorov_dna,1,4.306635618209839,4
d256h4L4,3016960,2048,kolmogorov_dna,2,3.681999683380127,4
d256h4L4,3016960,2048,kolmogorov_dna,3,3.44681578874588,4
d256h4L4,3016960,2048,kolmogorov_dna,4,3.3222906589508057,4
d256h4L4,3016960,2048,metamath,1,7.528591513633728,4
d256h4L4,3016960,2048,metamath,2,7.246928612391154,4
d256h4L4,3016960,2048,metamath,3,7.147390127182007,4
d256h4L4,3016960,2048,metamath,4,7.093749046325684,4
d256h4L4,3016960,2048,aitdcc_a_protein,1,7.679833769798279,4
d256h4L4,3016960,2048,aitdcc_a_protein,2,7.470017433166504,4
d256h4L4,3016960,2048,aitdcc_a_protein,3,7.396582245826721,4
d256h4L4,3016960,2048,aitdcc_a_protein,4,7.356618881225586,4
d256h4L4,3016960,2048,aitdcc_b_c_source,1,7.789762854576111,4
d256h4L4,3016960,2048,aitdcc_b_c_source,2,7.61968199412028,4
d256h4L4,3016960,2048,aitdcc_b_c_source,3,7.55758810043335,4
d256h4L4,3016960,2048,aitdcc_b_c_source,4,7.523892879486084,4
d256h4L4,3016960,2048,aitdcc_d_glibc_rand,1,8.127880811691284,4
d256h4L4,3016960,2048,aitdcc_d_glibc_rand,2,8.07270336151123,4
d256h4L4,3016960,2048,aitdcc_d_glibc_rand,3,8.053893566131592,4
d256h4L4,3016960,2048,aitdcc_d_glibc_rand,4,8.044212341308594,4
d256h4L4,3016960,2048,aitdcc_e_atlas_float32,1,8.01704752445221,4
d256h4L4,3016960,2048,aitdcc_e_atlas_float32,2,7.928654750188191,4
d256h4L4,3016960,2048,aitdcc_e_atlas_float32,3,7.892249226570129,4
d256h4L4,3016960,2048,aitdcc_e_atlas_float32,4,7.871058940887451,4
d256h4L4,3016960,2048,aitdcc_g_astronomy,1,4.584200143814087,4
d256h4L4,3016960,2048,aitdcc_g_astronomy,2,4.348417361577352,4
d256h4L4,3016960,2048,aitdcc_g_astronomy,3,4.304203033447266,4
d256h4L4,3016960,2048,aitdcc_g_astronomy,4,4.283644676208496,4
d256h4L4,3016960,2048,llm_compression_python,1,7.252021670341492,4
d256h4L4,3016960,2048,llm_compression_python,2,6.938760598500569,4
d256h4L4,3016960,2048,llm_compression_python,3,6.824172139167786,4
d256h4L4,3016960,2048,llm_compression_python,4,6.7632927894592285,4
d256h4L4,3016960,2048,llm_compression_cc,1,7.651514172554016,4
d256h4L4,3016960,2048,llm_compression_cc,2,7.399259805679321,4
d256h4L4,3016960,2048,llm_compression_cc,3,7.30622136592865,4
d256h4L4,3016960,2048,llm_compression_cc,4,7.255407810211182,4
d256h4L4,3016960,2048,llm_compression_arxiv_math,1,7.69690728187561,4
d256h4L4,3016960,2048,llm_compression_arxiv_math,2,7.517782211303711,4
d256h4L4,3016960,2048,llm_compression_arxiv_math,3,7.453077554702759,4
d256h4L4,3016960,2048,llm_compression_arxiv_math,4,7.418267250061035,4
d256h4L4,3016960,2048,esc50_pcm8,1,5.1209876537323,4
d256h4L4,3016960,2048,esc50_pcm8,2,4.762408415476481,4
d256h4L4,3016960,2048,esc50_pcm8,3,4.655424356460571,4
d256h4L4,3016960,2048,esc50_pcm8,4,4.604787826538086,4
d256h4L4,3016960,2048,esc50_pcm8_11khz,1,5.471149563789368,4
d256h4L4,3016960,2048,esc50_pcm8_11khz,2,5.148614327112834,4
d256h4L4,3016960,2048,esc50_pcm8_11khz,3,5.053893446922302,4
d256h4L4,3016960,2048,esc50_pcm8_11khz,4,5.007977485656738,4
d256h4L4,3016960,2048,musicnet_pcm8,1,7.039277911186218,4
d256h4L4,3016960,2048,musicnet_pcm8,2,6.86357315381368,4
d256h4L4,3016960,2048,musicnet_pcm8,3,6.793294668197632,4
d256h4L4,3016960,2048,musicnet_pcm8,4,6.7567925453186035,4
d256h4L4,3016960,2048,musicnet_pcm8_11khz,1,6.567901015281677,4
d256h4L4,3016960,2048,musicnet_pcm8_11khz,2,6.333942254384358,4
d256h4L4,3016960,2048,musicnet_pcm8_11khz,3,6.25698184967041,4
d256h4L4,3016960,2048,musicnet_pcm8_11khz,4,6.218283653259277,4
d256h4L4,3016960,2304,dclm,1,7.621890544891357,4
d256h4L4,3016960,2304,dclm,2,7.383504867553711,4
d256h4L4,3016960,2304,dclm,3,7.288183331489563,4
d256h4L4,3016960,2304,dclm,4,7.233729839324951,4
d256h4L4,3016960,2304,dclm_ranked,1,6.842810034751892,4
d256h4L4,3016960,2304,dclm_ranked,2,6.428110996882121,4
d256h4L4,3016960,2304,dclm_ranked,3,6.278478384017944,4
d256h4L4,3016960,2304,dclm_ranked,4,6.198729515075684,4
d256h4L4,3016960,2304,dna,1,4.107136607170105,4
d256h4L4,3016960,2304,dna,2,3.4932730992635093,4
d256h4L4,3016960,2304,dna,3,3.267731726169586,4
d256h4L4,3016960,2304,dna,4,3.150888681411743,4
d256h4L4,3016960,2304,arithmetic,1,7.94760537147522,4
d256h4L4,3016960,2304,arithmetic,2,7.858789920806885,4
d256h4L4,3016960,2304,arithmetic,3,7.8258256912231445,4
d256h4L4,3016960,2304,arithmetic,4,7.807216167449951,4
d256h4L4,3016960,2304,audio_8bit,1,4.593010425567627,4
d256h4L4,3016960,2304,audio_8bit,2,4.171772400538127,4
d256h4L4,3016960,2304,audio_8bit,3,4.024142563343048,4
d256h4L4,3016960,2304,audio_8bit,4,3.9469852447509766,4
d256h4L4,3016960,2304,audio_16bit,1,6.350340008735657,4
d256h4L4,3016960,2304,audio_16bit,2,6.170542558034261,4
d256h4L4,3016960,2304,audio_16bit,3,6.106512546539307,4
d256h4L4,3016960,2304,audio_16bit,4,6.072276592254639,4
d256h4L4,3016960,2304,speech_commands_pcm8,1,5.8040382862091064,4
d256h4L4,3016960,2304,speech_commands_pcm8,2,4.730804920196533,4
d256h4L4,3016960,2304,speech_commands_pcm8,3,4.472299933433533,4
d256h4L4,3016960,2304,speech_commands_pcm8,4,4.303859710693359,4
d256h4L4,3016960,2304,speech_commands_pcm8_8khz,1,5.81599497795105,4
d256h4L4,3016960,2304,speech_commands_pcm8_8khz,2,4.5360234181086225,4
d256h4L4,3016960,2304,speech_commands_pcm8_8khz,3,4.249759674072266,4
d256h4L4,3016960,2304,speech_commands_pcm8_8khz,4,4.06597375869751,4
d256h4L4,3016960,2304,mutopia_melody_16th,1,5.650589466094971,4
d256h4L4,3016960,2304,mutopia_melody_16th,2,5.173093477884929,4
d256h4L4,3016960,2304,mutopia_melody_16th,3,5.001968026161194,4
d256h4L4,3016960,2304,mutopia_melody_16th,4,4.908107757568359,4
d256h4L4,3016960,2304,cifar10_rgb_planar,1,7.850135087966919,4
d256h4L4,3016960,2304,cifar10_rgb_planar,2,7.7741397221883135,4
d256h4L4,3016960,2304,cifar10_rgb_planar,3,7.74661123752594,4
d256h4L4,3016960,2304,cifar10_rgb_planar,4,7.731780052185059,4
d256h4L4,3016960,2304,cifar10_rgb_hwc,1,7.845621943473816,4
d256h4L4,3016960,2304,cifar10_rgb_hwc,2,7.772988955179851,4
d256h4L4,3016960,2304,cifar10_rgb_hwc,3,7.746764779090881,4
d256h4L4,3016960,2304,cifar10_rgb_hwc,4,7.732670783996582,4
d256h4L4,3016960,2304,kolmogorov_text,1,7.699466705322266,4
d256h4L4,3016960,2304,kolmogorov_text,2,7.5087666511535645,4
d256h4L4,3016960,2304,kolmogorov_text,3,7.433508515357971,4
d256h4L4,3016960,2304,kolmogorov_text,4,7.390903949737549,4
d256h4L4,3016960,2304,kolmogorov_dna,1,4.394204139709473,4
d256h4L4,3016960,2304,kolmogorov_dna,2,3.7551373640696206,4
d256h4L4,3016960,2304,kolmogorov_dna,3,3.505312919616699,4
d256h4L4,3016960,2304,kolmogorov_dna,4,3.373016595840454,4
d256h4L4,3016960,2304,metamath,1,7.561741471290588,4
d256h4L4,3016960,2304,metamath,2,7.313658634821574,4
d256h4L4,3016960,2304,metamath,3,7.220231413841248,4
d256h4L4,3016960,2304,metamath,4,7.1681809425354,4
d256h4L4,3016960,2304,aitdcc_a_protein,1,7.822710752487183,4
d256h4L4,3016960,2304,aitdcc_a_protein,2,7.63448437054952,4
d256h4L4,3016960,2304,aitdcc_a_protein,3,7.580089449882507,4
d256h4L4,3016960,2304,aitdcc_a_protein,4,7.549330234527588,4
d256h4L4,3016960,2304,aitdcc_b_c_source,1,7.801235675811768,4
d256h4L4,3016960,2304,aitdcc_b_c_source,2,7.663733720779419,4
d256h4L4,3016960,2304,aitdcc_b_c_source,3,7.609412670135498,4
d256h4L4,3016960,2304,aitdcc_b_c_source,4,7.5786590576171875,4
d256h4L4,3016960,2304,aitdcc_d_glibc_rand,1,8.115607976913452,4
d256h4L4,3016960,2304,aitdcc_d_glibc_rand,2,8.066588560740152,4
d256h4L4,3016960,2304,aitdcc_d_glibc_rand,3,8.050017356872559,4
d256h4L4,3016960,2304,aitdcc_d_glibc_rand,4,8.041566848754883,4
d256h4L4,3016960,2304,aitdcc_e_atlas_float32,1,8.067410469055176,4
d256h4L4,3016960,2304,aitdcc_e_atlas_float32,2,8.016526699066162,4
d256h4L4,3016960,2304,aitdcc_e_atlas_float32,3,7.998872876167297,4
d256h4L4,3016960,2304,aitdcc_e_atlas_float32,4,7.989846229553223,4
d256h4L4,3016960,2304,aitdcc_g_astronomy,1,5.2485456466674805,4
d256h4L4,3016960,2304,aitdcc_g_astronomy,2,4.598421653111775,4
d256h4L4,3016960,2304,aitdcc_g_astronomy,3,4.5072197914123535,4
d256h4L4,3016960,2304,aitdcc_g_astronomy,4,4.473514556884766,4
d256h4L4,3016960,2304,llm_compression_python,1,7.250147819519043,4
d256h4L4,3016960,2304,llm_compression_python,2,6.996492942174275,4
d256h4L4,3016960,2304,llm_compression_python,3,6.899264097213745,4
d256h4L4,3016960,2304,llm_compression_python,4,6.845339298248291,4
d256h4L4,3016960,2304,llm_compression_cc,1,7.649825692176819,4
d256h4L4,3016960,2304,llm_compression_cc,2,7.4170559247334795,4
d256h4L4,3016960,2304,llm_compression_cc,3,7.324726819992065,4
d256h4L4,3016960,2304,llm_compression_cc,4,7.272104263305664,4
d256h4L4,3016960,2304,llm_compression_arxiv_math,1,7.699568510055542,4
d256h4L4,3016960,2304,llm_compression_arxiv_math,2,7.529816071192424,4
d256h4L4,3016960,2304,llm_compression_arxiv_math,3,7.463400959968567,4
d256h4L4,3016960,2304,llm_compression_arxiv_math,4,7.425861835479736,4
d256h4L4,3016960,2304,esc50_pcm8,1,5.750275135040283,4
d256h4L4,3016960,2304,esc50_pcm8,2,4.966537793477376,4
d256h4L4,3016960,2304,esc50_pcm8,3,4.741060495376587,4
d256h4L4,3016960,2304,esc50_pcm8,4,4.593949794769287,4
d256h4L4,3016960,2304,esc50_pcm8_11khz,1,6.058838725090027,4
d256h4L4,3016960,2304,esc50_pcm8_11khz,2,5.315741300582886,4
d256h4L4,3016960,2304,esc50_pcm8_11khz,3,5.103489398956299,4
d256h4L4,3016960,2304,esc50_pcm8_11khz,4,4.96464204788208,4
d256h4L4,3016960,2304,musicnet_pcm8,1,7.125298500061035,4
d256h4L4,3016960,2304,musicnet_pcm8,2,6.840898195902507,4
d256h4L4,3016960,2304,musicnet_pcm8,3,6.7014816999435425,4
d256h4L4,3016960,2304,musicnet_pcm8,4,6.6036295890808105,4
d256h4L4,3016960,2304,musicnet_pcm8_11khz,1,6.911930561065674,4
d256h4L4,3016960,2304,musicnet_pcm8_11khz,2,6.376535971959432,4
d256h4L4,3016960,2304,musicnet_pcm8_11khz,3,6.205374002456665,4
d256h4L4,3016960,2304,musicnet_pcm8_11khz,4,6.089284420013428,4
d256h4L4,3016960,2560,dclm,1,7.7106099128723145,4
d256h4L4,3016960,2560,dclm,2,7.48287558555603,4
d256h4L4,3016960,2560,dclm,3,7.403978943824768,4
d256h4L4,3016960,2560,dclm,4,7.3602519035339355,4
d256h4L4,3016960,2560,dclm_ranked,1,6.947008967399597,4
d256h4L4,3016960,2560,dclm_ranked,2,6.3963844776153564,4
d256h4L4,3016960,2560,dclm_ranked,3,6.199420928955078,4
d256h4L4,3016960,2560,dclm_ranked,4,6.092626571655273,4
d256h4L4,3016960,2560,dna,1,4.168162286281586,4
d256h4L4,3016960,2560,dna,2,3.529057423273722,4
d256h4L4,3016960,2560,dna,3,3.3256528973579407,4
d256h4L4,3016960,2560,dna,4,3.225184679031372,4
d256h4L4,3016960,2560,arithmetic,1,7.942201137542725,4
d256h4L4,3016960,2560,arithmetic,2,7.859356164932251,4
d256h4L4,3016960,2560,arithmetic,3,7.828284382820129,4
d256h4L4,3016960,2560,arithmetic,4,7.810728073120117,4
d256h4L4,3016960,2560,audio_8bit,1,4.633846998214722,4
d256h4L4,3016960,2560,audio_8bit,2,4.139694372812907,4
d256h4L4,3016960,2560,audio_8bit,3,3.968412756919861,4
d256h4L4,3016960,2560,audio_8bit,4,3.8773670196533203,4
d256h4L4,3016960,2560,audio_16bit,1,6.372694253921509,4
d256h4L4,3016960,2560,audio_16bit,2,6.151551723480225,4
d256h4L4,3016960,2560,audio_16bit,3,6.071773529052734,4
d256h4L4,3016960,2560,audio_16bit,4,6.029029369354248,4
d256h4L4,3016960,2560,speech_commands_pcm8,1,5.3331921100616455,4
d256h4L4,3016960,2560,speech_commands_pcm8,2,4.727201382319133,4
d256h4L4,3016960,2560,speech_commands_pcm8,3,4.448032021522522,4
d256h4L4,3016960,2560,speech_commands_pcm8,4,4.323080539703369,4
d256h4L4,3016960,2560,speech_commands_pcm8_8khz,1,5.259431838989258,4
d256h4L4,3016960,2560,speech_commands_pcm8_8khz,2,4.5507261753082275,4
d256h4L4,3016960,2560,speech_commands_pcm8_8khz,3,4.222789227962494,4
d256h4L4,3016960,2560,speech_commands_pcm8_8khz,4,4.082134246826172,4
d256h4L4,3016960,2560,mutopia_melody_16th,1,5.758602738380432,4
d256h4L4,3016960,2560,mutopia_melody_16th,2,5.249189456303914,4
d256h4L4,3016960,2560,mutopia_melody_16th,3,5.021701693534851,4
d256h4L4,3016960,2560,mutopia_melody_16th,4,4.873805522918701,4
d256h4L4,3016960,2560,cifar10_rgb_planar,1,7.843050241470337,4
d256h4L4,3016960,2560,cifar10_rgb_planar,2,7.76686692237854,4
d256h4L4,3016960,2560,cifar10_rgb_planar,3,7.73988950252533,4
d256h4L4,3016960,2560,cifar10_rgb_planar,4,7.725550174713135,4
d256h4L4,3016960,2560,cifar10_rgb_hwc,1,7.834266424179077,4
d256h4L4,3016960,2560,cifar10_rgb_hwc,2,7.760586738586426,4
d256h4L4,3016960,2560,cifar10_rgb_hwc,3,7.734680891036987,4
d256h4L4,3016960,2560,cifar10_rgb_hwc,4,7.72083854675293,4
d256h4L4,3016960,2560,kolmogorov_text,1,7.76651668548584,4
d256h4L4,3016960,2560,kolmogorov_text,2,7.585259914398193,4
d256h4L4,3016960,2560,kolmogorov_text,3,7.522600531578064,4
d256h4L4,3016960,2560,kolmogorov_text,4,7.488060474395752,4
d256h4L4,3016960,2560,kolmogorov_dna,1,4.414841711521149,4
d256h4L4,3016960,2560,kolmogorov_dna,2,3.692534327507019,4
d256h4L4,3016960,2560,kolmogorov_dna,3,3.477499008178711,4
d256h4L4,3016960,2560,kolmogorov_dna,4,3.374969244003296,4
d256h4L4,3016960,2560,metamath,1,7.621456861495972,4
d256h4L4,3016960,2560,metamath,2,7.388230323791504,4
d256h4L4,3016960,2560,metamath,3,7.305619120597839,4
d256h4L4,3016960,2560,metamath,4,7.260751247406006,4
d256h4L4,3016960,2560,aitdcc_a_protein,1,7.737779974937439,4
d256h4L4,3016960,2560,aitdcc_a_protein,2,7.558221817016602,4
d256h4L4,3016960,2560,aitdcc_a_protein,3,7.489409446716309,4
d256h4L4,3016960,2560,aitdcc_a_protein,4,7.449553489685059,4
d256h4L4,3016960,2560,aitdcc_b_c_source,1,7.8613563776016235,4
d256h4L4,3016960,2560,aitdcc_b_c_source,2,7.720922152201335,4
d256h4L4,3016960,2560,aitdcc_b_c_source,3,7.673707485198975,4
d256h4L4,3016960,2560,aitdcc_b_c_source,4,7.647894382476807,4
d256h4L4,3016960,2560,aitdcc_d_glibc_rand,1,8.10953950881958,4
d256h4L4,3016960,2560,aitdcc_d_glibc_rand,2,8.062894980112711,4
d256h4L4,3016960,2560,aitdcc_d_glibc_rand,3,8.04713749885559,4
d256h4L4,3016960,2560,aitdcc_d_glibc_rand,4,8.039085388183594,4
d256h4L4,3016960,2560,aitdcc_e_atlas_float32,1,8.003148317337036,4
d256h4L4,3016960,2560,aitdcc_e_atlas_float32,2,7.940969626108806,4
d256h4L4,3016960,2560,aitdcc_e_atlas_float32,3,7.9176846742630005,4
d256h4L4,3016960,2560,aitdcc_e_atlas_float32,4,7.9051666259765625,4
d256h4L4,3016960,2560,aitdcc_g_astronomy,1,4.2081745862960815,4
d256h4L4,3016960,2560,aitdcc_g_astronomy,2,4.14756441116333,4
d256h4L4,3016960,2560,aitdcc_g_astronomy,3,4.129184007644653,4
d256h4L4,3016960,2560,aitdcc_g_astronomy,4,4.119791507720947,4
d256h4L4,3016960,2560,llm_compression_python,1,7.343771934509277,4
d256h4L4,3016960,2560,llm_compression_python,2,7.05596939722697,4
d256h4L4,3016960,2560,llm_compression_python,3,6.961740612983704,4
d256h4L4,3016960,2560,llm_compression_python,4,6.912006855010986,4
d256h4L4,3016960,2560,llm_compression_cc,1,7.730855822563171,4
d256h4L4,3016960,2560,llm_compression_cc,2,7.509903271993001,4
d256h4L4,3016960,2560,llm_compression_cc,3,7.432866096496582,4
d256h4L4,3016960,2560,llm_compression_cc,4,7.390333652496338,4
d256h4L4,3016960,2560,llm_compression_arxiv_math,1,7.760716795921326,4
d256h4L4,3016960,2560,llm_compression_arxiv_math,2,7.594903230667114,4
d256h4L4,3016960,2560,llm_compression_arxiv_math,3,7.53722071647644,4
d256h4L4,3016960,2560,llm_compression_arxiv_math,4,7.505809307098389,4
d256h4L4,3016960,2560,esc50_pcm8,1,5.334148526191711,4
d256h4L4,3016960,2560,esc50_pcm8,2,4.877355337142944,4
d256h4L4,3016960,2560,esc50_pcm8,3,4.671854615211487,4
d256h4L4,3016960,2560,esc50_pcm8,4,4.572503089904785,4
d256h4L4,3016960,2560,esc50_pcm8_11khz,1,5.715258240699768,4
d256h4L4,3016960,2560,esc50_pcm8_11khz,2,5.263332049051921,4
d256h4L4,3016960,2560,esc50_pcm8_11khz,3,5.061699271202087,4
d256h4L4,3016960,2560,esc50_pcm8_11khz,4,4.963746547698975,4
d256h4L4,3016960,2560,musicnet_pcm8,1,7.030104756355286,4
d256h4L4,3016960,2560,musicnet_pcm8,2,6.786422650019328,4
d256h4L4,3016960,2560,musicnet_pcm8,3,6.677323341369629,4
d256h4L4,3016960,2560,musicnet_pcm8,4,6.613083839416504,4
d256h4L4,3016960,2560,musicnet_pcm8_11khz,1,6.7150328159332275,4
d256h4L4,3016960,2560,musicnet_pcm8_11khz,2,6.365926424662272,4
d256h4L4,3016960,2560,musicnet_pcm8_11khz,3,6.209054946899414,4
d256h4L4,3016960,2560,musicnet_pcm8_11khz,4,6.127532005310059,4
d256h4L4,3016960,2816,dclm,1,7.694760203361511,4
d256h4L4,3016960,2816,dclm,2,7.457357247670491,4
d256h4L4,3016960,2816,dclm,3,7.374049067497253,4
d256h4L4,3016960,2816,dclm,4,7.329470634460449,4
d256h4L4,3016960,2816,dclm_ranked,1,6.797810077667236,4
d256h4L4,3016960,2816,dclm_ranked,2,6.295441150665283,4
d256h4L4,3016960,2816,dclm_ranked,3,6.110897898674011,4
d256h4L4,3016960,2816,dclm_ranked,4,6.0124430656433105,4
d256h4L4,3016960,2816,dna,1,4.198889791965485,4
d256h4L4,3016960,2816,dna,2,3.548802455266317,4
d256h4L4,3016960,2816,dna,3,3.3253339529037476,4
d256h4L4,3016960,2816,dna,4,3.21230149269104,4
d256h4L4,3016960,2816,arithmetic,1,7.895936608314514,4
d256h4L4,3016960,2816,arithmetic,2,7.810025215148926,4
d256h4L4,3016960,2816,arithmetic,3,7.779779672622681,4
d256h4L4,3016960,2816,arithmetic,4,7.765625476837158,4
d256h4L4,3016960,2816,audio_8bit,1,4.529582858085632,4
d256h4L4,3016960,2816,audio_8bit,2,4.095809141794841,4
d256h4L4,3016960,2816,audio_8bit,3,3.9407976865768433,4
d256h4L4,3016960,2816,audio_8bit,4,3.8605897426605225,4
d256h4L4,3016960,2816,audio_16bit,1,6.3328773975372314,4
d256h4L4,3016960,2816,audio_16bit,2,6.1554655234018965,4
d256h4L4,3016960,2816,audio_16bit,3,6.092750549316406,4
d256h4L4,3016960,2816,audio_16bit,4,6.060085773468018,4
d256h4L4,3016960,2816,speech_commands_pcm8,1,4.722313046455383,4
d256h4L4,3016960,2816,speech_commands_pcm8,2,4.302284995714824,4
d256h4L4,3016960,2816,speech_commands_pcm8,3,4.147172749042511,4
d256h4L4,3016960,2816,speech_commands_pcm8,4,4.079068660736084,4
d256h4L4,3016960,2816,speech_commands_pcm8_8khz,1,4.578052520751953,4
d256h4L4,3016960,2816,speech_commands_pcm8_8khz,2,4.1089398463567095,4
d256h4L4,3016960,2816,speech_commands_pcm8_8khz,3,3.937499225139618,4
d256h4L4,3016960,2816,speech_commands_pcm8_8khz,4,3.863619089126587,4
d256h4L4,3016960,2816,mutopia_melody_16th,1,5.710943222045898,4
d256h4L4,3016960,2816,mutopia_melody_16th,2,4.913681745529175,4
d256h4L4,3016960,2816,mutopia_melody_16th,3,4.6155349016189575,4
d256h4L4,3016960,2816,mutopia_melody_16th,4,4.495676517486572,4
d256h4L4,3016960,2816,cifar10_rgb_planar,1,7.814904689788818,4
d256h4L4,3016960,2816,cifar10_rgb_planar,2,7.745100816090901,4
d256h4L4,3016960,2816,cifar10_rgb_planar,3,7.719987630844116,4
d256h4L4,3016960,2816,cifar10_rgb_planar,4,7.706653118133545,4
d256h4L4,3016960,2816,cifar10_rgb_hwc,1,7.814402937889099,4
d256h4L4,3016960,2816,cifar10_rgb_hwc,2,7.749128659566243,4
d256h4L4,3016960,2816,cifar10_rgb_hwc,3,7.725853681564331,4
d256h4L4,3016960,2816,cifar10_rgb_hwc,4,7.713542938232422,4
d256h4L4,3016960,2816,kolmogorov_text,1,7.762890458106995,4
d256h4L4,3016960,2816,kolmogorov_text,2,7.565880457560222,4
d256h4L4,3016960,2816,kolmogorov_text,3,7.497160196304321,4
d256h4L4,3016960,2816,kolmogorov_text,4,7.4600348472595215,4
d256h4L4,3016960,2816,kolmogorov_dna,1,4.445977210998535,4
d256h4L4,3016960,2816,kolmogorov_dna,2,3.6622689167658486,4
d256h4L4,3016960,2816,kolmogorov_dna,3,3.4094900488853455,4
d256h4L4,3016960,2816,kolmogorov_dna,4,3.283435583114624,4
d256h4L4,3016960,2816,metamath,1,7.647739768028259,4
d256h4L4,3016960,2816,metamath,2,7.33948810895284,4
d256h4L4,3016960,2816,metamath,3,7.236301302909851,4
d256h4L4,3016960,2816,metamath,4,7.184296607971191,4
d256h4L4,3016960,2816,aitdcc_a_protein,1,7.931435585021973,4
d256h4L4,3016960,2816,aitdcc_a_protein,2,7.527870257695516,4
d256h4L4,3016960,2816,aitdcc_a_protein,3,7.395919561386108,4
d256h4L4,3016960,2816,aitdcc_a_protein,4,7.320231914520264,4
d256h4L4,3016960,2816,aitdcc_b_c_source,1,7.877440929412842,4
d256h4L4,3016960,2816,aitdcc_b_c_source,2,7.739484389623006,4
d256h4L4,3016960,2816,aitdcc_b_c_source,3,7.690752029418945,4
d256h4L4,3016960,2816,aitdcc_b_c_source,4,7.664727210998535,4
d256h4L4,3016960,2816,aitdcc_d_glibc_rand,1,8.09710431098938,4
d256h4L4,3016960,2816,aitdcc_d_glibc_rand,2,8.05702288945516,4
d256h4L4,3016960,2816,aitdcc_d_glibc_rand,3,8.04346227645874,4
d256h4L4,3016960,2816,aitdcc_d_glibc_rand,4,8.036554336547852,4
d256h4L4,3016960,2816,aitdcc_e_atlas_float32,1,8.051274299621582,4
d256h4L4,3016960,2816,aitdcc_e_atlas_float32,2,8.014604568481445,4
d256h4L4,3016960,2816,aitdcc_e_atlas_float32,3,8.002062320709229,4
d256h4L4,3016960,2816,aitdcc_e_atlas_float32,4,7.995654106140137,4
d256h4L4,3016960,2816,aitdcc_g_astronomy,1,4.3291696310043335,4
d256h4L4,3016960,2816,aitdcc_g_astronomy,2,4.24604344367981,4
d256h4L4,3016960,2816,aitdcc_g_astronomy,3,4.219624400138855,4
d256h4L4,3016960,2816,aitdcc_g_astronomy,4,4.20658540725708,4
d256h4L4,3016960,2816,llm_compression_python,1,7.327008843421936,4
d256h4L4,3016960,2816,llm_compression_python,2,7.045737981796265,4
d256h4L4,3016960,2816,llm_compression_python,3,6.942119479179382,4
d256h4L4,3016960,2816,llm_compression_python,4,6.886281490325928,4
d256h4L4,3016960,2816,llm_compression_cc,1,7.737179279327393,4
d256h4L4,3016960,2816,llm_compression_cc,2,7.491516749064128,4
d256h4L4,3016960,2816,llm_compression_cc,3,7.406418085098267,4
d256h4L4,3016960,2816,llm_compression_cc,4,7.360753059387207,4
d256h4L4,3016960,2816,llm_compression_arxiv_math,1,7.787153720855713,4
d256h4L4,3016960,2816,llm_compression_arxiv_math,2,7.608191013336182,4
d256h4L4,3016960,2816,llm_compression_arxiv_math,3,7.545662522315979,4
d256h4L4,3016960,2816,llm_compression_arxiv_math,4,7.512507438659668,4
d256h4L4,3016960,2816,esc50_pcm8,1,4.839458584785461,4
d256h4L4,3016960,2816,esc50_pcm8,2,4.488611539204915,4
d256h4L4,3016960,2816,esc50_pcm8,3,4.354748010635376,4
d256h4L4,3016960,2816,esc50_pcm8,4,4.290046215057373,4
d256h4L4,3016960,2816,esc50_pcm8_11khz,1,5.296896576881409,4
d256h4L4,3016960,2816,esc50_pcm8_11khz,2,4.968171914418538,4
d256h4L4,3016960,2816,esc50_pcm8_11khz,3,4.847604393959045,4
d256h4L4,3016960,2816,esc50_pcm8_11khz,4,4.790646076202393,4
d256h4L4,3016960,2816,musicnet_pcm8,1,6.798783779144287,4
d256h4L4,3016960,2816,musicnet_pcm8,2,6.5577392578125,4
d256h4L4,3016960,2816,musicnet_pcm8,3,6.453503131866455,4
d256h4L4,3016960,2816,musicnet_pcm8,4,6.394032001495361,4
d256h4L4,3016960,2816,musicnet_pcm8_11khz,1,6.398918390274048,4
d256h4L4,3016960,2816,musicnet_pcm8_11khz,2,6.133981227874756,4
d256h4L4,3016960,2816,musicnet_pcm8_11khz,3,6.03276789188385,4
d256h4L4,3016960,2816,musicnet_pcm8_11khz,4,5.9828782081604,4
d256h4L4,3016960,3072,dclm,1,7.7953585386276245,4
d256h4L4,3016960,3072,dclm,2,7.546415408452352,4
d256h4L4,3016960,3072,dclm,3,7.458226680755615,4
d256h4L4,3016960,3072,dclm,4,7.410869121551514,4
d256h4L4,3016960,3072,dclm_ranked,1,7.022024631500244,4
d256h4L4,3016960,3072,dclm_ranked,2,6.44845175743103,4
d256h4L4,3016960,3072,dclm_ranked,3,6.226749777793884,4
d256h4L4,3016960,3072,dclm_ranked,4,6.102760314941406,4
d256h4L4,3016960,3072,dna,1,4.3874287605285645,4
d256h4L4,3016960,3072,dna,2,3.680035432179769,4
d256h4L4,3016960,3072,dna,3,3.420010268688202,4
d256h4L4,3016960,3072,dna,4,3.2847726345062256,4
d256h4L4,3016960,3072,arithmetic,1,7.904460430145264,4
d256h4L4,3016960,3072,arithmetic,2,7.812708616256714,4
d256h4L4,3016960,3072,arithmetic,3,7.780155062675476,4
d256h4L4,3016960,3072,arithmetic,4,7.762542247772217,4
d256h4L4,3016960,3072,audio_8bit,1,4.5473552942276,4
d256h4L4,3016960,3072,audio_8bit,2,4.088293790817261,4
d256h4L4,3016960,3072,audio_8bit,3,3.9220508337020874,4
d256h4L4,3016960,3072,audio_8bit,4,3.8349616527557373,4
d256h4L4,3016960,3072,audio_16bit,1,6.373536825180054,4
d256h4L4,3016960,3072,audio_16bit,2,6.162949403127034,4
d256h4L4,3016960,3072,audio_16bit,3,6.089086174964905,4
d256h4L4,3016960,3072,audio_16bit,4,6.051373481750488,4
d256h4L4,3016960,3072,speech_commands_pcm8,1,4.409306526184082,4
d256h4L4,3016960,3072,speech_commands_pcm8,2,4.145435611406962,4
d256h4L4,3016960,3072,speech_commands_pcm8,3,4.045460343360901,4
d256h4L4,3016960,3072,speech_commands_pcm8,4,3.9928908348083496,4
d256h4L4,3016960,3072,speech_commands_pcm8_8khz,1,4.231338560581207,4
d256h4L4,3016960,3072,speech_commands_pcm8_8khz,2,3.950127363204956,4
d256h4L4,3016960,3072,speech_commands_pcm8_8khz,3,3.8440537452697754,4
d256h4L4,3016960,3072,speech_commands_pcm8_8khz,4,3.788933515548706,4
d256h4L4,3016960,3072,mutopia_melody_16th,1,5.551870107650757,4
d256h4L4,3016960,3072,mutopia_melody_16th,2,4.869546890258789,4
d256h4L4,3016960,3072,mutopia_melody_16th,3,4.616403818130493,4
d256h4L4,3016960,3072,mutopia_melody_16th,4,4.49935245513916,4
d256h4L4,3016960,3072,cifar10_rgb_planar,1,7.8275991678237915,4
d256h4L4,3016960,3072,cifar10_rgb_planar,2,7.741814374923706,4
d256h4L4,3016960,3072,cifar10_rgb_planar,3,7.7112603187561035,4
d256h4L4,3016960,3072,cifar10_rgb_planar,4,7.694895267486572,4
d256h4L4,3016960,3072,cifar10_rgb_hwc,1,7.82488751411438,4
d256h4L4,3016960,3072,cifar10_rgb_hwc,2,7.7438587347666425,4
d256h4L4,3016960,3072,cifar10_rgb_hwc,3,7.715080380439758,4
d256h4L4,3016960,3072,cifar10_rgb_hwc,4,7.699737071990967,4
d256h4L4,3016960,3072,kolmogorov_text,1,7.825936675071716,4
d256h4L4,3016960,3072,kolmogorov_text,2,7.610984881718953,4
d256h4L4,3016960,3072,kolmogorov_text,3,7.531790733337402,4
d256h4L4,3016960,3072,kolmogorov_text,4,7.48789119720459,4
d256h4L4,3016960,3072,kolmogorov_dna,1,4.592134594917297,4
d256h4L4,3016960,3072,kolmogorov_dna,2,3.9174551963806152,4
d256h4L4,3016960,3072,kolmogorov_dna,3,3.6536461114883423,4
d256h4L4,3016960,3072,kolmogorov_dna,4,3.510871648788452,4
d256h4L4,3016960,3072,metamath,1,7.719456076622009,4
d256h4L4,3016960,3072,metamath,2,7.395304282506307,4
d256h4L4,3016960,3072,metamath,3,7.284817695617676,4
d256h4L4,3016960,3072,metamath,4,7.227163791656494,4
d256h4L4,3016960,3072,aitdcc_a_protein,1,8.132840514183044,4
d256h4L4,3016960,3072,aitdcc_a_protein,2,7.710547208786011,4
d256h4L4,3016960,3072,aitdcc_a_protein,3,7.611330270767212,4
d256h4L4,3016960,3072,aitdcc_a_protein,4,7.55545711517334,4
d256h4L4,3016960,3072,aitdcc_b_c_source,1,7.922077178955078,4
d256h4L4,3016960,3072,aitdcc_b_c_source,2,7.761691888173421,4
d256h4L4,3016960,3072,aitdcc_b_c_source,3,7.706237077713013,4
d256h4L4,3016960,3072,aitdcc_b_c_source,4,7.676721572875977,4
d256h4L4,3016960,3072,aitdcc_d_glibc_rand,1,8.119418144226074,4
d256h4L4,3016960,3072,aitdcc_d_glibc_rand,2,8.067869027455648,4
d256h4L4,3016960,3072,aitdcc_d_glibc_rand,3,8.050698280334473,4
d256h4L4,3016960,3072,aitdcc_d_glibc_rand,4,8.041950225830078,4
d256h4L4,3016960,3072,aitdcc_e_atlas_float32,1,8.050289869308472,4
d256h4L4,3016960,3072,aitdcc_e_atlas_float32,2,7.995533466339111,4
d256h4L4,3016960,3072,aitdcc_e_atlas_float32,3,7.977050542831421,4
d256h4L4,3016960,3072,aitdcc_e_atlas_float32,4,7.9675984382629395,4
d256h4L4,3016960,3072,aitdcc_g_astronomy,1,4.242145895957947,4
d256h4L4,3016960,3072,aitdcc_g_astronomy,2,4.175601482391357,4
d256h4L4,3016960,3072,aitdcc_g_astronomy,3,4.152401804924011,4
d256h4L4,3016960,3072,aitdcc_g_astronomy,4,4.1397600173950195,4
d256h4L4,3016960,3072,llm_compression_python,1,7.386872410774231,4
d256h4L4,3016960,3072,llm_compression_python,2,7.089094320933024,4
d256h4L4,3016960,3072,llm_compression_python,3,6.984411120414734,4
d256h4L4,3016960,3072,llm_compression_python,4,6.92945671081543,4
d256h4L4,3016960,3072,llm_compression_cc,1,7.8212432861328125,4
d256h4L4,3016960,3072,llm_compression_cc,2,7.579269568125407,4
d256h4L4,3016960,3072,llm_compression_cc,3,7.493551015853882,4
d256h4L4,3016960,3072,llm_compression_cc,4,7.4474616050720215,4
d256h4L4,3016960,3072,llm_compression_arxiv_math,1,7.820513486862183,4
d256h4L4,3016960,3072,llm_compression_arxiv_math,2,7.633485237757365,4
d256h4L4,3016960,3072,llm_compression_arxiv_math,3,7.567983269691467,4
d256h4L4,3016960,3072,llm_compression_arxiv_math,4,7.53306245803833,4
d256h4L4,3016960,3072,esc50_pcm8,1,4.647803068161011,4
d256h4L4,3016960,3072,esc50_pcm8,2,4.382570584615071,4
d256h4L4,3016960,3072,esc50_pcm8,3,4.279498934745789,4
d256h4L4,3016960,3072,esc50_pcm8,4,4.2240986824035645,4
d256h4L4,3016960,3072,esc50_pcm8_11khz,1,5.143907427787781,4
d256h4L4,3016960,3072,esc50_pcm8_11khz,2,4.893038193384807,4
d256h4L4,3016960,3072,esc50_pcm8_11khz,3,4.802311539649963,4
d256h4L4,3016960,3072,esc50_pcm8_11khz,4,4.755042552947998,4
d256h4L4,3016960,3072,musicnet_pcm8,1,6.769632577896118,4
d256h4L4,3016960,3072,musicnet_pcm8,2,6.497505108515422,4
d256h4L4,3016960,3072,musicnet_pcm8,3,6.3771185874938965,4
d256h4L4,3016960,3072,musicnet_pcm8,4,6.30640983581543,4
d256h4L4,3016960,3072,musicnet_pcm8_11khz,1,6.323055386543274,4
d256h4L4,3016960,3072,musicnet_pcm8_11khz,2,6.091265598932902,4
d256h4L4,3016960,3072,musicnet_pcm8_11khz,3,6.004199266433716,4
d256h4L4,3016960,3072,musicnet_pcm8_11khz,4,5.955547332763672,4
d256h4L4,3016960,3328,dclm,1,7.712543368339539,4
d256h4L4,3016960,3328,dclm,2,7.441297849019368,4
d256h4L4,3016960,3328,dclm,3,7.356678247451782,4
d256h4L4,3016960,3328,dclm,4,7.312565326690674,4
d256h4L4,3016960,3328,dclm_ranked,1,6.6675320863723755,4
d256h4L4,3016960,3328,dclm_ranked,2,6.209747473398845,4
d256h4L4,3016960,3328,dclm_ranked,3,6.040910840034485,4
d256h4L4,3016960,3328,dclm_ranked,4,5.950897693634033,4
d256h4L4,3016960,3328,dna,1,4.008082628250122,4
d256h4L4,3016960,3328,dna,2,3.45383091767629,4
d256h4L4,3016960,3328,dna,3,3.259129583835602,4
d256h4L4,3016960,3328,dna,4,3.159423351287842,4
d256h4L4,3016960,3328,arithmetic,1,7.854302883148193,4
d256h4L4,3016960,3328,arithmetic,2,7.764633019765218,4
d256h4L4,3016960,3328,arithmetic,3,7.731339812278748,4
d256h4L4,3016960,3328,arithmetic,4,7.712340354919434,4
d256h4L4,3016960,3328,audio_8bit,1,4.383524179458618,4
d256h4L4,3016960,3328,audio_8bit,2,3.98699152469635,4
d256h4L4,3016960,3328,audio_8bit,3,3.846474349498749,4
d256h4L4,3016960,3328,audio_8bit,4,3.7732253074645996,4
d256h4L4,3016960,3328,audio_16bit,1,6.3407793045043945,4
d256h4L4,3016960,3328,audio_16bit,2,6.156671126683553,4
d256h4L4,3016960,3328,audio_16bit,3,6.0916465520858765,4
d256h4L4,3016960,3328,audio_16bit,4,6.057616710662842,4
d256h4L4,3016960,3328,speech_commands_pcm8,1,4.3753440380096436,4
d256h4L4,3016960,3328,speech_commands_pcm8,2,4.1026716232299805,4
d256h4L4,3016960,3328,speech_commands_pcm8,3,4.011953771114349,4
d256h4L4,3016960,3328,speech_commands_pcm8,4,3.962528705596924,4
d256h4L4,3016960,3328,speech_commands_pcm8_8khz,1,4.222371459007263,4
d256h4L4,3016960,3328,speech_commands_pcm8_8khz,2,3.900400161743164,4
d256h4L4,3016960,3328,speech_commands_pcm8_8khz,3,3.796072840690613,4
d256h4L4,3016960,3328,speech_commands_pcm8_8khz,4,3.7410411834716797,4
d256h4L4,3016960,3328,mutopia_melody_16th,1,4.9218844175338745,4
d256h4L4,3016960,3328,mutopia_melody_16th,2,4.423694372177124,4
d256h4L4,3016960,3328,mutopia_melody_16th,3,4.261594295501709,4
d256h4L4,3016960,3328,mutopia_melody_16th,4,4.184884548187256,4
d256h4L4,3016960,3328,cifar10_rgb_planar,1,7.787415862083435,4
d256h4L4,3016960,3328,cifar10_rgb_planar,2,7.717036406199138,4
d256h4L4,3016960,3328,cifar10_rgb_planar,3,7.6920236349105835,4
d256h4L4,3016960,3328,cifar10_rgb_planar,4,7.6787590980529785,4
d256h4L4,3016960,3328,cifar10_rgb_hwc,1,7.788594126701355,4
d256h4L4,3016960,3328,cifar10_rgb_hwc,2,7.722378333409627,4
d256h4L4,3016960,3328,cifar10_rgb_hwc,3,7.699062824249268,4
d256h4L4,3016960,3328,cifar10_rgb_hwc,4,7.686756134033203,4
d256h4L4,3016960,3328,kolmogorov_text,1,7.732146143913269,4
d256h4L4,3016960,3328,kolmogorov_text,2,7.523200273513794,4
d256h4L4,3016960,3328,kolmogorov_text,3,7.455170035362244,4
d256h4L4,3016960,3328,kolmogorov_text,4,7.419102668762207,4
d256h4L4,3016960,3328,kolmogorov_dna,1,4.234053730964661,4
d256h4L4,3016960,3328,kolmogorov_dna,2,3.6706437269846597,4
d256h4L4,3016960,3328,kolmogorov_dna,3,3.4579586386680603,4
d256h4L4,3016960,3328,kolmogorov_dna,4,3.3457438945770264,4
d256h4L4,3016960,3328,metamath,1,7.583400368690491,4
d256h4L4,3016960,3328,metamath,2,7.228151718775432,4
d256h4L4,3016960,3328,metamath,3,7.117757797241211,4
d256h4L4,3016960,3328,metamath,4,7.060211181640625,4
d256h4L4,3016960,3328,aitdcc_a_protein,1,7.796475291252136,4
d256h4L4,3016960,3328,aitdcc_a_protein,2,7.485068718592326,4
d256h4L4,3016960,3328,aitdcc_a_protein,3,7.374798536300659,4
d256h4L4,3016960,3328,aitdcc_a_protein,4,7.315332412719727,4
d256h4L4,3016960,3328,aitdcc_b_c_source,1,7.798503875732422,4
d256h4L4,3016960,3328,aitdcc_b_c_source,2,7.645072301228841,4
d256h4L4,3016960,3328,aitdcc_b_c_source,3,7.593356966972351,4
d256h4L4,3016960,3328,aitdcc_b_c_source,4,7.565630912780762,4
d256h4L4,3016960,3328,aitdcc_d_glibc_rand,1,8.087407112121582,4
d256h4L4,3016960,3328,aitdcc_d_glibc_rand,2,8.050052483876547,4
d256h4L4,3016960,3328,aitdcc_d_glibc_rand,3,8.037519216537476,4
d256h4L4,3016960,3328,aitdcc_d_glibc_rand,4,8.031174659729004,4
d256h4L4,3016960,3328,aitdcc_e_atlas_float32,1,8.004325985908508,4
d256h4L4,3016960,3328,aitdcc_e_atlas_float32,2,7.962889989217122,4
d256h4L4,3016960,3328,aitdcc_e_atlas_float32,3,7.948956251144409,4
d256h4L4,3016960,3328,aitdcc_e_atlas_float32,4,7.941878795623779,4
d256h4L4,3016960,3328,aitdcc_g_astronomy,1,4.370387554168701,4
d256h4L4,3016960,3328,aitdcc_g_astronomy,2,4.209949890772502,4
d256h4L4,3016960,3328,aitdcc_g_astronomy,3,4.167063117027283,4
d256h4L4,3016960,3328,aitdcc_g_astronomy,4,4.145732402801514,4
d256h4L4,3016960,3328,llm_compression_python,1,7.355108857154846,4
d256h4L4,3016960,3328,llm_compression_python,2,7.034396489461263,4
d256h4L4,3016960,3328,llm_compression_python,3,6.929525017738342,4
d256h4L4,3016960,3328,llm_compression_python,4,6.876162052154541,4
d256h4L4,3016960,3328,llm_compression_cc,1,7.7295753955841064,4
d256h4L4,3016960,3328,llm_compression_cc,2,7.464710871378581,4
d256h4L4,3016960,3328,llm_compression_cc,3,7.381997346878052,4
d256h4L4,3016960,3328,llm_compression_cc,4,7.338682651519775,4
d256h4L4,3016960,3328,llm_compression_arxiv_math,1,7.7356261014938354,4
d256h4L4,3016960,3328,llm_compression_arxiv_math,2,7.559750477472941,4
d256h4L4,3016960,3328,llm_compression_arxiv_math,3,7.502396106719971,4
d256h4L4,3016960,3328,llm_compression_arxiv_math,4,7.472126007080078,4
d256h4L4,3016960,3328,esc50_pcm8,1,4.571489453315735,4
d256h4L4,3016960,3328,esc50_pcm8,2,4.32639201482137,4
d256h4L4,3016960,3328,esc50_pcm8,3,4.247187972068787,4
d256h4L4,3016960,3328,esc50_pcm8,4,4.2032341957092285,4
d256h4L4,3016960,3328,esc50_pcm8_11khz,1,5.04006040096283,4
d256h4L4,3016960,3328,esc50_pcm8_11khz,2,4.8061074415842695,4
d256h4L4,3016960,3328,esc50_pcm8_11khz,3,4.7299792766571045,4
d256h4L4,3016960,3328,esc50_pcm8_11khz,4,4.689076900482178,4
d256h4L4,3016960,3328,musicnet_pcm8,1,6.72507631778717,4
d256h4L4,3016960,3328,musicnet_pcm8,2,6.510210196177165,4
d256h4L4,3016960,3328,musicnet_pcm8,3,6.429240703582764,4
d256h4L4,3016960,3328,musicnet_pcm8,4,6.380622863769531,4
d256h4L4,3016960,3328,musicnet_pcm8_11khz,1,6.24007260799408,4
d256h4L4,3016960,3328,musicnet_pcm8_11khz,2,6.031733274459839,4
d256h4L4,3016960,3328,musicnet_pcm8_11khz,3,5.959980726242065,4
d256h4L4,3016960,3328,musicnet_pcm8_11khz,4,5.919961452484131,4
d256h4L4,3016960,3584,dclm,1,7.64525294303894,4
d256h4L4,3016960,3584,dclm,2,7.41160790125529,4
d256h4L4,3016960,3584,dclm,3,7.3276472091674805,4
d256h4L4,3016960,3584,dclm,4,7.281762599945068,4
d256h4L4,3016960,3584,dclm_ranked,1,6.727829217910767,4
d256h4L4,3016960,3584,dclm_ranked,2,6.253909428914388,4
d256h4L4,3016960,3584,dclm_ranked,3,6.075157642364502,4
d256h4L4,3016960,3584,dclm_ranked,4,5.979396343231201,4
d256h4L4,3016960,3584,dna,1,4.131904661655426,4
d256h4L4,3016960,3584,dna,2,3.5063583850860596,4
d256h4L4,3016960,3584,dna,3,3.27941757440567,4
d256h4L4,3016960,3584,dna,4,3.16178035736084,4
d256h4L4,3016960,3584,arithmetic,1,7.823053240776062,4
d256h4L4,3016960,3584,arithmetic,2,7.742488940556844,4
d256h4L4,3016960,3584,arithmetic,3,7.712965607643127,4
d256h4L4,3016960,3584,arithmetic,4,7.697134971618652,4
d256h4L4,3016960,3584,audio_8bit,1,4.3816598653793335,4
d256h4L4,3016960,3584,audio_8bit,2,3.9958916505177817,4
d256h4L4,3016960,3584,audio_8bit,3,3.8615169525146484,4
d256h4L4,3016960,3584,audio_8bit,4,3.7923269271850586,4
d256h4L4,3016960,3584,audio_16bit,1,6.380397081375122,4
d256h4L4,3016960,3584,audio_16bit,2,6.196880181630452,4
d256h4L4,3016960,3584,audio_16bit,3,6.133608818054199,4
d256h4L4,3016960,3584,audio_16bit,4,6.101079940795898,4
d256h4L4,3016960,3584,speech_commands_pcm8,1,4.848363637924194,4
d256h4L4,3016960,3584,speech_commands_pcm8,2,4.449599385261536,4
d256h4L4,3016960,3584,speech_commands_pcm8,3,4.31615686416626,4
d256h4L4,3016960,3584,speech_commands_pcm8,4,4.246479511260986,4
d256h4L4,3016960,3584,speech_commands_pcm8_8khz,1,4.734181761741638,4
d256h4L4,3016960,3584,speech_commands_pcm8_8khz,2,4.27162770430247,4
d256h4L4,3016960,3584,speech_commands_pcm8_8khz,3,4.1270962953567505,4
d256h4L4,3016960,3584,speech_commands_pcm8_8khz,4,4.054378986358643,4
d256h4L4,3016960,3584,mutopia_melody_16th,1,5.49460244178772,4
d256h4L4,3016960,3584,mutopia_melody_16th,2,4.882580439249675,4
d256h4L4,3016960,3584,mutopia_melody_16th,3,4.690805196762085,4
d256h4L4,3016960,3584,mutopia_melody_16th,4,4.586887836456299,4
d256h4L4,3016960,3584,cifar10_rgb_planar,1,7.771355509757996,4
d256h4L4,3016960,3584,cifar10_rgb_planar,2,7.695977608362834,4
d256h4L4,3016960,3584,cifar10_rgb_planar,3,7.669034242630005,4
d256h4L4,3016960,3584,cifar10_rgb_planar,4,7.654702186584473,4
d256h4L4,3016960,3584,cifar10_rgb_hwc,1,7.7758777141571045,4
d256h4L4,3016960,3584,cifar10_rgb_hwc,2,7.7052444616953535,4
d256h4L4,3016960,3584,cifar10_rgb_hwc,3,7.679967761039734,4
d256h4L4,3016960,3584,cifar10_rgb_hwc,4,7.666470050811768,4
d256h4L4,3016960,3584,kolmogorov_text,1,7.685805320739746,4
d256h4L4,3016960,3584,kolmogorov_text,2,7.492592732111613,4
d256h4L4,3016960,3584,kolmogorov_text,3,7.423231244087219,4
d256h4L4,3016960,3584,kolmogorov_text,4,7.385255813598633,4
d256h4L4,3016960,3584,kolmogorov_dna,1,4.284447014331818,4
d256h4L4,3016960,3584,kolmogorov_dna,2,3.6357279618581138,4
d256h4L4,3016960,3584,kolmogorov_dna,3,3.390669047832489,4
d256h4L4,3016960,3584,kolmogorov_dna,4,3.2602028846740723,4
d256h4L4,3016960,3584,metamath,1,7.547234535217285,4
d256h4L4,3016960,3584,metamath,2,7.241250991821289,4
d256h4L4,3016960,3584,metamath,3,7.136102557182312,4
d256h4L4,3016960,3584,metamath,4,7.081538200378418,4
d256h4L4,3016960,3584,aitdcc_a_protein,1,7.826879858970642,4
d256h4L4,3016960,3584,aitdcc_a_protein,2,7.40352725982666,4
d256h4L4,3016960,3584,aitdcc_a_protein,3,7.246413350105286,4
d256h4L4,3016960,3584,aitdcc_a_protein,4,7.157055377960205,4
d256h4L4,3016960,3584,aitdcc_b_c_source,1,7.772181034088135,4
d256h4L4,3016960,3584,aitdcc_b_c_source,2,7.6354615688323975,4
d256h4L4,3016960,3584,aitdcc_b_c_source,3,7.586949944496155,4
d256h4L4,3016960,3584,aitdcc_b_c_source,4,7.560781955718994,4
d256h4L4,3016960,3584,aitdcc_d_glibc_rand,1,8.090541362762451,4
d256h4L4,3016960,3584,aitdcc_d_glibc_rand,2,8.051012674967447,4
d256h4L4,3016960,3584,aitdcc_d_glibc_rand,3,8.03773808479309,4
d256h4L4,3016960,3584,aitdcc_d_glibc_rand,4,8.031011581420898,4
d256h4L4,3016960,3584,aitdcc_e_atlas_float32,1,7.972801685333252,4
d256h4L4,3016960,3584,aitdcc_e_atlas_float32,2,7.931201299031575,4
d256h4L4,3016960,3584,aitdcc_e_atlas_float32,3,7.917104125022888,4
d256h4L4,3016960,3584,aitdcc_e_atlas_float32,4,7.909939765930176,4
d256h4L4,3016960,3584,aitdcc_g_astronomy,1,4.127143025398254,4
d256h4L4,3016960,3584,aitdcc_g_astronomy,2,4.065624634424846,4
d256h4L4,3016960,3584,aitdcc_g_astronomy,3,4.046192526817322,4
d256h4L4,3016960,3584,aitdcc_g_astronomy,4,4.03619909286499,4
d256h4L4,3016960,3584,llm_compression_python,1,7.3349127769470215,4
d256h4L4,3016960,3584,llm_compression_python,2,7.018052816390991,4
d256h4L4,3016960,3584,llm_compression_python,3,6.905352592468262,4
d256h4L4,3016960,3584,llm_compression_python,4,6.84471321105957,4
d256h4L4,3016960,3584,llm_compression_cc,1,7.661385893821716,4
d256h4L4,3016960,3584,llm_compression_cc,2,7.435381730397542,4
d256h4L4,3016960,3584,llm_compression_cc,3,7.354150772094727,4
d256h4L4,3016960,3584,llm_compression_cc,4,7.309686183929443,4
d256h4L4,3016960,3584,llm_compression_arxiv_math,1,7.7026461362838745,4
d256h4L4,3016960,3584,llm_compression_arxiv_math,2,7.535121122996013,4
d256h4L4,3016960,3584,llm_compression_arxiv_math,3,7.476265072822571,4
d256h4L4,3016960,3584,llm_compression_arxiv_math,4,7.444615840911865,4
d256h4L4,3016960,3584,esc50_pcm8,1,4.9770519733428955,4
d256h4L4,3016960,3584,esc50_pcm8,2,4.619809627532959,4
d256h4L4,3016960,3584,esc50_pcm8,3,4.497625827789307,4
d256h4L4,3016960,3584,esc50_pcm8,4,4.429610729217529,4
d256h4L4,3016960,3584,esc50_pcm8_11khz,1,5.410102367401123,4
d256h4L4,3016960,3584,esc50_pcm8_11khz,2,5.060171604156494,4
d256h4L4,3016960,3584,esc50_pcm8_11khz,3,4.941561937332153,4
d256h4L4,3016960,3584,esc50_pcm8_11khz,4,4.8745832443237305,4
d256h4L4,3016960,3584,musicnet_pcm8,1,6.7633994817733765,4
d256h4L4,3016960,3584,musicnet_pcm8,2,6.52767554918925,4
d256h4L4,3016960,3584,musicnet_pcm8,3,6.41944682598114,4
d256h4L4,3016960,3584,musicnet_pcm8,4,6.352420806884766,4
d256h4L4,3016960,3584,musicnet_pcm8_11khz,1,6.424067378044128,4
d256h4L4,3016960,3584,musicnet_pcm8_11khz,2,6.154355367024739,4
d256h4L4,3016960,3584,musicnet_pcm8_11khz,3,6.044259786605835,4
d256h4L4,3016960,3584,musicnet_pcm8_11khz,4,5.978936195373535,4
d256h4L4,3016960,3840,dclm,1,7.649430632591248,4
d256h4L4,3016960,3840,dclm,2,7.483086665471395,4
d256h4L4,3016960,3840,dclm,3,7.425084471702576,4
d256h4L4,3016960,3840,dclm,4,7.393787384033203,4
d256h4L4,3016960,3840,dclm_ranked,1,6.645782947540283,4
d256h4L4,3016960,3840,dclm_ranked,2,6.2151416937510175,4
d256h4L4,3016960,3840,dclm_ranked,3,6.049337863922119,4
d256h4L4,3016960,3840,dclm_ranked,4,5.958397388458252,4
d256h4L4,3016960,3840,dna,1,4.066060781478882,4
d256h4L4,3016960,3840,dna,2,3.4367369413375854,4
d256h4L4,3016960,3840,dna,3,3.220576226711273,4
d256h4L4,3016960,3840,dna,4,3.111565589904785,4
d256h4L4,3016960,3840,arithmetic,1,7.801282644271851,4
d256h4L4,3016960,3840,arithmetic,2,7.729902346928914,4
d256h4L4,3016960,3840,arithmetic,3,7.7045674324035645,4
d256h4L4,3016960,3840,arithmetic,4,7.690780162811279,4
d256h4L4,3016960,3840,audio_8bit,1,4.4227213859558105,4
d256h4L4,3016960,3840,audio_8bit,2,4.032784144083659,4
d256h4L4,3016960,3840,audio_8bit,3,3.89451265335083,4
d256h4L4,3016960,3840,audio_8bit,4,3.822073221206665,4
d256h4L4,3016960,3840,audio_16bit,1,6.326892256736755,4
d256h4L4,3016960,3840,audio_16bit,2,6.160491704940796,4
d256h4L4,3016960,3840,audio_16bit,3,6.1009931564331055,4
d256h4L4,3016960,3840,audio_16bit,4,6.069657325744629,4
d256h4L4,3016960,3840,speech_commands_pcm8,1,4.413907527923584,4
d256h4L4,3016960,3840,speech_commands_pcm8,2,4.184470812479655,4
d256h4L4,3016960,3840,speech_commands_pcm8,3,4.103950381278992,4
d256h4L4,3016960,3840,speech_commands_pcm8,4,4.063438415527344,4
d256h4L4,3016960,3840,speech_commands_pcm8_8khz,1,4.278093457221985,4
d256h4L4,3016960,3840,speech_commands_pcm8_8khz,2,4.020883242289226,4
d256h4L4,3016960,3840,speech_commands_pcm8_8khz,3,3.9312565326690674,4
d256h4L4,3016960,3840,speech_commands_pcm8_8khz,4,3.886152982711792,4
d256h4L4,3016960,3840,mutopia_melody_16th,1,5.086966633796692,4
d256h4L4,3016960,3840,mutopia_melody_16th,2,4.707180738449097,4
d256h4L4,3016960,3840,mutopia_melody_16th,3,4.593966960906982,4
d256h4L4,3016960,3840,mutopia_melody_16th,4,4.540068626403809,4
d256h4L4,3016960,3840,cifar10_rgb_planar,1,7.758644700050354,4
d256h4L4,3016960,3840,cifar10_rgb_planar,2,7.693921089172363,4
d256h4L4,3016960,3840,cifar10_rgb_planar,3,7.671145915985107,4
d256h4L4,3016960,3840,cifar10_rgb_planar,4,7.659118175506592,4
d256h4L4,3016960,3840,cifar10_rgb_hwc,1,7.765627861022949,4
d256h4L4,3016960,3840,cifar10_rgb_hwc,2,7.704455375671387,4
d256h4L4,3016960,3840,cifar10_rgb_hwc,3,7.682941317558289,4
d256h4L4,3016960,3840,cifar10_rgb_hwc,4,7.671555995941162,4
d256h4L4,3016960,3840,kolmogorov_text,1,7.705349922180176,4
d256h4L4,3016960,3840,kolmogorov_text,2,7.572813828786214,4
d256h4L4,3016960,3840,kolmogorov_text,3,7.526604175567627,4
d256h4L4,3016960,3840,kolmogorov_text,4,7.501808166503906,4
d256h4L4,3016960,3840,kolmogorov_dna,1,4.187713861465454,4
d256h4L4,3016960,3840,kolmogorov_dna,2,3.4905348221460977,4
d256h4L4,3016960,3840,kolmogorov_dna,3,3.259132504463196,4
d256h4L4,3016960,3840,kolmogorov_dna,4,3.1460442543029785,4
d256h4L4,3016960,3840,metamath,1,7.503914952278137,4
d256h4L4,3016960,3840,metamath,2,7.2504386107126875,4
d256h4L4,3016960,3840,metamath,3,7.163809537887573,4
d256h4L4,3016960,3840,metamath,4,7.118009090423584,4
d256h4L4,3016960,3840,aitdcc_a_protein,1,7.6625635623931885,4
d256h4L4,3016960,3840,aitdcc_a_protein,2,7.383258978525798,4
d256h4L4,3016960,3840,aitdcc_a_protein,3,7.2957271337509155,4
d256h4L4,3016960,3840,aitdcc_a_protein,4,7.2490692138671875,4
d256h4L4,3016960,3840,aitdcc_b_c_source,1,7.821659684181213,4
d256h4L4,3016960,3840,aitdcc_b_c_source,2,7.711267471313477,4
d256h4L4,3016960,3840,aitdcc_b_c_source,3,7.672502160072327,4
d256h4L4,3016960,3840,aitdcc_b_c_source,4,7.651577472686768,4
d256h4L4,3016960,3840,aitdcc_d_glibc_rand,1,8.06963300704956,4
d256h4L4,3016960,3840,aitdcc_d_glibc_rand,2,8.039470990498861,4
d256h4L4,3016960,3840,aitdcc_d_glibc_rand,3,8.029364585876465,4
d256h4L4,3016960,3840,aitdcc_d_glibc_rand,4,8.024251937866211,4
d256h4L4,3016960,3840,aitdcc_e_atlas_float32,1,7.945339322090149,4
d256h4L4,3016960,3840,aitdcc_e_atlas_float32,2,7.912387132644653,4
d256h4L4,3016960,3840,aitdcc_e_atlas_float32,3,7.900857210159302,4
d256h4L4,3016960,3840,aitdcc_e_atlas_float32,4,7.8949103355407715,4
d256h4L4,3016960,3840,aitdcc_g_astronomy,1,4.201943755149841,4
d256h4L4,3016960,3840,aitdcc_g_astronomy,2,4.129510482152303,4
d256h4L4,3016960,3840,aitdcc_g_astronomy,3,4.107861757278442,4
d256h4L4,3016960,3840,aitdcc_g_astronomy,4,4.096947193145752,4
d256h4L4,3016960,3840,llm_compression_python,1,7.312469720840454,4
d256h4L4,3016960,3840,llm_compression_python,2,7.071507374445598,4
d256h4L4,3016960,3840,llm_compression_python,3,6.988611698150635,4
d256h4L4,3016960,3840,llm_compression_python,4,6.945600509643555,4
d256h4L4,3016960,3840,llm_compression_cc,1,7.666750192642212,4
d256h4L4,3016960,3840,llm_compression_cc,2,7.506578683853149,4
d256h4L4,3016960,3840,llm_compression_cc,3,7.450697541236877,4
d256h4L4,3016960,3840,llm_compression_cc,4,7.420577526092529,4
d256h4L4,3016960,3840,llm_compression_arxiv_math,1,7.705646753311157,4
d256h4L4,3016960,3840,llm_compression_arxiv_math,2,7.577299435933431,4
d256h4L4,3016960,3840,llm_compression_arxiv_math,3,7.53314208984375,4
d256h4L4,3016960,3840,llm_compression_arxiv_math,4,7.509618282318115,4
d256h4L4,3016960,3840,esc50_pcm8,1,4.5544562339782715,4
d256h4L4,3016960,3840,esc50_pcm8,2,4.343775749206543,4
d256h4L4,3016960,3840,esc50_pcm8,3,4.272855997085571,4
d256h4L4,3016960,3840,esc50_pcm8,4,4.237854957580566,4
d256h4L4,3016960,3840,esc50_pcm8_11khz,1,5.0411763191223145,4
d256h4L4,3016960,3840,esc50_pcm8_11khz,2,4.840104818344116,4
d256h4L4,3016960,3840,esc50_pcm8_11khz,3,4.771224141120911,4
d256h4L4,3016960,3840,esc50_pcm8_11khz,4,4.73711633682251,4
d256h4L4,3016960,3840,musicnet_pcm8,1,6.4664307832717896,4
d256h4L4,3016960,3840,musicnet_pcm8,2,6.297870397567749,4
d256h4L4,3016960,3840,musicnet_pcm8,3,6.234349608421326,4
d256h4L4,3016960,3840,musicnet_pcm8,4,6.200354099273682,4
d256h4L4,3016960,3840,musicnet_pcm8_11khz,1,6.162465572357178,4
d256h4L4,3016960,3840,musicnet_pcm8_11khz,2,5.980231602986653,4
d256h4L4,3016960,3840,musicnet_pcm8_11khz,3,5.9154276847839355,4
d256h4L4,3016960,3840,musicnet_pcm8_11khz,4,5.8829731941223145,4
d256h4L4,3016960,4096,dclm,1,7.727179765701294,4
d256h4L4,3016960,4096,dclm,2,7.484686613082886,4
d256h4L4,3016960,4096,dclm,3,7.40057647228241,4
d256h4L4,3016960,4096,dclm,4,7.35606050491333,4
d256h4L4,3016960,4096,dclm_ranked,1,6.662362813949585,4
d256h4L4,3016960,4096,dclm_ranked,2,6.166014830271403,4
d256h4L4,3016960,4096,dclm_ranked,3,5.979658365249634,4
d256h4L4,3016960,4096,dclm_ranked,4,5.87948751449585,4
d256h4L4,3016960,4096,dna,1,3.9213170409202576,4
d256h4L4,3016960,4096,dna,2,3.3580746253331504,4
d256h4L4,3016960,4096,dna,3,3.1656693816184998,4
d256h4L4,3016960,4096,dna,4,3.070202350616455,4
d256h4L4,3016960,4096,arithmetic,1,7.785007119178772,4
d256h4L4,3016960,4096,arithmetic,2,7.695518732070923,4
d256h4L4,3016960,4096,arithmetic,3,7.663039684295654,4
d256h4L4,3016960,4096,arithmetic,4,7.645803928375244,4
d256h4L4,3016960,4096,audio_8bit,1,4.36198890209198,4
d256h4L4,3016960,4096,audio_8bit,2,3.9556544621785483,4
d256h4L4,3016960,4096,audio_8bit,3,3.8123412132263184,4
d256h4L4,3016960,4096,audio_8bit,4,3.7387535572052,4
d256h4L4,3016960,4096,audio_16bit,1,6.337283611297607,4
d256h4L4,3016960,4096,audio_16bit,2,6.130056699117024,4
d256h4L4,3016960,4096,audio_16bit,3,6.056258797645569,4
d256h4L4,3016960,4096,audio_16bit,4,6.017535209655762,4
d256h4L4,3016960,4096,speech_commands_pcm8,1,4.239595592021942,4
d256h4L4,3016960,4096,speech_commands_pcm8,2,3.9781405528386435,4
d256h4L4,3016960,4096,speech_commands_pcm8,3,3.8711758852005005,4
d256h4L4,3016960,4096,speech_commands_pcm8,4,3.812000274658203,4
d256h4L4,3016960,4096,speech_commands_pcm8_8khz,1,4.0898436307907104,4
d256h4L4,3016960,4096,speech_commands_pcm8_8khz,2,3.801110108693441,4
d256h4L4,3016960,4096,speech_commands_pcm8_8khz,3,3.6833384037017822,4
d256h4L4,3016960,4096,speech_commands_pcm8_8khz,4,3.6170706748962402,4
d256h4L4,3016960,4096,mutopia_melody_16th,1,4.6824177503585815,4
d256h4L4,3016960,4096,mutopia_melody_16th,2,4.239009579022725,4
d256h4L4,3016960,4096,mutopia_melody_16th,3,4.0922093987464905,4
d256h4L4,3016960,4096,mutopia_melody_16th,4,4.02570915222168,4
d256h4L4,3016960,4096,cifar10_rgb_planar,1,7.762271523475647,4
d256h4L4,3016960,4096,cifar10_rgb_planar,2,7.682211081186931,4
d256h4L4,3016960,4096,cifar10_rgb_planar,3,7.653844594955444,4
d256h4L4,3016960,4096,cifar10_rgb_planar,4,7.638797283172607,4
d256h4L4,3016960,4096,cifar10_rgb_hwc,1,7.773089289665222,4
d256h4L4,3016960,4096,cifar10_rgb_hwc,2,7.696429808934529,4
d256h4L4,3016960,4096,cifar10_rgb_hwc,3,7.669283747673035,4
d256h4L4,3016960,4096,cifar10_rgb_hwc,4,7.654845237731934,4
d256h4L4,3016960,4096,kolmogorov_text,1,7.771632671356201,4
d256h4L4,3016960,4096,kolmogorov_text,2,7.577537854512532,4
d256h4L4,3016960,4096,kolmogorov_text,3,7.510974049568176,4
d256h4L4,3016960,4096,kolmogorov_text,4,7.475729942321777,4
d256h4L4,3016960,4096,kolmogorov_dna,1,3.994757831096649,4
d256h4L4,3016960,4096,kolmogorov_dna,2,3.3903543949127197,4
d256h4L4,3016960,4096,kolmogorov_dna,3,3.18755042552948,4
d256h4L4,3016960,4096,kolmogorov_dna,4,3.0894644260406494,4
d256h4L4,3016960,4096,metamath,1,7.53313934803009,4
d256h4L4,3016960,4096,metamath,2,7.224652051925659,4
d256h4L4,3016960,4096,metamath,3,7.11790668964386,4
d256h4L4,3016960,4096,metamath,4,7.062433242797852,4
d256h4L4,3016960,4096,aitdcc_a_protein,1,7.77590811252594,4
d256h4L4,3016960,4096,aitdcc_a_protein,2,7.3211987018585205,4
d256h4L4,3016960,4096,aitdcc_a_protein,3,7.163377165794373,4
d256h4L4,3016960,4096,aitdcc_a_protein,4,7.076981544494629,4
d256h4L4,3016960,4096,aitdcc_b_c_source,1,7.837345719337463,4
d256h4L4,3016960,4096,aitdcc_b_c_source,2,7.6863283316294355,4
d256h4L4,3016960,4096,aitdcc_b_c_source,3,7.634161829948425,4
d256h4L4,3016960,4096,aitdcc_b_c_source,4,7.6064887046813965,4
d256h4L4,3016960,4096,aitdcc_d_glibc_rand,1,8.095249652862549,4
d256h4L4,3016960,4096,aitdcc_d_glibc_rand,2,8.054844538370768,4
d256h4L4,3016960,4096,aitdcc_d_glibc_rand,3,8.041424989700317,4
d256h4L4,3016960,4096,aitdcc_d_glibc_rand,4,8.034635543823242,4
d256h4L4,3016960,4096,aitdcc_e_atlas_float32,1,7.950582027435303,4
d256h4L4,3016960,4096,aitdcc_e_atlas_float32,2,7.899331172307332,4
d256h4L4,3016960,4096,aitdcc_e_atlas_float32,3,7.881195783615112,4
d256h4L4,3016960,4096,aitdcc_e_atlas_float32,4,7.871709823608398,4
d256h4L4,3016960,4096,aitdcc_g_astronomy,1,4.069336235523224,4
d256h4L4,3016960,4096,aitdcc_g_astronomy,2,4.032342314720154,4
d256h4L4,3016960,4096,aitdcc_g_astronomy,3,4.0196744203567505,4
d256h4L4,3016960,4096,aitdcc_g_astronomy,4,4.012907028198242,4
d256h4L4,3016960,4096,llm_compression_python,1,7.413341283798218,4
d256h4L4,3016960,4096,llm_compression_python,2,7.103561878204346,4
d256h4L4,3016960,4096,llm_compression_python,3,7.001449823379517,4
d256h4L4,3016960,4096,llm_compression_python,4,6.948822975158691,4
d256h4L4,3016960,4096,llm_compression_cc,1,7.753099203109741,4
d256h4L4,3016960,4096,llm_compression_cc,2,7.517345428466797,4
d256h4L4,3016960,4096,llm_compression_cc,3,7.435435652732849,4
d256h4L4,3016960,4096,llm_compression_cc,4,7.391909122467041,4
d256h4L4,3016960,4096,llm_compression_arxiv_math,1,7.758067488670349,4
d256h4L4,3016960,4096,llm_compression_arxiv_math,2,7.591053406397502,4
d256h4L4,3016960,4096,llm_compression_arxiv_math,3,7.533570885658264,4
d256h4L4,3016960,4096,llm_compression_arxiv_math,4,7.502933025360107,4
d256h4L4,3016960,4096,esc50_pcm8,1,4.440963804721832,4
d256h4L4,3016960,4096,esc50_pcm8,2,4.18408449490865,4
d256h4L4,3016960,4096,esc50_pcm8,3,4.08068186044693,4
d256h4L4,3016960,4096,esc50_pcm8,4,4.026023864746094,4
d256h4L4,3016960,4096,esc50_pcm8_11khz,1,4.940971493721008,4
d256h4L4,3016960,4096,esc50_pcm8_11khz,2,4.698290109634399,4
d256h4L4,3016960,4096,esc50_pcm8_11khz,3,4.59972608089447,4
d256h4L4,3016960,4096,esc50_pcm8_11khz,4,4.546119689941406,4
d256h4L4,3016960,4096,musicnet_pcm8,1,6.441811561584473,4
d256h4L4,3016960,4096,musicnet_pcm8,2,6.194005966186523,4
d256h4L4,3016960,4096,musicnet_pcm8,3,6.086355566978455,4
d256h4L4,3016960,4096,musicnet_pcm8,4,6.025304794311523,4
d256h4L4,3016960,4096,musicnet_pcm8_11khz,1,6.145159006118774,4
d256h4L4,3016960,4096,musicnet_pcm8_11khz,2,5.914176940917969,4
d256h4L4,3016960,4096,musicnet_pcm8_11khz,3,5.818884253501892,4
d256h4L4,3016960,4096,musicnet_pcm8_11khz,4,5.766478538513184,4
d256h4L4,3016960,4352,dclm,1,7.749417662620544,4
d256h4L4,3016960,4352,dclm,2,7.492919842402141,4
d256h4L4,3016960,4352,dclm,3,7.402904152870178,4
d256h4L4,3016960,4352,dclm,4,7.353631496429443,4
d256h4L4,3016960,4352,dclm_ranked,1,6.499913454055786,4
d256h4L4,3016960,4352,dclm_ranked,2,6.056138277053833,4
d256h4L4,3016960,4352,dclm_ranked,3,5.8865180015563965,4
d256h4L4,3016960,4352,dclm_ranked,4,5.7948150634765625,4
d256h4L4,3016960,4352,dna,1,3.7752349376678467,4
d256h4L4,3016960,4352,dna,2,3.2264734903971353,4
d256h4L4,3016960,4352,dna,3,3.041936993598938,4
d256h4L4,3016960,4352,dna,4,2.951303005218506,4
d256h4L4,3016960,4352,arithmetic,1,7.754864692687988,4
d256h4L4,3016960,4352,arithmetic,2,7.672705332438151,4
d256h4L4,3016960,4352,arithmetic,3,7.641665101051331,4
d256h4L4,3016960,4352,arithmetic,4,7.62424898147583,4
d256h4L4,3016960,4352,audio_8bit,1,4.326761245727539,4
d256h4L4,3016960,4352,audio_8bit,2,3.9272783994674683,4
d256h4L4,3016960,4352,audio_8bit,3,3.795845329761505,4
d256h4L4,3016960,4352,audio_8bit,4,3.7285900115966797,4
d256h4L4,3016960,4352,audio_16bit,1,6.4092923402786255,4
d256h4L4,3016960,4352,audio_16bit,2,6.209736982981364,4
d256h4L4,3016960,4352,audio_16bit,3,6.142511248588562,4
d256h4L4,3016960,4352,audio_16bit,4,6.107179641723633,4
d256h4L4,3016960,4352,speech_commands_pcm8,1,4.21340024471283,4
d256h4L4,3016960,4352,speech_commands_pcm8,2,3.9902344147364297,4
d256h4L4,3016960,4352,speech_commands_pcm8,3,3.9031177163124084,4
d256h4L4,3016960,4352,speech_commands_pcm8,4,3.8555502891540527,4
d256h4L4,3016960,4352,speech_commands_pcm8_8khz,1,4.034714877605438,4
d256h4L4,3016960,4352,speech_commands_pcm8_8khz,2,3.7818204959233603,4
d256h4L4,3016960,4352,speech_commands_pcm8_8khz,3,3.682561933994293,4
d256h4L4,3016960,4352,speech_commands_pcm8_8khz,4,3.627209424972534,4
d256h4L4,3016960,4352,mutopia_melody_16th,1,4.8363038301467896,4
d256h4L4,3016960,4352,mutopia_melody_16th,2,4.336588064829509,4
d256h4L4,3016960,4352,mutopia_melody_16th,3,4.155532777309418,4
d256h4L4,3016960,4352,mutopia_melody_16th,4,4.06254768371582,4
d256h4L4,3016960,4352,cifar10_rgb_planar,1,7.745516061782837,4
d256h4L4,3016960,4352,cifar10_rgb_planar,2,7.675200939178467,4
d256h4L4,3016960,4352,cifar10_rgb_planar,3,7.65035879611969,4
d256h4L4,3016960,4352,cifar10_rgb_planar,4,7.63716459274292,4
d256h4L4,3016960,4352,cifar10_rgb_hwc,1,7.746385812759399,4
d256h4L4,3016960,4352,cifar10_rgb_hwc,2,7.676827033360799,4
d256h4L4,3016960,4352,cifar10_rgb_hwc,3,7.651521682739258,4
d256h4L4,3016960,4352,cifar10_rgb_hwc,4,7.637629985809326,4
d256h4L4,3016960,4352,kolmogorov_text,1,7.767424583435059,4
d256h4L4,3016960,4352,kolmogorov_text,2,7.565267880757649,4
d256h4L4,3016960,4352,kolmogorov_text,3,7.493869423866272,4
d256h4L4,3016960,4352,kolmogorov_text,4,7.454423427581787,4
d256h4L4,3016960,4352,kolmogorov_dna,1,3.9438687562942505,4
d256h4L4,3016960,4352,kolmogorov_dna,2,3.295540769894918,4
d256h4L4,3016960,4352,kolmogorov_dna,3,3.0839799642562866,4
d256h4L4,3016960,4352,kolmogorov_dna,4,2.9843482971191406,4
d256h4L4,3016960,4352,metamath,1,7.507830858230591,4
d256h4L4,3016960,4352,metamath,2,7.2158433596293134,4
d256h4L4,3016960,4352,metamath,3,7.112409234046936,4
d256h4L4,3016960,4352,metamath,4,7.0573577880859375,4
d256h4L4,3016960,4352,aitdcc_a_protein,1,7.666219472885132,4
d256h4L4,3016960,4352,aitdcc_a_protein,2,7.33014988899231,4
d256h4L4,3016960,4352,aitdcc_a_protein,3,7.230595588684082,4
d256h4L4,3016960,4352,aitdcc_a_protein,4,7.170741558074951,4
d256h4L4,3016960,4352,aitdcc_b_c_source,1,7.823771595954895,4
d256h4L4,3016960,4352,aitdcc_b_c_source,2,7.669372161229451,4
d256h4L4,3016960,4352,aitdcc_b_c_source,3,7.6145325899124146,4
d256h4L4,3016960,4352,aitdcc_b_c_source,4,7.58488130569458,4
d256h4L4,3016960,4352,aitdcc_d_glibc_rand,1,8.080808401107788,4
d256h4L4,3016960,4352,aitdcc_d_glibc_rand,2,8.046911239624023,4
d256h4L4,3016960,4352,aitdcc_d_glibc_rand,3,8.035635232925415,4
d256h4L4,3016960,4352,aitdcc_d_glibc_rand,4,8.029932022094727,4
d256h4L4,3016960,4352,aitdcc_e_atlas_float32,1,7.867850303649902,4
d256h4L4,3016960,4352,aitdcc_e_atlas_float32,2,7.791038195292155,4
d256h4L4,3016960,4352,aitdcc_e_atlas_float32,3,7.7582409381866455,4
d256h4L4,3016960,4352,aitdcc_e_atlas_float32,4,7.737697601318359,4
d256h4L4,3016960,4352,aitdcc_g_astronomy,1,4.09046483039856,4
d256h4L4,3016960,4352,aitdcc_g_astronomy,2,4.016154964764913,4
d256h4L4,3016960,4352,aitdcc_g_astronomy,3,3.989830732345581,4
d256h4L4,3016960,4352,aitdcc_g_astronomy,4,3.9747557640075684,4
d256h4L4,3016960,4352,llm_compression_python,1,7.281376123428345,4
d256h4L4,3016960,4352,llm_compression_python,2,7.018066803614299,4
d256h4L4,3016960,4352,llm_compression_python,3,6.927712559700012,4
d256h4L4,3016960,4352,llm_compression_python,4,6.880604267120361,4
d256h4L4,3016960,4352,llm_compression_cc,1,7.772870659828186,4
d256h4L4,3016960,4352,llm_compression_cc,2,7.520961920420329,4
d256h4L4,3016960,4352,llm_compression_cc,3,7.432449460029602,4
d256h4L4,3016960,4352,llm_compression_cc,4,7.383758544921875,4
d256h4L4,3016960,4352,llm_compression_arxiv_math,1,7.746595740318298,4
d256h4L4,3016960,4352,llm_compression_arxiv_math,2,7.571477731068929,4
d256h4L4,3016960,4352,llm_compression_arxiv_math,3,7.510155916213989,4
d256h4L4,3016960,4352,llm_compression_arxiv_math,4,7.477139949798584,4
d256h4L4,3016960,4352,esc50_pcm8,1,4.380658388137817,4
d256h4L4,3016960,4352,esc50_pcm8,2,4.169326941172282,4
d256h4L4,3016960,4352,esc50_pcm8,3,4.090741753578186,4
d256h4L4,3016960,4352,esc50_pcm8,4,4.050755500793457,4
d256h4L4,3016960,4352,esc50_pcm8_11khz,1,4.8825201988220215,4
d256h4L4,3016960,4352,esc50_pcm8_11khz,2,4.68342399597168,4
d256h4L4,3016960,4352,esc50_pcm8_11khz,3,4.607919812202454,4
d256h4L4,3016960,4352,esc50_pcm8_11khz,4,4.5689849853515625,4
d256h4L4,3016960,4352,musicnet_pcm8,1,6.398646831512451,4
d256h4L4,3016960,4352,musicnet_pcm8,2,6.2067844072977705,4
d256h4L4,3016960,4352,musicnet_pcm8,3,6.130782842636108,4
d256h4L4,3016960,4352,musicnet_pcm8,4,6.08975076675415,4
d256h4L4,3016960,4352,musicnet_pcm8_11khz,1,6.084454894065857,4
d256h4L4,3016960,4352,musicnet_pcm8_11khz,2,5.905088345209758,4
d256h4L4,3016960,4352,musicnet_pcm8_11khz,3,5.8361111879348755,4
d256h4L4,3016960,4352,musicnet_pcm8_11khz,4,5.799952983856201,4
d256h4L4,3016960,4608,dclm,1,7.8457396030426025,4
d256h4L4,3016960,4608,dclm,2,7.557276169459025,4
d256h4L4,3016960,4608,dclm,3,7.460773348808289,4
d256h4L4,3016960,4608,dclm,4,7.407625675201416,4
d256h4L4,3016960,4608,dclm_ranked,1,6.830566167831421,4
d256h4L4,3016960,4608,dclm_ranked,2,6.267569621404012,4
d256h4L4,3016960,4608,dclm_ranked,3,6.0501405000686646,4
d256h4L4,3016960,4608,dclm_ranked,4,5.9311017990112305,4
d256h4L4,3016960,4608,dna,1,3.9628210067749023,4
d256h4L4,3016960,4608,dna,2,3.3004242976506553,4
d256h4L4,3016960,4608,dna,3,3.063831090927124,4
d256h4L4,3016960,4608,dna,4,2.940168619155884,4
d256h4L4,3016960,4608,arithmetic,1,7.735941767692566,4
d256h4L4,3016960,4608,arithmetic,2,7.64709719022115,4
d256h4L4,3016960,4608,arithmetic,3,7.615094304084778,4
d256h4L4,3016960,4608,arithmetic,4,7.598193645477295,4
d256h4L4,3016960,4608,audio_8bit,1,4.435277223587036,4
d256h4L4,3016960,4608,audio_8bit,2,3.976846615473429,4
d256h4L4,3016960,4608,audio_8bit,3,3.815661668777466,4
d256h4L4,3016960,4608,audio_8bit,4,3.732241630554199,4
d256h4L4,3016960,4608,audio_16bit,1,6.4430811405181885,4
d256h4L4,3016960,4608,audio_16bit,2,6.193775177001953,4
d256h4L4,3016960,4608,audio_16bit,3,6.11006236076355,4
d256h4L4,3016960,4608,audio_16bit,4,6.067562580108643,4
d256h4L4,3016960,4608,speech_commands_pcm8,1,4.493616104125977,4
d256h4L4,3016960,4608,speech_commands_pcm8,2,4.054065545399983,4
d256h4L4,3016960,4608,speech_commands_pcm8,3,3.9133874773979187,4
d256h4L4,3016960,4608,speech_commands_pcm8,4,3.8513333797454834,4
d256h4L4,3016960,4608,speech_commands_pcm8_8khz,1,4.442726492881775,4
d256h4L4,3016960,4608,speech_commands_pcm8_8khz,2,3.951573292414347,4
d256h4L4,3016960,4608,speech_commands_pcm8_8khz,3,3.7944687604904175,4
d256h4L4,3016960,4608,speech_commands_pcm8_8khz,4,3.7272891998291016,4
d256h4L4,3016960,4608,mutopia_melody_16th,1,4.779287815093994,4
d256h4L4,3016960,4608,mutopia_melody_16th,2,4.297453959782918,4
d256h4L4,3016960,4608,mutopia_melody_16th,3,4.15099024772644,4
d256h4L4,3016960,4608,mutopia_melody_16th,4,4.079119682312012,4
d256h4L4,3016960,4608,cifar10_rgb_planar,1,7.777547597885132,4
d256h4L4,3016960,4608,cifar10_rgb_planar,2,7.681792736053467,4
d256h4L4,3016960,4608,cifar10_rgb_planar,3,7.649077773094177,4
d256h4L4,3016960,4608,cifar10_rgb_planar,4,7.631098747253418,4
d256h4L4,3016960,4608,cifar10_rgb_hwc,1,7.774828195571899,4
d256h4L4,3016960,4608,cifar10_rgb_hwc,2,7.675657749176025,4
d256h4L4,3016960,4608,cifar10_rgb_hwc,3,7.637645959854126,4
d256h4L4,3016960,4608,cifar10_rgb_hwc,4,7.614531993865967,4
d256h4L4,3016960,4608,kolmogorov_text,1,7.8616122007369995,4
d256h4L4,3016960,4608,kolmogorov_text,2,7.60771377881368,4
d256h4L4,3016960,4608,kolmogorov_text,3,7.522462010383606,4
d256h4L4,3016960,4608,kolmogorov_text,4,7.474451065063477,4
d256h4L4,3016960,4608,kolmogorov_dna,1,3.9998351335525513,4
d256h4L4,3016960,4608,kolmogorov_dna,2,3.3017443815867105,4
d256h4L4,3016960,4608,kolmogorov_dna,3,3.030240058898926,4
d256h4L4,3016960,4608,kolmogorov_dna,4,2.8786933422088623,4
d256h4L4,3016960,4608,metamath,1,7.614769816398621,4
d256h4L4,3016960,4608,metamath,2,7.321020682652791,4
d256h4L4,3016960,4608,metamath,3,7.226598501205444,4
d256h4L4,3016960,4608,metamath,4,7.1771697998046875,4
d256h4L4,3016960,4608,aitdcc_a_protein,1,7.73313570022583,4
d256h4L4,3016960,4608,aitdcc_a_protein,2,7.373124599456787,4
d256h4L4,3016960,4608,aitdcc_a_protein,3,7.278093576431274,4
d256h4L4,3016960,4608,aitdcc_a_protein,4,7.228011608123779,4
d256h4L4,3016960,4608,aitdcc_b_c_source,1,7.90407121181488,4
d256h4L4,3016960,4608,aitdcc_b_c_source,2,7.70116392771403,4
d256h4L4,3016960,4608,aitdcc_b_c_source,3,7.635596036911011,4
d256h4L4,3016960,4608,aitdcc_b_c_source,4,7.598970890045166,4
d256h4L4,3016960,4608,aitdcc_d_glibc_rand,1,8.096469163894653,4
d256h4L4,3016960,4608,aitdcc_d_glibc_rand,2,8.055301507314047,4
d256h4L4,3016960,4608,aitdcc_d_glibc_rand,3,8.042198419570923,4
d256h4L4,3016960,4608,aitdcc_d_glibc_rand,4,8.035569190979004,4
d256h4L4,3016960,4608,aitdcc_e_atlas_float32,1,7.770246982574463,4
d256h4L4,3016960,4608,aitdcc_e_atlas_float32,2,7.659108320871989,4
d256h4L4,3016960,4608,aitdcc_e_atlas_float32,3,7.615351557731628,4
d256h4L4,3016960,4608,aitdcc_e_atlas_float32,4,7.588228225708008,4
d256h4L4,3016960,4608,aitdcc_g_astronomy,1,4.039062678813934,4
d256h4L4,3016960,4608,aitdcc_g_astronomy,2,4.0027980009714765,4
d256h4L4,3016960,4608,aitdcc_g_astronomy,3,3.9905712604522705,4
d256h4L4,3016960,4608,aitdcc_g_astronomy,4,3.984186887741089,4
d256h4L4,3016960,4608,llm_compression_python,1,7.283898115158081,4
d256h4L4,3016960,4608,llm_compression_python,2,6.9648308753967285,4
d256h4L4,3016960,4608,llm_compression_python,3,6.859066009521484,4
d256h4L4,3016960,4608,llm_compression_python,4,6.80227518081665,4
d256h4L4,3016960,4608,llm_compression_cc,1,7.868886351585388,4
d256h4L4,3016960,4608,llm_compression_cc,2,7.5853408972422285,4
d256h4L4,3016960,4608,llm_compression_cc,3,7.490320920944214,4
d256h4L4,3016960,4608,llm_compression_cc,4,7.4379353523254395,4
d256h4L4,3016960,4608,llm_compression_arxiv_math,1,7.845342755317688,4
d256h4L4,3016960,4608,llm_compression_arxiv_math,2,7.640760103861491,4
d256h4L4,3016960,4608,llm_compression_arxiv_math,3,7.573675036430359,4
d256h4L4,3016960,4608,llm_compression_arxiv_math,4,7.537229061126709,4
d256h4L4,3016960,4608,esc50_pcm8,1,4.476189732551575,4
d256h4L4,3016960,4608,esc50_pcm8,2,4.115361134211223,4
d256h4L4,3016960,4608,esc50_pcm8,3,3.998653829097748,4
d256h4L4,3016960,4608,esc50_pcm8,4,3.941657304763794,4
d256h4L4,3016960,4608,esc50_pcm8_11khz,1,5.036423325538635,4
d256h4L4,3016960,4608,esc50_pcm8_11khz,2,4.690581798553467,4
d256h4L4,3016960,4608,esc50_pcm8_11khz,3,4.581149935722351,4
d256h4L4,3016960,4608,esc50_pcm8_11khz,4,4.529516220092773,4
d256h4L4,3016960,4608,musicnet_pcm8,1,6.201425075531006,4
d256h4L4,3016960,4608,musicnet_pcm8,2,5.836482524871826,4
d256h4L4,3016960,4608,musicnet_pcm8,3,5.698804616928101,4
d256h4L4,3016960,4608,musicnet_pcm8,4,5.621994495391846,4
d256h4L4,3016960,4608,musicnet_pcm8_11khz,1,6.164687514305115,4
d256h4L4,3016960,4608,musicnet_pcm8_11khz,2,5.823304653167725,4
d256h4L4,3016960,4608,musicnet_pcm8_11khz,3,5.7085936069488525,4
d256h4L4,3016960,4608,musicnet_pcm8_11khz,4,5.6515302658081055,4
d256h4L4,3016960,4864,dclm,1,7.766369581222534,4
d256h4L4,3016960,4864,dclm,2,7.501993020375569,4
d256h4L4,3016960,4864,dclm,3,7.408247232437134,4
d256h4L4,3016960,4864,dclm,4,7.353689670562744,4
d256h4L4,3016960,4864,dclm_ranked,1,6.6347867250442505,4
d256h4L4,3016960,4864,dclm_ranked,2,6.137627601623535,4
d256h4L4,3016960,4864,dclm_ranked,3,5.9597978591918945,4
d256h4L4,3016960,4864,dclm_ranked,4,5.865450859069824,4
d256h4L4,3016960,4864,dna,1,3.9402295351028442,4
d256h4L4,3016960,4864,dna,2,3.3521640300750732,4
d256h4L4,3016960,4864,dna,3,3.150937497615814,4
d256h4L4,3016960,4864,dna,4,3.055004835128784,4
d256h4L4,3016960,4864,arithmetic,1,7.770777344703674,4
d256h4L4,3016960,4864,arithmetic,2,7.695920626322429,4
d256h4L4,3016960,4864,arithmetic,3,7.669155478477478,4
d256h4L4,3016960,4864,arithmetic,4,7.654991149902344,4
d256h4L4,3016960,4864,audio_8bit,1,4.384225606918335,4
d256h4L4,3016960,4864,audio_8bit,2,3.97371236483256,4
d256h4L4,3016960,4864,audio_8bit,3,3.8299520015716553,4
d256h4L4,3016960,4864,audio_8bit,4,3.755687713623047,4
d256h4L4,3016960,4864,audio_16bit,1,6.412739515304565,4
d256h4L4,3016960,4864,audio_16bit,2,6.206570704778035,4
d256h4L4,3016960,4864,audio_16bit,3,6.134978890419006,4
d256h4L4,3016960,4864,audio_16bit,4,6.09779691696167,4
d256h4L4,3016960,4864,speech_commands_pcm8,1,4.461962461471558,4
d256h4L4,3016960,4864,speech_commands_pcm8,2,3.943653146425883,4
d256h4L4,3016960,4864,speech_commands_pcm8,3,3.7898917198181152,4
d256h4L4,3016960,4864,speech_commands_pcm8,4,3.716273307800293,4
d256h4L4,3016960,4864,speech_commands_pcm8_8khz,1,4.374398946762085,4
d256h4L4,3016960,4864,speech_commands_pcm8_8khz,2,3.787641763687134,4
d256h4L4,3016960,4864,speech_commands_pcm8_8khz,3,3.616473913192749,4
d256h4L4,3016960,4864,speech_commands_pcm8_8khz,4,3.5353803634643555,4
d256h4L4,3016960,4864,mutopia_melody_16th,1,5.102269649505615,4
d256h4L4,3016960,4864,mutopia_melody_16th,2,4.520115216573079,4
d256h4L4,3016960,4864,mutopia_melody_16th,3,4.313378691673279,4
d256h4L4,3016960,4864,mutopia_melody_16th,4,4.204747200012207,4
d256h4L4,3016960,4864,cifar10_rgb_planar,1,7.781556248664856,4
d256h4L4,3016960,4864,cifar10_rgb_planar,2,7.711249033610026,4
d256h4L4,3016960,4864,cifar10_rgb_planar,3,7.685855746269226,4
d256h4L4,3016960,4864,cifar10_rgb_planar,4,7.6722588539123535,4
d256h4L4,3016960,4864,cifar10_rgb_hwc,1,7.771118640899658,4
d256h4L4,3016960,4864,cifar10_rgb_hwc,2,7.6947251955668134,4
d256h4L4,3016960,4864,cifar10_rgb_hwc,3,7.6634202003479,4
d256h4L4,3016960,4864,cifar10_rgb_hwc,4,7.644486904144287,4
d256h4L4,3016960,4864,kolmogorov_text,1,7.772370457649231,4
d256h4L4,3016960,4864,kolmogorov_text,2,7.567256371180217,4
d256h4L4,3016960,4864,kolmogorov_text,3,7.493454813957214,4
d256h4L4,3016960,4864,kolmogorov_text,4,7.450366973876953,4
d256h4L4,3016960,4864,kolmogorov_dna,1,4.18316388130188,4
d256h4L4,3016960,4864,kolmogorov_dna,2,3.5532109340031943,4
d256h4L4,3016960,4864,kolmogorov_dna,3,3.330453336238861,4
d256h4L4,3016960,4864,kolmogorov_dna,4,3.227492094039917,4
d256h4L4,3016960,4864,metamath,1,7.586125612258911,4
d256h4L4,3016960,4864,metamath,2,7.320343971252441,4
d256h4L4,3016960,4864,metamath,3,7.229257345199585,4
d256h4L4,3016960,4864,metamath,4,7.180835723876953,4
d256h4L4,3016960,4864,aitdcc_a_protein,1,7.734157085418701,4
d256h4L4,3016960,4864,aitdcc_a_protein,2,7.474548896153768,4
d256h4L4,3016960,4864,aitdcc_a_protein,3,7.387454986572266,4
d256h4L4,3016960,4864,aitdcc_a_protein,4,7.340202331542969,4
d256h4L4,3016960,4864,aitdcc_b_c_source,1,7.813228726387024,4
d256h4L4,3016960,4864,aitdcc_b_c_source,2,7.680983146031697,4
d256h4L4,3016960,4864,aitdcc_b_c_source,3,7.632661700248718,4
d256h4L4,3016960,4864,aitdcc_b_c_source,4,7.605353355407715,4
d256h4L4,3016960,4864,aitdcc_d_glibc_rand,1,8.077750205993652,4
d256h4L4,3016960,4864,aitdcc_d_glibc_rand,2,8.04364824295044,4
d256h4L4,3016960,4864,aitdcc_d_glibc_rand,3,8.032225131988525,4
d256h4L4,3016960,4864,aitdcc_d_glibc_rand,4,8.0264310836792,4
d256h4L4,3016960,4864,aitdcc_e_atlas_float32,1,7.930544018745422,4
d256h4L4,3016960,4864,aitdcc_e_atlas_float32,2,7.885394016901652,4
d256h4L4,3016960,4864,aitdcc_e_atlas_float32,3,7.869761228561401,4
d256h4L4,3016960,4864,aitdcc_e_atlas_float32,4,7.861635684967041,4
d256h4L4,3016960,4864,aitdcc_g_astronomy,1,4.302888512611389,4
d256h4L4,3016960,4864,aitdcc_g_astronomy,2,4.180298646291097,4
d256h4L4,3016960,4864,aitdcc_g_astronomy,3,4.140423774719238,4
d256h4L4,3016960,4864,aitdcc_g_astronomy,4,4.117818832397461,4
d256h4L4,3016960,4864,llm_compression_python,1,7.256256461143494,4
d256h4L4,3016960,4864,llm_compression_python,2,6.949312130610148,4
d256h4L4,3016960,4864,llm_compression_python,3,6.842384338378906,4
d256h4L4,3016960,4864,llm_compression_python,4,6.783593654632568,4
d256h4L4,3016960,4864,llm_compression_cc,1,7.794548749923706,4
d256h4L4,3016960,4864,llm_compression_cc,2,7.528826157251994,4
d256h4L4,3016960,4864,llm_compression_cc,3,7.434837818145752,4
d256h4L4,3016960,4864,llm_compression_cc,4,7.379928112030029,4
d256h4L4,3016960,4864,llm_compression_arxiv_math,1,7.747161865234375,4
d256h4L4,3016960,4864,llm_compression_arxiv_math,2,7.590318123499553,4
d256h4L4,3016960,4864,llm_compression_arxiv_math,3,7.534148812294006,4
d256h4L4,3016960,4864,llm_compression_arxiv_math,4,7.502497673034668,4
d256h4L4,3016960,4864,esc50_pcm8,1,4.462229609489441,4
d256h4L4,3016960,4864,esc50_pcm8,2,4.055637200673421,4
d256h4L4,3016960,4864,esc50_pcm8,3,3.9267812371253967,4
d256h4L4,3016960,4864,esc50_pcm8,4,3.8634676933288574,4
d256h4L4,3016960,4864,esc50_pcm8_11khz,1,5.009392619132996,4
d256h4L4,3016960,4864,esc50_pcm8_11khz,2,4.6090560754140215,4
d256h4L4,3016960,4864,esc50_pcm8_11khz,3,4.4804569482803345,4
d256h4L4,3016960,4864,esc50_pcm8_11khz,4,4.419072151184082,4
d256h4L4,3016960,4864,musicnet_pcm8,1,6.164491772651672,4
d256h4L4,3016960,4864,musicnet_pcm8,2,5.840472221374512,4
d256h4L4,3016960,4864,musicnet_pcm8,3,5.717259645462036,4
d256h4L4,3016960,4864,musicnet_pcm8,4,5.649413108825684,4
d256h4L4,3016960,4864,musicnet_pcm8_11khz,1,6.1208860874176025,4
d256h4L4,3016960,4864,musicnet_pcm8_11khz,2,5.753005186716716,4
d256h4L4,3016960,4864,musicnet_pcm8_11khz,3,5.632463693618774,4
d256h4L4,3016960,4864,musicnet_pcm8_11khz,4,5.573143482208252,4
d256h4L4,3016960,5120,dclm,1,7.724912405014038,4
d256h4L4,3016960,5120,dclm,2,7.516995986302693,4
d256h4L4,3016960,5120,dclm,3,7.445018887519836,4
d256h4L4,3016960,5120,dclm,4,7.405764102935791,4
d256h4L4,3016960,5120,dclm_ranked,1,6.792474269866943,4
d256h4L4,3016960,5120,dclm_ranked,2,6.266018390655518,4
d256h4L4,3016960,5120,dclm_ranked,3,6.063920021057129,4
d256h4L4,3016960,5120,dclm_ranked,4,5.9545369148254395,4
d256h4L4,3016960,5120,dna,1,4.007341980934143,4
d256h4L4,3016960,5120,dna,2,3.432962934176127,4
d256h4L4,3016960,5120,dna,3,3.233954668045044,4
d256h4L4,3016960,5120,dna,4,3.1315953731536865,4
d256h4L4,3016960,5120,arithmetic,1,7.745326638221741,4
d256h4L4,3016960,5120,arithmetic,2,7.67420220375061,4
d256h4L4,3016960,5120,arithmetic,3,7.648159503936768,4
d256h4L4,3016960,5120,arithmetic,4,7.63324499130249,4
d256h4L4,3016960,5120,audio_8bit,1,4.555805563926697,4
d256h4L4,3016960,5120,audio_8bit,2,4.113743742307027,4
d256h4L4,3016960,5120,audio_8bit,3,3.9579328894615173,4
d256h4L4,3016960,5120,audio_8bit,4,3.8770687580108643,4
d256h4L4,3016960,5120,audio_16bit,1,6.403487205505371,4
d256h4L4,3016960,5120,audio_16bit,2,6.196240266164144,4
d256h4L4,3016960,5120,audio_16bit,3,6.12381649017334,4
d256h4L4,3016960,5120,audio_16bit,4,6.086152076721191,4
d256h4L4,3016960,5120,speech_commands_pcm8,1,4.038593411445618,4
d256h4L4,3016960,5120,speech_commands_pcm8,2,3.6662261486053467,4
d256h4L4,3016960,5120,speech_commands_pcm8,3,3.562305450439453,4
d256h4L4,3016960,5120,speech_commands_pcm8,4,3.506216526031494,4
d256h4L4,3016960,5120,speech_commands_pcm8_8khz,1,3.8792192339897156,4
d256h4L4,3016960,5120,speech_commands_pcm8_8khz,2,3.4361639420191445,4
d256h4L4,3016960,5120,speech_commands_pcm8_8khz,3,3.318861424922943,4
d256h4L4,3016960,5120,speech_commands_pcm8_8khz,4,3.2558534145355225,4
d256h4L4,3016960,5120,mutopia_melody_16th,1,4.65064811706543,4
d256h4L4,3016960,5120,mutopia_melody_16th,2,4.274908701578776,4
d256h4L4,3016960,5120,mutopia_melody_16th,3,4.158840179443359,4
d256h4L4,3016960,5120,mutopia_melody_16th,4,4.101792335510254,4
d256h4L4,3016960,5120,cifar10_rgb_planar,1,7.762064576148987,4
d256h4L4,3016960,5120,cifar10_rgb_planar,2,7.697297175725301,4
d256h4L4,3016960,5120,cifar10_rgb_planar,3,7.6738163232803345,4
d256h4L4,3016960,5120,cifar10_rgb_planar,4,7.661082744598389,4
d256h4L4,3016960,5120,cifar10_rgb_hwc,1,7.744707226753235,4
d256h4L4,3016960,5120,cifar10_rgb_hwc,2,7.673435211181641,4
d256h4L4,3016960,5120,cifar10_rgb_hwc,3,7.642698168754578,4
d256h4L4,3016960,5120,cifar10_rgb_hwc,4,7.623265266418457,4
d256h4L4,3016960,5120,kolmogorov_text,1,7.737868905067444,4
d256h4L4,3016960,5120,kolmogorov_text,2,7.568929831186931,4
d256h4L4,3016960,5120,kolmogorov_text,3,7.509811639785767,4
d256h4L4,3016960,5120,kolmogorov_text,4,7.47706937789917,4
d256h4L4,3016960,5120,kolmogorov_dna,1,4.270084857940674,4
d256h4L4,3016960,5120,kolmogorov_dna,2,3.6389127572377524,4
d256h4L4,3016960,5120,kolmogorov_dna,3,3.4166869521141052,4
d256h4L4,3016960,5120,kolmogorov_dna,4,3.3010635375976562,4
d256h4L4,3016960,5120,metamath,1,7.614148497581482,4
d256h4L4,3016960,5120,metamath,2,7.3213428656260175,4
d256h4L4,3016960,5120,metamath,3,7.221082329750061,4
d256h4L4,3016960,5120,metamath,4,7.169926643371582,4
d256h4L4,3016960,5120,aitdcc_a_protein,1,7.567727327346802,4
d256h4L4,3016960,5120,aitdcc_a_protein,2,7.314270655314128,4
d256h4L4,3016960,5120,aitdcc_a_protein,3,7.227283239364624,4
d256h4L4,3016960,5120,aitdcc_a_protein,4,7.177824020385742,4
d256h4L4,3016960,5120,aitdcc_b_c_source,1,7.805809259414673,4
d256h4L4,3016960,5120,aitdcc_b_c_source,2,7.6784727573394775,4
d256h4L4,3016960,5120,aitdcc_b_c_source,3,7.634459972381592,4
d256h4L4,3016960,5120,aitdcc_b_c_source,4,7.610496997833252,4
d256h4L4,3016960,5120,aitdcc_d_glibc_rand,1,8.06870412826538,4
d256h4L4,3016960,5120,aitdcc_d_glibc_rand,2,8.039551734924316,4
d256h4L4,3016960,5120,aitdcc_d_glibc_rand,3,8.029921293258667,4
d256h4L4,3016960,5120,aitdcc_d_glibc_rand,4,8.025053977966309,4
d256h4L4,3016960,5120,aitdcc_e_atlas_float32,1,7.891587734222412,4
d256h4L4,3016960,5120,aitdcc_e_atlas_float32,2,7.843040386835734,4
d256h4L4,3016960,5120,aitdcc_e_atlas_float32,3,7.825591444969177,4
d256h4L4,3016960,5120,aitdcc_e_atlas_float32,4,7.8162407875061035,4
d256h4L4,3016960,5120,aitdcc_g_astronomy,1,4.192026376724243,4
d256h4L4,3016960,5120,aitdcc_g_astronomy,2,4.129847049713135,4
d256h4L4,3016960,5120,aitdcc_g_astronomy,3,4.111680269241333,4
d256h4L4,3016960,5120,aitdcc_g_astronomy,4,4.102266788482666,4
d256h4L4,3016960,5120,llm_compression_python,1,7.260400652885437,4
d256h4L4,3016960,5120,llm_compression_python,2,6.997137705485026,4
d256h4L4,3016960,5120,llm_compression_python,3,6.906586289405823,4
d256h4L4,3016960,5120,llm_compression_python,4,6.85897970199585,4
d256h4L4,3016960,5120,llm_compression_cc,1,7.743677258491516,4
d256h4L4,3016960,5120,llm_compression_cc,2,7.540306170781453,4
d256h4L4,3016960,5120,llm_compression_cc,3,7.4699273109436035,4
d256h4L4,3016960,5120,llm_compression_cc,4,7.4313836097717285,4
d256h4L4,3016960,5120,llm_compression_arxiv_math,1,7.748759508132935,4
d256h4L4,3016960,5120,llm_compression_arxiv_math,2,7.601188023885091,4
d256h4L4,3016960,5120,llm_compression_arxiv_math,3,7.55051589012146,4
d256h4L4,3016960,5120,llm_compression_arxiv_math,4,7.522848129272461,4
d256h4L4,3016960,5120,esc50_pcm8,1,4.193782269954681,4
d256h4L4,3016960,5120,esc50_pcm8,2,3.894243041674296,4
d256h4L4,3016960,5120,esc50_pcm8,3,3.800480604171753,4
d256h4L4,3016960,5120,esc50_pcm8,4,3.7491657733917236,4
d256h4L4,3016960,5120,esc50_pcm8_11khz,1,4.716942310333252,4
d256h4L4,3016960,5120,esc50_pcm8_11khz,2,4.433969338734944,4
d256h4L4,3016960,5120,esc50_pcm8_11khz,3,4.3475247621536255,4
d256h4L4,3016960,5120,esc50_pcm8_11khz,4,4.30098819732666,4
d256h4L4,3016960,5120,musicnet_pcm8,1,6.169317603111267,4
d256h4L4,3016960,5120,musicnet_pcm8,2,5.907331546147664,4
d256h4L4,3016960,5120,musicnet_pcm8,3,5.800387024879456,4
d256h4L4,3016960,5120,musicnet_pcm8,4,5.736895561218262,4
d256h4L4,3016960,5120,musicnet_pcm8_11khz,1,5.938696980476379,4
d256h4L4,3016960,5120,musicnet_pcm8_11khz,2,5.698347568511963,4
d256h4L4,3016960,5120,musicnet_pcm8_11khz,3,5.620671272277832,4
d256h4L4,3016960,5120,musicnet_pcm8_11khz,4,5.578920364379883,4
d256h4L4,3016960,5376,dclm,1,7.752253890037537,4
d256h4L4,3016960,5376,dclm,2,7.474551200866699,4
d256h4L4,3016960,5376,dclm,3,7.379857301712036,4
d256h4L4,3016960,5376,dclm,4,7.329864025115967,4
d256h4L4,3016960,5376,dclm_ranked,1,6.476319193840027,4
d256h4L4,3016960,5376,dclm_ranked,2,6.085918029149373,4
d256h4L4,3016960,5376,dclm_ranked,3,5.940868496894836,4
d256h4L4,3016960,5376,dclm_ranked,4,5.862817764282227,4
d256h4L4,3016960,5376,dna,1,3.7742477655410767,4
d256h4L4,3016960,5376,dna,2,3.27008064587911,4
d256h4L4,3016960,5376,dna,3,3.104682147502899,4
d256h4L4,3016960,5376,dna,4,3.0214409828186035,4
d256h4L4,3016960,5376,arithmetic,1,7.689198732376099,4
d256h4L4,3016960,5376,arithmetic,2,7.596802870432536,4
d256h4L4,3016960,5376,arithmetic,3,7.562453269958496,4
d256h4L4,3016960,5376,arithmetic,4,7.5432891845703125,4
d256h4L4,3016960,5376,audio_8bit,1,4.132339954376221,4
d256h4L4,3016960,5376,audio_8bit,2,3.7937786181767783,4
d256h4L4,3016960,5376,audio_8bit,3,3.6765094995498657,4
d256h4L4,3016960,5376,audio_8bit,4,3.6154630184173584,4
d256h4L4,3016960,5376,audio_16bit,1,6.381619334220886,4
d256h4L4,3016960,5376,audio_16bit,2,6.17335057258606,4
d256h4L4,3016960,5376,audio_16bit,3,6.102916598320007,4
d256h4L4,3016960,5376,audio_16bit,4,6.067799091339111,4
d256h4L4,3016960,5376,speech_commands_pcm8,1,3.998723328113556,4
d256h4L4,3016960,5376,speech_commands_pcm8,2,3.6636171340942383,4
d256h4L4,3016960,5376,speech_commands_pcm8,3,3.53753262758255,4
d256h4L4,3016960,5376,speech_commands_pcm8,4,3.4750990867614746,4
d256h4L4,3016960,5376,speech_commands_pcm8_8khz,1,3.8843297362327576,4
d256h4L4,3016960,5376,speech_commands_pcm8_8khz,2,3.519613345464071,4
d256h4L4,3016960,5376,speech_commands_pcm8_8khz,3,3.3854199051856995,4
d256h4L4,3016960,5376,speech_commands_pcm8_8khz,4,3.321977376937866,4
d256h4L4,3016960,5376,mutopia_melody_16th,1,4.745223879814148,4
d256h4L4,3016960,5376,mutopia_melody_16th,2,4.241489728291829,4
d256h4L4,3016960,5376,mutopia_melody_16th,3,4.073982119560242,4
d256h4L4,3016960,5376,mutopia_melody_16th,4,3.9865667819976807,4
d256h4L4,3016960,5376,cifar10_rgb_planar,1,7.720935583114624,4
d256h4L4,3016960,5376,cifar10_rgb_planar,2,7.641043504079183,4
d256h4L4,3016960,5376,cifar10_rgb_planar,3,7.613039970397949,4
d256h4L4,3016960,5376,cifar10_rgb_planar,4,7.597940921783447,4
d256h4L4,3016960,5376,cifar10_rgb_hwc,1,7.720479249954224,4
d256h4L4,3016960,5376,cifar10_rgb_hwc,2,7.636797030766805,4
d256h4L4,3016960,5376,cifar10_rgb_hwc,3,7.605087518692017,4
d256h4L4,3016960,5376,cifar10_rgb_hwc,4,7.586724281311035,4
d256h4L4,3016960,5376,kolmogorov_text,1,7.756835579872131,4
d256h4L4,3016960,5376,kolmogorov_text,2,7.53283953666687,4
d256h4L4,3016960,5376,kolmogorov_text,3,7.456835746765137,4
d256h4L4,3016960,5376,kolmogorov_text,4,7.416281223297119,4
d256h4L4,3016960,5376,kolmogorov_dna,1,4.176443517208099,4
d256h4L4,3016960,5376,kolmogorov_dna,2,3.5071608225504556,4
d256h4L4,3016960,5376,kolmogorov_dna,3,3.285762369632721,4
d256h4L4,3016960,5376,kolmogorov_dna,4,3.173596143722534,4
d256h4L4,3016960,5376,metamath,1,7.669243097305298,4
d256h4L4,3016960,5376,metamath,2,7.337088902791341,4
d256h4L4,3016960,5376,metamath,3,7.223922610282898,4
d256h4L4,3016960,5376,metamath,4,7.166045188903809,4
d256h4L4,3016960,5376,aitdcc_a_protein,1,7.801042199134827,4
d256h4L4,3016960,5376,aitdcc_a_protein,2,7.434154113133748,4
d256h4L4,3016960,5376,aitdcc_a_protein,3,7.312118649482727,4
d256h4L4,3016960,5376,aitdcc_a_protein,4,7.24803352355957,4
d256h4L4,3016960,5376,aitdcc_b_c_source,1,7.823004961013794,4
d256h4L4,3016960,5376,aitdcc_b_c_source,2,7.661825815836589,4
d256h4L4,3016960,5376,aitdcc_b_c_source,3,7.607297420501709,4
d256h4L4,3016960,5376,aitdcc_b_c_source,4,7.577945709228516,4
d256h4L4,3016960,5376,aitdcc_d_glibc_rand,1,8.080668926239014,4
d256h4L4,3016960,5376,aitdcc_d_glibc_rand,2,8.048105080922445,4
d256h4L4,3016960,5376,aitdcc_d_glibc_rand,3,8.037484645843506,4
d256h4L4,3016960,5376,aitdcc_d_glibc_rand,4,8.03213119506836,4
d256h4L4,3016960,5376,aitdcc_e_atlas_float32,1,7.816741585731506,4
d256h4L4,3016960,5376,aitdcc_e_atlas_float32,2,7.730009237925212,4
d256h4L4,3016960,5376,aitdcc_e_atlas_float32,3,7.695381164550781,4
d256h4L4,3016960,5376,aitdcc_e_atlas_float32,4,7.674686431884766,4
d256h4L4,3016960,5376,aitdcc_g_astronomy,1,4.145916402339935,4
d256h4L4,3016960,5376,aitdcc_g_astronomy,2,4.043697834014893,4
d256h4L4,3016960,5376,aitdcc_g_astronomy,3,4.008417189121246,4
d256h4L4,3016960,5376,aitdcc_g_astronomy,4,3.989534854888916,4
d256h4L4,3016960,5376,llm_compression_python,1,7.20397412776947,4
d256h4L4,3016960,5376,llm_compression_python,2,6.908204476038615,4
d256h4L4,3016960,5376,llm_compression_python,3,6.805359363555908,4
d256h4L4,3016960,5376,llm_compression_python,4,6.7520341873168945,4
d256h4L4,3016960,5376,llm_compression_cc,1,7.774304986000061,4
d256h4L4,3016960,5376,llm_compression_cc,2,7.503823359807332,4
d256h4L4,3016960,5376,llm_compression_cc,3,7.4120306968688965,4
d256h4L4,3016960,5376,llm_compression_cc,4,7.363569736480713,4
d256h4L4,3016960,5376,llm_compression_arxiv_math,1,7.791791081428528,4
d256h4L4,3016960,5376,llm_compression_arxiv_math,2,7.588092088699341,4
d256h4L4,3016960,5376,llm_compression_arxiv_math,3,7.522237300872803,4
d256h4L4,3016960,5376,llm_compression_arxiv_math,4,7.487034320831299,4
d256h4L4,3016960,5376,esc50_pcm8,1,4.075294196605682,4
d256h4L4,3016960,5376,esc50_pcm8,2,3.774624506632487,4
d256h4L4,3016960,5376,esc50_pcm8,3,3.6638108491897583,4
d256h4L4,3016960,5376,esc50_pcm8,4,3.606074333190918,4
d256h4L4,3016960,5376,esc50_pcm8_11khz,1,4.686388254165649,4
d256h4L4,3016960,5376,esc50_pcm8_11khz,2,4.390551884969075,4
d256h4L4,3016960,5376,esc50_pcm8_11khz,3,4.277880907058716,4
d256h4L4,3016960,5376,esc50_pcm8_11khz,4,4.218841552734375,4
d256h4L4,3016960,5376,musicnet_pcm8,1,5.849828839302063,4
d256h4L4,3016960,5376,musicnet_pcm8,2,5.523722410202026,4
d256h4L4,3016960,5376,musicnet_pcm8,3,5.396002531051636,4
d256h4L4,3016960,5376,musicnet_pcm8,4,5.324832439422607,4
d256h4L4,3016960,5376,musicnet_pcm8_11khz,1,5.865808486938477,4
d256h4L4,3016960,5376,musicnet_pcm8_11khz,2,5.560133934020996,4
d256h4L4,3016960,5376,musicnet_pcm8_11khz,3,5.4406431913375854,4
d256h4L4,3016960,5376,musicnet_pcm8_11khz,4,5.374795913696289,4
d256h4L4,3016960,5632,dclm,1,7.838759064674377,4
d256h4L4,3016960,5632,dclm,2,7.374120791753133,4
d256h4L4,3016960,5632,dclm,3,7.223906874656677,4
d256h4L4,3016960,5632,dclm,4,7.141241550445557,4
d256h4L4,3016960,5632,dclm_ranked,1,6.606364369392395,4
d256h4L4,3016960,5632,dclm_ranked,2,6.135181029637654,4
d256h4L4,3016960,5632,dclm_ranked,3,5.957528710365295,4
d256h4L4,3016960,5632,dclm_ranked,4,5.861267566680908,4
d256h4L4,3016960,5632,dna,1,3.9387555718421936,4
d256h4L4,3016960,5632,dna,2,3.315022031466166,4
d256h4L4,3016960,5632,dna,3,3.099812388420105,4
d256h4L4,3016960,5632,dna,4,2.987597942352295,4
d256h4L4,3016960,5632,arithmetic,1,7.659745097160339,4
d256h4L4,3016960,5632,arithmetic,2,7.566865921020508,4
d256h4L4,3016960,5632,arithmetic,3,7.532570123672485,4
d256h4L4,3016960,5632,arithmetic,4,7.513504981994629,4
d256h4L4,3016960,5632,audio_8bit,1,4.147141814231873,4
d256h4L4,3016960,5632,audio_8bit,2,3.7568848530451455,4
d256h4L4,3016960,5632,audio_8bit,3,3.624150276184082,4
d256h4L4,3016960,5632,audio_8bit,4,3.555968999862671,4
d256h4L4,3016960,5632,audio_16bit,1,6.409243941307068,4
d256h4L4,3016960,5632,audio_16bit,2,6.197238524754842,4
d256h4L4,3016960,5632,audio_16bit,3,6.123522162437439,4
d256h4L4,3016960,5632,audio_16bit,4,6.085072040557861,4
d256h4L4,3016960,5632,speech_commands_pcm8,1,3.927648901939392,4
d256h4L4,3016960,5632,speech_commands_pcm8,2,3.598234494527181,4
d256h4L4,3016960,5632,speech_commands_pcm8,3,3.486776053905487,4
d256h4L4,3016960,5632,speech_commands_pcm8,4,3.4358835220336914,4
d256h4L4,3016960,5632,speech_commands_pcm8_8khz,1,3.8043659329414368,4
d256h4L4,3016960,5632,speech_commands_pcm8_8khz,2,3.4356472492218018,4
d256h4L4,3016960,5632,speech_commands_pcm8_8khz,3,3.3160577416419983,4
d256h4L4,3016960,5632,speech_commands_pcm8_8khz,4,3.2644784450531006,4
d256h4L4,3016960,5632,mutopia_melody_16th,1,4.783859491348267,4
d256h4L4,3016960,5632,mutopia_melody_16th,2,4.325486183166504,4
d256h4L4,3016960,5632,mutopia_melody_16th,3,4.165418267250061,4
d256h4L4,3016960,5632,mutopia_melody_16th,4,4.0806355476379395,4
d256h4L4,3016960,5632,cifar10_rgb_planar,1,7.712203502655029,4
d256h4L4,3016960,5632,cifar10_rgb_planar,2,7.622605800628662,4
d256h4L4,3016960,5632,cifar10_rgb_planar,3,7.591904044151306,4
d256h4L4,3016960,5632,cifar10_rgb_planar,4,7.57536506652832,4
d256h4L4,3016960,5632,cifar10_rgb_hwc,1,7.69964337348938,4
d256h4L4,3016960,5632,cifar10_rgb_hwc,2,7.608115037282308,4
d256h4L4,3016960,5632,cifar10_rgb_hwc,3,7.575634717941284,4
d256h4L4,3016960,5632,cifar10_rgb_hwc,4,7.557814598083496,4
d256h4L4,3016960,5632,kolmogorov_text,1,7.859117269515991,4
d256h4L4,3016960,5632,kolmogorov_text,2,7.471897602081299,4
d256h4L4,3016960,5632,kolmogorov_text,3,7.348993420600891,4
d256h4L4,3016960,5632,kolmogorov_text,4,7.28109884262085,4
d256h4L4,3016960,5632,kolmogorov_dna,1,4.186291337013245,4
d256h4L4,3016960,5632,kolmogorov_dna,2,3.468865156173706,4
d256h4L4,3016960,5632,kolmogorov_dna,3,3.2031014561653137,4
d256h4L4,3016960,5632,kolmogorov_dna,4,3.0565433502197266,4
d256h4L4,3016960,5632,metamath,1,7.682329177856445,4
d256h4L4,3016960,5632,metamath,2,7.242768446604411,4
d256h4L4,3016960,5632,metamath,3,7.101847410202026,4
d256h4L4,3016960,5632,metamath,4,7.030043125152588,4
d256h4L4,3016960,5632,aitdcc_a_protein,1,7.722325801849365,4
d256h4L4,3016960,5632,aitdcc_a_protein,2,7.400807936986287,4
d256h4L4,3016960,5632,aitdcc_a_protein,3,7.289788126945496,4
d256h4L4,3016960,5632,aitdcc_a_protein,4,7.226663589477539,4
d256h4L4,3016960,5632,aitdcc_b_c_source,1,7.882805109024048,4
d256h4L4,3016960,5632,aitdcc_b_c_source,2,7.6112039883931475,4
d256h4L4,3016960,5632,aitdcc_b_c_source,3,7.525299310684204,4
d256h4L4,3016960,5632,aitdcc_b_c_source,4,7.478292465209961,4
d256h4L4,3016960,5632,aitdcc_d_glibc_rand,1,8.084481954574585,4
d256h4L4,3016960,5632,aitdcc_d_glibc_rand,2,8.048612435658773,4
d256h4L4,3016960,5632,aitdcc_d_glibc_rand,3,8.037401676177979,4
d256h4L4,3016960,5632,aitdcc_d_glibc_rand,4,8.031747817993164,4
d256h4L4,3016960,5632,aitdcc_e_atlas_float32,1,8.13776433467865,4
d256h4L4,3016960,5632,aitdcc_e_atlas_float32,2,7.914349794387817,4
d256h4L4,3016960,5632,aitdcc_e_atlas_float32,3,7.876722097396851,4
d256h4L4,3016960,5632,aitdcc_e_atlas_float32,4,7.85673713684082,4
d256h4L4,3016960,5632,aitdcc_g_astronomy,1,4.236880302429199,4
d256h4L4,3016960,5632,aitdcc_g_astronomy,2,4.112171332041423,4
d256h4L4,3016960,5632,aitdcc_g_astronomy,3,4.0838751792907715,4
d256h4L4,3016960,5632,aitdcc_g_astronomy,4,4.070272445678711,4
d256h4L4,3016960,5632,llm_compression_python,1,7.413143515586853,4
d256h4L4,3016960,5632,llm_compression_python,2,6.936614354451497,4
d256h4L4,3016960,5632,llm_compression_python,3,6.781095027923584,4
d256h4L4,3016960,5632,llm_compression_python,4,6.696826934814453,4
d256h4L4,3016960,5632,llm_compression_cc,1,7.867748975753784,4
d256h4L4,3016960,5632,llm_compression_cc,2,7.407442967096965,4
d256h4L4,3016960,5632,llm_compression_cc,3,7.258558869361877,4
d256h4L4,3016960,5632,llm_compression_cc,4,7.176311016082764,4
d256h4L4,3016960,5632,llm_compression_arxiv_math,1,7.886875033378601,4
d256h4L4,3016960,5632,llm_compression_arxiv_math,2,7.528535763422648,4
d256h4L4,3016960,5632,llm_compression_arxiv_math,3,7.419470906257629,4
d256h4L4,3016960,5632,llm_compression_arxiv_math,4,7.35956335067749,4
d256h4L4,3016960,5632,esc50_pcm8,1,4.016763985157013,4
d256h4L4,3016960,5632,esc50_pcm8,2,3.741484443346659,4
d256h4L4,3016960,5632,esc50_pcm8,3,3.643734931945801,4
d256h4L4,3016960,5632,esc50_pcm8,4,3.5955753326416016,4
d256h4L4,3016960,5632,esc50_pcm8_11khz,1,4.653458952903748,4
d256h4L4,3016960,5632,esc50_pcm8_11khz,2,4.385936737060547,4
d256h4L4,3016960,5632,esc50_pcm8_11khz,3,4.293923497200012,4
d256h4L4,3016960,5632,esc50_pcm8_11khz,4,4.249624252319336,4
d256h4L4,3016960,5632,musicnet_pcm8,1,5.825246572494507,4
d256h4L4,3016960,5632,musicnet_pcm8,2,5.48298438390096,4
d256h4L4,3016960,5632,musicnet_pcm8,3,5.34603214263916,4
d256h4L4,3016960,5632,musicnet_pcm8,4,5.271462917327881,4
d256h4L4,3016960,5632,musicnet_pcm8_11khz,1,5.8483275175094604,4
d256h4L4,3016960,5632,musicnet_pcm8_11khz,2,5.578969637552897,4
d256h4L4,3016960,5632,musicnet_pcm8_11khz,3,5.478337526321411,4
d256h4L4,3016960,5632,musicnet_pcm8_11khz,4,5.4245123863220215,4
d256h4L4,3016960,5888,dclm,1,7.958691835403442,4
d256h4L4,3016960,5888,dclm,2,7.542109251022339,4
d256h4L4,3016960,5888,dclm,3,7.407588481903076,4
d256h4L4,3016960,5888,dclm,4,7.335318088531494,4
d256h4L4,3016960,5888,dclm_ranked,1,6.602559208869934,4
d256h4L4,3016960,5888,dclm_ranked,2,6.082695881525676,4
d256h4L4,3016960,5888,dclm_ranked,3,5.887530207633972,4
d256h4L4,3016960,5888,dclm_ranked,4,5.78315544128418,4
d256h4L4,3016960,5888,dna,1,3.7453057765960693,4
d256h4L4,3016960,5888,dna,2,3.245711326599121,4
d256h4L4,3016960,5888,dna,3,3.0728428959846497,4
d256h4L4,3016960,5888,dna,4,2.985775947570801,4
d256h4L4,3016960,5888,arithmetic,1,7.685436248779297,4
d256h4L4,3016960,5888,arithmetic,2,7.5790629386901855,4
d256h4L4,3016960,5888,arithmetic,3,7.5392022132873535,4
d256h4L4,3016960,5888,arithmetic,4,7.516918659210205,4
d256h4L4,3016960,5888,audio_8bit,1,4.084103345870972,4
d256h4L4,3016960,5888,audio_8bit,2,3.6632963021596274,4
d256h4L4,3016960,5888,audio_8bit,3,3.518072724342346,4
d256h4L4,3016960,5888,audio_8bit,4,3.443385601043701,4
d256h4L4,3016960,5888,audio_16bit,1,6.458560585975647,4
d256h4L4,3016960,5888,audio_16bit,2,6.198904991149902,4
d256h4L4,3016960,5888,audio_16bit,3,6.10576057434082,4
d256h4L4,3016960,5888,audio_16bit,4,6.056031227111816,4
d256h4L4,3016960,5888,speech_commands_pcm8,1,3.8163097500801086,4
d256h4L4,3016960,5888,speech_commands_pcm8,2,3.45087730884552,4
d256h4L4,3016960,5888,speech_commands_pcm8,3,3.34349524974823,4
d256h4L4,3016960,5888,speech_commands_pcm8,4,3.29469633102417,4
d256h4L4,3016960,5888,speech_commands_pcm8_8khz,1,3.7103371024131775,4
d256h4L4,3016960,5888,speech_commands_pcm8_8khz,2,3.3065627415974936,4
d256h4L4,3016960,5888,speech_commands_pcm8_8khz,3,3.1960096955299377,4
d256h4L4,3016960,5888,speech_commands_pcm8_8khz,4,3.1478354930877686,4
d256h4L4,3016960,5888,mutopia_melody_16th,1,4.794671297073364,4
d256h4L4,3016960,5888,mutopia_melody_16th,2,4.276119947433472,4
d256h4L4,3016960,5888,mutopia_melody_16th,3,4.105273485183716,4
d256h4L4,3016960,5888,mutopia_melody_16th,4,4.017390727996826,4
d256h4L4,3016960,5888,cifar10_rgb_planar,1,7.7273268699646,4
d256h4L4,3016960,5888,cifar10_rgb_planar,2,7.615799029668172,4
d256h4L4,3016960,5888,cifar10_rgb_planar,3,7.577746033668518,4
d256h4L4,3016960,5888,cifar10_rgb_planar,4,7.557186126708984,4
d256h4L4,3016960,5888,cifar10_rgb_hwc,1,7.710399389266968,4
d256h4L4,3016960,5888,cifar10_rgb_hwc,2,7.6046857833862305,4
d256h4L4,3016960,5888,cifar10_rgb_hwc,3,7.569221019744873,4
d256h4L4,3016960,5888,cifar10_rgb_hwc,4,7.550657272338867,4
d256h4L4,3016960,5888,kolmogorov_text,1,7.969240665435791,4
d256h4L4,3016960,5888,kolmogorov_text,2,7.599733670552571,4
d256h4L4,3016960,5888,kolmogorov_text,3,7.483072876930237,4
d256h4L4,3016960,5888,kolmogorov_text,4,7.420795440673828,4
d256h4L4,3016960,5888,kolmogorov_dna,1,3.772734582424164,4
d256h4L4,3016960,5888,kolmogorov_dna,2,3.3102519512176514,4
d256h4L4,3016960,5888,kolmogorov_dna,3,3.157192289829254,4
d256h4L4,3016960,5888,kolmogorov_dna,4,3.079697370529175,4
d256h4L4,3016960,5888,metamath,1,7.784809470176697,4
d256h4L4,3016960,5888,metamath,2,7.343305905659993,4
d256h4L4,3016960,5888,metamath,3,7.195898175239563,4
d256h4L4,3016960,5888,metamath,4,7.1204938888549805,4
d256h4L4,3016960,5888,aitdcc_a_protein,1,7.787769079208374,4
d256h4L4,3016960,5888,aitdcc_a_protein,2,7.319208224614461,4
d256h4L4,3016960,5888,aitdcc_a_protein,3,7.165294170379639,4
d256h4L4,3016960,5888,aitdcc_a_protein,4,7.079923152923584,4
d256h4L4,3016960,5888,aitdcc_b_c_source,1,7.932712197303772,4
d256h4L4,3016960,5888,aitdcc_b_c_source,2,7.661036491394043,4
d256h4L4,3016960,5888,aitdcc_b_c_source,3,7.575358748435974,4
d256h4L4,3016960,5888,aitdcc_b_c_source,4,7.529277324676514,4
d256h4L4,3016960,5888,aitdcc_d_glibc_rand,1,8.091224670410156,4
d256h4L4,3016960,5888,aitdcc_d_glibc_rand,2,8.054070154825846,4
d256h4L4,3016960,5888,aitdcc_d_glibc_rand,3,8.042428970336914,4
d256h4L4,3016960,5888,aitdcc_d_glibc_rand,4,8.036576271057129,4
d256h4L4,3016960,5888,aitdcc_e_atlas_float32,1,7.735080718994141,4
d256h4L4,3016960,5888,aitdcc_e_atlas_float32,2,7.58005428314209,4
d256h4L4,3016960,5888,aitdcc_e_atlas_float32,3,7.511090397834778,4
d256h4L4,3016960,5888,aitdcc_e_atlas_float32,4,7.472458839416504,4
d256h4L4,3016960,5888,aitdcc_g_astronomy,1,4.40234899520874,4
d256h4L4,3016960,5888,aitdcc_g_astronomy,2,4.26322340965271,4
d256h4L4,3016960,5888,aitdcc_g_astronomy,3,4.233279824256897,4
d256h4L4,3016960,5888,aitdcc_g_astronomy,4,4.219367504119873,4
d256h4L4,3016960,5888,llm_compression_python,1,7.577831506729126,4
d256h4L4,3016960,5888,llm_compression_python,2,7.072034994761149,4
d256h4L4,3016960,5888,llm_compression_python,3,6.909700870513916,4
d256h4L4,3016960,5888,llm_compression_python,4,6.824068069458008,4
d256h4L4,3016960,5888,llm_compression_cc,1,7.996531248092651,4
d256h4L4,3016960,5888,llm_compression_cc,2,7.589983940124512,4
d256h4L4,3016960,5888,llm_compression_cc,3,7.459916591644287,4
d256h4L4,3016960,5888,llm_compression_cc,4,7.390328407287598,4
d256h4L4,3016960,5888,llm_compression_arxiv_math,1,7.955016493797302,4
d256h4L4,3016960,5888,llm_compression_arxiv_math,2,7.640363057454427,4
d256h4L4,3016960,5888,llm_compression_arxiv_math,3,7.5435051918029785,4
d256h4L4,3016960,5888,llm_compression_arxiv_math,4,7.492095947265625,4
d256h4L4,3016960,5888,esc50_pcm8,1,3.910035252571106,4
d256h4L4,3016960,5888,esc50_pcm8,2,3.5835387309392295,4
d256h4L4,3016960,5888,esc50_pcm8,3,3.4827794432640076,4
d256h4L4,3016960,5888,esc50_pcm8,4,3.4335105419158936,4
d256h4L4,3016960,5888,esc50_pcm8_11khz,1,4.567615747451782,4
d256h4L4,3016960,5888,esc50_pcm8_11khz,2,4.256253083546956,4
d256h4L4,3016960,5888,esc50_pcm8_11khz,3,4.158142924308777,4
d256h4L4,3016960,5888,esc50_pcm8_11khz,4,4.111323833465576,4
d256h4L4,3016960,5888,musicnet_pcm8,1,5.6902854442596436,4
d256h4L4,3016960,5888,musicnet_pcm8,2,5.266170899073283,4
d256h4L4,3016960,5888,musicnet_pcm8,3,5.120510816574097,4
d256h4L4,3016960,5888,musicnet_pcm8,4,5.044951438903809,4
d256h4L4,3016960,5888,musicnet_pcm8_11khz,1,5.773930668830872,4
d256h4L4,3016960,5888,musicnet_pcm8_11khz,2,5.432765165964763,4
d256h4L4,3016960,5888,musicnet_pcm8_11khz,3,5.316564917564392,4
d256h4L4,3016960,5888,musicnet_pcm8_11khz,4,5.257598876953125,4
d256h4L4,3016960,6144,dclm,1,7.943983793258667,4
d256h4L4,3016960,6144,dclm,2,7.526078224182129,4
d256h4L4,3016960,6144,dclm,3,7.385514140129089,4
d256h4L4,3016960,6144,dclm,4,7.307398319244385,4
d256h4L4,3016960,6144,dclm_ranked,1,6.38000226020813,4
d256h4L4,3016960,6144,dclm_ranked,2,5.955581744511922,4
d256h4L4,3016960,6144,dclm_ranked,3,5.795592188835144,4
d256h4L4,3016960,6144,dclm_ranked,4,5.7099289894104,4
d256h4L4,3016960,6144,dna,1,3.684097111225128,4
d256h4L4,3016960,6144,dna,2,3.1753021081288657,4
d256h4L4,3016960,6144,dna,3,2.9989916682243347,4
d256h4L4,3016960,6144,dna,4,2.9103188514709473,4
d256h4L4,3016960,6144,arithmetic,1,7.630174875259399,4
d256h4L4,3016960,6144,arithmetic,2,7.5248111089070635,4
d256h4L4,3016960,6144,arithmetic,3,7.480867147445679,4
d256h4L4,3016960,6144,arithmetic,4,7.454687595367432,4
d256h4L4,3016960,6144,audio_8bit,1,4.019651710987091,4
d256h4L4,3016960,6144,audio_8bit,2,3.647342244784037,4
d256h4L4,3016960,6144,audio_8bit,3,3.5207741260528564,4
d256h4L4,3016960,6144,audio_8bit,4,3.4563894271850586,4
d256h4L4,3016960,6144,audio_16bit,1,6.447198867797852,4
d256h4L4,3016960,6144,audio_16bit,2,6.195931037267049,4
d256h4L4,3016960,6144,audio_16bit,3,6.110198020935059,4
d256h4L4,3016960,6144,audio_16bit,4,6.06559419631958,4
d256h4L4,3016960,6144,speech_commands_pcm8,1,3.7834134101867676,4
d256h4L4,3016960,6144,speech_commands_pcm8,2,3.469176729520162,4
d256h4L4,3016960,6144,speech_commands_pcm8,3,3.376171052455902,4
d256h4L4,3016960,6144,speech_commands_pcm8,4,3.3297109603881836,4
d256h4L4,3016960,6144,speech_commands_pcm8_8khz,1,3.697204828262329,4
d256h4L4,3016960,6144,speech_commands_pcm8_8khz,2,3.3411879936854043,4
d256h4L4,3016960,6144,speech_commands_pcm8_8khz,3,3.24264258146286,4
d256h4L4,3016960,6144,speech_commands_pcm8_8khz,4,3.1941914558410645,4
d256h4L4,3016960,6144,mutopia_melody_16th,1,4.5362406969070435,4
d256h4L4,3016960,6144,mutopia_melody_16th,2,4.154806892077128,4
d256h4L4,3016960,6144,mutopia_melody_16th,3,4.024801135063171,4
d256h4L4,3016960,6144,mutopia_melody_16th,4,3.9563844203948975,4
d256h4L4,3016960,6144,cifar10_rgb_planar,1,7.716655373573303,4
d256h4L4,3016960,6144,cifar10_rgb_planar,2,7.630576531092326,4
d256h4L4,3016960,6144,cifar10_rgb_planar,3,7.6009132862091064,4
d256h4L4,3016960,6144,cifar10_rgb_planar,4,7.585011959075928,4
d256h4L4,3016960,6144,cifar10_rgb_hwc,1,7.6790395975112915,4
d256h4L4,3016960,6144,cifar10_rgb_hwc,2,7.599973440170288,4
d256h4L4,3016960,6144,cifar10_rgb_hwc,3,7.573213696479797,4
d256h4L4,3016960,6144,cifar10_rgb_hwc,4,7.559113025665283,4
d256h4L4,3016960,6144,kolmogorov_text,1,7.931967735290527,4
d256h4L4,3016960,6144,kolmogorov_text,2,7.570496002833049,4
d256h4L4,3016960,6144,kolmogorov_text,3,7.448254704475403,4
d256h4L4,3016960,6144,kolmogorov_text,4,7.380180835723877,4
d256h4L4,3016960,6144,kolmogorov_dna,1,3.6062111854553223,4
d256h4L4,3016960,6144,kolmogorov_dna,2,3.1387394269307456,4
d256h4L4,3016960,6144,kolmogorov_dna,3,2.976833164691925,4
d256h4L4,3016960,6144,kolmogorov_dna,4,2.892893075942993,4
d256h4L4,3016960,6144,metamath,1,7.733286261558533,4
d256h4L4,3016960,6144,metamath,2,7.3711161613464355,4
d256h4L4,3016960,6144,metamath,3,7.248918890953064,4
d256h4L4,3016960,6144,metamath,4,7.185005187988281,4
d256h4L4,3016960,6144,aitdcc_a_protein,1,7.649343729019165,4
d256h4L4,3016960,6144,aitdcc_a_protein,2,7.393492619196574,4
d256h4L4,3016960,6144,aitdcc_a_protein,3,7.304551601409912,4
d256h4L4,3016960,6144,aitdcc_a_protein,4,7.254411697387695,4
d256h4L4,3016960,6144,aitdcc_b_c_source,1,7.912683367729187,4
d256h4L4,3016960,6144,aitdcc_b_c_source,2,7.6718699137369795,4
d256h4L4,3016960,6144,aitdcc_b_c_source,3,7.593445301055908,4
d256h4L4,3016960,6144,aitdcc_b_c_source,4,7.550470352172852,4
d256h4L4,3016960,6144,aitdcc_d_glibc_rand,1,8.06973910331726,4
d256h4L4,3016960,6144,aitdcc_d_glibc_rand,2,8.041397412618002,4
d256h4L4,3016960,6144,aitdcc_d_glibc_rand,3,8.032240390777588,4
d256h4L4,3016960,6144,aitdcc_d_glibc_rand,4,8.027626037597656,4
d256h4L4,3016960,6144,aitdcc_e_atlas_float32,1,7.826705098152161,4
d256h4L4,3016960,6144,aitdcc_e_atlas_float32,2,7.756880044937134,4
d256h4L4,3016960,6144,aitdcc_e_atlas_float32,3,7.731877446174622,4
d256h4L4,3016960,6144,aitdcc_e_atlas_float32,4,7.718494892120361,4
d256h4L4,3016960,6144,aitdcc_g_astronomy,1,4.0709919929504395,4
d256h4L4,3016960,6144,aitdcc_g_astronomy,2,4.037983139355977,4
d256h4L4,3016960,6144,aitdcc_g_astronomy,3,4.026500940322876,4
d256h4L4,3016960,6144,aitdcc_g_astronomy,4,4.020111560821533,4
d256h4L4,3016960,6144,llm_compression_python,1,7.460072875022888,4
d256h4L4,3016960,6144,llm_compression_python,2,7.041357437769572,4
d256h4L4,3016960,6144,llm_compression_python,3,6.899567723274231,4
d256h4L4,3016960,6144,llm_compression_python,4,6.824172496795654,4
d256h4L4,3016960,6144,llm_compression_cc,1,7.967675566673279,4
d256h4L4,3016960,6144,llm_compression_cc,2,7.563148180643718,4
d256h4L4,3016960,6144,llm_compression_cc,3,7.427143812179565,4
d256h4L4,3016960,6144,llm_compression_cc,4,7.351650714874268,4
d256h4L4,3016960,6144,llm_compression_arxiv_math,1,7.896546483039856,4
d256h4L4,3016960,6144,llm_compression_arxiv_math,2,7.619966109593709,4
d256h4L4,3016960,6144,llm_compression_arxiv_math,3,7.529740214347839,4
d256h4L4,3016960,6144,llm_compression_arxiv_math,4,7.480495929718018,4
d256h4L4,3016960,6144,esc50_pcm8,1,3.8574719429016113,4
d256h4L4,3016960,6144,esc50_pcm8,2,3.592211643854777,4
d256h4L4,3016960,6144,esc50_pcm8,3,3.5081743597984314,4
d256h4L4,3016960,6144,esc50_pcm8,4,3.465604543685913,4
d256h4L4,3016960,6144,esc50_pcm8_11khz,1,4.5598225593566895,4
d256h4L4,3016960,6144,esc50_pcm8_11khz,2,4.287342548370361,4
d256h4L4,3016960,6144,esc50_pcm8_11khz,3,4.204095363616943,4
d256h4L4,3016960,6144,esc50_pcm8_11khz,4,4.16234827041626,4
d256h4L4,3016960,6144,musicnet_pcm8,1,5.591304421424866,4
d256h4L4,3016960,6144,musicnet_pcm8,2,5.250327269236247,4
d256h4L4,3016960,6144,musicnet_pcm8,3,5.132275581359863,4
d256h4L4,3016960,6144,musicnet_pcm8,4,5.071988105773926,4
d256h4L4,3016960,6144,musicnet_pcm8_11khz,1,5.76386570930481,4
d256h4L4,3016960,6144,musicnet_pcm8_11khz,2,5.463973760604858,4
d256h4L4,3016960,6144,musicnet_pcm8_11khz,3,5.365952730178833,4
d256h4L4,3016960,6144,musicnet_pcm8_11khz,4,5.31556510925293,4
d256h4L4,3016960,6400,dclm,1,7.994567513465881,4
d256h4L4,3016960,6400,dclm,2,7.5678510665893555,4
d256h4L4,3016960,6400,dclm,3,7.44161581993103,4
d256h4L4,3016960,6400,dclm,4,7.3764142990112305,4
d256h4L4,3016960,6400,dclm_ranked,1,6.46337890625,4
d256h4L4,3016960,6400,dclm_ranked,2,5.986838658650716,4
d256h4L4,3016960,6400,dclm_ranked,3,5.804279208183289,4
d256h4L4,3016960,6400,dclm_ranked,4,5.704401969909668,4
d256h4L4,3016960,6400,dna,1,3.7102948427200317,4
d256h4L4,3016960,6400,dna,2,3.213920990626017,4
d256h4L4,3016960,6400,dna,3,3.0282416939735413,4
d256h4L4,3016960,6400,dna,4,2.930135488510132,4
d256h4L4,3016960,6400,arithmetic,1,7.666123151779175,4
d256h4L4,3016960,6400,arithmetic,2,7.561734914779663,4
d256h4L4,3016960,6400,arithmetic,3,7.52422308921814,4
d256h4L4,3016960,6400,arithmetic,4,7.503127574920654,4
d256h4L4,3016960,6400,audio_8bit,1,3.947281241416931,4
d256h4L4,3016960,6400,audio_8bit,2,3.6132976611455283,4
d256h4L4,3016960,6400,audio_8bit,3,3.4982650876045227,4
d256h4L4,3016960,6400,audio_8bit,4,3.439088821411133,4
d256h4L4,3016960,6400,audio_16bit,1,6.426479935646057,4
d256h4L4,3016960,6400,audio_16bit,2,6.2173599402109785,4
d256h4L4,3016960,6400,audio_16bit,3,6.144322991371155,4
d256h4L4,3016960,6400,audio_16bit,4,6.105810642242432,4
d256h4L4,3016960,6400,speech_commands_pcm8,1,3.795740842819214,4
d256h4L4,3016960,6400,speech_commands_pcm8,2,3.3937931458155313,4
d256h4L4,3016960,6400,speech_commands_pcm8,3,3.29218453168869,4
d256h4L4,3016960,6400,speech_commands_pcm8,4,3.244158983230591,4
d256h4L4,3016960,6400,speech_commands_pcm8_8khz,1,3.747106611728668,4
d256h4L4,3016960,6400,speech_commands_pcm8_8khz,2,3.2891366481781006,4
d256h4L4,3016960,6400,speech_commands_pcm8_8khz,3,3.1821593642234802,4
d256h4L4,3016960,6400,speech_commands_pcm8_8khz,4,3.131828546524048,4
d256h4L4,3016960,6400,mutopia_melody_16th,1,4.839264869689941,4
d256h4L4,3016960,6400,mutopia_melody_16th,2,4.226982752482097,4
d256h4L4,3016960,6400,mutopia_melody_16th,3,4.023538827896118,4
d256h4L4,3016960,6400,mutopia_melody_16th,4,3.927790403366089,4
d256h4L4,3016960,6400,cifar10_rgb_planar,1,7.706637382507324,4
d256h4L4,3016960,6400,cifar10_rgb_planar,2,7.613229751586914,4
d256h4L4,3016960,6400,cifar10_rgb_planar,3,7.582225441932678,4
d256h4L4,3016960,6400,cifar10_rgb_planar,4,7.5656023025512695,4
d256h4L4,3016960,6400,cifar10_rgb_hwc,1,7.6705039739608765,4
d256h4L4,3016960,6400,cifar10_rgb_hwc,2,7.588073094685872,4
d256h4L4,3016960,6400,cifar10_rgb_hwc,3,7.561768531799316,4
d256h4L4,3016960,6400,cifar10_rgb_hwc,4,7.548064708709717,4
d256h4L4,3016960,6400,kolmogorov_text,1,7.929507493972778,4
d256h4L4,3016960,6400,kolmogorov_text,2,7.577623605728149,4
d256h4L4,3016960,6400,kolmogorov_text,3,7.472409963607788,4
d256h4L4,3016960,6400,kolmogorov_text,4,7.417743682861328,4
d256h4L4,3016960,6400,kolmogorov_dna,1,3.715507686138153,4
d256h4L4,3016960,6400,kolmogorov_dna,2,3.1900930802027383,4
d256h4L4,3016960,6400,kolmogorov_dna,3,2.976207137107849,4
d256h4L4,3016960,6400,kolmogorov_dna,4,2.8574037551879883,4
d256h4L4,3016960,6400,metamath,1,7.7990803718566895,4
d256h4L4,3016960,6400,metamath,2,7.416192690531413,4
d256h4L4,3016960,6400,metamath,3,7.29349148273468,4
d256h4L4,3016960,6400,metamath,4,7.2295708656311035,4
d256h4L4,3016960,6400,aitdcc_a_protein,1,8.057751297950745,4
d256h4L4,3016960,6400,aitdcc_a_protein,2,7.513191302617391,4
d256h4L4,3016960,6400,aitdcc_a_protein,3,7.331052660942078,4
d256h4L4,3016960,6400,aitdcc_a_protein,4,7.229377269744873,4
d256h4L4,3016960,6400,aitdcc_b_c_source,1,7.937812924385071,4
d256h4L4,3016960,6400,aitdcc_b_c_source,2,7.683235088984172,4
d256h4L4,3016960,6400,aitdcc_b_c_source,3,7.609821200370789,4
d256h4L4,3016960,6400,aitdcc_b_c_source,4,7.571649551391602,4
d256h4L4,3016960,6400,aitdcc_d_glibc_rand,1,8.067306995391846,4
d256h4L4,3016960,6400,aitdcc_d_glibc_rand,2,8.03984260559082,4
d256h4L4,3016960,6400,aitdcc_d_glibc_rand,3,8.031193971633911,4
d256h4L4,3016960,6400,aitdcc_d_glibc_rand,4,8.02684497833252,4
d256h4L4,3016960,6400,aitdcc_e_atlas_float32,1,7.78312087059021,4
d256h4L4,3016960,6400,aitdcc_e_atlas_float32,2,7.6781571706136065,4
d256h4L4,3016960,6400,aitdcc_e_atlas_float32,3,7.636139273643494,4
d256h4L4,3016960,6400,aitdcc_e_atlas_float32,4,7.611868381500244,4
d256h4L4,3016960,6400,aitdcc_g_astronomy,1,4.1334017515182495,4
d256h4L4,3016960,6400,aitdcc_g_astronomy,2,4.102326313654582,4
d256h4L4,3016960,6400,aitdcc_g_astronomy,3,4.0931466817855835,4
d256h4L4,3016960,6400,aitdcc_g_astronomy,4,4.088478088378906,4
d256h4L4,3016960,6400,llm_compression_python,1,7.380974173545837,4
d256h4L4,3016960,6400,llm_compression_python,2,6.960982879002889,4
d256h4L4,3016960,6400,llm_compression_python,3,6.825502276420593,4
d256h4L4,3016960,6400,llm_compression_python,4,6.755159854888916,4
d256h4L4,3016960,6400,llm_compression_cc,1,8.016563415527344,4
d256h4L4,3016960,6400,llm_compression_cc,2,7.598450819651286,4
d256h4L4,3016960,6400,llm_compression_cc,3,7.476049184799194,4
d256h4L4,3016960,6400,llm_compression_cc,4,7.413062572479248,4
d256h4L4,3016960,6400,llm_compression_arxiv_math,1,7.901155471801758,4
d256h4L4,3016960,6400,llm_compression_arxiv_math,2,7.6339419682820635,4
d256h4L4,3016960,6400,llm_compression_arxiv_math,3,7.555374622344971,4
d256h4L4,3016960,6400,llm_compression_arxiv_math,4,7.514920711517334,4
d256h4L4,3016960,6400,esc50_pcm8,1,3.8013104796409607,4
d256h4L4,3016960,6400,esc50_pcm8,2,3.485783100128174,4
d256h4L4,3016960,6400,esc50_pcm8,3,3.39660108089447,4
d256h4L4,3016960,6400,esc50_pcm8,4,3.3539321422576904,4
d256h4L4,3016960,6400,esc50_pcm8_11khz,1,4.553888201713562,4
d256h4L4,3016960,6400,esc50_pcm8_11khz,2,4.217243115107219,4
d256h4L4,3016960,6400,esc50_pcm8_11khz,3,4.125491261482239,4
d256h4L4,3016960,6400,esc50_pcm8_11khz,4,4.081778049468994,4
d256h4L4,3016960,6400,musicnet_pcm8,1,5.413197875022888,4
d256h4L4,3016960,6400,musicnet_pcm8,2,5.033663034439087,4
d256h4L4,3016960,6400,musicnet_pcm8,3,4.910847187042236,4
d256h4L4,3016960,6400,musicnet_pcm8,4,4.851000785827637,4
d256h4L4,3016960,6400,musicnet_pcm8_11khz,1,5.727577805519104,4
d256h4L4,3016960,6400,musicnet_pcm8_11khz,2,5.363797664642334,4
d256h4L4,3016960,6400,musicnet_pcm8_11khz,3,5.253515362739563,4
d256h4L4,3016960,6400,musicnet_pcm8_11khz,4,5.199243545532227,4
d256h4L4,3016960,6656,dclm,1,8.307749390602112,4
d256h4L4,3016960,6656,dclm,2,7.608884811401367,4
d256h4L4,3016960,6656,dclm,3,7.418656229972839,4
d256h4L4,3016960,6656,dclm,4,7.318816661834717,4
d256h4L4,3016960,6656,dclm_ranked,1,6.56722891330719,4
d256h4L4,3016960,6656,dclm_ranked,2,6.0595918496449785,4
d256h4L4,3016960,6656,dclm_ranked,3,5.867430090904236,4
d256h4L4,3016960,6656,dclm_ranked,4,5.764211654663086,4
d256h4L4,3016960,6656,dna,1,3.6820220351219177,4
d256h4L4,3016960,6656,dna,2,3.1941439708073935,4
d256h4L4,3016960,6656,dna,3,3.0221720933914185,4
d256h4L4,3016960,6656,dna,4,2.9341042041778564,4
d256h4L4,3016960,6656,arithmetic,1,7.628321409225464,4
d256h4L4,3016960,6656,arithmetic,2,7.462341070175171,4
d256h4L4,3016960,6656,arithmetic,3,7.415419816970825,4
d256h4L4,3016960,6656,arithmetic,4,7.389604091644287,4
d256h4L4,3016960,6656,audio_8bit,1,4.102616250514984,4
d256h4L4,3016960,6656,audio_8bit,2,3.6571101744969687,4
d256h4L4,3016960,6656,audio_8bit,3,3.5062249898910522,4
d256h4L4,3016960,6656,audio_8bit,4,3.430220365524292,4
d256h4L4,3016960,6656,audio_16bit,1,6.540896058082581,4
d256h4L4,3016960,6656,audio_16bit,2,6.229024569193522,4
d256h4L4,3016960,6656,audio_16bit,3,6.120724201202393,4
d256h4L4,3016960,6656,audio_16bit,4,6.063711166381836,4
d256h4L4,3016960,6656,speech_commands_pcm8,1,3.9234984517097473,4
d256h4L4,3016960,6656,speech_commands_pcm8,2,3.4813639720280967,4
d256h4L4,3016960,6656,speech_commands_pcm8,3,3.355190396308899,4
d256h4L4,3016960,6656,speech_commands_pcm8,4,3.2960398197174072,4
d256h4L4,3016960,6656,speech_commands_pcm8_8khz,1,3.9044061303138733,4
d256h4L4,3016960,6656,speech_commands_pcm8_8khz,2,3.4309519131978354,4
d256h4L4,3016960,6656,speech_commands_pcm8_8khz,3,3.299978792667389,4
d256h4L4,3016960,6656,speech_commands_pcm8_8khz,4,3.2383248805999756,4
d256h4L4,3016960,6656,mutopia_melody_16th,1,4.733215689659119,4
d256h4L4,3016960,6656,mutopia_melody_16th,2,4.222266912460327,4
d256h4L4,3016960,6656,mutopia_melody_16th,3,4.0459625124931335,4
d256h4L4,3016960,6656,mutopia_melody_16th,4,3.9553933143615723,4
d256h4L4,3016960,6656,cifar10_rgb_planar,1,7.8078848123550415,4
d256h4L4,3016960,6656,cifar10_rgb_planar,2,7.621686220169067,4
d256h4L4,3016960,6656,cifar10_rgb_planar,3,7.567879796028137,4
d256h4L4,3016960,6656,cifar10_rgb_planar,4,7.539200782775879,4
d256h4L4,3016960,6656,cifar10_rgb_hwc,1,7.76155412197113,4
d256h4L4,3016960,6656,cifar10_rgb_hwc,2,7.598354736963908,4
d256h4L4,3016960,6656,cifar10_rgb_hwc,3,7.554640054702759,4
d256h4L4,3016960,6656,cifar10_rgb_hwc,4,7.531938076019287,4
d256h4L4,3016960,6656,kolmogorov_text,1,8.2493257522583,4
d256h4L4,3016960,6656,kolmogorov_text,2,7.609005848566691,4
d256h4L4,3016960,6656,kolmogorov_text,3,7.432903528213501,4
d256h4L4,3016960,6656,kolmogorov_text,4,7.339372634887695,4
d256h4L4,3016960,6656,kolmogorov_dna,1,3.6544073820114136,4
d256h4L4,3016960,6656,kolmogorov_dna,2,3.1927518049875894,4
d256h4L4,3016960,6656,kolmogorov_dna,3,3.0259287357330322,4
d256h4L4,3016960,6656,kolmogorov_dna,4,2.93831467628479,4
d256h4L4,3016960,6656,metamath,1,8.159205675125122,4
d256h4L4,3016960,6656,metamath,2,7.517174243927002,4
d256h4L4,3016960,6656,metamath,3,7.322092890739441,4
d256h4L4,3016960,6656,metamath,4,7.222482204437256,4
d256h4L4,3016960,6656,aitdcc_a_protein,1,7.795460820198059,4
d256h4L4,3016960,6656,aitdcc_a_protein,2,7.417697111765544,4
d256h4L4,3016960,6656,aitdcc_a_protein,3,7.291848659515381,4
d256h4L4,3016960,6656,aitdcc_a_protein,4,7.222540855407715,4
d256h4L4,3016960,6656,aitdcc_b_c_source,1,8.274152517318726,4
d256h4L4,3016960,6656,aitdcc_b_c_source,2,7.713545799255371,4
d256h4L4,3016960,6656,aitdcc_b_c_source,3,7.557544827461243,4
d256h4L4,3016960,6656,aitdcc_b_c_source,4,7.473751068115234,4
d256h4L4,3016960,6656,aitdcc_d_glibc_rand,1,8.114282131195068,4
d256h4L4,3016960,6656,aitdcc_d_glibc_rand,2,8.061770757039389,4
d256h4L4,3016960,6656,aitdcc_d_glibc_rand,3,8.048321008682251,4
d256h4L4,3016960,6656,aitdcc_d_glibc_rand,4,8.04163932800293,4
d256h4L4,3016960,6656,aitdcc_e_atlas_float32,1,7.862961411476135,4
d256h4L4,3016960,6656,aitdcc_e_atlas_float32,2,7.799535353978475,4
d256h4L4,3016960,6656,aitdcc_e_atlas_float32,3,7.778027296066284,4
d256h4L4,3016960,6656,aitdcc_e_atlas_float32,4,7.766218662261963,4
d256h4L4,3016960,6656,aitdcc_g_astronomy,1,4.272983551025391,4
d256h4L4,3016960,6656,aitdcc_g_astronomy,2,4.183534065882365,4
d256h4L4,3016960,6656,aitdcc_g_astronomy,3,4.164136648178101,4
d256h4L4,3016960,6656,aitdcc_g_astronomy,4,4.154881954193115,4
d256h4L4,3016960,6656,llm_compression_python,1,7.723163843154907,4
d256h4L4,3016960,6656,llm_compression_python,2,7.070329348246257,4
d256h4L4,3016960,6656,llm_compression_python,3,6.869593024253845,4
d256h4L4,3016960,6656,llm_compression_python,4,6.762979507446289,4
d256h4L4,3016960,6656,llm_compression_cc,1,8.321272015571594,4
d256h4L4,3016960,6656,llm_compression_cc,2,7.633798201878865,4
d256h4L4,3016960,6656,llm_compression_cc,3,7.445896863937378,4
d256h4L4,3016960,6656,llm_compression_cc,4,7.346798419952393,4
d256h4L4,3016960,6656,llm_compression_arxiv_math,1,8.268607020378113,4
d256h4L4,3016960,6656,llm_compression_arxiv_math,2,7.699064413706462,4
d256h4L4,3016960,6656,llm_compression_arxiv_math,3,7.551534056663513,4
d256h4L4,3016960,6656,llm_compression_arxiv_math,4,7.473746299743652,4
d256h4L4,3016960,6656,esc50_pcm8,1,3.894317865371704,4
d256h4L4,3016960,6656,esc50_pcm8,2,3.5158377091089883,4
d256h4L4,3016960,6656,esc50_pcm8,3,3.4040417075157166,4
d256h4L4,3016960,6656,esc50_pcm8,4,3.3505494594573975,4
d256h4L4,3016960,6656,esc50_pcm8_11khz,1,4.701320052146912,4
d256h4L4,3016960,6656,esc50_pcm8_11khz,2,4.298633337020874,4
d256h4L4,3016960,6656,esc50_pcm8_11khz,3,4.18174421787262,4
d256h4L4,3016960,6656,esc50_pcm8_11khz,4,4.125713348388672,4
d256h4L4,3016960,6656,musicnet_pcm8,1,5.447751402854919,4
d256h4L4,3016960,6656,musicnet_pcm8,2,4.9503616491953535,4
d256h4L4,3016960,6656,musicnet_pcm8,3,4.79108989238739,4
d256h4L4,3016960,6656,musicnet_pcm8,4,4.712299346923828,4
d256h4L4,3016960,6656,musicnet_pcm8_11khz,1,5.906562328338623,4
d256h4L4,3016960,6656,musicnet_pcm8_11khz,2,5.419872760772705,4
d256h4L4,3016960,6656,musicnet_pcm8_11khz,3,5.274508237838745,4
d256h4L4,3016960,6656,musicnet_pcm8_11khz,4,5.203538417816162,4
d256h4L4,3016960,6912,dclm,1,7.7983598709106445,4
d256h4L4,3016960,6912,dclm,2,7.427921613057454,4
d256h4L4,3016960,6912,dclm,3,7.308771848678589,4
d256h4L4,3016960,6912,dclm,4,7.246253490447998,4
d256h4L4,3016960,6912,dclm_ranked,1,6.30838942527771,4
d256h4L4,3016960,6912,dclm_ranked,2,5.897945801417033,4
d256h4L4,3016960,6912,dclm_ranked,3,5.743794202804565,4
d256h4L4,3016960,6912,dclm_ranked,4,5.661098003387451,4
d256h4L4,3016960,6912,dna,1,3.419892728328705,4
d256h4L4,3016960,6912,dna,2,3.035383184750875,4
d256h4L4,3016960,6912,dna,3,2.903938353061676,4
d256h4L4,3016960,6912,dna,4,2.836940050125122,4
d256h4L4,3016960,6912,arithmetic,1,7.4682334661483765,4
d256h4L4,3016960,6912,arithmetic,2,7.34977372487386,4
d256h4L4,3016960,6912,arithmetic,3,7.30635666847229,4
d256h4L4,3016960,6912,arithmetic,4,7.28147029876709,4
d256h4L4,3016960,6912,audio_8bit,1,3.9708299040794373,4
d256h4L4,3016960,6912,audio_8bit,2,3.6110844214757285,4
d256h4L4,3016960,6912,audio_8bit,3,3.4865498542785645,4
d256h4L4,3016960,6912,audio_8bit,4,3.422527551651001,4
d256h4L4,3016960,6912,audio_16bit,1,6.4367382526397705,4
d256h4L4,3016960,6912,audio_16bit,2,6.206026474634807,4
d256h4L4,3016960,6912,audio_16bit,3,6.12437117099762,4
d256h4L4,3016960,6912,audio_16bit,4,6.0811848640441895,4
d256h4L4,3016960,6912,speech_commands_pcm8,1,3.7814738154411316,4
d256h4L4,3016960,6912,speech_commands_pcm8,2,3.51195228099823,4
d256h4L4,3016960,6912,speech_commands_pcm8,3,3.4165770411491394,4
d256h4L4,3016960,6912,speech_commands_pcm8,4,3.3642311096191406,4
d256h4L4,3016960,6912,speech_commands_pcm8_8khz,1,3.6852105855941772,4
d256h4L4,3016960,6912,speech_commands_pcm8_8khz,2,3.395936965942383,4
d256h4L4,3016960,6912,speech_commands_pcm8_8khz,3,3.298506021499634,4
d256h4L4,3016960,6912,speech_commands_pcm8_8khz,4,3.245729446411133,4
d256h4L4,3016960,6912,mutopia_melody_16th,1,4.430922508239746,4
d256h4L4,3016960,6912,mutopia_melody_16th,2,4.0096220175425215,4
d256h4L4,3016960,6912,mutopia_melody_16th,3,3.868780195713043,4
d256h4L4,3016960,6912,mutopia_melody_16th,4,3.7950334548950195,4
d256h4L4,3016960,6912,cifar10_rgb_planar,1,7.710399508476257,4
d256h4L4,3016960,6912,cifar10_rgb_planar,2,7.64029582341512,4
d256h4L4,3016960,6912,cifar10_rgb_planar,3,7.616364598274231,4
d256h4L4,3016960,6912,cifar10_rgb_planar,4,7.603534698486328,4
d256h4L4,3016960,6912,cifar10_rgb_hwc,1,7.649847149848938,4
d256h4L4,3016960,6912,cifar10_rgb_hwc,2,7.589251200358073,4
d256h4L4,3016960,6912,cifar10_rgb_hwc,3,7.569464445114136,4
d256h4L4,3016960,6912,cifar10_rgb_hwc,4,7.559147357940674,4
d256h4L4,3016960,6912,kolmogorov_text,1,7.8212350606918335,4
d256h4L4,3016960,6912,kolmogorov_text,2,7.505055030186971,4
d256h4L4,3016960,6912,kolmogorov_text,3,7.404932379722595,4
d256h4L4,3016960,6912,kolmogorov_text,4,7.351766586303711,4
d256h4L4,3016960,6912,kolmogorov_dna,1,3.3689162135124207,4
d256h4L4,3016960,6912,kolmogorov_dna,2,3.035759965578715,4
d256h4L4,3016960,6912,kolmogorov_dna,3,2.9206433296203613,4
d256h4L4,3016960,6912,kolmogorov_dna,4,2.861480951309204,4
d256h4L4,3016960,6912,metamath,1,7.647901296615601,4
d256h4L4,3016960,6912,metamath,2,7.273633082707723,4
d256h4L4,3016960,6912,metamath,3,7.155709266662598,4
d256h4L4,3016960,6912,metamath,4,7.0975236892700195,4
d256h4L4,3016960,6912,aitdcc_a_protein,1,7.6388877630233765,4
d256h4L4,3016960,6912,aitdcc_a_protein,2,7.381358623504639,4
d256h4L4,3016960,6912,aitdcc_a_protein,3,7.295385479927063,4
d256h4L4,3016960,6912,aitdcc_a_protein,4,7.24769401550293,4
d256h4L4,3016960,6912,aitdcc_b_c_source,1,7.835590720176697,4
d256h4L4,3016960,6912,aitdcc_b_c_source,2,7.638399362564087,4
d256h4L4,3016960,6912,aitdcc_b_c_source,3,7.576186180114746,4
d256h4L4,3016960,6912,aitdcc_b_c_source,4,7.542825222015381,4
d256h4L4,3016960,6912,aitdcc_d_glibc_rand,1,8.045732498168945,4
d256h4L4,3016960,6912,aitdcc_d_glibc_rand,2,8.029849529266357,4
d256h4L4,3016960,6912,aitdcc_d_glibc_rand,3,8.024639129638672,4
d256h4L4,3016960,6912,aitdcc_d_glibc_rand,4,8.02202320098877,4
d256h4L4,3016960,6912,aitdcc_e_atlas_float32,1,7.9196048974990845,4
d256h4L4,3016960,6912,aitdcc_e_atlas_float32,2,7.896840413411458,4
d256h4L4,3016960,6912,aitdcc_e_atlas_float32,3,7.888585090637207,4
d256h4L4,3016960,6912,aitdcc_e_atlas_float32,4,7.884189605712891,4
d256h4L4,3016960,6912,aitdcc_g_astronomy,1,4.1234161257743835,4
d256h4L4,3016960,6912,aitdcc_g_astronomy,2,4.084836681683858,4
d256h4L4,3016960,6912,aitdcc_g_astronomy,3,4.074025511741638,4
d256h4L4,3016960,6912,aitdcc_g_astronomy,4,4.068690776824951,4
d256h4L4,3016960,6912,llm_compression_python,1,7.332711338996887,4
d256h4L4,3016960,6912,llm_compression_python,2,6.953854401906331,4
d256h4L4,3016960,6912,llm_compression_python,3,6.828805923461914,4
d256h4L4,3016960,6912,llm_compression_python,4,6.764342308044434,4
d256h4L4,3016960,6912,llm_compression_cc,1,7.813999056816101,4
d256h4L4,3016960,6912,llm_compression_cc,2,7.452367226282756,4
d256h4L4,3016960,6912,llm_compression_cc,3,7.336626648902893,4
d256h4L4,3016960,6912,llm_compression_cc,4,7.2758870124816895,4
d256h4L4,3016960,6912,llm_compression_arxiv_math,1,7.8088003396987915,4
d256h4L4,3016960,6912,llm_compression_arxiv_math,2,7.5490654309590655,4
d256h4L4,3016960,6912,llm_compression_arxiv_math,3,7.4704777002334595,4
d256h4L4,3016960,6912,llm_compression_arxiv_math,4,7.429194450378418,4
d256h4L4,3016960,6912,esc50_pcm8,1,3.8177698254585266,4
d256h4L4,3016960,6912,esc50_pcm8,2,3.5852108796437583,4
d256h4L4,3016960,6912,esc50_pcm8,3,3.502353608608246,4
d256h4L4,3016960,6912,esc50_pcm8,4,3.456852674484253,4
d256h4L4,3016960,6912,esc50_pcm8_11khz,1,4.540111422538757,4
d256h4L4,3016960,6912,esc50_pcm8_11khz,2,4.307969808578491,4
d256h4L4,3016960,6912,esc50_pcm8_11khz,3,4.224427700042725,4
d256h4L4,3016960,6912,esc50_pcm8_11khz,4,4.177985668182373,4
d256h4L4,3016960,6912,musicnet_pcm8,1,5.56705641746521,4
d256h4L4,3016960,6912,musicnet_pcm8,2,5.258813142776489,4
d256h4L4,3016960,6912,musicnet_pcm8,3,5.143093228340149,4
d256h4L4,3016960,6912,musicnet_pcm8,4,5.07862663269043,4
d256h4L4,3016960,6912,musicnet_pcm8_11khz,1,5.752724289894104,4
d256h4L4,3016960,6912,musicnet_pcm8_11khz,2,5.5059317747751875,4
d256h4L4,3016960,6912,musicnet_pcm8_11khz,3,5.412891864776611,4
d256h4L4,3016960,6912,musicnet_pcm8_11khz,4,5.3598175048828125,4
d256h4L4,3016960,7168,dclm,1,7.625303268432617,4
d256h4L4,3016960,7168,dclm,2,7.3893295129140215,4
d256h4L4,3016960,7168,dclm,3,7.306590676307678,4
d256h4L4,3016960,7168,dclm,4,7.261331558227539,4
d256h4L4,3016960,7168,dclm_ranked,1,6.4699156284332275,4
d256h4L4,3016960,7168,dclm_ranked,2,6.051363706588745,4
d256h4L4,3016960,7168,dclm_ranked,3,5.89115846157074,4
d256h4L4,3016960,7168,dclm_ranked,4,5.805128574371338,4
d256h4L4,3016960,7168,dna,1,3.8116268515586853,4
d256h4L4,3016960,7168,dna,2,3.2893194357554116,4
d256h4L4,3016960,7168,dna,3,3.1069533228874207,4
d256h4L4,3016960,7168,dna,4,3.0171704292297363,4
d256h4L4,3016960,7168,arithmetic,1,7.456343293190002,4
d256h4L4,3016960,7168,arithmetic,2,7.346328814824422,4
d256h4L4,3016960,7168,arithmetic,3,7.304757833480835,4
d256h4L4,3016960,7168,arithmetic,4,7.2808518409729,4
d256h4L4,3016960,7168,audio_8bit,1,4.100257337093353,4
d256h4L4,3016960,7168,audio_8bit,2,3.6745529174804688,4
d256h4L4,3016960,7168,audio_8bit,3,3.534677028656006,4
d256h4L4,3016960,7168,audio_8bit,4,3.4658315181732178,4
d256h4L4,3016960,7168,audio_16bit,1,6.52196991443634,4
d256h4L4,3016960,7168,audio_16bit,2,6.259020884831746,4
d256h4L4,3016960,7168,audio_16bit,3,6.1756099462509155,4
d256h4L4,3016960,7168,audio_16bit,4,6.133227348327637,4
d256h4L4,3016960,7168,speech_commands_pcm8,1,3.7207345366477966,4
d256h4L4,3016960,7168,speech_commands_pcm8,2,3.456911484400431,4
d256h4L4,3016960,7168,speech_commands_pcm8,3,3.377651810646057,4
d256h4L4,3016960,7168,speech_commands_pcm8,4,3.337214231491089,4
d256h4L4,3016960,7168,speech_commands_pcm8_8khz,1,3.6106037497520447,4
d256h4L4,3016960,7168,speech_commands_pcm8_8khz,2,3.317568302154541,4
d256h4L4,3016960,7168,speech_commands_pcm8_8khz,3,3.2363341450691223,4
d256h4L4,3016960,7168,speech_commands_pcm8_8khz,4,3.1952946186065674,4
d256h4L4,3016960,7168,mutopia_melody_16th,1,4.491683840751648,4
d256h4L4,3016960,7168,mutopia_melody_16th,2,4.060751716295878,4
d256h4L4,3016960,7168,mutopia_melody_16th,3,3.926853358745575,4
d256h4L4,3016960,7168,mutopia_melody_16th,4,3.8607914447784424,4
d256h4L4,3016960,7168,cifar10_rgb_planar,1,7.711699604988098,4
d256h4L4,3016960,7168,cifar10_rgb_planar,2,7.641543547312419,4
d256h4L4,3016960,7168,cifar10_rgb_planar,3,7.616971373558044,4
d256h4L4,3016960,7168,cifar10_rgb_planar,4,7.6036481857299805,4
d256h4L4,3016960,7168,cifar10_rgb_hwc,1,7.657264232635498,4
d256h4L4,3016960,7168,cifar10_rgb_hwc,2,7.593733787536621,4
d256h4L4,3016960,7168,cifar10_rgb_hwc,3,7.572981357574463,4
d256h4L4,3016960,7168,cifar10_rgb_hwc,4,7.5621843338012695,4
d256h4L4,3016960,7168,kolmogorov_text,1,7.679123640060425,4
d256h4L4,3016960,7168,kolmogorov_text,2,7.475675741831462,4
d256h4L4,3016960,7168,kolmogorov_text,3,7.406306982040405,4
d256h4L4,3016960,7168,kolmogorov_text,4,7.368638038635254,4
d256h4L4,3016960,7168,kolmogorov_dna,1,3.5995105504989624,4
d256h4L4,3016960,7168,kolmogorov_dna,2,3.1609511375427246,4
d256h4L4,3016960,7168,kolmogorov_dna,3,3.0039411783218384,4
d256h4L4,3016960,7168,kolmogorov_dna,4,2.9309170246124268,4
d256h4L4,3016960,7168,metamath,1,7.496180534362793,4
d256h4L4,3016960,7168,metamath,2,7.246637423833211,4
d256h4L4,3016960,7168,metamath,3,7.159536600112915,4
d256h4L4,3016960,7168,metamath,4,7.112669944763184,4
d256h4L4,3016960,7168,aitdcc_a_protein,1,7.813437581062317,4
d256h4L4,3016960,7168,aitdcc_a_protein,2,7.342393636703491,4
d256h4L4,3016960,7168,aitdcc_a_protein,3,7.199119687080383,4
d256h4L4,3016960,7168,aitdcc_a_protein,4,7.1084771156311035,4
d256h4L4,3016960,7168,aitdcc_b_c_source,1,7.765805602073669,4
d256h4L4,3016960,7168,aitdcc_b_c_source,2,7.6163450082143145,4
d256h4L4,3016960,7168,aitdcc_b_c_source,3,7.566753387451172,4
d256h4L4,3016960,7168,aitdcc_b_c_source,4,7.539342880249023,4
d256h4L4,3016960,7168,aitdcc_d_glibc_rand,1,8.046958446502686,4
d256h4L4,3016960,7168,aitdcc_d_glibc_rand,2,8.02955420811971,4
d256h4L4,3016960,7168,aitdcc_d_glibc_rand,3,8.023737907409668,4
d256h4L4,3016960,7168,aitdcc_d_glibc_rand,4,8.020800590515137,4
d256h4L4,3016960,7168,aitdcc_e_atlas_float32,1,7.831897854804993,4
d256h4L4,3016960,7168,aitdcc_e_atlas_float32,2,7.769797484079997,4
d256h4L4,3016960,7168,aitdcc_e_atlas_float32,3,7.7430912256240845,4
d256h4L4,3016960,7168,aitdcc_e_atlas_float32,4,7.7268757820129395,4
d256h4L4,3016960,7168,aitdcc_g_astronomy,1,4.231698393821716,4
d256h4L4,3016960,7168,aitdcc_g_astronomy,2,4.178920745849609,4
d256h4L4,3016960,7168,aitdcc_g_astronomy,3,4.163252234458923,4
d256h4L4,3016960,7168,aitdcc_g_astronomy,4,4.15552282333374,4
d256h4L4,3016960,7168,llm_compression_python,1,7.1645766496658325,4
d256h4L4,3016960,7168,llm_compression_python,2,6.912259578704834,4
d256h4L4,3016960,7168,llm_compression_python,3,6.82483446598053,4
d256h4L4,3016960,7168,llm_compression_python,4,6.778817176818848,4
d256h4L4,3016960,7168,llm_compression_cc,1,7.646376967430115,4
d256h4L4,3016960,7168,llm_compression_cc,2,7.41391134262085,4
d256h4L4,3016960,7168,llm_compression_cc,3,7.333388805389404,4
d256h4L4,3016960,7168,llm_compression_cc,4,7.289583206176758,4
d256h4L4,3016960,7168,llm_compression_arxiv_math,1,7.680306553840637,4
d256h4L4,3016960,7168,llm_compression_arxiv_math,2,7.512226740519206,4
d256h4L4,3016960,7168,llm_compression_arxiv_math,3,7.456207036972046,4
d256h4L4,3016960,7168,llm_compression_arxiv_math,4,7.425947189331055,4
d256h4L4,3016960,7168,esc50_pcm8,1,3.8044846057891846,4
d256h4L4,3016960,7168,esc50_pcm8,2,3.5769992669423423,4
d256h4L4,3016960,7168,esc50_pcm8,3,3.50352281332016,4
d256h4L4,3016960,7168,esc50_pcm8,4,3.465528726577759,4
d256h4L4,3016960,7168,esc50_pcm8_11khz,1,4.526228666305542,4
d256h4L4,3016960,7168,esc50_pcm8_11khz,2,4.304596980412801,4
d256h4L4,3016960,7168,esc50_pcm8_11khz,3,4.235791802406311,4
d256h4L4,3016960,7168,esc50_pcm8_11khz,4,4.200892448425293,4
d256h4L4,3016960,7168,musicnet_pcm8,1,5.519870281219482,4
d256h4L4,3016960,7168,musicnet_pcm8,2,5.218082904815674,4
d256h4L4,3016960,7168,musicnet_pcm8,3,5.1099419593811035,4
d256h4L4,3016960,7168,musicnet_pcm8,4,5.05180025100708,4
d256h4L4,3016960,7168,musicnet_pcm8_11khz,1,5.737026572227478,4
d256h4L4,3016960,7168,musicnet_pcm8_11khz,2,5.501075665156047,4
d256h4L4,3016960,7168,musicnet_pcm8_11khz,3,5.419822692871094,4
d256h4L4,3016960,7168,musicnet_pcm8_11khz,4,5.37660026550293,4
d256h4L4,3016960,7424,dclm,1,7.8123767375946045,4
d256h4L4,3016960,7424,dclm,2,7.399661382039388,4
d256h4L4,3016960,7424,dclm,3,7.2695616483688354,4
d256h4L4,3016960,7424,dclm,4,7.200332164764404,4
d256h4L4,3016960,7424,dclm_ranked,1,6.796168565750122,4
d256h4L4,3016960,7424,dclm_ranked,2,6.158607165018718,4
d256h4L4,3016960,7424,dclm_ranked,3,5.939440727233887,4
d256h4L4,3016960,7424,dclm_ranked,4,5.826228618621826,4
d256h4L4,3016960,7424,dna,1,3.9451011419296265,4
d256h4L4,3016960,7424,dna,2,3.310826619466146,4
d256h4L4,3016960,7424,dna,3,3.1053494215011597,4
d256h4L4,3016960,7424,dna,4,3.0040485858917236,4
d256h4L4,3016960,7424,arithmetic,1,7.436626195907593,4
d256h4L4,3016960,7424,arithmetic,2,7.290916124979655,4
d256h4L4,3016960,7424,arithmetic,3,7.231398224830627,4
d256h4L4,3016960,7424,arithmetic,4,7.195064067840576,4
d256h4L4,3016960,7424,audio_8bit,1,4.244536757469177,4
d256h4L4,3016960,7424,audio_8bit,2,3.769828955332438,4
d256h4L4,3016960,7424,audio_8bit,3,3.6097031831741333,4
d256h4L4,3016960,7424,audio_8bit,4,3.5269105434417725,4
d256h4L4,3016960,7424,audio_16bit,1,6.590070843696594,4
d256h4L4,3016960,7424,audio_16bit,2,6.289561986923218,4
d256h4L4,3016960,7424,audio_16bit,3,6.188569784164429,4
d256h4L4,3016960,7424,audio_16bit,4,6.13638162612915,4
d256h4L4,3016960,7424,speech_commands_pcm8,1,3.601032316684723,4
d256h4L4,3016960,7424,speech_commands_pcm8,2,3.3881165981292725,4
d256h4L4,3016960,7424,speech_commands_pcm8,3,3.3239763975143433,4
d256h4L4,3016960,7424,speech_commands_pcm8,4,3.291839361190796,4
d256h4L4,3016960,7424,speech_commands_pcm8_8khz,1,3.44108784198761,4
d256h4L4,3016960,7424,speech_commands_pcm8_8khz,2,3.230597893397013,4
d256h4L4,3016960,7424,speech_commands_pcm8_8khz,3,3.170338988304138,4
d256h4L4,3016960,7424,speech_commands_pcm8_8khz,4,3.1410880088806152,4
d256h4L4,3016960,7424,mutopia_melody_16th,1,4.472299337387085,4
d256h4L4,3016960,7424,mutopia_melody_16th,2,4.033404588699341,4
d256h4L4,3016960,7424,mutopia_melody_16th,3,3.9068570137023926,4
d256h4L4,3016960,7424,mutopia_melody_16th,4,3.846207618713379,4
d256h4L4,3016960,7424,cifar10_rgb_planar,1,7.715923190116882,4
d256h4L4,3016960,7424,cifar10_rgb_planar,2,7.619597514470418,4
d256h4L4,3016960,7424,cifar10_rgb_planar,3,7.586851954460144,4
d256h4L4,3016960,7424,cifar10_rgb_planar,4,7.569189071655273,4
d256h4L4,3016960,7424,cifar10_rgb_hwc,1,7.661107897758484,4
d256h4L4,3016960,7424,cifar10_rgb_hwc,2,7.580639839172363,4
d256h4L4,3016960,7424,cifar10_rgb_hwc,3,7.554241418838501,4
d256h4L4,3016960,7424,cifar10_rgb_hwc,4,7.540299415588379,4
d256h4L4,3016960,7424,kolmogorov_text,1,7.826398015022278,4
d256h4L4,3016960,7424,kolmogorov_text,2,7.46659779548645,4
d256h4L4,3016960,7424,kolmogorov_text,3,7.35274338722229,4
d256h4L4,3016960,7424,kolmogorov_text,4,7.29160737991333,4
d256h4L4,3016960,7424,kolmogorov_dna,1,3.7810820937156677,4
d256h4L4,3016960,7424,kolmogorov_dna,2,3.205893556276957,4
d256h4L4,3016960,7424,kolmogorov_dna,3,3.004545569419861,4
d256h4L4,3016960,7424,kolmogorov_dna,4,2.9044299125671387,4
d256h4L4,3016960,7424,metamath,1,7.7170339822769165,4
d256h4L4,3016960,7424,metamath,2,7.271957476933797,4
d256h4L4,3016960,7424,metamath,3,7.132569313049316,4
d256h4L4,3016960,7424,metamath,4,7.061789035797119,4
d256h4L4,3016960,7424,aitdcc_a_protein,1,7.971291422843933,4
d256h4L4,3016960,7424,aitdcc_a_protein,2,7.422762314478557,4
d256h4L4,3016960,7424,aitdcc_a_protein,3,7.271746754646301,4
d256h4L4,3016960,7424,aitdcc_a_protein,4,7.193397045135498,4
d256h4L4,3016960,7424,aitdcc_b_c_source,1,7.8398754596710205,4
d256h4L4,3016960,7424,aitdcc_b_c_source,2,7.606241703033447,4
d256h4L4,3016960,7424,aitdcc_b_c_source,3,7.531649589538574,4
d256h4L4,3016960,7424,aitdcc_b_c_source,4,7.491393089294434,4
d256h4L4,3016960,7424,aitdcc_d_glibc_rand,1,8.067107677459717,4
d256h4L4,3016960,7424,aitdcc_d_glibc_rand,2,8.039619445800781,4
d256h4L4,3016960,7424,aitdcc_d_glibc_rand,3,8.03087830543518,4
d256h4L4,3016960,7424,aitdcc_d_glibc_rand,4,8.026471138000488,4
d256h4L4,3016960,7424,aitdcc_e_atlas_float32,1,7.809322476387024,4
d256h4L4,3016960,7424,aitdcc_e_atlas_float32,2,7.642426490783691,4
d256h4L4,3016960,7424,aitdcc_e_atlas_float32,3,7.571228981018066,4
d256h4L4,3016960,7424,aitdcc_e_atlas_float32,4,7.526451110839844,4
d256h4L4,3016960,7424,aitdcc_g_astronomy,1,4.153360724449158,4
d256h4L4,3016960,7424,aitdcc_g_astronomy,2,4.117529471715291,4
d256h4L4,3016960,7424,aitdcc_g_astronomy,3,4.106509447097778,4
d256h4L4,3016960,7424,aitdcc_g_astronomy,4,4.101029872894287,4
d256h4L4,3016960,7424,llm_compression_python,1,7.409107089042664,4
d256h4L4,3016960,7424,llm_compression_python,2,6.95976988474528,4
d256h4L4,3016960,7424,llm_compression_python,3,6.813087224960327,4
d256h4L4,3016960,7424,llm_compression_python,4,6.735602855682373,4
d256h4L4,3016960,7424,llm_compression_cc,1,7.82984185218811,4
d256h4L4,3016960,7424,llm_compression_cc,2,7.430357615152995,4
d256h4L4,3016960,7424,llm_compression_cc,3,7.3047802448272705,4
d256h4L4,3016960,7424,llm_compression_cc,4,7.238158702850342,4
d256h4L4,3016960,7424,llm_compression_arxiv_math,1,7.77245557308197,4
d256h4L4,3016960,7424,llm_compression_arxiv_math,2,7.496728181838989,4
d256h4L4,3016960,7424,llm_compression_arxiv_math,3,7.409022927284241,4
d256h4L4,3016960,7424,llm_compression_arxiv_math,4,7.362176418304443,4
d256h4L4,3016960,7424,esc50_pcm8,1,3.7365710139274597,4
d256h4L4,3016960,7424,esc50_pcm8,2,3.532983938852946,4
d256h4L4,3016960,7424,esc50_pcm8,3,3.4686808586120605,4
d256h4L4,3016960,7424,esc50_pcm8,4,3.4358677864074707,4
d256h4L4,3016960,7424,esc50_pcm8_11khz,1,4.413292765617371,4
d256h4L4,3016960,7424,esc50_pcm8_11khz,2,4.225099245707194,4
d256h4L4,3016960,7424,esc50_pcm8_11khz,3,4.1682106256484985,4
d256h4L4,3016960,7424,esc50_pcm8_11khz,4,4.139645099639893,4
d256h4L4,3016960,7424,musicnet_pcm8,1,5.557861924171448,4
d256h4L4,3016960,7424,musicnet_pcm8,2,5.269458293914795,4
d256h4L4,3016960,7424,musicnet_pcm8,3,5.169453024864197,4
d256h4L4,3016960,7424,musicnet_pcm8,4,5.11634635925293,4
d256h4L4,3016960,7424,musicnet_pcm8_11khz,1,5.6744184494018555,4
d256h4L4,3016960,7424,musicnet_pcm8_11khz,2,5.460816780726115,4
d256h4L4,3016960,7424,musicnet_pcm8_11khz,3,5.393020749092102,4
d256h4L4,3016960,7424,musicnet_pcm8_11khz,4,5.357386589050293,4
d256h4L4,3016960,7680,dclm,1,7.7493157386779785,4
d256h4L4,3016960,7680,dclm,2,7.46376371383667,4
d256h4L4,3016960,7680,dclm,3,7.372995734214783,4
d256h4L4,3016960,7680,dclm,4,7.322351932525635,4
d256h4L4,3016960,7680,dclm_ranked,1,6.420752644538879,4
d256h4L4,3016960,7680,dclm_ranked,2,5.989795923233032,4
d256h4L4,3016960,7680,dclm_ranked,3,5.834422826766968,4
d256h4L4,3016960,7680,dclm_ranked,4,5.7510271072387695,4
d256h4L4,3016960,7680,dna,1,3.675979435443878,4
d256h4L4,3016960,7680,dna,2,3.1845438877741494,4
d256h4L4,3016960,7680,dna,3,3.016996741294861,4
d256h4L4,3016960,7680,dna,4,2.931831121444702,4
d256h4L4,3016960,7680,arithmetic,1,7.341495871543884,4
d256h4L4,3016960,7680,arithmetic,2,7.186639388402303,4
d256h4L4,3016960,7680,arithmetic,3,7.12445068359375,4
d256h4L4,3016960,7680,arithmetic,4,7.088006973266602,4
d256h4L4,3016960,7680,audio_8bit,1,4.058296024799347,4
d256h4L4,3016960,7680,audio_8bit,2,3.6799379189809165,4
d256h4L4,3016960,7680,audio_8bit,3,3.548028826713562,4
d256h4L4,3016960,7680,audio_8bit,4,3.480131149291992,4
d256h4L4,3016960,7680,audio_16bit,1,6.426081299781799,4
d256h4L4,3016960,7680,audio_16bit,2,6.209212144215901,4
d256h4L4,3016960,7680,audio_16bit,3,6.136240720748901,4
d256h4L4,3016960,7680,audio_16bit,4,6.098050594329834,4
d256h4L4,3016960,7680,speech_commands_pcm8,1,3.541730284690857,4
d256h4L4,3016960,7680,speech_commands_pcm8,2,3.3295793930689492,4
d256h4L4,3016960,7680,speech_commands_pcm8,3,3.2601133584976196,4
d256h4L4,3016960,7680,speech_commands_pcm8,4,3.2233338356018066,4
d256h4L4,3016960,7680,speech_commands_pcm8_8khz,1,3.371862530708313,4
d256h4L4,3016960,7680,speech_commands_pcm8_8khz,2,3.1615848541259766,4
d256h4L4,3016960,7680,speech_commands_pcm8_8khz,3,3.0966246128082275,4
d256h4L4,3016960,7680,speech_commands_pcm8_8khz,4,3.0643868446350098,4
d256h4L4,3016960,7680,mutopia_melody_16th,1,4.557429194450378,4
d256h4L4,3016960,7680,mutopia_melody_16th,2,4.051005919774373,4
d256h4L4,3016960,7680,mutopia_melody_16th,3,3.8778846859931946,4
d256h4L4,3016960,7680,mutopia_melody_16th,4,3.7918708324432373,4
d256h4L4,3016960,7680,cifar10_rgb_planar,1,7.689699053764343,4
d256h4L4,3016960,7680,cifar10_rgb_planar,2,7.595884879430135,4
d256h4L4,3016960,7680,cifar10_rgb_planar,3,7.565181493759155,4
d256h4L4,3016960,7680,cifar10_rgb_planar,4,7.547820568084717,4
d256h4L4,3016960,7680,cifar10_rgb_hwc,1,7.640375256538391,4
d256h4L4,3016960,7680,cifar10_rgb_hwc,2,7.560649474461873,4
d256h4L4,3016960,7680,cifar10_rgb_hwc,3,7.536123752593994,4
d256h4L4,3016960,7680,cifar10_rgb_hwc,4,7.522576332092285,4
d256h4L4,3016960,7680,kolmogorov_text,1,7.789705872535706,4
d256h4L4,3016960,7680,kolmogorov_text,2,7.517675479253133,4
d256h4L4,3016960,7680,kolmogorov_text,3,7.433062314987183,4
d256h4L4,3016960,7680,kolmogorov_text,4,7.385660648345947,4
d256h4L4,3016960,7680,kolmogorov_dna,1,3.5708574056625366,4
d256h4L4,3016960,7680,kolmogorov_dna,2,3.185425043106079,4
d256h4L4,3016960,7680,kolmogorov_dna,3,3.0534543991088867,4
d256h4L4,3016960,7680,kolmogorov_dna,4,2.9860918521881104,4
d256h4L4,3016960,7680,metamath,1,7.57502293586731,4
d256h4L4,3016960,7680,metamath,2,7.26150385538737,4
d256h4L4,3016960,7680,metamath,3,7.156852960586548,4
d256h4L4,3016960,7680,metamath,4,7.101006984710693,4
d256h4L4,3016960,7680,aitdcc_a_protein,1,7.760658383369446,4
d256h4L4,3016960,7680,aitdcc_a_protein,2,7.287182013193767,4
d256h4L4,3016960,7680,aitdcc_a_protein,3,7.141455769538879,4
d256h4L4,3016960,7680,aitdcc_a_protein,4,7.064303398132324,4
d256h4L4,3016960,7680,aitdcc_b_c_source,1,7.811204433441162,4
d256h4L4,3016960,7680,aitdcc_b_c_source,2,7.6298971970876055,4
d256h4L4,3016960,7680,aitdcc_b_c_source,3,7.574172854423523,4
d256h4L4,3016960,7680,aitdcc_b_c_source,4,7.54334831237793,4
d256h4L4,3016960,7680,aitdcc_d_glibc_rand,1,8.049060583114624,4
d256h4L4,3016960,7680,aitdcc_d_glibc_rand,2,8.02915128072103,4
d256h4L4,3016960,7680,aitdcc_d_glibc_rand,3,8.02315354347229,4
d256h4L4,3016960,7680,aitdcc_d_glibc_rand,4,8.020125389099121,4
d256h4L4,3016960,7680,aitdcc_e_atlas_float32,1,7.763032793998718,4
d256h4L4,3016960,7680,aitdcc_e_atlas_float32,2,7.699819405873616,4
d256h4L4,3016960,7680,aitdcc_e_atlas_float32,3,7.673957109451294,4
d256h4L4,3016960,7680,aitdcc_e_atlas_float32,4,7.6585564613342285,4
d256h4L4,3016960,7680,aitdcc_g_astronomy,1,4.072931528091431,4
d256h4L4,3016960,7680,aitdcc_g_astronomy,2,4.032199462254842,4
d256h4L4,3016960,7680,aitdcc_g_astronomy,3,4.019010543823242,4
d256h4L4,3016960,7680,aitdcc_g_astronomy,4,4.012212753295898,4
d256h4L4,3016960,7680,llm_compression_python,1,7.271149754524231,4
d256h4L4,3016960,7680,llm_compression_python,2,6.962637344996135,4
d256h4L4,3016960,7680,llm_compression_python,3,6.8570311069488525,4
d256h4L4,3016960,7680,llm_compression_python,4,6.8002166748046875,4
d256h4L4,3016960,7680,llm_compression_cc,1,7.777767300605774,4
d256h4L4,3016960,7680,llm_compression_cc,2,7.4905604521433515,4
d256h4L4,3016960,7680,llm_compression_cc,3,7.401610970497131,4
d256h4L4,3016960,7680,llm_compression_cc,4,7.352355480194092,4
d256h4L4,3016960,7680,llm_compression_arxiv_math,1,7.778423428535461,4
d256h4L4,3016960,7680,llm_compression_arxiv_math,2,7.55719272295634,4
d256h4L4,3016960,7680,llm_compression_arxiv_math,3,7.492990255355835,4
d256h4L4,3016960,7680,llm_compression_arxiv_math,4,7.457905292510986,4
d256h4L4,3016960,7680,esc50_pcm8,1,3.6949249505996704,4
d256h4L4,3016960,7680,esc50_pcm8,2,3.483650883038839,4
d256h4L4,3016960,7680,esc50_pcm8,3,3.4125426411628723,4
d256h4L4,3016960,7680,esc50_pcm8,4,3.373427391052246,4
d256h4L4,3016960,7680,esc50_pcm8_11khz,1,4.371819257736206,4
d256h4L4,3016960,7680,esc50_pcm8_11khz,2,4.1730546951293945,4
d256h4L4,3016960,7680,esc50_pcm8_11khz,3,4.1095229387283325,4
d256h4L4,3016960,7680,esc50_pcm8_11khz,4,4.074902057647705,4
d256h4L4,3016960,7680,musicnet_pcm8,1,5.536960482597351,4
d256h4L4,3016960,7680,musicnet_pcm8,2,5.216473340988159,4
d256h4L4,3016960,7680,musicnet_pcm8,3,5.101480484008789,4
d256h4L4,3016960,7680,musicnet_pcm8,4,5.035874366760254,4
d256h4L4,3016960,7680,musicnet_pcm8_11khz,1,5.63535475730896,4
d256h4L4,3016960,7680,musicnet_pcm8_11khz,2,5.397790431976318,4
d256h4L4,3016960,7680,musicnet_pcm8_11khz,3,5.319234013557434,4
d256h4L4,3016960,7680,musicnet_pcm8_11khz,4,5.273673057556152,4
d256h4L4,3016960,7936,dclm,1,7.736690402030945,4
d256h4L4,3016960,7936,dclm,2,7.44202733039856,4
d256h4L4,3016960,7936,dclm,3,7.344350457191467,4
d256h4L4,3016960,7936,dclm,4,7.292444229125977,4
d256h4L4,3016960,7936,dclm_ranked,1,6.313659429550171,4
d256h4L4,3016960,7936,dclm_ranked,2,5.915894985198975,4
d256h4L4,3016960,7936,dclm_ranked,3,5.768643498420715,4
d256h4L4,3016960,7936,dclm_ranked,4,5.690004825592041,4
d256h4L4,3016960,7936,dna,1,3.6247992515563965,4
d256h4L4,3016960,7936,dna,2,3.1660881837209067,4
d256h4L4,3016960,7936,dna,3,3.0047420263290405,4
d256h4L4,3016960,7936,dna,4,2.9191784858703613,4
d256h4L4,3016960,7936,arithmetic,1,7.125399112701416,4
d256h4L4,3016960,7936,arithmetic,2,6.937307039896647,4
d256h4L4,3016960,7936,arithmetic,3,6.857651472091675,4
d256h4L4,3016960,7936,arithmetic,4,6.809181213378906,4
d256h4L4,3016960,7936,audio_8bit,1,3.9397120475769043,4
d256h4L4,3016960,7936,audio_8bit,2,3.613708217938741,4
d256h4L4,3016960,7936,audio_8bit,3,3.4985806345939636,4
d256h4L4,3016960,7936,audio_8bit,4,3.4387624263763428,4
d256h4L4,3016960,7936,audio_16bit,1,6.420412540435791,4
d256h4L4,3016960,7936,audio_16bit,2,6.204032023747762,4
d256h4L4,3016960,7936,audio_16bit,3,6.129128694534302,4
d256h4L4,3016960,7936,audio_16bit,4,6.0898871421813965,4
d256h4L4,3016960,7936,speech_commands_pcm8,1,3.5040465593338013,4
d256h4L4,3016960,7936,speech_commands_pcm8,2,3.2750431299209595,4
d256h4L4,3016960,7936,speech_commands_pcm8,3,3.2041314840316772,4
d256h4L4,3016960,7936,speech_commands_pcm8,4,3.1702871322631836,4
d256h4L4,3016960,7936,speech_commands_pcm8_8khz,1,3.3993834257125854,4
d256h4L4,3016960,7936,speech_commands_pcm8_8khz,2,3.1617010831832886,4
d256h4L4,3016960,7936,speech_commands_pcm8_8khz,3,3.088126480579376,4
d256h4L4,3016960,7936,speech_commands_pcm8_8khz,4,3.054468870162964,4
d256h4L4,3016960,7936,mutopia_melody_16th,1,4.583231806755066,4
d256h4L4,3016960,7936,mutopia_melody_16th,2,4.071439782778422,4
d256h4L4,3016960,7936,mutopia_melody_16th,3,3.902840733528137,4
d256h4L4,3016960,7936,mutopia_melody_16th,4,3.8178765773773193,4
d256h4L4,3016960,7936,cifar10_rgb_planar,1,7.665079355239868,4
d256h4L4,3016960,7936,cifar10_rgb_planar,2,7.590124527613322,4
d256h4L4,3016960,7936,cifar10_rgb_planar,3,7.564761519432068,4
d256h4L4,3016960,7936,cifar10_rgb_planar,4,7.551072120666504,4
d256h4L4,3016960,7936,cifar10_rgb_hwc,1,7.604613304138184,4
d256h4L4,3016960,7936,cifar10_rgb_hwc,2,7.5428164800008135,4
d256h4L4,3016960,7936,cifar10_rgb_hwc,3,7.522802233695984,4
d256h4L4,3016960,7936,cifar10_rgb_hwc,4,7.512187957763672,4
d256h4L4,3016960,7936,kolmogorov_text,1,7.73611056804657,4
d256h4L4,3016960,7936,kolmogorov_text,2,7.473343054453532,4
d256h4L4,3016960,7936,kolmogorov_text,3,7.387200832366943,4
d256h4L4,3016960,7936,kolmogorov_text,4,7.341252326965332,4
d256h4L4,3016960,7936,kolmogorov_dna,1,3.8027089834213257,4
d256h4L4,3016960,7936,kolmogorov_dna,2,3.275598406791687,4
d256h4L4,3016960,7936,kolmogorov_dna,3,3.0895233154296875,4
d256h4L4,3016960,7936,kolmogorov_dna,4,2.9925365447998047,4
d256h4L4,3016960,7936,metamath,1,7.5869667530059814,4
d256h4L4,3016960,7936,metamath,2,7.2800923983256025,4
d256h4L4,3016960,7936,metamath,3,7.178308010101318,4
d256h4L4,3016960,7936,metamath,4,7.125182628631592,4
d256h4L4,3016960,7936,aitdcc_a_protein,1,7.685555815696716,4
d256h4L4,3016960,7936,aitdcc_a_protein,2,7.248814980189006,4
d256h4L4,3016960,7936,aitdcc_a_protein,3,7.113020420074463,4
d256h4L4,3016960,7936,aitdcc_a_protein,4,7.041840076446533,4
d256h4L4,3016960,7936,aitdcc_b_c_source,1,7.7956894636154175,4
d256h4L4,3016960,7936,aitdcc_b_c_source,2,7.587387005488078,4
d256h4L4,3016960,7936,aitdcc_b_c_source,3,7.523054718971252,4
d256h4L4,3016960,7936,aitdcc_b_c_source,4,7.488240718841553,4
d256h4L4,3016960,7936,aitdcc_d_glibc_rand,1,8.043898820877075,4
d256h4L4,3016960,7936,aitdcc_d_glibc_rand,2,8.027442137400309,4
d256h4L4,3016960,7936,aitdcc_d_glibc_rand,3,8.022101163864136,4
d256h4L4,3016960,7936,aitdcc_d_glibc_rand,4,8.019414901733398,4
d256h4L4,3016960,7936,aitdcc_e_atlas_float32,1,7.808135390281677,4
d256h4L4,3016960,7936,aitdcc_e_atlas_float32,2,7.7459665934244795,4
d256h4L4,3016960,7936,aitdcc_e_atlas_float32,3,7.721191048622131,4
d256h4L4,3016960,7936,aitdcc_e_atlas_float32,4,7.706730842590332,4
d256h4L4,3016960,7936,aitdcc_g_astronomy,1,4.13431990146637,4
d256h4L4,3016960,7936,aitdcc_g_astronomy,2,4.082927465438843,4
d256h4L4,3016960,7936,aitdcc_g_astronomy,3,4.067824125289917,4
d256h4L4,3016960,7936,aitdcc_g_astronomy,4,4.060286521911621,4
d256h4L4,3016960,7936,llm_compression_python,1,7.163971662521362,4
d256h4L4,3016960,7936,llm_compression_python,2,6.844807306925456,4
d256h4L4,3016960,7936,llm_compression_python,3,6.7365312576293945,4
d256h4L4,3016960,7936,llm_compression_python,4,6.67940092086792,4
d256h4L4,3016960,7936,llm_compression_cc,1,7.754685997962952,4
d256h4L4,3016960,7936,llm_compression_cc,2,7.470953861872355,4
d256h4L4,3016960,7936,llm_compression_cc,3,7.377588152885437,4
d256h4L4,3016960,7936,llm_compression_cc,4,7.328141689300537,4
d256h4L4,3016960,7936,llm_compression_arxiv_math,1,7.71947181224823,4
d256h4L4,3016960,7936,llm_compression_arxiv_math,2,7.501779556274414,4
d256h4L4,3016960,7936,llm_compression_arxiv_math,3,7.433516144752502,4
d256h4L4,3016960,7936,llm_compression_arxiv_math,4,7.397769927978516,4
d256h4L4,3016960,7936,esc50_pcm8,1,3.588486969470978,4
d256h4L4,3016960,7936,esc50_pcm8,2,3.3812379837036133,4
d256h4L4,3016960,7936,esc50_pcm8,3,3.3166823387145996,4
d256h4L4,3016960,7936,esc50_pcm8,4,3.2846343517303467,4
d256h4L4,3016960,7936,esc50_pcm8_11khz,1,4.300347566604614,4
d256h4L4,3016960,7936,esc50_pcm8_11khz,2,4.100199460983276,4
d256h4L4,3016960,7936,esc50_pcm8_11khz,3,4.03812313079834,4
d256h4L4,3016960,7936,esc50_pcm8_11khz,4,4.007548809051514,4
d256h4L4,3016960,7936,musicnet_pcm8,1,5.25635027885437,4
d256h4L4,3016960,7936,musicnet_pcm8,2,4.962978521982829,4
d256h4L4,3016960,7936,musicnet_pcm8,3,4.869004964828491,4
d256h4L4,3016960,7936,musicnet_pcm8,4,4.820076942443848,4
d256h4L4,3016960,7936,musicnet_pcm8_11khz,1,5.493679046630859,4
d256h4L4,3016960,7936,musicnet_pcm8_11khz,2,5.257570107777913,4
d256h4L4,3016960,7936,musicnet_pcm8_11khz,3,5.1843647956848145,4
d256h4L4,3016960,7936,musicnet_pcm8_11khz,4,5.146710395812988,4
d256h4L4,3016960,8191,dclm,1,7.908384919166565,4
d256h4L4,3016960,8191,dclm,2,7.492167313893636,4
d256h4L4,3016960,8191,dclm,3,7.352118253707886,4
d256h4L4,3016960,8191,dclm,4,7.27839994430542,4
d256h4L4,3016960,8191,dclm_ranked,1,6.397899627685547,4
d256h4L4,3016960,8191,dclm_ranked,2,5.930998722712199,4
d256h4L4,3016960,8191,dclm_ranked,3,5.756200313568115,4
d256h4L4,3016960,8191,dclm_ranked,4,5.662905216217041,4
d256h4L4,3016960,8191,dna,1,3.749544143676758,4
d256h4L4,3016960,8191,dna,2,3.2017083962758384,4
d256h4L4,3016960,8191,dna,3,3.008992910385132,4
d256h4L4,3016960,8191,dna,4,2.9114532470703125,4
d256h4L4,3016960,8191,arithmetic,1,7.134984016418457,4
d256h4L4,3016960,8191,arithmetic,2,6.919548670450847,4
d256h4L4,3016960,8191,arithmetic,3,6.833020925521851,4
d256h4L4,3016960,8191,arithmetic,4,6.783121585845947,4
d256h4L4,3016960,8191,audio_8bit,1,4.00159764289856,4
d256h4L4,3016960,8191,audio_8bit,2,3.608530879020691,4
d256h4L4,3016960,8191,audio_8bit,3,3.470382332801819,4
d256h4L4,3016960,8191,audio_8bit,4,3.399744749069214,4
d256h4L4,3016960,8191,audio_16bit,1,6.466272950172424,4
d256h4L4,3016960,8191,audio_16bit,2,6.208479166030884,4
d256h4L4,3016960,8191,audio_16bit,3,6.118472218513489,4
d256h4L4,3016960,8191,audio_16bit,4,6.072453498840332,4
d256h4L4,3016960,8191,speech_commands_pcm8,1,3.6892148852348328,4
d256h4L4,3016960,8191,speech_commands_pcm8,2,3.2369429667790732,4
d256h4L4,3016960,8191,speech_commands_pcm8,3,3.0972073674201965,4
d256h4L4,3016960,8191,speech_commands_pcm8,4,3.025153160095215,4
d256h4L4,3016960,8191,speech_commands_pcm8_8khz,1,3.6370890736579895,4
d256h4L4,3016960,8191,speech_commands_pcm8_8khz,2,3.1452288230260215,4
d256h4L4,3016960,8191,speech_commands_pcm8_8khz,3,2.996997117996216,4
d256h4L4,3016960,8191,speech_commands_pcm8_8khz,4,2.923172950744629,4
d256h4L4,3016960,8191,mutopia_melody_16th,1,4.603501081466675,4
d256h4L4,3016960,8191,mutopia_melody_16th,2,4.024357279141744,4
d256h4L4,3016960,8191,mutopia_melody_16th,3,3.8324002623558044,4
d256h4L4,3016960,8191,mutopia_melody_16th,4,3.73856258392334,4
d256h4L4,3016960,8191,cifar10_rgb_planar,1,7.688032388687134,4
d256h4L4,3016960,8191,cifar10_rgb_planar,2,7.55248761177063,4
d256h4L4,3016960,8191,cifar10_rgb_planar,3,7.51119077205658,4
d256h4L4,3016960,8191,cifar10_rgb_planar,4,7.489121913909912,4
d256h4L4,3016960,8191,cifar10_rgb_hwc,1,7.644282102584839,4
d256h4L4,3016960,8191,cifar10_rgb_hwc,2,7.528755187988281,4
d256h4L4,3016960,8191,cifar10_rgb_hwc,3,7.495832085609436,4
d256h4L4,3016960,8191,cifar10_rgb_hwc,4,7.478508472442627,4
d256h4L4,3016960,8191,kolmogorov_text,1,7.938073754310608,4
d256h4L4,3016960,8191,kolmogorov_text,2,7.521339495976766,4
d256h4L4,3016960,8191,kolmogorov_text,3,7.384974122047424,4
d256h4L4,3016960,8191,kolmogorov_text,4,7.313337326049805,4
d256h4L4,3016960,8191,kolmogorov_dna,1,3.647992432117462,4
d256h4L4,3016960,8191,kolmogorov_dna,2,3.150580406188965,4
d256h4L4,3016960,8191,kolmogorov_dna,3,2.972551107406616,4
d256h4L4,3016960,8191,kolmogorov_dna,4,2.8781182765960693,4
d256h4L4,3016960,8191,metamath,1,7.680186152458191,4
d256h4L4,3016960,8191,metamath,2,7.300235907236735,4
d256h4L4,3016960,8191,metamath,3,7.173083782196045,4
d256h4L4,3016960,8191,metamath,4,7.10711145401001,4
d256h4L4,3016960,8191,aitdcc_a_protein,1,7.99340546131134,4
d256h4L4,3016960,8191,aitdcc_a_protein,2,7.333826382954915,4
d256h4L4,3016960,8191,aitdcc_a_protein,3,7.105395436286926,4
d256h4L4,3016960,8191,aitdcc_a_protein,4,6.988056659698486,4
d256h4L4,3016960,8191,aitdcc_b_c_source,1,7.91437029838562,4
d256h4L4,3016960,8191,aitdcc_b_c_source,2,7.586088577906291,4
d256h4L4,3016960,8191,aitdcc_b_c_source,3,7.484625458717346,4
d256h4L4,3016960,8191,aitdcc_b_c_source,4,7.430080413818359,4
d256h4L4,3016960,8191,aitdcc_d_glibc_rand,1,8.089508295059204,4
d256h4L4,3016960,8191,aitdcc_d_glibc_rand,2,8.050520579020182,4
d256h4L4,3016960,8191,aitdcc_d_glibc_rand,3,8.040175914764404,4
d256h4L4,3016960,8191,aitdcc_d_glibc_rand,4,8.034998893737793,4
d256h4L4,3016960,8191,aitdcc_e_atlas_float32,1,7.768486976623535,4
d256h4L4,3016960,8191,aitdcc_e_atlas_float32,2,7.6899317900339765,4
d256h4L4,3016960,8191,aitdcc_e_atlas_float32,3,7.659608244895935,4
d256h4L4,3016960,8191,aitdcc_e_atlas_float32,4,7.642251968383789,4
d256h4L4,3016960,8191,aitdcc_g_astronomy,1,4.098770022392273,4
d256h4L4,3016960,8191,aitdcc_g_astronomy,2,4.031051119168599,4
d256h4L4,3016960,8191,aitdcc_g_astronomy,3,4.009108543395996,4
d256h4L4,3016960,8191,aitdcc_g_astronomy,4,3.9976606369018555,4
d256h4L4,3016960,8191,llm_compression_python,1,7.223976135253906,4
d256h4L4,3016960,8191,llm_compression_python,2,6.837252616882324,4
d256h4L4,3016960,8191,llm_compression_python,3,6.708451509475708,4
d256h4L4,3016960,8191,llm_compression_python,4,6.641254425048828,4
d256h4L4,3016960,8191,llm_compression_cc,1,7.9469921588897705,4
d256h4L4,3016960,8191,llm_compression_cc,2,7.5306300322214765,4
d256h4L4,3016960,8191,llm_compression_cc,3,7.392273545265198,4
d256h4L4,3016960,8191,llm_compression_cc,4,7.3196797370910645,4
d256h4L4,3016960,8191,llm_compression_arxiv_math,1,7.882399916648865,4
d256h4L4,3016960,8191,llm_compression_arxiv_math,2,7.550918340682983,4
d256h4L4,3016960,8191,llm_compression_arxiv_math,3,7.448120832443237,4
d256h4L4,3016960,8191,llm_compression_arxiv_math,4,7.394949436187744,4
d256h4L4,3016960,8191,esc50_pcm8,1,3.72182035446167,4
d256h4L4,3016960,8191,esc50_pcm8,2,3.3399358987808228,4
d256h4L4,3016960,8191,esc50_pcm8,3,3.219396948814392,4
d256h4L4,3016960,8191,esc50_pcm8,4,3.1554760932922363,4
d256h4L4,3016960,8191,esc50_pcm8_11khz,1,4.457533597946167,4
d256h4L4,3016960,8191,esc50_pcm8_11khz,2,4.0526710748672485,4
d256h4L4,3016960,8191,esc50_pcm8_11khz,3,3.9276692271232605,4
d256h4L4,3016960,8191,esc50_pcm8_11khz,4,3.8613526821136475,4
d256h4L4,3016960,8191,musicnet_pcm8,1,5.260558366775513,4
d256h4L4,3016960,8191,musicnet_pcm8,2,4.777217547098796,4
d256h4L4,3016960,8191,musicnet_pcm8,3,4.616242408752441,4
d256h4L4,3016960,8191,musicnet_pcm8,4,4.52803373336792,4
d256h4L4,3016960,8191,musicnet_pcm8_11khz,1,5.610954284667969,4
d256h4L4,3016960,8191,musicnet_pcm8_11khz,2,5.122304677963257,4
d256h4L4,3016960,8191,musicnet_pcm8_11khz,3,4.974210023880005,4
d256h4L4,3016960,8191,musicnet_pcm8_11khz,4,4.893669605255127,4
d256h4L8,6033664,256,dclm,1,8.484591960906982,4
d256h4L8,6033664,256,dclm,2,8.223421573638916,4
d256h4L8,6033664,256,dclm,3,8.092786073684692,4
d256h4L8,6033664,256,dclm,4,8.00678825378418,4
d256h4L8,6033664,256,dclm_ranked,1,6.896402597427368,4
d256h4L8,6033664,256,dclm_ranked,2,6.645751317342122,4
d256h4L8,6033664,256,dclm_ranked,3,6.560482144355774,4
d256h4L8,6033664,256,dclm_ranked,4,6.516752243041992,4
d256h4L8,6033664,256,dna,1,5.10355818271637,4
d256h4L8,6033664,256,dna,2,4.731551170349121,4
d256h4L8,6033664,256,dna,3,4.614275932312012,4
d256h4L8,6033664,256,dna,4,4.5592427253723145,4
d256h4L8,6033664,256,arithmetic,1,8.448094129562378,4
d256h4L8,6033664,256,arithmetic,2,8.338175137837728,4
d256h4L8,6033664,256,arithmetic,3,8.288650274276733,4
d256h4L8,6033664,256,arithmetic,4,8.25853157043457,4
d256h4L8,6033664,256,audio_8bit,1,4.925389885902405,4
d256h4L8,6033664,256,audio_8bit,2,4.663291692733765,4
d256h4L8,6033664,256,audio_8bit,3,4.570554137229919,4
d256h4L8,6033664,256,audio_8bit,4,4.522047996520996,4
d256h4L8,6033664,256,audio_16bit,1,6.7693411111831665,4
d256h4L8,6033664,256,audio_16bit,2,6.589794635772705,4
d256h4L8,6033664,256,audio_16bit,3,6.5270432233810425,4
d256h4L8,6033664,256,audio_16bit,4,6.494016170501709,4
d256h4L8,6033664,256,speech_commands_pcm8,1,8.49284553527832,4
d256h4L8,6033664,256,speech_commands_pcm8,2,8.353175004323324,4
d256h4L8,6033664,256,speech_commands_pcm8,3,8.26857328414917,4
d256h4L8,6033664,256,speech_commands_pcm8,4,8.208284378051758,4
d256h4L8,6033664,256,speech_commands_pcm8_8khz,1,8.452613949775696,4
d256h4L8,6033664,256,speech_commands_pcm8_8khz,2,8.292423486709595,4
d256h4L8,6033664,256,speech_commands_pcm8_8khz,3,8.192978620529175,4
d256h4L8,6033664,256,speech_commands_pcm8_8khz,4,8.121400833129883,4
d256h4L8,6033664,256,mutopia_melody_16th,1,8.611983060836792,4
d256h4L8,6033664,256,mutopia_melody_16th,2,8.561724344889322,4
d256h4L8,6033664,256,mutopia_melody_16th,3,8.540196657180786,4
d256h4L8,6033664,256,mutopia_melody_16th,4,8.52735424041748,4
d256h4L8,6033664,256,cifar10_rgb_planar,1,8.389431476593018,4
d256h4L8,6033664,256,cifar10_rgb_planar,2,8.272363980611166,4
d256h4L8,6033664,256,cifar10_rgb_planar,3,8.217843294143677,4
d256h4L8,6033664,256,cifar10_rgb_planar,4,8.183886528015137,4
d256h4L8,6033664,256,cifar10_rgb_hwc,1,8.381814956665039,4
d256h4L8,6033664,256,cifar10_rgb_hwc,2,8.265702724456787,4
d256h4L8,6033664,256,cifar10_rgb_hwc,3,8.211721420288086,4
d256h4L8,6033664,256,cifar10_rgb_hwc,4,8.17812728881836,4
d256h4L8,6033664,256,kolmogorov_text,1,8.514463424682617,4
d256h4L8,6033664,256,kolmogorov_text,2,8.283279180526733,4
d256h4L8,6033664,256,kolmogorov_text,3,8.168496370315552,4
d256h4L8,6033664,256,kolmogorov_text,4,8.093582153320312,4
d256h4L8,6033664,256,kolmogorov_dna,1,6.709862232208252,4
d256h4L8,6033664,256,kolmogorov_dna,2,6.469707647959392,4
d256h4L8,6033664,256,kolmogorov_dna,3,6.389366149902344,4
d256h4L8,6033664,256,kolmogorov_dna,4,6.35066556930542,4
d256h4L8,6033664,256,metamath,1,8.406172513961792,4
d256h4L8,6033664,256,metamath,2,8.085805813471476,4
d256h4L8,6033664,256,metamath,3,7.921998977661133,4
d256h4L8,6033664,256,metamath,4,7.815855979919434,4
d256h4L8,6033664,256,aitdcc_a_protein,1,8.560959100723267,4
d256h4L8,6033664,256,aitdcc_a_protein,2,8.491220792134603,4
d256h4L8,6033664,256,aitdcc_a_protein,3,8.456231355667114,4
d256h4L8,6033664,256,aitdcc_a_protein,4,8.433257102966309,4
d256h4L8,6033664,256,aitdcc_b_c_source,1,8.506305932998657,4
d256h4L8,6033664,256,aitdcc_b_c_source,2,8.317735195159912,4
d256h4L8,6033664,256,aitdcc_b_c_source,3,8.226632118225098,4
d256h4L8,6033664,256,aitdcc_b_c_source,4,8.168499946594238,4
d256h4L8,6033664,256,aitdcc_d_glibc_rand,1,8.445229768753052,4
d256h4L8,6033664,256,aitdcc_d_glibc_rand,2,8.3382355372111,4
d256h4L8,6033664,256,aitdcc_d_glibc_rand,3,8.289923906326294,4
d256h4L8,6033664,256,aitdcc_d_glibc_rand,4,8.260542869567871,4
d256h4L8,6033664,256,aitdcc_e_atlas_float32,1,8.454109907150269,4
d256h4L8,6033664,256,aitdcc_e_atlas_float32,2,8.360447406768799,4
d256h4L8,6033664,256,aitdcc_e_atlas_float32,3,8.319124221801758,4
d256h4L8,6033664,256,aitdcc_e_atlas_float32,4,8.294461250305176,4
d256h4L8,6033664,256,aitdcc_g_astronomy,1,7.788406133651733,4
d256h4L8,6033664,256,aitdcc_g_astronomy,2,7.372560183207194,4
d256h4L8,6033664,256,aitdcc_g_astronomy,3,7.192716360092163,4
d256h4L8,6033664,256,aitdcc_g_astronomy,4,7.108393669128418,4
d256h4L8,6033664,256,llm_compression_python,1,8.27090311050415,4
d256h4L8,6033664,256,llm_compression_python,2,7.887994050979614,4
d256h4L8,6033664,256,llm_compression_python,3,7.68523097038269,4
d256h4L8,6033664,256,llm_compression_python,4,7.545420169830322,4
d256h4L8,6033664,256,llm_compression_cc,1,8.49189019203186,4
d256h4L8,6033664,256,llm_compression_cc,2,8.236966530481974,4
d256h4L8,6033664,256,llm_compression_cc,3,8.110169887542725,4
d256h4L8,6033664,256,llm_compression_cc,4,8.027131080627441,4
d256h4L8,6033664,256,llm_compression_arxiv_math,1,8.431435346603394,4
d256h4L8,6033664,256,llm_compression_arxiv_math,2,8.183247566223145,4
d256h4L8,6033664,256,llm_compression_arxiv_math,3,8.052212357521057,4
d256h4L8,6033664,256,llm_compression_arxiv_math,4,7.962413311004639,4
d256h4L8,6033664,256,esc50_pcm8,1,8.592796564102173,4
d256h4L8,6033664,256,esc50_pcm8,2,8.474783738454184,4
d256h4L8,6033664,256,esc50_pcm8,3,8.411412239074707,4
d256h4L8,6033664,256,esc50_pcm8,4,8.368013381958008,4
d256h4L8,6033664,256,esc50_pcm8_11khz,1,8.5828857421875,4
d256h4L8,6033664,256,esc50_pcm8_11khz,2,8.4687450726827,4
d256h4L8,6033664,256,esc50_pcm8_11khz,3,8.407246828079224,4
d256h4L8,6033664,256,esc50_pcm8_11khz,4,8.365251541137695,4
d256h4L8,6033664,256,musicnet_pcm8,1,8.631547451019287,4
d256h4L8,6033664,256,musicnet_pcm8,2,8.567991097768148,4
d256h4L8,6033664,256,musicnet_pcm8,3,8.538114309310913,4
d256h4L8,6033664,256,musicnet_pcm8,4,8.519577980041504,4
d256h4L8,6033664,256,musicnet_pcm8_11khz,1,8.590312957763672,4
d256h4L8,6033664,256,musicnet_pcm8_11khz,2,8.502563317616781,4
d256h4L8,6033664,256,musicnet_pcm8_11khz,3,8.454933881759644,4
d256h4L8,6033664,256,musicnet_pcm8_11khz,4,8.422707557678223,4
d256h4L8,6033664,512,dclm,1,8.250102758407593,4
d256h4L8,6033664,512,dclm,2,8.150157451629639,4
d256h4L8,6033664,512,dclm,3,8.100924253463745,4
d256h4L8,6033664,512,dclm,4,8.069171905517578,4
d256h4L8,6033664,512,dclm_ranked,1,6.812619209289551,4
d256h4L8,6033664,512,dclm_ranked,2,6.557297388712565,4
d256h4L8,6033664,512,dclm_ranked,3,6.453168153762817,4
d256h4L8,6033664,512,dclm_ranked,4,6.393968105316162,4
d256h4L8,6033664,512,dna,1,4.689467787742615,4
d256h4L8,6033664,512,dna,2,4.271030147870381,4
d256h4L8,6033664,512,dna,3,4.105479657649994,4
d256h4L8,6033664,512,dna,4,4.011153221130371,4
d256h4L8,6033664,512,arithmetic,1,8.238381385803223,4
d256h4L8,6033664,512,arithmetic,2,8.161909421284994,4
d256h4L8,6033664,512,arithmetic,3,8.126975774765015,4
d256h4L8,6033664,512,arithmetic,4,8.106287956237793,4
d256h4L8,6033664,512,audio_8bit,1,4.86415708065033,4
d256h4L8,6033664,512,audio_8bit,2,4.531334241231282,4
d256h4L8,6033664,512,audio_8bit,3,4.40482497215271,4
d256h4L8,6033664,512,audio_8bit,4,4.3409104347229,4
d256h4L8,6033664,512,audio_16bit,1,6.481025695800781,4
d256h4L8,6033664,512,audio_16bit,2,6.324856440226237,4
d256h4L8,6033664,512,audio_16bit,3,6.262847423553467,4
d256h4L8,6033664,512,audio_16bit,4,6.2304792404174805,4
d256h4L8,6033664,512,speech_commands_pcm8,1,8.397704362869263,4
d256h4L8,6033664,512,speech_commands_pcm8,2,8.365029335021973,4
d256h4L8,6033664,512,speech_commands_pcm8,3,8.352571487426758,4
d256h4L8,6033664,512,speech_commands_pcm8,4,8.345940589904785,4
d256h4L8,6033664,512,speech_commands_pcm8_8khz,1,8.402080297470093,4
d256h4L8,6033664,512,speech_commands_pcm8_8khz,2,8.372191588083902,4
d256h4L8,6033664,512,speech_commands_pcm8_8khz,3,8.360909938812256,4
d256h4L8,6033664,512,speech_commands_pcm8_8khz,4,8.3549165725708,4
d256h4L8,6033664,512,mutopia_melody_16th,1,8.363914251327515,4
d256h4L8,6033664,512,mutopia_melody_16th,2,8.306784947713217,4
d256h4L8,6033664,512,mutopia_melody_16th,3,8.280363321304321,4
d256h4L8,6033664,512,mutopia_melody_16th,4,8.264527320861816,4
d256h4L8,6033664,512,cifar10_rgb_planar,1,8.143162965774536,4
d256h4L8,6033664,512,cifar10_rgb_planar,2,8.057950019836426,4
d256h4L8,6033664,512,cifar10_rgb_planar,3,8.01902723312378,4
d256h4L8,6033664,512,cifar10_rgb_planar,4,7.996140480041504,4
d256h4L8,6033664,512,cifar10_rgb_hwc,1,8.127371072769165,4
d256h4L8,6033664,512,cifar10_rgb_hwc,2,8.043502807617188,4
d256h4L8,6033664,512,cifar10_rgb_hwc,3,8.005176663398743,4
d256h4L8,6033664,512,cifar10_rgb_hwc,4,7.982601642608643,4
d256h4L8,6033664,512,kolmogorov_text,1,8.234211444854736,4
d256h4L8,6033664,512,kolmogorov_text,2,8.142428239186605,4
d256h4L8,6033664,512,kolmogorov_text,3,8.095052003860474,4
d256h4L8,6033664,512,kolmogorov_text,4,8.063509941101074,4
d256h4L8,6033664,512,kolmogorov_dna,1,5.970966100692749,4
d256h4L8,6033664,512,kolmogorov_dna,2,5.597471555074056,4
d256h4L8,6033664,512,kolmogorov_dna,3,5.412113547325134,4
d256h4L8,6033664,512,kolmogorov_dna,4,5.288171768188477,4
d256h4L8,6033664,512,metamath,1,8.067079901695251,4
d256h4L8,6033664,512,metamath,2,7.87727967898051,4
d256h4L8,6033664,512,metamath,3,7.775400876998901,4
d256h4L8,6033664,512,metamath,4,7.704390525817871,4
d256h4L8,6033664,512,aitdcc_a_protein,1,8.22536838054657,4
d256h4L8,6033664,512,aitdcc_a_protein,2,8.155202865600586,4
d256h4L8,6033664,512,aitdcc_a_protein,3,8.123541355133057,4
d256h4L8,6033664,512,aitdcc_a_protein,4,8.105131149291992,4
d256h4L8,6033664,512,aitdcc_b_c_source,1,8.25808596611023,4
d256h4L8,6033664,512,aitdcc_b_c_source,2,8.172595342000326,4
d256h4L8,6033664,512,aitdcc_b_c_source,3,8.129770278930664,4
d256h4L8,6033664,512,aitdcc_b_c_source,4,8.102107048034668,4
d256h4L8,6033664,512,aitdcc_d_glibc_rand,1,8.244987964630127,4
d256h4L8,6033664,512,aitdcc_d_glibc_rand,2,8.173301537831625,4
d256h4L8,6033664,512,aitdcc_d_glibc_rand,3,8.140735864639282,4
d256h4L8,6033664,512,aitdcc_d_glibc_rand,4,8.121543884277344,4
d256h4L8,6033664,512,aitdcc_e_atlas_float32,1,8.190708637237549,4
d256h4L8,6033664,512,aitdcc_e_atlas_float32,2,8.12850030263265,4
d256h4L8,6033664,512,aitdcc_e_atlas_float32,3,8.100817918777466,4
d256h4L8,6033664,512,aitdcc_e_atlas_float32,4,8.084602355957031,4
d256h4L8,6033664,512,aitdcc_g_astronomy,1,7.715902090072632,4
d256h4L8,6033664,512,aitdcc_g_astronomy,2,7.2449759642283125,4
d256h4L8,6033664,512,aitdcc_g_astronomy,3,6.9161903858184814,4
d256h4L8,6033664,512,aitdcc_g_astronomy,4,6.657871246337891,4
d256h4L8,6033664,512,llm_compression_python,1,7.687260985374451,4
d256h4L8,6033664,512,llm_compression_python,2,7.435001770655314,4
d256h4L8,6033664,512,llm_compression_python,3,7.266271591186523,4
d256h4L8,6033664,512,llm_compression_python,4,7.132705211639404,4
d256h4L8,6033664,512,llm_compression_cc,1,8.267544507980347,4
d256h4L8,6033664,512,llm_compression_cc,2,8.175318559010824,4
d256h4L8,6033664,512,llm_compression_cc,3,8.131060361862183,4
d256h4L8,6033664,512,llm_compression_cc,4,8.103137016296387,4
d256h4L8,6033664,512,llm_compression_arxiv_math,1,8.195645093917847,4
d256h4L8,6033664,512,llm_compression_arxiv_math,2,8.097284078598022,4
d256h4L8,6033664,512,llm_compression_arxiv_math,3,8.047439694404602,4
d256h4L8,6033664,512,llm_compression_arxiv_math,4,8.014732360839844,4
d256h4L8,6033664,512,esc50_pcm8,1,8.386443853378296,4
d256h4L8,6033664,512,esc50_pcm8,2,8.346750736236572,4
d256h4L8,6033664,512,esc50_pcm8,3,8.331149578094482,4
d256h4L8,6033664,512,esc50_pcm8,4,8.322734832763672,4
d256h4L8,6033664,512,esc50_pcm8_11khz,1,8.39350152015686,4
d256h4L8,6033664,512,esc50_pcm8_11khz,2,8.355509122212728,4
d256h4L8,6033664,512,esc50_pcm8_11khz,3,8.340570449829102,4
d256h4L8,6033664,512,esc50_pcm8_11khz,4,8.332518577575684,4
d256h4L8,6033664,512,musicnet_pcm8,1,8.35643196105957,4
d256h4L8,6033664,512,musicnet_pcm8,2,8.31052859624227,4
d256h4L8,6033664,512,musicnet_pcm8,3,8.29224967956543,4
d256h4L8,6033664,512,musicnet_pcm8,4,8.282429695129395,4
d256h4L8,6033664,512,musicnet_pcm8_11khz,1,8.376886367797852,4
d256h4L8,6033664,512,musicnet_pcm8_11khz,2,8.337048053741455,4
d256h4L8,6033664,512,musicnet_pcm8_11khz,3,8.321486949920654,4
d256h4L8,6033664,512,musicnet_pcm8_11khz,4,8.313185691833496,4
d256h4L8,6033664,768,dclm,1,7.993921399116516,4
d256h4L8,6033664,768,dclm,2,7.867233594258626,4
d256h4L8,6033664,768,dclm,3,7.81485390663147,4
d256h4L8,6033664,768,dclm,4,7.789275169372559,4
d256h4L8,6033664,768,dclm_ranked,1,7.193728446960449,4
d256h4L8,6033664,768,dclm_ranked,2,6.822556495666504,4
d256h4L8,6033664,768,dclm_ranked,3,6.6761558055877686,4
d256h4L8,6033664,768,dclm_ranked,4,6.595431327819824,4
d256h4L8,6033664,768,dna,1,4.740229249000549,4
d256h4L8,6033664,768,dna,2,4.218692938486735,4
d256h4L8,6033664,768,dna,3,4.0364468693733215,4
d256h4L8,6033664,768,dna,4,3.940901517868042,4
d256h4L8,6033664,768,arithmetic,1,8.121703386306763,4
d256h4L8,6033664,768,arithmetic,2,8.066828091939291,4
d256h4L8,6033664,768,arithmetic,3,8.043848514556885,4
d256h4L8,6033664,768,arithmetic,4,8.030714988708496,4
d256h4L8,6033664,768,audio_8bit,1,5.177106499671936,4
d256h4L8,6033664,768,audio_8bit,2,4.668564240137736,4
d256h4L8,6033664,768,audio_8bit,3,4.4996761083602905,4
d256h4L8,6033664,768,audio_8bit,4,4.411067485809326,4
d256h4L8,6033664,768,audio_16bit,1,6.474322438240051,4
d256h4L8,6033664,768,audio_16bit,2,6.270024299621582,4
d256h4L8,6033664,768,audio_16bit,3,6.196505904197693,4
d256h4L8,6033664,768,audio_16bit,4,6.158508777618408,4
d256h4L8,6033664,768,speech_commands_pcm8,1,8.18163776397705,4
d256h4L8,6033664,768,speech_commands_pcm8,2,8.157247543334961,4
d256h4L8,6033664,768,speech_commands_pcm8,3,8.146943092346191,4
d256h4L8,6033664,768,speech_commands_pcm8,4,8.140997886657715,4
d256h4L8,6033664,768,speech_commands_pcm8_8khz,1,8.189693927764893,4
d256h4L8,6033664,768,speech_commands_pcm8_8khz,2,8.167194684346518,4
d256h4L8,6033664,768,speech_commands_pcm8_8khz,3,8.158004760742188,4
d256h4L8,6033664,768,speech_commands_pcm8_8khz,4,8.152792930603027,4
d256h4L8,6033664,768,mutopia_melody_16th,1,8.183484077453613,4
d256h4L8,6033664,768,mutopia_melody_16th,2,8.146081924438477,4
d256h4L8,6033664,768,mutopia_melody_16th,3,8.128881692886353,4
d256h4L8,6033664,768,mutopia_melody_16th,4,8.118447303771973,4
d256h4L8,6033664,768,cifar10_rgb_planar,1,8.029272556304932,4
d256h4L8,6033664,768,cifar10_rgb_planar,2,7.967234532038371,4
d256h4L8,6033664,768,cifar10_rgb_planar,3,7.94169294834137,4
d256h4L8,6033664,768,cifar10_rgb_planar,4,7.9270830154418945,4
d256h4L8,6033664,768,cifar10_rgb_hwc,1,8.006810545921326,4
d256h4L8,6033664,768,cifar10_rgb_hwc,2,7.946871836980184,4
d256h4L8,6033664,768,cifar10_rgb_hwc,3,7.9220356941223145,4
d256h4L8,6033664,768,cifar10_rgb_hwc,4,7.907806873321533,4
d256h4L8,6033664,768,kolmogorov_text,1,8.049542903900146,4
d256h4L8,6033664,768,kolmogorov_text,2,7.950525999069214,4
d256h4L8,6033664,768,kolmogorov_text,3,7.9097830057144165,4
d256h4L8,6033664,768,kolmogorov_text,4,7.889756202697754,4
d256h4L8,6033664,768,kolmogorov_dna,1,5.622833490371704,4
d256h4L8,6033664,768,kolmogorov_dna,2,5.197740236918132,4
d256h4L8,6033664,768,kolmogorov_dna,3,5.03541100025177,4
d256h4L8,6033664,768,kolmogorov_dna,4,4.948579788208008,4
d256h4L8,6033664,768,metamath,1,7.748018741607666,4
d256h4L8,6033664,768,metamath,2,7.592514197031657,4
d256h4L8,6033664,768,metamath,3,7.522768974304199,4
d256h4L8,6033664,768,metamath,4,7.483969688415527,4
d256h4L8,6033664,768,aitdcc_a_protein,1,8.164474725723267,4
d256h4L8,6033664,768,aitdcc_a_protein,2,8.122273286183676,4
d256h4L8,6033664,768,aitdcc_a_protein,3,8.1032235622406,4
d256h4L8,6033664,768,aitdcc_a_protein,4,8.091894149780273,4
d256h4L8,6033664,768,aitdcc_b_c_source,1,8.12243914604187,4
d256h4L8,6033664,768,aitdcc_b_c_source,2,8.047692855199179,4
d256h4L8,6033664,768,aitdcc_b_c_source,3,8.016853332519531,4
d256h4L8,6033664,768,aitdcc_b_c_source,4,8.000846862792969,4
d256h4L8,6033664,768,aitdcc_d_glibc_rand,1,8.134674787521362,4
d256h4L8,6033664,768,aitdcc_d_glibc_rand,2,8.08469041188558,4
d256h4L8,6033664,768,aitdcc_d_glibc_rand,3,8.064197301864624,4
d256h4L8,6033664,768,aitdcc_d_glibc_rand,4,8.052627563476562,4
d256h4L8,6033664,768,aitdcc_e_atlas_float32,1,8.139033079147339,4
d256h4L8,6033664,768,aitdcc_e_atlas_float32,2,8.095372994740805,4
d256h4L8,6033664,768,aitdcc_e_atlas_float32,3,8.077577114105225,4
d256h4L8,6033664,768,aitdcc_e_atlas_float32,4,8.06758975982666,4
d256h4L8,6033664,768,aitdcc_g_astronomy,1,5.962234973907471,4
d256h4L8,6033664,768,aitdcc_g_astronomy,2,5.587493817011516,4
d256h4L8,6033664,768,aitdcc_g_astronomy,3,5.496709227561951,4
d256h4L8,6033664,768,aitdcc_g_astronomy,4,5.455684661865234,4
d256h4L8,6033664,768,llm_compression_python,1,7.433026313781738,4
d256h4L8,6033664,768,llm_compression_python,2,7.25319226582845,4
d256h4L8,6033664,768,llm_compression_python,3,7.182784199714661,4
d256h4L8,6033664,768,llm_compression_python,4,7.150381088256836,4
d256h4L8,6033664,768,llm_compression_cc,1,8.0126211643219,4
d256h4L8,6033664,768,llm_compression_cc,2,7.8899383544921875,4
d256h4L8,6033664,768,llm_compression_cc,3,7.839115262031555,4
d256h4L8,6033664,768,llm_compression_cc,4,7.814469337463379,4
d256h4L8,6033664,768,llm_compression_arxiv_math,1,8.002018332481384,4
d256h4L8,6033664,768,llm_compression_arxiv_math,2,7.908092498779297,4
d256h4L8,6033664,768,llm_compression_arxiv_math,3,7.869747519493103,4
d256h4L8,6033664,768,llm_compression_arxiv_math,4,7.8508195877075195,4
d256h4L8,6033664,768,esc50_pcm8,1,8.1717050075531,4
d256h4L8,6033664,768,esc50_pcm8,2,8.141951243082682,4
d256h4L8,6033664,768,esc50_pcm8,3,8.128889322280884,4
d256h4L8,6033664,768,esc50_pcm8,4,8.121211051940918,4
d256h4L8,6033664,768,esc50_pcm8_11khz,1,8.17712116241455,4
d256h4L8,6033664,768,esc50_pcm8_11khz,2,8.149532000223795,4
d256h4L8,6033664,768,esc50_pcm8_11khz,3,8.137478113174438,4
d256h4L8,6033664,768,esc50_pcm8_11khz,4,8.130417823791504,4
d256h4L8,6033664,768,musicnet_pcm8,1,8.130237340927124,4
d256h4L8,6033664,768,musicnet_pcm8,2,8.09479029973348,4
d256h4L8,6033664,768,musicnet_pcm8,3,8.078014612197876,4
d256h4L8,6033664,768,musicnet_pcm8,4,8.067720413208008,4
d256h4L8,6033664,768,musicnet_pcm8_11khz,1,8.151834964752197,4
d256h4L8,6033664,768,musicnet_pcm8_11khz,2,8.121683915456137,4
d256h4L8,6033664,768,musicnet_pcm8_11khz,3,8.107831954956055,4
d256h4L8,6033664,768,musicnet_pcm8_11khz,4,8.09945297241211,4
d256h4L8,6033664,1024,dclm,1,7.919887900352478,4
d256h4L8,6033664,1024,dclm,2,7.808218876520793,4
d256h4L8,6033664,1024,dclm,3,7.7535998821258545,4
d256h4L8,6033664,1024,dclm,4,7.721810340881348,4
d256h4L8,6033664,1024,dclm_ranked,1,7.096754193305969,4
d256h4L8,6033664,1024,dclm_ranked,2,6.7335647741953535,4
d256h4L8,6033664,1024,dclm_ranked,3,6.591323256492615,4
d256h4L8,6033664,1024,dclm_ranked,4,6.510351657867432,4
d256h4L8,6033664,1024,dna,1,4.452627420425415,4
d256h4L8,6033664,1024,dna,2,3.932625492413839,4
d256h4L8,6033664,1024,dna,3,3.7254010438919067,4
d256h4L8,6033664,1024,dna,4,3.61356258392334,4
d256h4L8,6033664,1024,arithmetic,1,8.083141803741455,4
d256h4L8,6033664,1024,arithmetic,2,8.039048035939535,4
d256h4L8,6033664,1024,arithmetic,3,8.021088123321533,4
d256h4L8,6033664,1024,arithmetic,4,8.011013984680176,4
d256h4L8,6033664,1024,audio_8bit,1,4.79404079914093,4
d256h4L8,6033664,1024,audio_8bit,2,4.467898448308309,4
d256h4L8,6033664,1024,audio_8bit,3,4.350523233413696,4
d256h4L8,6033664,1024,audio_8bit,4,4.287598133087158,4
d256h4L8,6033664,1024,audio_16bit,1,6.389864802360535,4
d256h4L8,6033664,1024,audio_16bit,2,6.225664138793945,4
d256h4L8,6033664,1024,audio_16bit,3,6.167428612709045,4
d256h4L8,6033664,1024,audio_16bit,4,6.1386332511901855,4
d256h4L8,6033664,1024,speech_commands_pcm8,1,8.105016469955444,4
d256h4L8,6033664,1024,speech_commands_pcm8,2,8.05644679069519,4
d256h4L8,6033664,1024,speech_commands_pcm8,3,8.03408169746399,4
d256h4L8,6033664,1024,speech_commands_pcm8,4,8.0208101272583,4
d256h4L8,6033664,1024,speech_commands_pcm8_8khz,1,8.10946524143219,4
d256h4L8,6033664,1024,speech_commands_pcm8_8khz,2,8.058132568995157,4
d256h4L8,6033664,1024,speech_commands_pcm8_8khz,3,8.034644603729248,4
d256h4L8,6033664,1024,speech_commands_pcm8_8khz,4,8.020793914794922,4
d256h4L8,6033664,1024,mutopia_melody_16th,1,8.204907417297363,4
d256h4L8,6033664,1024,mutopia_melody_16th,2,8.176781018575033,4
d256h4L8,6033664,1024,mutopia_melody_16th,3,8.165520668029785,4
d256h4L8,6033664,1024,mutopia_melody_16th,4,8.15925407409668,4
d256h4L8,6033664,1024,cifar10_rgb_planar,1,7.969919919967651,4
d256h4L8,6033664,1024,cifar10_rgb_planar,2,7.9183140595753985,4
d256h4L8,6033664,1024,cifar10_rgb_planar,3,7.8969937562942505,4
d256h4L8,6033664,1024,cifar10_rgb_planar,4,7.884862422943115,4
d256h4L8,6033664,1024,cifar10_rgb_hwc,1,7.945928931236267,4
d256h4L8,6033664,1024,cifar10_rgb_hwc,2,7.896095434824626,4
d256h4L8,6033664,1024,cifar10_rgb_hwc,3,7.875483989715576,4
d256h4L8,6033664,1024,cifar10_rgb_hwc,4,7.863771915435791,4
d256h4L8,6033664,1024,kolmogorov_text,1,7.965405464172363,4
d256h4L8,6033664,1024,kolmogorov_text,2,7.876464287439982,4
d256h4L8,6033664,1024,kolmogorov_text,3,7.832960367202759,4
d256h4L8,6033664,1024,kolmogorov_text,4,7.806943893432617,4
d256h4L8,6033664,1024,kolmogorov_dna,1,5.41641628742218,4
d256h4L8,6033664,1024,kolmogorov_dna,2,4.9461478392283125,4
d256h4L8,6033664,1024,kolmogorov_dna,3,4.743322134017944,4
d256h4L8,6033664,1024,kolmogorov_dna,4,4.6240434646606445,4
d256h4L8,6033664,1024,metamath,1,7.661435484886169,4
d256h4L8,6033664,1024,metamath,2,7.510640780131022,4
d256h4L8,6033664,1024,metamath,3,7.443853855133057,4
d256h4L8,6033664,1024,metamath,4,7.409813404083252,4
d256h4L8,6033664,1024,aitdcc_a_protein,1,7.977864503860474,4
d256h4L8,6033664,1024,aitdcc_a_protein,2,7.936749696731567,4
d256h4L8,6033664,1024,aitdcc_a_protein,3,7.91810941696167,4
d256h4L8,6033664,1024,aitdcc_a_protein,4,7.90704345703125,4
d256h4L8,6033664,1024,aitdcc_b_c_source,1,8.03528356552124,4
d256h4L8,6033664,1024,aitdcc_b_c_source,2,7.966434955596924,4
d256h4L8,6033664,1024,aitdcc_b_c_source,3,7.933555960655212,4
d256h4L8,6033664,1024,aitdcc_b_c_source,4,7.913904666900635,4
d256h4L8,6033664,1024,aitdcc_d_glibc_rand,1,8.102217435836792,4
d256h4L8,6033664,1024,aitdcc_d_glibc_rand,2,8.062567869822184,4
d256h4L8,6033664,1024,aitdcc_d_glibc_rand,3,8.04671025276184,4
d256h4L8,6033664,1024,aitdcc_d_glibc_rand,4,8.037825584411621,4
d256h4L8,6033664,1024,aitdcc_e_atlas_float32,1,8.04851245880127,4
d256h4L8,6033664,1024,aitdcc_e_atlas_float32,2,8.015340010325113,4
d256h4L8,6033664,1024,aitdcc_e_atlas_float32,3,8.00198769569397,4
d256h4L8,6033664,1024,aitdcc_e_atlas_float32,4,7.994538307189941,4
d256h4L8,6033664,1024,aitdcc_g_astronomy,1,5.8362812995910645,4
d256h4L8,6033664,1024,aitdcc_g_astronomy,2,5.605507453282674,4
d256h4L8,6033664,1024,aitdcc_g_astronomy,3,5.536119222640991,4
d256h4L8,6033664,1024,aitdcc_g_astronomy,4,5.506303310394287,4
d256h4L8,6033664,1024,llm_compression_python,1,7.5474419593811035,4
d256h4L8,6033664,1024,llm_compression_python,2,7.387383063634236,4
d256h4L8,6033664,1024,llm_compression_python,3,7.311228394508362,4
d256h4L8,6033664,1024,llm_compression_python,4,7.267909049987793,4
d256h4L8,6033664,1024,llm_compression_cc,1,7.934380888938904,4
d256h4L8,6033664,1024,llm_compression_cc,2,7.828577836354573,4
d256h4L8,6033664,1024,llm_compression_cc,3,7.776287198066711,4
d256h4L8,6033664,1024,llm_compression_cc,4,7.745398998260498,4
d256h4L8,6033664,1024,llm_compression_arxiv_math,1,7.942532181739807,4
d256h4L8,6033664,1024,llm_compression_arxiv_math,2,7.855974435806274,4
d256h4L8,6033664,1024,llm_compression_arxiv_math,3,7.814428210258484,4
d256h4L8,6033664,1024,llm_compression_arxiv_math,4,7.789996147155762,4
d256h4L8,6033664,1024,esc50_pcm8,1,8.112396836280823,4
d256h4L8,6033664,1024,esc50_pcm8,2,8.066209634145102,4
d256h4L8,6033664,1024,esc50_pcm8,3,8.044691324234009,4
d256h4L8,6033664,1024,esc50_pcm8,4,8.031728744506836,4
d256h4L8,6033664,1024,esc50_pcm8_11khz,1,8.120668888092041,4
d256h4L8,6033664,1024,esc50_pcm8_11khz,2,8.077655792236328,4
d256h4L8,6033664,1024,esc50_pcm8_11khz,3,8.057787775993347,4
d256h4L8,6033664,1024,esc50_pcm8_11khz,4,8.0458984375,4
d256h4L8,6033664,1024,musicnet_pcm8,1,8.050275325775146,4
d256h4L8,6033664,1024,musicnet_pcm8,2,8.008103052775065,4
d256h4L8,6033664,1024,musicnet_pcm8,3,7.987595915794373,4
d256h4L8,6033664,1024,musicnet_pcm8,4,7.974793434143066,4
d256h4L8,6033664,1024,musicnet_pcm8_11khz,1,8.077261090278625,4
d256h4L8,6033664,1024,musicnet_pcm8_11khz,2,8.034520626068115,4
d256h4L8,6033664,1024,musicnet_pcm8_11khz,3,8.01421058177948,4
d256h4L8,6033664,1024,musicnet_pcm8_11khz,4,8.001789093017578,4
d256h4L8,6033664,1280,dclm,1,7.985879421234131,4
d256h4L8,6033664,1280,dclm,2,7.826848268508911,4
d256h4L8,6033664,1280,dclm,3,7.727304816246033,4
d256h4L8,6033664,1280,dclm,4,7.65084171295166,4
d256h4L8,6033664,1280,dclm_ranked,1,6.898653626441956,4
d256h4L8,6033664,1280,dclm_ranked,2,6.6233406861623125,4
d256h4L8,6033664,1280,dclm_ranked,3,6.524466156959534,4
d256h4L8,6033664,1280,dclm_ranked,4,6.471424579620361,4
d256h4L8,6033664,1280,dna,1,4.64009165763855,4
d256h4L8,6033664,1280,dna,2,4.192264080047607,4
d256h4L8,6033664,1280,dna,3,4.056786358356476,4
d256h4L8,6033664,1280,dna,4,3.991015911102295,4
d256h4L8,6033664,1280,arithmetic,1,8.068517923355103,4
d256h4L8,6033664,1280,arithmetic,2,8.031637827555338,4
d256h4L8,6033664,1280,arithmetic,3,8.017361640930176,4
d256h4L8,6033664,1280,arithmetic,4,8.0095853805542,4
d256h4L8,6033664,1280,audio_8bit,1,4.768849492073059,4
d256h4L8,6033664,1280,audio_8bit,2,4.446562131245931,4
d256h4L8,6033664,1280,audio_8bit,3,4.339035272598267,4
d256h4L8,6033664,1280,audio_8bit,4,4.283487796783447,4
d256h4L8,6033664,1280,audio_16bit,1,6.36445677280426,4
d256h4L8,6033664,1280,audio_16bit,2,6.210455814997355,4
d256h4L8,6033664,1280,audio_16bit,3,6.158185839653015,4
d256h4L8,6033664,1280,audio_16bit,4,6.131244659423828,4
d256h4L8,6033664,1280,speech_commands_pcm8,1,8.311220407485962,4
d256h4L8,6033664,1280,speech_commands_pcm8,2,8.214898268381754,4
d256h4L8,6033664,1280,speech_commands_pcm8,3,8.194885969161987,4
d256h4L8,6033664,1280,speech_commands_pcm8,4,8.1853666305542,4
d256h4L8,6033664,1280,speech_commands_pcm8_8khz,1,8.357728958129883,4
d256h4L8,6033664,1280,speech_commands_pcm8_8khz,2,8.24848206837972,4
d256h4L8,6033664,1280,speech_commands_pcm8_8khz,3,8.226391792297363,4
d256h4L8,6033664,1280,speech_commands_pcm8_8khz,4,8.215984344482422,4
d256h4L8,6033664,1280,mutopia_melody_16th,1,8.223262548446655,4
d256h4L8,6033664,1280,mutopia_melody_16th,2,8.186344941457113,4
d256h4L8,6033664,1280,mutopia_melody_16th,3,8.173918724060059,4
d256h4L8,6033664,1280,mutopia_melody_16th,4,8.167516708374023,4
d256h4L8,6033664,1280,cifar10_rgb_planar,1,7.949953675270081,4
d256h4L8,6033664,1280,cifar10_rgb_planar,2,7.904927094777425,4
d256h4L8,6033664,1280,cifar10_rgb_planar,3,7.887460112571716,4
d256h4L8,6033664,1280,cifar10_rgb_planar,4,7.877954006195068,4
d256h4L8,6033664,1280,cifar10_rgb_hwc,1,7.927585124969482,4
d256h4L8,6033664,1280,cifar10_rgb_hwc,2,7.884660164515178,4
d256h4L8,6033664,1280,cifar10_rgb_hwc,3,7.867934942245483,4
d256h4L8,6033664,1280,cifar10_rgb_hwc,4,7.8588337898254395,4
d256h4L8,6033664,1280,kolmogorov_text,1,8.007471323013306,4
d256h4L8,6033664,1280,kolmogorov_text,2,7.881731271743774,4
d256h4L8,6033664,1280,kolmogorov_text,3,7.804991602897644,4
d256h4L8,6033664,1280,kolmogorov_text,4,7.746891021728516,4
d256h4L8,6033664,1280,kolmogorov_dna,1,5.839847922325134,4
d256h4L8,6033664,1280,kolmogorov_dna,2,5.5035858154296875,4
d256h4L8,6033664,1280,kolmogorov_dna,3,5.397628307342529,4
d256h4L8,6033664,1280,kolmogorov_dna,4,5.346339225769043,4
d256h4L8,6033664,1280,metamath,1,7.750007152557373,4
d256h4L8,6033664,1280,metamath,2,7.5422593752543134,4
d256h4L8,6033664,1280,metamath,3,7.433656692504883,4
d256h4L8,6033664,1280,metamath,4,7.359646797180176,4
d256h4L8,6033664,1280,aitdcc_a_protein,1,7.937121748924255,4
d256h4L8,6033664,1280,aitdcc_a_protein,2,7.892328103383382,4
d256h4L8,6033664,1280,aitdcc_a_protein,3,7.875138163566589,4
d256h4L8,6033664,1280,aitdcc_a_protein,4,7.866570472717285,4
d256h4L8,6033664,1280,aitdcc_b_c_source,1,8.038092136383057,4
d256h4L8,6033664,1280,aitdcc_b_c_source,2,7.9493435223897295,4
d256h4L8,6033664,1280,aitdcc_b_c_source,3,7.899653077125549,4
d256h4L8,6033664,1280,aitdcc_b_c_source,4,7.864409446716309,4
d256h4L8,6033664,1280,aitdcc_d_glibc_rand,1,8.082480430603027,4
d256h4L8,6033664,1280,aitdcc_d_glibc_rand,2,8.048354148864746,4
d256h4L8,6033664,1280,aitdcc_d_glibc_rand,3,8.035041332244873,4
d256h4L8,6033664,1280,aitdcc_d_glibc_rand,4,8.027827262878418,4
d256h4L8,6033664,1280,aitdcc_e_atlas_float32,1,8.079766750335693,4
d256h4L8,6033664,1280,aitdcc_e_atlas_float32,2,8.042569080988565,4
d256h4L8,6033664,1280,aitdcc_e_atlas_float32,3,8.028120875358582,4
d256h4L8,6033664,1280,aitdcc_e_atlas_float32,4,8.020306587219238,4
d256h4L8,6033664,1280,aitdcc_g_astronomy,1,6.142789602279663,4
d256h4L8,6033664,1280,aitdcc_g_astronomy,2,5.809739828109741,4
d256h4L8,6033664,1280,aitdcc_g_astronomy,3,5.75298535823822,4
d256h4L8,6033664,1280,aitdcc_g_astronomy,4,5.726495742797852,4
d256h4L8,6033664,1280,llm_compression_python,1,7.405954718589783,4
d256h4L8,6033664,1280,llm_compression_python,2,7.1901783148447675,4
d256h4L8,6033664,1280,llm_compression_python,3,7.082451820373535,4
d256h4L8,6033664,1280,llm_compression_python,4,7.00832462310791,4
d256h4L8,6033664,1280,llm_compression_cc,1,8.003982305526733,4
d256h4L8,6033664,1280,llm_compression_cc,2,7.851720968882243,4
d256h4L8,6033664,1280,llm_compression_cc,3,7.7560940980911255,4
d256h4L8,6033664,1280,llm_compression_cc,4,7.68253231048584,4
d256h4L8,6033664,1280,llm_compression_arxiv_math,1,7.973955273628235,4
d256h4L8,6033664,1280,llm_compression_arxiv_math,2,7.858837127685547,4
d256h4L8,6033664,1280,llm_compression_arxiv_math,3,7.792510747909546,4
d256h4L8,6033664,1280,llm_compression_arxiv_math,4,7.743773460388184,4
d256h4L8,6033664,1280,esc50_pcm8,1,8.257698893547058,4
d256h4L8,6033664,1280,esc50_pcm8,2,8.174357732137045,4
d256h4L8,6033664,1280,esc50_pcm8,3,8.155649423599243,4
d256h4L8,6033664,1280,esc50_pcm8,4,8.146513938903809,4
d256h4L8,6033664,1280,esc50_pcm8_11khz,1,8.254846572875977,4
d256h4L8,6033664,1280,esc50_pcm8_11khz,2,8.178001880645752,4
d256h4L8,6033664,1280,esc50_pcm8_11khz,3,8.160807132720947,4
d256h4L8,6033664,1280,esc50_pcm8_11khz,4,8.152466773986816,4
d256h4L8,6033664,1280,musicnet_pcm8,1,8.059578657150269,4
d256h4L8,6033664,1280,musicnet_pcm8,2,8.030277570088705,4
d256h4L8,6033664,1280,musicnet_pcm8,3,8.018316507339478,4
d256h4L8,6033664,1280,musicnet_pcm8,4,8.011659622192383,4
d256h4L8,6033664,1280,musicnet_pcm8_11khz,1,8.151119112968445,4
d256h4L8,6033664,1280,musicnet_pcm8_11khz,2,8.102850278218588,4
d256h4L8,6033664,1280,musicnet_pcm8_11khz,3,8.08951187133789,4
d256h4L8,6033664,1280,musicnet_pcm8_11khz,4,8.08266544342041,4
d256h4L8,6033664,1536,dclm,1,7.868443012237549,4
d256h4L8,6033664,1536,dclm,2,7.804315646489461,4
d256h4L8,6033664,1536,dclm,3,7.777815818786621,4
d256h4L8,6033664,1536,dclm,4,7.762853145599365,4
d256h4L8,6033664,1536,dclm_ranked,1,6.927949547767639,4
d256h4L8,6033664,1536,dclm_ranked,2,6.662974993387858,4
d256h4L8,6033664,1536,dclm_ranked,3,6.561697483062744,4
d256h4L8,6033664,1536,dclm_ranked,4,6.506402969360352,4
d256h4L8,6033664,1536,dna,1,4.521663546562195,4
d256h4L8,6033664,1536,dna,2,4.0376938581466675,4
d256h4L8,6033664,1536,dna,3,3.851674497127533,4
d256h4L8,6033664,1536,dna,4,3.750689744949341,4
d256h4L8,6033664,1536,arithmetic,1,8.037220001220703,4
d256h4L8,6033664,1536,arithmetic,2,8.008304119110107,4
d256h4L8,6033664,1536,arithmetic,3,7.997339606285095,4
d256h4L8,6033664,1536,arithmetic,4,7.991415500640869,4
d256h4L8,6033664,1536,audio_8bit,1,4.781281352043152,4
d256h4L8,6033664,1536,audio_8bit,2,4.491818269093831,4
d256h4L8,6033664,1536,audio_8bit,3,4.388727068901062,4
d256h4L8,6033664,1536,audio_8bit,4,4.333776950836182,4
d256h4L8,6033664,1536,audio_16bit,1,6.290683627128601,4
d256h4L8,6033664,1536,audio_16bit,2,6.148787180582683,4
d256h4L8,6033664,1536,audio_16bit,3,6.097465395927429,4
d256h4L8,6033664,1536,audio_16bit,4,6.070878028869629,4
d256h4L8,6033664,1536,speech_commands_pcm8,1,7.959064483642578,4
d256h4L8,6033664,1536,speech_commands_pcm8,2,7.915874719619751,4
d256h4L8,6033664,1536,speech_commands_pcm8,3,7.898981809616089,4
d256h4L8,6033664,1536,speech_commands_pcm8,4,7.889717102050781,4
d256h4L8,6033664,1536,speech_commands_pcm8_8khz,1,7.952724456787109,4
d256h4L8,6033664,1536,speech_commands_pcm8_8khz,2,7.908945083618164,4
d256h4L8,6033664,1536,speech_commands_pcm8_8khz,3,7.891176700592041,4
d256h4L8,6033664,1536,speech_commands_pcm8_8khz,4,7.881383419036865,4
d256h4L8,6033664,1536,mutopia_melody_16th,1,8.065618753433228,4
d256h4L8,6033664,1536,mutopia_melody_16th,2,8.03823741277059,4
d256h4L8,6033664,1536,mutopia_melody_16th,3,8.028152585029602,4
d256h4L8,6033664,1536,mutopia_melody_16th,4,8.02272891998291,4
d256h4L8,6033664,1536,cifar10_rgb_planar,1,7.918811082839966,4
d256h4L8,6033664,1536,cifar10_rgb_planar,2,7.883667945861816,4
d256h4L8,6033664,1536,cifar10_rgb_planar,3,7.869898080825806,4
d256h4L8,6033664,1536,cifar10_rgb_planar,4,7.862376689910889,4
d256h4L8,6033664,1536,cifar10_rgb_hwc,1,7.8929784297943115,4
d256h4L8,6033664,1536,cifar10_rgb_hwc,2,7.85895053545634,4
d256h4L8,6033664,1536,cifar10_rgb_hwc,3,7.845559358596802,4
d256h4L8,6033664,1536,cifar10_rgb_hwc,4,7.838259220123291,4
d256h4L8,6033664,1536,kolmogorov_text,1,7.903584122657776,4
d256h4L8,6033664,1536,kolmogorov_text,2,7.851699749628703,4
d256h4L8,6033664,1536,kolmogorov_text,3,7.83070969581604,4
d256h4L8,6033664,1536,kolmogorov_text,4,7.819033622741699,4
d256h4L8,6033664,1536,kolmogorov_dna,1,5.4914326667785645,4
d256h4L8,6033664,1536,kolmogorov_dna,2,5.019245862960815,4
d256h4L8,6033664,1536,kolmogorov_dna,3,4.813087582588196,4
d256h4L8,6033664,1536,kolmogorov_dna,4,4.68748664855957,4
d256h4L8,6033664,1536,metamath,1,7.65806770324707,4
d256h4L8,6033664,1536,metamath,2,7.540887355804443,4
d256h4L8,6033664,1536,metamath,3,7.489534258842468,4
d256h4L8,6033664,1536,metamath,4,7.459355354309082,4
d256h4L8,6033664,1536,aitdcc_a_protein,1,7.931575298309326,4
d256h4L8,6033664,1536,aitdcc_a_protein,2,7.89961838722229,4
d256h4L8,6033664,1536,aitdcc_a_protein,3,7.886451363563538,4
d256h4L8,6033664,1536,aitdcc_a_protein,4,7.879182815551758,4
d256h4L8,6033664,1536,aitdcc_b_c_source,1,7.975711464881897,4
d256h4L8,6033664,1536,aitdcc_b_c_source,2,7.936525821685791,4
d256h4L8,6033664,1536,aitdcc_b_c_source,3,7.9214091300964355,4
d256h4L8,6033664,1536,aitdcc_b_c_source,4,7.913419723510742,4
d256h4L8,6033664,1536,aitdcc_d_glibc_rand,1,8.056561708450317,4
d256h4L8,6033664,1536,aitdcc_d_glibc_rand,2,8.033490816752115,4
d256h4L8,6033664,1536,aitdcc_d_glibc_rand,3,8.024714708328247,4
d256h4L8,6033664,1536,aitdcc_d_glibc_rand,4,8.02001953125,4
d256h4L8,6033664,1536,aitdcc_e_atlas_float32,1,8.060784578323364,4
d256h4L8,6033664,1536,aitdcc_e_atlas_float32,2,8.040009021759033,4
d256h4L8,6033664,1536,aitdcc_e_atlas_float32,3,8.032051086425781,4
d256h4L8,6033664,1536,aitdcc_e_atlas_float32,4,8.027771949768066,4
d256h4L8,6033664,1536,aitdcc_g_astronomy,1,5.194799065589905,4
d256h4L8,6033664,1536,aitdcc_g_astronomy,2,4.787052234013875,4
d256h4L8,6033664,1536,aitdcc_g_astronomy,3,4.713158130645752,4
d256h4L8,6033664,1536,aitdcc_g_astronomy,4,4.686718940734863,4
d256h4L8,6033664,1536,llm_compression_python,1,7.307528972625732,4
d256h4L8,6033664,1536,llm_compression_python,2,7.189351717631022,4
d256h4L8,6033664,1536,llm_compression_python,3,7.13835883140564,4
d256h4L8,6033664,1536,llm_compression_python,4,7.109570026397705,4
d256h4L8,6033664,1536,llm_compression_cc,1,7.884153842926025,4
d256h4L8,6033664,1536,llm_compression_cc,2,7.823544979095459,4
d256h4L8,6033664,1536,llm_compression_cc,3,7.798637509346008,4
d256h4L8,6033664,1536,llm_compression_cc,4,7.784609794616699,4
d256h4L8,6033664,1536,llm_compression_arxiv_math,1,7.863512396812439,4
d256h4L8,6033664,1536,llm_compression_arxiv_math,2,7.80994709332784,4
d256h4L8,6033664,1536,llm_compression_arxiv_math,3,7.788586974143982,4
d256h4L8,6033664,1536,llm_compression_arxiv_math,4,7.7767815589904785,4
d256h4L8,6033664,1536,esc50_pcm8,1,8.02938711643219,4
d256h4L8,6033664,1536,esc50_pcm8,2,7.954526424407959,4
d256h4L8,6033664,1536,esc50_pcm8,3,7.934735298156738,4
d256h4L8,6033664,1536,esc50_pcm8,4,7.924514293670654,4
d256h4L8,6033664,1536,esc50_pcm8_11khz,1,8.030806183815002,4
d256h4L8,6033664,1536,esc50_pcm8_11khz,2,7.964091618855794,4
d256h4L8,6033664,1536,esc50_pcm8_11khz,3,7.946306109428406,4
d256h4L8,6033664,1536,esc50_pcm8_11khz,4,7.937154293060303,4
d256h4L8,6033664,1536,musicnet_pcm8,1,7.949285626411438,4
d256h4L8,6033664,1536,musicnet_pcm8,2,7.91669758160909,4
d256h4L8,6033664,1536,musicnet_pcm8,3,7.903207182884216,4
d256h4L8,6033664,1536,musicnet_pcm8,4,7.895699501037598,4
d256h4L8,6033664,1536,musicnet_pcm8_11khz,1,7.966243743896484,4
d256h4L8,6033664,1536,musicnet_pcm8_11khz,2,7.930500904719035,4
d256h4L8,6033664,1536,musicnet_pcm8_11khz,3,7.91678512096405,4
d256h4L8,6033664,1536,musicnet_pcm8_11khz,4,7.909304141998291,4
d256h4L8,6033664,1792,dclm,1,7.874076247215271,4
d256h4L8,6033664,1792,dclm,2,7.81574018796285,4
d256h4L8,6033664,1792,dclm,3,7.790580153465271,4
d256h4L8,6033664,1792,dclm,4,7.775766372680664,4
d256h4L8,6033664,1792,dclm_ranked,1,6.899564981460571,4
d256h4L8,6033664,1792,dclm_ranked,2,6.593677997589111,4
d256h4L8,6033664,1792,dclm_ranked,3,6.481923222541809,4
d256h4L8,6033664,1792,dclm_ranked,4,6.421326637268066,4
d256h4L8,6033664,1792,dna,1,4.520994544029236,4
d256h4L8,6033664,1792,dna,2,3.981455643971761,4
d256h4L8,6033664,1792,dna,3,3.7967609763145447,4
d256h4L8,6033664,1792,dna,4,3.7018463611602783,4
d256h4L8,6033664,1792,arithmetic,1,8.023547649383545,4
d256h4L8,6033664,1792,arithmetic,2,7.999372243881226,4
d256h4L8,6033664,1792,arithmetic,3,7.9905723333358765,4
d256h4L8,6033664,1792,arithmetic,4,7.985914707183838,4
d256h4L8,6033664,1792,audio_8bit,1,4.641146183013916,4
d256h4L8,6033664,1792,audio_8bit,2,4.3211008707682295,4
d256h4L8,6033664,1792,audio_8bit,3,4.2056838274002075,4
d256h4L8,6033664,1792,audio_8bit,4,4.142019748687744,4
d256h4L8,6033664,1792,audio_16bit,1,6.282638311386108,4
d256h4L8,6033664,1792,audio_16bit,2,6.128523747126262,4
d256h4L8,6033664,1792,audio_16bit,3,6.073484897613525,4
d256h4L8,6033664,1792,audio_16bit,4,6.044415473937988,4
d256h4L8,6033664,1792,speech_commands_pcm8,1,7.834247827529907,4
d256h4L8,6033664,1792,speech_commands_pcm8,2,7.771999359130859,4
d256h4L8,6033664,1792,speech_commands_pcm8,3,7.74333381652832,4
d256h4L8,6033664,1792,speech_commands_pcm8,4,7.726324558258057,4
d256h4L8,6033664,1792,speech_commands_pcm8_8khz,1,7.8233901262283325,4
d256h4L8,6033664,1792,speech_commands_pcm8_8khz,2,7.756625811258952,4
d256h4L8,6033664,1792,speech_commands_pcm8_8khz,3,7.725621461868286,4
d256h4L8,6033664,1792,speech_commands_pcm8_8khz,4,7.707123756408691,4
d256h4L8,6033664,1792,mutopia_melody_16th,1,7.82565701007843,4
d256h4L8,6033664,1792,mutopia_melody_16th,2,7.7702287038167315,4
d256h4L8,6033664,1792,mutopia_melody_16th,3,7.746700167655945,4
d256h4L8,6033664,1792,mutopia_melody_16th,4,7.733511447906494,4
d256h4L8,6033664,1792,cifar10_rgb_planar,1,7.898616075515747,4
d256h4L8,6033664,1792,cifar10_rgb_planar,2,7.8651407559712725,4
d256h4L8,6033664,1792,cifar10_rgb_planar,3,7.851988077163696,4
d256h4L8,6033664,1792,cifar10_rgb_planar,4,7.844618320465088,4
d256h4L8,6033664,1792,cifar10_rgb_hwc,1,7.876062512397766,4
d256h4L8,6033664,1792,cifar10_rgb_hwc,2,7.84417724609375,4
d256h4L8,6033664,1792,cifar10_rgb_hwc,3,7.831631422042847,4
d256h4L8,6033664,1792,cifar10_rgb_hwc,4,7.824552059173584,4
d256h4L8,6033664,1792,kolmogorov_text,1,7.890055775642395,4
d256h4L8,6033664,1792,kolmogorov_text,2,7.8433583577473955,4
d256h4L8,6033664,1792,kolmogorov_text,3,7.8235132694244385,4
d256h4L8,6033664,1792,kolmogorov_text,4,7.81193208694458,4
d256h4L8,6033664,1792,kolmogorov_dna,1,5.318345904350281,4
d256h4L8,6033664,1792,kolmogorov_dna,2,4.732258637746175,4
d256h4L8,6033664,1792,kolmogorov_dna,3,4.515284538269043,4
d256h4L8,6033664,1792,kolmogorov_dna,4,4.393890380859375,4
d256h4L8,6033664,1792,metamath,1,7.716083645820618,4
d256h4L8,6033664,1792,metamath,2,7.577544291814168,4
d256h4L8,6033664,1792,metamath,3,7.509149074554443,4
d256h4L8,6033664,1792,metamath,4,7.463511943817139,4
d256h4L8,6033664,1792,aitdcc_a_protein,1,7.910669922828674,4
d256h4L8,6033664,1792,aitdcc_a_protein,2,7.876544078191121,4
d256h4L8,6033664,1792,aitdcc_a_protein,3,7.863171458244324,4
d256h4L8,6033664,1792,aitdcc_a_protein,4,7.855989456176758,4
d256h4L8,6033664,1792,aitdcc_b_c_source,1,7.922365307807922,4
d256h4L8,6033664,1792,aitdcc_b_c_source,2,7.885288556416829,4
d256h4L8,6033664,1792,aitdcc_b_c_source,3,7.870566368103027,4
d256h4L8,6033664,1792,aitdcc_b_c_source,4,7.862371921539307,4
d256h4L8,6033664,1792,aitdcc_d_glibc_rand,1,8.050670862197876,4
d256h4L8,6033664,1792,aitdcc_d_glibc_rand,2,8.029882113138834,4
d256h4L8,6033664,1792,aitdcc_d_glibc_rand,3,8.022207260131836,4
d256h4L8,6033664,1792,aitdcc_d_glibc_rand,4,8.018169403076172,4
d256h4L8,6033664,1792,aitdcc_e_atlas_float32,1,8.032902002334595,4
d256h4L8,6033664,1792,aitdcc_e_atlas_float32,2,8.014922857284546,4
d256h4L8,6033664,1792,aitdcc_e_atlas_float32,3,8.008275270462036,4
d256h4L8,6033664,1792,aitdcc_e_atlas_float32,4,8.00477123260498,4
d256h4L8,6033664,1792,aitdcc_g_astronomy,1,5.119732022285461,4
d256h4L8,6033664,1792,aitdcc_g_astronomy,2,4.912125746409099,4
d256h4L8,6033664,1792,aitdcc_g_astronomy,3,4.854937672615051,4
d256h4L8,6033664,1792,aitdcc_g_astronomy,4,4.830327987670898,4
d256h4L8,6033664,1792,llm_compression_python,1,7.485780239105225,4
d256h4L8,6033664,1792,llm_compression_python,2,7.345275402069092,4
d256h4L8,6033664,1792,llm_compression_python,3,7.280850291252136,4
d256h4L8,6033664,1792,llm_compression_python,4,7.242834568023682,4
d256h4L8,6033664,1792,llm_compression_cc,1,7.882483601570129,4
d256h4L8,6033664,1792,llm_compression_cc,2,7.828500906626384,4
d256h4L8,6033664,1792,llm_compression_cc,3,7.805618643760681,4
d256h4L8,6033664,1792,llm_compression_cc,4,7.792303562164307,4
d256h4L8,6033664,1792,llm_compression_arxiv_math,1,7.884946823120117,4
d256h4L8,6033664,1792,llm_compression_arxiv_math,2,7.829358259836833,4
d256h4L8,6033664,1792,llm_compression_arxiv_math,3,7.806178689002991,4
d256h4L8,6033664,1792,llm_compression_arxiv_math,4,7.7935614585876465,4
d256h4L8,6033664,1792,esc50_pcm8,1,7.836144208908081,4
d256h4L8,6033664,1792,esc50_pcm8,2,7.77452031771342,4
d256h4L8,6033664,1792,esc50_pcm8,3,7.74583888053894,4
d256h4L8,6033664,1792,esc50_pcm8,4,7.728760719299316,4
d256h4L8,6033664,1792,esc50_pcm8_11khz,1,7.861760377883911,4
d256h4L8,6033664,1792,esc50_pcm8_11khz,2,7.806777795155843,4
d256h4L8,6033664,1792,esc50_pcm8_11khz,3,7.781508922576904,4
d256h4L8,6033664,1792,esc50_pcm8_11khz,4,7.766570091247559,4
d256h4L8,6033664,1792,musicnet_pcm8,1,7.9242740869522095,4
d256h4L8,6033664,1792,musicnet_pcm8,2,7.8944118817647295,4
d256h4L8,6033664,1792,musicnet_pcm8,3,7.8813934326171875,4
d256h4L8,6033664,1792,musicnet_pcm8,4,7.873931884765625,4
d256h4L8,6033664,1792,musicnet_pcm8_11khz,1,7.913689851760864,4
d256h4L8,6033664,1792,musicnet_pcm8_11khz,2,7.875917752583821,4
d256h4L8,6033664,1792,musicnet_pcm8_11khz,3,7.85904860496521,4
d256h4L8,6033664,1792,musicnet_pcm8_11khz,4,7.849234580993652,4
d256h4L8,6033664,2048,dclm,1,7.90044367313385,4
d256h4L8,6033664,2048,dclm,2,7.804344018300374,4
d256h4L8,6033664,2048,dclm,3,7.770254373550415,4
d256h4L8,6033664,2048,dclm,4,7.752805233001709,4
d256h4L8,6033664,2048,dclm_ranked,1,7.016531229019165,4
d256h4L8,6033664,2048,dclm_ranked,2,6.6484596729278564,4
d256h4L8,6033664,2048,dclm_ranked,3,6.502614974975586,4
d256h4L8,6033664,2048,dclm_ranked,4,6.423974514007568,4
d256h4L8,6033664,2048,dna,1,4.643191337585449,4
d256h4L8,6033664,2048,dna,2,3.9971240758895874,4
d256h4L8,6033664,2048,dna,3,3.738107740879059,4
d256h4L8,6033664,2048,dna,4,3.6014528274536133,4
d256h4L8,6033664,2048,arithmetic,1,8.038195133209229,4
d256h4L8,6033664,2048,arithmetic,2,8.006776332855225,4
d256h4L8,6033664,2048,arithmetic,3,7.995049834251404,4
d256h4L8,6033664,2048,arithmetic,4,7.988853454589844,4
d256h4L8,6033664,2048,audio_8bit,1,4.78467583656311,4
d256h4L8,6033664,2048,audio_8bit,2,4.414498567581177,4
d256h4L8,6033664,2048,audio_8bit,3,4.278605818748474,4
d256h4L8,6033664,2048,audio_8bit,4,4.206168174743652,4
d256h4L8,6033664,2048,audio_16bit,1,6.3291175365448,4
d256h4L8,6033664,2048,audio_16bit,2,6.164146900177002,4
d256h4L8,6033664,2048,audio_16bit,3,6.104259967803955,4
d256h4L8,6033664,2048,audio_16bit,4,6.072681903839111,4
d256h4L8,6033664,2048,speech_commands_pcm8,1,7.740427613258362,4
d256h4L8,6033664,2048,speech_commands_pcm8,2,7.4779430230458575,4
d256h4L8,6033664,2048,speech_commands_pcm8,3,7.3193992376327515,4
d256h4L8,6033664,2048,speech_commands_pcm8,4,7.20102071762085,4
d256h4L8,6033664,2048,speech_commands_pcm8_8khz,1,7.728229999542236,4
d256h4L8,6033664,2048,speech_commands_pcm8_8khz,2,7.4225687980651855,4
d256h4L8,6033664,2048,speech_commands_pcm8_8khz,3,7.239564776420593,4
d256h4L8,6033664,2048,speech_commands_pcm8_8khz,4,7.102822303771973,4
d256h4L8,6033664,2048,mutopia_melody_16th,1,8.02626097202301,4
d256h4L8,6033664,2048,mutopia_melody_16th,2,8.003072738647461,4
d256h4L8,6033664,2048,mutopia_melody_16th,3,7.99422824382782,4
d256h4L8,6033664,2048,mutopia_melody_16th,4,7.98953104019165,4
d256h4L8,6033664,2048,cifar10_rgb_planar,1,7.907646656036377,4
d256h4L8,6033664,2048,cifar10_rgb_planar,2,7.865631500879924,4
d256h4L8,6033664,2048,cifar10_rgb_planar,3,7.84946072101593,4
d256h4L8,6033664,2048,cifar10_rgb_planar,4,7.840689182281494,4
d256h4L8,6033664,2048,cifar10_rgb_hwc,1,7.883569717407227,4
d256h4L8,6033664,2048,cifar10_rgb_hwc,2,7.843489011128743,4
d256h4L8,6033664,2048,cifar10_rgb_hwc,3,7.828163266181946,4
d256h4L8,6033664,2048,cifar10_rgb_hwc,4,7.819879055023193,4
d256h4L8,6033664,2048,kolmogorov_text,1,7.930529832839966,4
d256h4L8,6033664,2048,kolmogorov_text,2,7.854578177134196,4
d256h4L8,6033664,2048,kolmogorov_text,3,7.828451871871948,4
d256h4L8,6033664,2048,kolmogorov_text,4,7.815304279327393,4
d256h4L8,6033664,2048,kolmogorov_dna,1,5.436099410057068,4
d256h4L8,6033664,2048,kolmogorov_dna,2,4.712021191914876,4
d256h4L8,6033664,2048,kolmogorov_dna,3,4.403322100639343,4
d256h4L8,6033664,2048,kolmogorov_dna,4,4.238380432128906,4
d256h4L8,6033664,2048,metamath,1,7.643142342567444,4
d256h4L8,6033664,2048,metamath,2,7.471275329589844,4
d256h4L8,6033664,2048,metamath,3,7.400749683380127,4
d256h4L8,6033664,2048,metamath,4,7.359179496765137,4
d256h4L8,6033664,2048,aitdcc_a_protein,1,7.904839515686035,4
d256h4L8,6033664,2048,aitdcc_a_protein,2,7.872003475824992,4
d256h4L8,6033664,2048,aitdcc_a_protein,3,7.858699798583984,4
d256h4L8,6033664,2048,aitdcc_a_protein,4,7.85139799118042,4
d256h4L8,6033664,2048,aitdcc_b_c_source,1,7.984635591506958,4
d256h4L8,6033664,2048,aitdcc_b_c_source,2,7.933059453964233,4
d256h4L8,6033664,2048,aitdcc_b_c_source,3,7.914378523826599,4
d256h4L8,6033664,2048,aitdcc_b_c_source,4,7.904467582702637,4
d256h4L8,6033664,2048,aitdcc_d_glibc_rand,1,8.067016363143921,4
d256h4L8,6033664,2048,aitdcc_d_glibc_rand,2,8.039034366607666,4
d256h4L8,6033664,2048,aitdcc_d_glibc_rand,3,8.02870488166809,4
d256h4L8,6033664,2048,aitdcc_d_glibc_rand,4,8.023295402526855,4
d256h4L8,6033664,2048,aitdcc_e_atlas_float32,1,8.042726397514343,4
d256h4L8,6033664,2048,aitdcc_e_atlas_float32,2,8.016266743342081,4
d256h4L8,6033664,2048,aitdcc_e_atlas_float32,3,8.006391525268555,4
d256h4L8,6033664,2048,aitdcc_e_atlas_float32,4,8.001200675964355,4
d256h4L8,6033664,2048,aitdcc_g_astronomy,1,5.423931121826172,4
d256h4L8,6033664,2048,aitdcc_g_astronomy,2,4.989803632100423,4
d256h4L8,6033664,2048,aitdcc_g_astronomy,3,4.828563809394836,4
d256h4L8,6033664,2048,aitdcc_g_astronomy,4,4.780795574188232,4
d256h4L8,6033664,2048,llm_compression_python,1,7.355944037437439,4
d256h4L8,6033664,2048,llm_compression_python,2,7.213984409968059,4
d256h4L8,6033664,2048,llm_compression_python,3,7.163026809692383,4
d256h4L8,6033664,2048,llm_compression_python,4,7.137345314025879,4
d256h4L8,6033664,2048,llm_compression_cc,1,7.913427472114563,4
d256h4L8,6033664,2048,llm_compression_cc,2,7.823206424713135,4
d256h4L8,6033664,2048,llm_compression_cc,3,7.79153835773468,4
d256h4L8,6033664,2048,llm_compression_cc,4,7.775317668914795,4
d256h4L8,6033664,2048,llm_compression_arxiv_math,1,7.900918126106262,4
d256h4L8,6033664,2048,llm_compression_arxiv_math,2,7.827890952428182,4
d256h4L8,6033664,2048,llm_compression_arxiv_math,3,7.800823211669922,4
d256h4L8,6033664,2048,llm_compression_arxiv_math,4,7.786378383636475,4
d256h4L8,6033664,2048,esc50_pcm8,1,7.796976923942566,4
d256h4L8,6033664,2048,esc50_pcm8,2,7.607998212178548,4
d256h4L8,6033664,2048,esc50_pcm8,3,7.4944586753845215,4
d256h4L8,6033664,2048,esc50_pcm8,4,7.4103593826293945,4
d256h4L8,6033664,2048,esc50_pcm8_11khz,1,7.8187055587768555,4
d256h4L8,6033664,2048,esc50_pcm8_11khz,2,7.636555353800456,4
d256h4L8,6033664,2048,esc50_pcm8_11khz,3,7.527805209159851,4
d256h4L8,6033664,2048,esc50_pcm8_11khz,4,7.447564125061035,4
d256h4L8,6033664,2048,musicnet_pcm8,1,7.868437886238098,4
d256h4L8,6033664,2048,musicnet_pcm8,2,7.77622119585673,4
d256h4L8,6033664,2048,musicnet_pcm8,3,7.72309672832489,4
d256h4L8,6033664,2048,musicnet_pcm8,4,7.6851277351379395,4
d256h4L8,6033664,2048,musicnet_pcm8_11khz,1,7.837538123130798,4
d256h4L8,6033664,2048,musicnet_pcm8_11khz,2,7.68818203608195,4
d256h4L8,6033664,2048,musicnet_pcm8_11khz,3,7.5994873046875,4
d256h4L8,6033664,2048,musicnet_pcm8_11khz,4,7.534256458282471,4
d256h4L8,6033664,2304,dclm,1,7.942640423774719,4
d256h4L8,6033664,2304,dclm,2,7.865433136622111,4
d256h4L8,6033664,2304,dclm,3,7.838894009590149,4
d256h4L8,6033664,2304,dclm,4,7.8247270584106445,4
d256h4L8,6033664,2304,dclm_ranked,1,7.428615570068359,4
d256h4L8,6033664,2304,dclm_ranked,2,6.914255698521932,4
d256h4L8,6033664,2304,dclm_ranked,3,6.717012524604797,4
d256h4L8,6033664,2304,dclm_ranked,4,6.611815929412842,4
d256h4L8,6033664,2304,dna,1,5.5535889863967896,4
d256h4L8,6033664,2304,dna,2,4.600975036621094,4
d256h4L8,6033664,2304,dna,3,4.176406562328339,4
d256h4L8,6033664,2304,dna,4,3.9467475414276123,4
d256h4L8,6033664,2304,arithmetic,1,8.214105248451233,4
d256h4L8,6033664,2304,arithmetic,2,8.121675968170166,4
d256h4L8,6033664,2304,arithmetic,3,8.091874241828918,4
d256h4L8,6033664,2304,arithmetic,4,8.074602127075195,4
d256h4L8,6033664,2304,audio_8bit,1,4.978821277618408,4
d256h4L8,6033664,2304,audio_8bit,2,4.567265113194783,4
d256h4L8,6033664,2304,audio_8bit,3,4.421738028526306,4
d256h4L8,6033664,2304,audio_8bit,4,4.348933219909668,4
d256h4L8,6033664,2304,audio_16bit,1,6.644197702407837,4
d256h4L8,6033664,2304,audio_16bit,2,6.377987782160441,4
d256h4L8,6033664,2304,audio_16bit,3,6.302890658378601,4
d256h4L8,6033664,2304,audio_16bit,4,6.264930248260498,4
d256h4L8,6033664,2304,speech_commands_pcm8,1,8.206293821334839,4
d256h4L8,6033664,2304,speech_commands_pcm8,2,7.955165942509969,4
d256h4L8,6033664,2304,speech_commands_pcm8,3,7.864835858345032,4
d256h4L8,6033664,2304,speech_commands_pcm8,4,7.815825939178467,4
d256h4L8,6033664,2304,speech_commands_pcm8_8khz,1,8.215806603431702,4
d256h4L8,6033664,2304,speech_commands_pcm8_8khz,2,7.939974069595337,4
d256h4L8,6033664,2304,speech_commands_pcm8_8khz,3,7.838172674179077,4
d256h4L8,6033664,2304,speech_commands_pcm8_8khz,4,7.783092498779297,4
d256h4L8,6033664,2304,mutopia_melody_16th,1,8.35990285873413,4
d256h4L8,6033664,2304,mutopia_melody_16th,2,8.198118686676025,4
d256h4L8,6033664,2304,mutopia_melody_16th,3,8.1660395860672,4
d256h4L8,6033664,2304,mutopia_melody_16th,4,8.151725769042969,4
d256h4L8,6033664,2304,cifar10_rgb_planar,1,8.092737436294556,4
d256h4L8,6033664,2304,cifar10_rgb_planar,2,8.0033651192983,4
d256h4L8,6033664,2304,cifar10_rgb_planar,3,7.974347710609436,4
d256h4L8,6033664,2304,cifar10_rgb_planar,4,7.958470344543457,4
d256h4L8,6033664,2304,cifar10_rgb_hwc,1,8.074833273887634,4
d256h4L8,6033664,2304,cifar10_rgb_hwc,2,7.98757529258728,4
d256h4L8,6033664,2304,cifar10_rgb_hwc,3,7.959660887718201,4
d256h4L8,6033664,2304,cifar10_rgb_hwc,4,7.944575309753418,4
d256h4L8,6033664,2304,kolmogorov_text,1,8.00467574596405,4
d256h4L8,6033664,2304,kolmogorov_text,2,7.932620286941528,4
d256h4L8,6033664,2304,kolmogorov_text,3,7.909152030944824,4
d256h4L8,6033664,2304,kolmogorov_text,4,7.897090435028076,4
d256h4L8,6033664,2304,kolmogorov_dna,1,6.208493113517761,4
d256h4L8,6033664,2304,kolmogorov_dna,2,5.192776004473369,4
d256h4L8,6033664,2304,kolmogorov_dna,3,4.68031907081604,4
d256h4L8,6033664,2304,kolmogorov_dna,4,4.376206398010254,4
d256h4L8,6033664,2304,metamath,1,7.7366615533828735,4
d256h4L8,6033664,2304,metamath,2,7.592187484105428,4
d256h4L8,6033664,2304,metamath,3,7.53122079372406,4
d256h4L8,6033664,2304,metamath,4,7.495294094085693,4
d256h4L8,6033664,2304,aitdcc_a_protein,1,8.207023978233337,4
d256h4L8,6033664,2304,aitdcc_a_protein,2,8.11816930770874,4
d256h4L8,6033664,2304,aitdcc_a_protein,3,8.087623953819275,4
d256h4L8,6033664,2304,aitdcc_a_protein,4,8.07119083404541,4
d256h4L8,6033664,2304,aitdcc_b_c_source,1,8.071256160736084,4
d256h4L8,6033664,2304,aitdcc_b_c_source,2,8.002415974934896,4
d256h4L8,6033664,2304,aitdcc_b_c_source,3,7.980956673622131,4
d256h4L8,6033664,2304,aitdcc_b_c_source,4,7.969879150390625,4
d256h4L8,6033664,2304,aitdcc_d_glibc_rand,1,8.238736152648926,4
d256h4L8,6033664,2304,aitdcc_d_glibc_rand,2,8.157241662343344,4
d256h4L8,6033664,2304,aitdcc_d_glibc_rand,3,8.130681037902832,4
d256h4L8,6033664,2304,aitdcc_d_glibc_rand,4,8.115214347839355,4
d256h4L8,6033664,2304,aitdcc_e_atlas_float32,1,8.2658371925354,4
d256h4L8,6033664,2304,aitdcc_e_atlas_float32,2,8.185571670532227,4
d256h4L8,6033664,2304,aitdcc_e_atlas_float32,3,8.1604323387146,4
d256h4L8,6033664,2304,aitdcc_e_atlas_float32,4,8.146315574645996,4
d256h4L8,6033664,2304,aitdcc_g_astronomy,1,6.5488245487213135,4
d256h4L8,6033664,2304,aitdcc_g_astronomy,2,5.79736049969991,4
d256h4L8,6033664,2304,aitdcc_g_astronomy,3,5.639055848121643,4
d256h4L8,6033664,2304,aitdcc_g_astronomy,4,5.589205265045166,4
d256h4L8,6033664,2304,llm_compression_python,1,7.47088623046875,4
d256h4L8,6033664,2304,llm_compression_python,2,7.364118178685506,4
d256h4L8,6033664,2304,llm_compression_python,3,7.326651096343994,4
d256h4L8,6033664,2304,llm_compression_python,4,7.30645227432251,4
d256h4L8,6033664,2304,llm_compression_cc,1,7.968470573425293,4
d256h4L8,6033664,2304,llm_compression_cc,2,7.892656167348226,4
d256h4L8,6033664,2304,llm_compression_cc,3,7.867531776428223,4
d256h4L8,6033664,2304,llm_compression_cc,4,7.8543829917907715,4
d256h4L8,6033664,2304,llm_compression_arxiv_math,1,7.964786410331726,4
d256h4L8,6033664,2304,llm_compression_arxiv_math,2,7.885079701741536,4
d256h4L8,6033664,2304,llm_compression_arxiv_math,3,7.8575276136398315,4
d256h4L8,6033664,2304,llm_compression_arxiv_math,4,7.843634128570557,4
d256h4L8,6033664,2304,esc50_pcm8,1,8.201398134231567,4
d256h4L8,6033664,2304,esc50_pcm8,2,7.984659989674886,4
d256h4L8,6033664,2304,esc50_pcm8,3,7.913808584213257,4
d256h4L8,6033664,2304,esc50_pcm8,4,7.875467300415039,4
d256h4L8,6033664,2304,esc50_pcm8_11khz,1,8.226187825202942,4
d256h4L8,6033664,2304,esc50_pcm8_11khz,2,8.018787225087484,4
d256h4L8,6033664,2304,esc50_pcm8_11khz,3,7.952256798744202,4
d256h4L8,6033664,2304,esc50_pcm8_11khz,4,7.916779041290283,4
d256h4L8,6033664,2304,musicnet_pcm8,1,8.199806809425354,4
d256h4L8,6033664,2304,musicnet_pcm8,2,8.068401972452799,4
d256h4L8,6033664,2304,musicnet_pcm8,3,8.02737832069397,4
d256h4L8,6033664,2304,musicnet_pcm8,4,8.005192756652832,4
d256h4L8,6033664,2304,musicnet_pcm8_11khz,1,8.22045612335205,4
d256h4L8,6033664,2304,musicnet_pcm8_11khz,2,8.048627853393555,4
d256h4L8,6033664,2304,musicnet_pcm8_11khz,3,7.992156267166138,4
d256h4L8,6033664,2304,musicnet_pcm8_11khz,4,7.96174955368042,4
d256h4L8,6033664,2560,dclm,1,7.814499616622925,4
d256h4L8,6033664,2560,dclm,2,7.761792580286662,4
d256h4L8,6033664,2560,dclm,3,7.742771863937378,4
d256h4L8,6033664,2560,dclm,4,7.732663154602051,4
d256h4L8,6033664,2560,dclm_ranked,1,6.944122910499573,4
d256h4L8,6033664,2560,dclm_ranked,2,6.5444066524505615,4
d256h4L8,6033664,2560,dclm_ranked,3,6.388539671897888,4
d256h4L8,6033664,2560,dclm_ranked,4,6.301140785217285,4
d256h4L8,6033664,2560,dna,1,4.564142346382141,4
d256h4L8,6033664,2560,dna,2,4.010157028834025,4
d256h4L8,6033664,2560,dna,3,3.806279182434082,4
d256h4L8,6033664,2560,dna,4,3.695798873901367,4
d256h4L8,6033664,2560,arithmetic,1,8.026394248008728,4
d256h4L8,6033664,2560,arithmetic,2,7.993189652760823,4
d256h4L8,6033664,2560,arithmetic,3,7.980270624160767,4
d256h4L8,6033664,2560,arithmetic,4,7.973147392272949,4
d256h4L8,6033664,2560,audio_8bit,1,4.76893413066864,4
d256h4L8,6033664,2560,audio_8bit,2,4.394835392634074,4
d256h4L8,6033664,2560,audio_8bit,3,4.255945682525635,4
d256h4L8,6033664,2560,audio_8bit,4,4.181077003479004,4
d256h4L8,6033664,2560,audio_16bit,1,6.418613314628601,4
d256h4L8,6033664,2560,audio_16bit,2,6.212843577067058,4
d256h4L8,6033664,2560,audio_16bit,3,6.13971209526062,4
d256h4L8,6033664,2560,audio_16bit,4,6.100805282592773,4
d256h4L8,6033664,2560,speech_commands_pcm8,1,7.761005759239197,4
d256h4L8,6033664,2560,speech_commands_pcm8,2,7.525140603383382,4
d256h4L8,6033664,2560,speech_commands_pcm8,3,7.3838489055633545,4
d256h4L8,6033664,2560,speech_commands_pcm8,4,7.282747745513916,4
d256h4L8,6033664,2560,speech_commands_pcm8_8khz,1,7.784097671508789,4
d256h4L8,6033664,2560,speech_commands_pcm8_8khz,2,7.5217610994974775,4
d256h4L8,6033664,2560,speech_commands_pcm8_8khz,3,7.366732358932495,4
d256h4L8,6033664,2560,speech_commands_pcm8_8khz,4,7.256077289581299,4
d256h4L8,6033664,2560,mutopia_melody_16th,1,7.670846104621887,4
d256h4L8,6033664,2560,mutopia_melody_16th,2,7.489840507507324,4
d256h4L8,6033664,2560,mutopia_melody_16th,3,7.380007863044739,4
d256h4L8,6033664,2560,mutopia_melody_16th,4,7.302762985229492,4
d256h4L8,6033664,2560,cifar10_rgb_planar,1,7.916450381278992,4
d256h4L8,6033664,2560,cifar10_rgb_planar,2,7.877049684524536,4
d256h4L8,6033664,2560,cifar10_rgb_planar,3,7.862074613571167,4
d256h4L8,6033664,2560,cifar10_rgb_planar,4,7.853911876678467,4
d256h4L8,6033664,2560,cifar10_rgb_hwc,1,7.893843054771423,4
d256h4L8,6033664,2560,cifar10_rgb_hwc,2,7.855427503585815,4
d256h4L8,6033664,2560,cifar10_rgb_hwc,3,7.8408403396606445,4
d256h4L8,6033664,2560,cifar10_rgb_hwc,4,7.832913875579834,4
d256h4L8,6033664,2560,kolmogorov_text,1,7.861305832862854,4
d256h4L8,6033664,2560,kolmogorov_text,2,7.814539353052775,4
d256h4L8,6033664,2560,kolmogorov_text,3,7.797637581825256,4
d256h4L8,6033664,2560,kolmogorov_text,4,7.788722991943359,4
d256h4L8,6033664,2560,kolmogorov_dna,1,5.395520925521851,4
d256h4L8,6033664,2560,kolmogorov_dna,2,4.814294179280599,4
d256h4L8,6033664,2560,kolmogorov_dna,3,4.573751926422119,4
d256h4L8,6033664,2560,kolmogorov_dna,4,4.4305315017700195,4
d256h4L8,6033664,2560,metamath,1,7.49959135055542,4
d256h4L8,6033664,2560,metamath,2,7.38800843556722,4
d256h4L8,6033664,2560,metamath,3,7.34861958026886,4
d256h4L8,6033664,2560,metamath,4,7.327326774597168,4
d256h4L8,6033664,2560,aitdcc_a_protein,1,7.85977041721344,4
d256h4L8,6033664,2560,aitdcc_a_protein,2,7.811726331710815,4
d256h4L8,6033664,2560,aitdcc_a_protein,3,7.7890461683273315,4
d256h4L8,6033664,2560,aitdcc_a_protein,4,7.77544641494751,4
d256h4L8,6033664,2560,aitdcc_b_c_source,1,7.9181928634643555,4
d256h4L8,6033664,2560,aitdcc_b_c_source,2,7.877891858418782,4
d256h4L8,6033664,2560,aitdcc_b_c_source,3,7.8644455671310425,4
d256h4L8,6033664,2560,aitdcc_b_c_source,4,7.857557773590088,4
d256h4L8,6033664,2560,aitdcc_d_glibc_rand,1,8.064311027526855,4
d256h4L8,6033664,2560,aitdcc_d_glibc_rand,2,8.038488388061523,4
d256h4L8,6033664,2560,aitdcc_d_glibc_rand,3,8.029065132141113,4
d256h4L8,6033664,2560,aitdcc_d_glibc_rand,4,8.024091720581055,4
d256h4L8,6033664,2560,aitdcc_e_atlas_float32,1,7.999678730964661,4
d256h4L8,6033664,2560,aitdcc_e_atlas_float32,2,7.977011680603027,4
d256h4L8,6033664,2560,aitdcc_e_atlas_float32,3,7.9686994552612305,4
d256h4L8,6033664,2560,aitdcc_e_atlas_float32,4,7.964323043823242,4
d256h4L8,6033664,2560,aitdcc_g_astronomy,1,5.483599901199341,4
d256h4L8,6033664,2560,aitdcc_g_astronomy,2,4.853192488352458,4
d256h4L8,6033664,2560,aitdcc_g_astronomy,3,4.773938775062561,4
d256h4L8,6033664,2560,aitdcc_g_astronomy,4,4.740291595458984,4
d256h4L8,6033664,2560,llm_compression_python,1,7.342780947685242,4
d256h4L8,6033664,2560,llm_compression_python,2,7.256486813227336,4
d256h4L8,6033664,2560,llm_compression_python,3,7.229096412658691,4
d256h4L8,6033664,2560,llm_compression_python,4,7.215302467346191,4
d256h4L8,6033664,2560,llm_compression_cc,1,7.8281450271606445,4
d256h4L8,6033664,2560,llm_compression_cc,2,7.776779413223267,4
d256h4L8,6033664,2560,llm_compression_cc,3,7.758099675178528,4
d256h4L8,6033664,2560,llm_compression_cc,4,7.748178958892822,4
d256h4L8,6033664,2560,llm_compression_arxiv_math,1,7.854122042655945,4
d256h4L8,6033664,2560,llm_compression_arxiv_math,2,7.799673080444336,4
d256h4L8,6033664,2560,llm_compression_arxiv_math,3,7.781764626502991,4
d256h4L8,6033664,2560,llm_compression_arxiv_math,4,7.772546291351318,4
d256h4L8,6033664,2560,esc50_pcm8,1,7.738446235656738,4
d256h4L8,6033664,2560,esc50_pcm8,2,7.543411493301392,4
d256h4L8,6033664,2560,esc50_pcm8,3,7.4278634786605835,4
d256h4L8,6033664,2560,esc50_pcm8,4,7.346284866333008,4
d256h4L8,6033664,2560,esc50_pcm8_11khz,1,7.773388624191284,4
d256h4L8,6033664,2560,esc50_pcm8_11khz,2,7.5851216316223145,4
d256h4L8,6033664,2560,esc50_pcm8_11khz,3,7.473816275596619,4
d256h4L8,6033664,2560,esc50_pcm8_11khz,4,7.395257949829102,4
d256h4L8,6033664,2560,musicnet_pcm8,1,7.895781993865967,4
d256h4L8,6033664,2560,musicnet_pcm8,2,7.83618148167928,4
d256h4L8,6033664,2560,musicnet_pcm8,3,7.805746555328369,4
d256h4L8,6033664,2560,musicnet_pcm8,4,7.786457538604736,4
d256h4L8,6033664,2560,musicnet_pcm8_11khz,1,7.8657310009002686,4
d256h4L8,6033664,2560,musicnet_pcm8_11khz,2,7.750032742818196,4
d256h4L8,6033664,2560,musicnet_pcm8_11khz,3,7.684292197227478,4
d256h4L8,6033664,2560,musicnet_pcm8_11khz,4,7.638967990875244,4
d256h4L8,6033664,2816,dclm,1,7.881561636924744,4
d256h4L8,6033664,2816,dclm,2,7.825608253479004,4
d256h4L8,6033664,2816,dclm,3,7.804324269294739,4
d256h4L8,6033664,2816,dclm,4,7.7931294441223145,4
d256h4L8,6033664,2816,dclm_ranked,1,6.944715261459351,4
d256h4L8,6033664,2816,dclm_ranked,2,6.525318304697673,4
d256h4L8,6033664,2816,dclm_ranked,3,6.389008522033691,4
d256h4L8,6033664,2816,dclm_ranked,4,6.318075656890869,4
d256h4L8,6033664,2816,dna,1,4.460705280303955,4
d256h4L8,6033664,2816,dna,2,4.001028021176656,4
d256h4L8,6033664,2816,dna,3,3.8417211771011353,4
d256h4L8,6033664,2816,dna,4,3.754765748977661,4
d256h4L8,6033664,2816,arithmetic,1,8.024476170539856,4
d256h4L8,6033664,2816,arithmetic,2,7.9889176686604815,4
d256h4L8,6033664,2816,arithmetic,3,7.975371837615967,4
d256h4L8,6033664,2816,arithmetic,4,7.968018054962158,4
d256h4L8,6033664,2816,audio_8bit,1,4.7518168687820435,4
d256h4L8,6033664,2816,audio_8bit,2,4.3791812260945635,4
d256h4L8,6033664,2816,audio_8bit,3,4.2514894008636475,4
d256h4L8,6033664,2816,audio_8bit,4,4.187317848205566,4
d256h4L8,6033664,2816,audio_16bit,1,6.391179203987122,4
d256h4L8,6033664,2816,audio_16bit,2,6.193936109542847,4
d256h4L8,6033664,2816,audio_16bit,3,6.131313920021057,4
d256h4L8,6033664,2816,audio_16bit,4,6.099277973175049,4
d256h4L8,6033664,2816,speech_commands_pcm8,1,7.7685242891311646,4
d256h4L8,6033664,2816,speech_commands_pcm8,2,7.643141905466716,4
d256h4L8,6033664,2816,speech_commands_pcm8,3,7.572925686836243,4
d256h4L8,6033664,2816,speech_commands_pcm8,4,7.526529788970947,4
d256h4L8,6033664,2816,speech_commands_pcm8_8khz,1,7.759248733520508,4
d256h4L8,6033664,2816,speech_commands_pcm8_8khz,2,7.625606616338094,4
d256h4L8,6033664,2816,speech_commands_pcm8_8khz,3,7.551498770713806,4
d256h4L8,6033664,2816,speech_commands_pcm8_8khz,4,7.5029497146606445,4
d256h4L8,6033664,2816,mutopia_melody_16th,1,7.765380859375,4
d256h4L8,6033664,2816,mutopia_melody_16th,2,7.61133869489034,4
d256h4L8,6033664,2816,mutopia_melody_16th,3,7.521917223930359,4
d256h4L8,6033664,2816,mutopia_melody_16th,4,7.4604620933532715,4
d256h4L8,6033664,2816,cifar10_rgb_planar,1,7.899994850158691,4
d256h4L8,6033664,2816,cifar10_rgb_planar,2,7.857308308283488,4
d256h4L8,6033664,2816,cifar10_rgb_planar,3,7.841701984405518,4
d256h4L8,6033664,2816,cifar10_rgb_planar,4,7.833454608917236,4
d256h4L8,6033664,2816,cifar10_rgb_hwc,1,7.874248266220093,4
d256h4L8,6033664,2816,cifar10_rgb_hwc,2,7.834283987681071,4
d256h4L8,6033664,2816,cifar10_rgb_hwc,3,7.819627642631531,4
d256h4L8,6033664,2816,cifar10_rgb_hwc,4,7.811846733093262,4
d256h4L8,6033664,2816,kolmogorov_text,1,7.9208080768585205,4
d256h4L8,6033664,2816,kolmogorov_text,2,7.872782945632935,4
d256h4L8,6033664,2816,kolmogorov_text,3,7.854034185409546,4
d256h4L8,6033664,2816,kolmogorov_text,4,7.843986988067627,4
d256h4L8,6033664,2816,kolmogorov_dna,1,5.542625665664673,4
d256h4L8,6033664,2816,kolmogorov_dna,2,5.08642037709554,4
d256h4L8,6033664,2816,kolmogorov_dna,3,4.906113028526306,4
d256h4L8,6033664,2816,kolmogorov_dna,4,4.803326606750488,4
d256h4L8,6033664,2816,metamath,1,7.639841437339783,4
d256h4L8,6033664,2816,metamath,2,7.551788330078125,4
d256h4L8,6033664,2816,metamath,3,7.5204010009765625,4
d256h4L8,6033664,2816,metamath,4,7.504269123077393,4
d256h4L8,6033664,2816,aitdcc_a_protein,1,7.854897737503052,4
d256h4L8,6033664,2816,aitdcc_a_protein,2,7.80247179667155,4
d256h4L8,6033664,2816,aitdcc_a_protein,3,7.778342247009277,4
d256h4L8,6033664,2816,aitdcc_a_protein,4,7.764096736907959,4
d256h4L8,6033664,2816,aitdcc_b_c_source,1,7.979531764984131,4
d256h4L8,6033664,2816,aitdcc_b_c_source,2,7.940675179163615,4
d256h4L8,6033664,2816,aitdcc_b_c_source,3,7.925686240196228,4
d256h4L8,6033664,2816,aitdcc_b_c_source,4,7.917728900909424,4
d256h4L8,6033664,2816,aitdcc_d_glibc_rand,1,8.06597113609314,4
d256h4L8,6033664,2816,aitdcc_d_glibc_rand,2,8.037674903869629,4
d256h4L8,6033664,2816,aitdcc_d_glibc_rand,3,8.027806997299194,4
d256h4L8,6033664,2816,aitdcc_d_glibc_rand,4,8.022733688354492,4
d256h4L8,6033664,2816,aitdcc_e_atlas_float32,1,8.020409107208252,4
d256h4L8,6033664,2816,aitdcc_e_atlas_float32,2,7.995238701502482,4
d256h4L8,6033664,2816,aitdcc_e_atlas_float32,3,7.986286520957947,4
d256h4L8,6033664,2816,aitdcc_e_atlas_float32,4,7.981631755828857,4
d256h4L8,6033664,2816,aitdcc_g_astronomy,1,5.114416718482971,4
d256h4L8,6033664,2816,aitdcc_g_astronomy,2,4.775407950083415,4
d256h4L8,6033664,2816,aitdcc_g_astronomy,3,4.732410788536072,4
d256h4L8,6033664,2816,aitdcc_g_astronomy,4,4.713669300079346,4
d256h4L8,6033664,2816,llm_compression_python,1,7.357240438461304,4
d256h4L8,6033664,2816,llm_compression_python,2,7.269322951634725,4
d256h4L8,6033664,2816,llm_compression_python,3,7.239333748817444,4
d256h4L8,6033664,2816,llm_compression_python,4,7.223685264587402,4
d256h4L8,6033664,2816,llm_compression_cc,1,7.898812651634216,4
d256h4L8,6033664,2816,llm_compression_cc,2,7.8446151415507,4
d256h4L8,6033664,2816,llm_compression_cc,3,7.823758602142334,4
d256h4L8,6033664,2816,llm_compression_cc,4,7.812734127044678,4
d256h4L8,6033664,2816,llm_compression_arxiv_math,1,7.875332355499268,4
d256h4L8,6033664,2816,llm_compression_arxiv_math,2,7.82552965482076,4
d256h4L8,6033664,2816,llm_compression_arxiv_math,3,7.80684506893158,4
d256h4L8,6033664,2816,llm_compression_arxiv_math,4,7.796819686889648,4
d256h4L8,6033664,2816,esc50_pcm8,1,7.750660181045532,4
d256h4L8,6033664,2816,esc50_pcm8,2,7.615503390630086,4
d256h4L8,6033664,2816,esc50_pcm8,3,7.535237073898315,4
d256h4L8,6033664,2816,esc50_pcm8,4,7.479650020599365,4
d256h4L8,6033664,2816,esc50_pcm8_11khz,1,7.7907902002334595,4
d256h4L8,6033664,2816,esc50_pcm8_11khz,2,7.672226667404175,4
d256h4L8,6033664,2816,esc50_pcm8_11khz,3,7.602485537528992,4
d256h4L8,6033664,2816,esc50_pcm8_11khz,4,7.554481506347656,4
d256h4L8,6033664,2816,musicnet_pcm8,1,7.937296152114868,4
d256h4L8,6033664,2816,musicnet_pcm8,2,7.902797142664592,4
d256h4L8,6033664,2816,musicnet_pcm8,3,7.887032389640808,4
d256h4L8,6033664,2816,musicnet_pcm8,4,7.877653121948242,4
d256h4L8,6033664,2816,musicnet_pcm8_11khz,1,7.898106575012207,4
d256h4L8,6033664,2816,musicnet_pcm8_11khz,2,7.83656104405721,4
d256h4L8,6033664,2816,musicnet_pcm8_11khz,3,7.804118990898132,4
d256h4L8,6033664,2816,musicnet_pcm8_11khz,4,7.7832770347595215,4
d256h4L8,6033664,3072,dclm,1,8.057889819145203,4
d256h4L8,6033664,3072,dclm,2,8.007369041442871,4
d256h4L8,6033664,3072,dclm,3,7.989161849021912,4
d256h4L8,6033664,3072,dclm,4,7.979489326477051,4
d256h4L8,6033664,3072,dclm_ranked,1,7.191743969917297,4
d256h4L8,6033664,3072,dclm_ranked,2,6.62925918896993,4
d256h4L8,6033664,3072,dclm_ranked,3,6.410548210144043,4
d256h4L8,6033664,3072,dclm_ranked,4,6.289360046386719,4
d256h4L8,6033664,3072,dna,1,5.010203838348389,4
d256h4L8,6033664,3072,dna,2,4.156998793284099,4
d256h4L8,6033664,3072,dna,3,3.878973424434662,4
d256h4L8,6033664,3072,dna,4,3.726874589920044,4
d256h4L8,6033664,3072,arithmetic,1,8.090563297271729,4
d256h4L8,6033664,3072,arithmetic,2,8.029464165369669,4
d256h4L8,6033664,3072,arithmetic,3,8.006576538085938,4
d256h4L8,6033664,3072,arithmetic,4,7.994112014770508,4
d256h4L8,6033664,3072,audio_8bit,1,4.895303249359131,4
d256h4L8,6033664,3072,audio_8bit,2,4.431647221247355,4
d256h4L8,6033664,3072,audio_8bit,3,4.263998866081238,4
d256h4L8,6033664,3072,audio_8bit,4,4.176086902618408,4
d256h4L8,6033664,3072,audio_16bit,1,6.625385046005249,4
d256h4L8,6033664,3072,audio_16bit,2,6.35352087020874,4
d256h4L8,6033664,3072,audio_16bit,3,6.259842276573181,4
d256h4L8,6033664,3072,audio_16bit,4,6.209646224975586,4
d256h4L8,6033664,3072,speech_commands_pcm8,1,7.968580603599548,4
d256h4L8,6033664,3072,speech_commands_pcm8,2,7.936741272608439,4
d256h4L8,6033664,3072,speech_commands_pcm8,3,7.92371928691864,4
d256h4L8,6033664,3072,speech_commands_pcm8,4,7.916510105133057,4
d256h4L8,6033664,3072,speech_commands_pcm8_8khz,1,7.9798548221588135,4
d256h4L8,6033664,3072,speech_commands_pcm8_8khz,2,7.94845716158549,4
d256h4L8,6033664,3072,speech_commands_pcm8_8khz,3,7.935591816902161,4
d256h4L8,6033664,3072,speech_commands_pcm8_8khz,4,7.928460121154785,4
d256h4L8,6033664,3072,mutopia_melody_16th,1,7.965699553489685,4
d256h4L8,6033664,3072,mutopia_melody_16th,2,7.919861555099487,4
d256h4L8,6033664,3072,mutopia_melody_16th,3,7.901768445968628,4
d256h4L8,6033664,3072,mutopia_melody_16th,4,7.891785144805908,4
d256h4L8,6033664,3072,cifar10_rgb_planar,1,7.9758336544036865,4
d256h4L8,6033664,3072,cifar10_rgb_planar,2,7.906586249669393,4
d256h4L8,6033664,3072,cifar10_rgb_planar,3,7.881017565727234,4
d256h4L8,6033664,3072,cifar10_rgb_planar,4,7.867105484008789,4
d256h4L8,6033664,3072,cifar10_rgb_hwc,1,7.951115012168884,4
d256h4L8,6033664,3072,cifar10_rgb_hwc,2,7.884240070978801,4
d256h4L8,6033664,3072,cifar10_rgb_hwc,3,7.859873294830322,4
d256h4L8,6033664,3072,cifar10_rgb_hwc,4,7.846675872802734,4
d256h4L8,6033664,3072,kolmogorov_text,1,8.090554118156433,4
d256h4L8,6033664,3072,kolmogorov_text,2,8.04440458615621,4
d256h4L8,6033664,3072,kolmogorov_text,3,8.028547167778015,4
d256h4L8,6033664,3072,kolmogorov_text,4,8.020256996154785,4
d256h4L8,6033664,3072,kolmogorov_dna,1,6.273703098297119,4
d256h4L8,6033664,3072,kolmogorov_dna,2,5.334208647410075,4
d256h4L8,6033664,3072,kolmogorov_dna,3,4.993650913238525,4
d256h4L8,6033664,3072,kolmogorov_dna,4,4.787009239196777,4
d256h4L8,6033664,3072,metamath,1,7.8216482400894165,4
d256h4L8,6033664,3072,metamath,2,7.711997747421265,4
d256h4L8,6033664,3072,metamath,3,7.670973062515259,4
d256h4L8,6033664,3072,metamath,4,7.649556636810303,4
d256h4L8,6033664,3072,aitdcc_a_protein,1,7.9409743547439575,4
d256h4L8,6033664,3072,aitdcc_a_protein,2,7.866646607716878,4
d256h4L8,6033664,3072,aitdcc_a_protein,3,7.8357720375061035,4
d256h4L8,6033664,3072,aitdcc_a_protein,4,7.818983554840088,4
d256h4L8,6033664,3072,aitdcc_b_c_source,1,8.13804030418396,4
d256h4L8,6033664,3072,aitdcc_b_c_source,2,8.090301195780436,4
d256h4L8,6033664,3072,aitdcc_b_c_source,3,8.073474168777466,4
d256h4L8,6033664,3072,aitdcc_b_c_source,4,8.064621925354004,4
d256h4L8,6033664,3072,aitdcc_d_glibc_rand,1,8.1300368309021,4
d256h4L8,6033664,3072,aitdcc_d_glibc_rand,2,8.074408213297525,4
d256h4L8,6033664,3072,aitdcc_d_glibc_rand,3,8.0534987449646,4
d256h4L8,6033664,3072,aitdcc_d_glibc_rand,4,8.042009353637695,4
d256h4L8,6033664,3072,aitdcc_e_atlas_float32,1,8.104472279548645,4
d256h4L8,6033664,3072,aitdcc_e_atlas_float32,2,8.055320103963217,4
d256h4L8,6033664,3072,aitdcc_e_atlas_float32,3,8.037259340286255,4
d256h4L8,6033664,3072,aitdcc_e_atlas_float32,4,8.027514457702637,4
d256h4L8,6033664,3072,aitdcc_g_astronomy,1,5.9169615507125854,4
d256h4L8,6033664,3072,aitdcc_g_astronomy,2,5.1448337237040205,4
d256h4L8,6033664,3072,aitdcc_g_astronomy,3,5.006418228149414,4
d256h4L8,6033664,3072,aitdcc_g_astronomy,4,4.959721565246582,4
d256h4L8,6033664,3072,llm_compression_python,1,7.576274752616882,4
d256h4L8,6033664,3072,llm_compression_python,2,7.387352625528972,4
d256h4L8,6033664,3072,llm_compression_python,3,7.337256669998169,4
d256h4L8,6033664,3072,llm_compression_python,4,7.3133931159973145,4
d256h4L8,6033664,3072,llm_compression_cc,1,8.069687247276306,4
d256h4L8,6033664,3072,llm_compression_cc,2,8.02242398262024,4
d256h4L8,6033664,3072,llm_compression_cc,3,8.005246996879578,4
d256h4L8,6033664,3072,llm_compression_cc,4,7.996073246002197,4
d256h4L8,6033664,3072,llm_compression_arxiv_math,1,8.033658981323242,4
d256h4L8,6033664,3072,llm_compression_arxiv_math,2,7.968501488367717,4
d256h4L8,6033664,3072,llm_compression_arxiv_math,3,7.948146224021912,4
d256h4L8,6033664,3072,llm_compression_arxiv_math,4,7.938048362731934,4
d256h4L8,6033664,3072,esc50_pcm8,1,7.950504899024963,4
d256h4L8,6033664,3072,esc50_pcm8,2,7.913783232371013,4
d256h4L8,6033664,3072,esc50_pcm8,3,7.898911118507385,4
d256h4L8,6033664,3072,esc50_pcm8,4,7.890683650970459,4
d256h4L8,6033664,3072,esc50_pcm8_11khz,1,7.968616366386414,4
d256h4L8,6033664,3072,esc50_pcm8_11khz,2,7.935711304346721,4
d256h4L8,6033664,3072,esc50_pcm8_11khz,3,7.922507047653198,4
d256h4L8,6033664,3072,esc50_pcm8_11khz,4,7.915237903594971,4
d256h4L8,6033664,3072,musicnet_pcm8,1,7.980073809623718,4
d256h4L8,6033664,3072,musicnet_pcm8,2,7.945208390553792,4
d256h4L8,6033664,3072,musicnet_pcm8,3,7.931291103363037,4
d256h4L8,6033664,3072,musicnet_pcm8,4,7.923642635345459,4
d256h4L8,6033664,3072,musicnet_pcm8_11khz,1,7.98602831363678,4
d256h4L8,6033664,3072,musicnet_pcm8_11khz,2,7.953747908274333,4
d256h4L8,6033664,3072,musicnet_pcm8_11khz,3,7.940705180168152,4
d256h4L8,6033664,3072,musicnet_pcm8_11khz,4,7.933509349822998,4
d256h4L8,6033664,3328,dclm,1,7.910443663597107,4
d256h4L8,6033664,3328,dclm,2,7.8784834543863935,4
d256h4L8,6033664,3328,dclm,3,7.867278575897217,4
d256h4L8,6033664,3328,dclm,4,7.861470699310303,4
d256h4L8,6033664,3328,dclm_ranked,1,6.980434536933899,4
d256h4L8,6033664,3328,dclm_ranked,2,6.615629275639852,4
d256h4L8,6033664,3328,dclm_ranked,3,6.488475322723389,4
d256h4L8,6033664,3328,dclm_ranked,4,6.419912815093994,4
d256h4L8,6033664,3328,dna,1,4.501594424247742,4
d256h4L8,6033664,3328,dna,2,3.9546751181284585,4
d256h4L8,6033664,3328,dna,3,3.772240459918976,4
d256h4L8,6033664,3328,dna,4,3.6793129444122314,4
d256h4L8,6033664,3328,arithmetic,1,7.993351459503174,4
d256h4L8,6033664,3328,arithmetic,2,7.970305442810059,4
d256h4L8,6033664,3328,arithmetic,3,7.961905002593994,4
d256h4L8,6033664,3328,arithmetic,4,7.957484722137451,4
d256h4L8,6033664,3328,audio_8bit,1,4.700896382331848,4
d256h4L8,6033664,3328,audio_8bit,2,4.369485537211101,4
d256h4L8,6033664,3328,audio_8bit,3,4.256811499595642,4
d256h4L8,6033664,3328,audio_8bit,4,4.198787689208984,4
d256h4L8,6033664,3328,audio_16bit,1,6.293686747550964,4
d256h4L8,6033664,3328,audio_16bit,2,6.1590438683827715,4
d256h4L8,6033664,3328,audio_16bit,3,6.112875938415527,4
d256h4L8,6033664,3328,audio_16bit,4,6.0894775390625,4
d256h4L8,6033664,3328,speech_commands_pcm8,1,7.736802339553833,4
d256h4L8,6033664,3328,speech_commands_pcm8,2,7.685142358144124,4
d256h4L8,6033664,3328,speech_commands_pcm8,3,7.6664193868637085,4
d256h4L8,6033664,3328,speech_commands_pcm8,4,7.657543182373047,4
d256h4L8,6033664,3328,speech_commands_pcm8_8khz,1,7.71931779384613,4
d256h4L8,6033664,3328,speech_commands_pcm8_8khz,2,7.661011854807536,4
d256h4L8,6033664,3328,speech_commands_pcm8_8khz,3,7.640122175216675,4
d256h4L8,6033664,3328,speech_commands_pcm8_8khz,4,7.630328178405762,4
d256h4L8,6033664,3328,mutopia_melody_16th,1,7.78714382648468,4
d256h4L8,6033664,3328,mutopia_melody_16th,2,7.747960567474365,4
d256h4L8,6033664,3328,mutopia_melody_16th,3,7.731860280036926,4
d256h4L8,6033664,3328,mutopia_melody_16th,4,7.722827434539795,4
d256h4L8,6033664,3328,cifar10_rgb_planar,1,7.884086608886719,4
d256h4L8,6033664,3328,cifar10_rgb_planar,2,7.8542154630025225,4
d256h4L8,6033664,3328,cifar10_rgb_planar,3,7.843437433242798,4
d256h4L8,6033664,3328,cifar10_rgb_planar,4,7.8377909660339355,4
d256h4L8,6033664,3328,cifar10_rgb_hwc,1,7.855554938316345,4
d256h4L8,6033664,3328,cifar10_rgb_hwc,2,7.8271176020304365,4
d256h4L8,6033664,3328,cifar10_rgb_hwc,3,7.816895961761475,4
d256h4L8,6033664,3328,cifar10_rgb_hwc,4,7.811532497406006,4
d256h4L8,6033664,3328,kolmogorov_text,1,7.929903268814087,4
d256h4L8,6033664,3328,kolmogorov_text,2,7.899683237075806,4
d256h4L8,6033664,3328,kolmogorov_text,3,7.888309717178345,4
d256h4L8,6033664,3328,kolmogorov_text,4,7.8821635246276855,4
d256h4L8,6033664,3328,kolmogorov_dna,1,5.4841731786727905,4
d256h4L8,6033664,3328,kolmogorov_dna,2,4.911769310633342,4
d256h4L8,6033664,3328,kolmogorov_dna,3,4.693040251731873,4
d256h4L8,6033664,3328,kolmogorov_dna,4,4.574316501617432,4
d256h4L8,6033664,3328,metamath,1,7.678518056869507,4
d256h4L8,6033664,3328,metamath,2,7.600952625274658,4
d256h4L8,6033664,3328,metamath,3,7.573421001434326,4
d256h4L8,6033664,3328,metamath,4,7.558522701263428,4
d256h4L8,6033664,3328,aitdcc_a_protein,1,7.824187517166138,4
d256h4L8,6033664,3328,aitdcc_a_protein,2,7.785858233769734,4
d256h4L8,6033664,3328,aitdcc_a_protein,3,7.770460247993469,4
d256h4L8,6033664,3328,aitdcc_a_protein,4,7.762176036834717,4
d256h4L8,6033664,3328,aitdcc_b_c_source,1,7.95189893245697,4
d256h4L8,6033664,3328,aitdcc_b_c_source,2,7.928287506103516,4
d256h4L8,6033664,3328,aitdcc_b_c_source,3,7.919746518135071,4
d256h4L8,6033664,3328,aitdcc_b_c_source,4,7.915271759033203,4
d256h4L8,6033664,3328,aitdcc_d_glibc_rand,1,8.044519662857056,4
d256h4L8,6033664,3328,aitdcc_d_glibc_rand,2,8.026081879933676,4
d256h4L8,6033664,3328,aitdcc_d_glibc_rand,3,8.019748210906982,4
d256h4L8,6033664,3328,aitdcc_d_glibc_rand,4,8.016500473022461,4
d256h4L8,6033664,3328,aitdcc_e_atlas_float32,1,8.008944988250732,4
d256h4L8,6033664,3328,aitdcc_e_atlas_float32,2,7.991191387176514,4
d256h4L8,6033664,3328,aitdcc_e_atlas_float32,3,7.985005497932434,4
d256h4L8,6033664,3328,aitdcc_e_atlas_float32,4,7.981818675994873,4
d256h4L8,6033664,3328,aitdcc_g_astronomy,1,4.913862228393555,4
d256h4L8,6033664,3328,aitdcc_g_astronomy,2,4.7870142459869385,4
d256h4L8,6033664,3328,aitdcc_g_astronomy,3,4.745593547821045,4
d256h4L8,6033664,3328,aitdcc_g_astronomy,4,4.725688457489014,4
d256h4L8,6033664,3328,llm_compression_python,1,7.295122385025024,4
d256h4L8,6033664,3328,llm_compression_python,2,7.200568517049153,4
d256h4L8,6033664,3328,llm_compression_python,3,7.166494250297546,4
d256h4L8,6033664,3328,llm_compression_python,4,7.148559093475342,4
d256h4L8,6033664,3328,llm_compression_cc,1,7.9253270626068115,4
d256h4L8,6033664,3328,llm_compression_cc,2,7.895472923914592,4
d256h4L8,6033664,3328,llm_compression_cc,3,7.88498842716217,4
d256h4L8,6033664,3328,llm_compression_cc,4,7.879549026489258,4
d256h4L8,6033664,3328,llm_compression_arxiv_math,1,7.880523443222046,4
d256h4L8,6033664,3328,llm_compression_arxiv_math,2,7.848049322764079,4
d256h4L8,6033664,3328,llm_compression_arxiv_math,3,7.8363600969314575,4
d256h4L8,6033664,3328,llm_compression_arxiv_math,4,7.830408573150635,4
d256h4L8,6033664,3328,esc50_pcm8,1,7.732939720153809,4
d256h4L8,6033664,3328,esc50_pcm8,2,7.683317263921102,4
d256h4L8,6033664,3328,esc50_pcm8,3,7.663846135139465,4
d256h4L8,6033664,3328,esc50_pcm8,4,7.653884410858154,4
d256h4L8,6033664,3328,esc50_pcm8_11khz,1,7.76508891582489,4
d256h4L8,6033664,3328,esc50_pcm8_11khz,2,7.719832102457683,4
d256h4L8,6033664,3328,esc50_pcm8_11khz,3,7.702284932136536,4
d256h4L8,6033664,3328,esc50_pcm8_11khz,4,7.693361282348633,4
d256h4L8,6033664,3328,musicnet_pcm8,1,7.924914479255676,4
d256h4L8,6033664,3328,musicnet_pcm8,2,7.906514485677083,4
d256h4L8,6033664,3328,musicnet_pcm8,3,7.8998703956604,4
d256h4L8,6033664,3328,musicnet_pcm8,4,7.896456718444824,4
d256h4L8,6033664,3328,musicnet_pcm8_11khz,1,7.871310234069824,4
d256h4L8,6033664,3328,musicnet_pcm8_11khz,2,7.842097043991089,4
d256h4L8,6033664,3328,musicnet_pcm8_11khz,3,7.831590056419373,4
d256h4L8,6033664,3328,musicnet_pcm8_11khz,4,7.826495170593262,4
d256h4L8,6033664,3584,dclm,1,7.880307674407959,4
d256h4L8,6033664,3584,dclm,2,7.824989557266235,4
d256h4L8,6033664,3584,dclm,3,7.805472373962402,4
d256h4L8,6033664,3584,dclm,4,7.795282363891602,4
d256h4L8,6033664,3584,dclm_ranked,1,6.990652322769165,4
d256h4L8,6033664,3584,dclm_ranked,2,6.627102692921956,4
d256h4L8,6033664,3584,dclm_ranked,3,6.4922415018081665,4
d256h4L8,6033664,3584,dclm_ranked,4,6.421006679534912,4
d256h4L8,6033664,3584,dna,1,4.394534230232239,4
d256h4L8,6033664,3584,dna,2,3.8580603996912637,4
d256h4L8,6033664,3584,dna,3,3.664947271347046,4
d256h4L8,6033664,3584,dna,4,3.5672435760498047,4
d256h4L8,6033664,3584,arithmetic,1,8.01672899723053,4
d256h4L8,6033664,3584,arithmetic,2,7.987505276997884,4
d256h4L8,6033664,3584,arithmetic,3,7.976478457450867,4
d256h4L8,6033664,3584,arithmetic,4,7.970527172088623,4
d256h4L8,6033664,3584,audio_8bit,1,4.712146282196045,4
d256h4L8,6033664,3584,audio_8bit,2,4.362973531087239,4
d256h4L8,6033664,3584,audio_8bit,3,4.231736660003662,4
d256h4L8,6033664,3584,audio_8bit,4,4.160821914672852,4
d256h4L8,6033664,3584,audio_16bit,1,6.356747984886169,4
d256h4L8,6033664,3584,audio_16bit,2,6.193394740422566,4
d256h4L8,6033664,3584,audio_16bit,3,6.136233568191528,4
d256h4L8,6033664,3584,audio_16bit,4,6.106280326843262,4
d256h4L8,6033664,3584,speech_commands_pcm8,1,7.870393514633179,4
d256h4L8,6033664,3584,speech_commands_pcm8,2,7.827157656351726,4
d256h4L8,6033664,3584,speech_commands_pcm8,3,7.810322880744934,4
d256h4L8,6033664,3584,speech_commands_pcm8,4,7.801579475402832,4
d256h4L8,6033664,3584,speech_commands_pcm8_8khz,1,7.88610565662384,4
d256h4L8,6033664,3584,speech_commands_pcm8_8khz,2,7.839010874430339,4
d256h4L8,6033664,3584,speech_commands_pcm8_8khz,3,7.82051956653595,4
d256h4L8,6033664,3584,speech_commands_pcm8_8khz,4,7.810811996459961,4
d256h4L8,6033664,3584,mutopia_melody_16th,1,7.70506477355957,4
d256h4L8,6033664,3584,mutopia_melody_16th,2,7.617805480957031,4
d256h4L8,6033664,3584,mutopia_melody_16th,3,7.583168148994446,4
d256h4L8,6033664,3584,mutopia_melody_16th,4,7.56795072555542,4
d256h4L8,6033664,3584,cifar10_rgb_planar,1,7.897471308708191,4
d256h4L8,6033664,3584,cifar10_rgb_planar,2,7.861293792724609,4
d256h4L8,6033664,3584,cifar10_rgb_planar,3,7.847886919975281,4
d256h4L8,6033664,3584,cifar10_rgb_planar,4,7.840773582458496,4
d256h4L8,6033664,3584,cifar10_rgb_hwc,1,7.87265944480896,4
d256h4L8,6033664,3584,cifar10_rgb_hwc,2,7.838507334391276,4
d256h4L8,6033664,3584,cifar10_rgb_hwc,3,7.825845003128052,4
d256h4L8,6033664,3584,cifar10_rgb_hwc,4,7.819123268127441,4
d256h4L8,6033664,3584,kolmogorov_text,1,7.918741226196289,4
d256h4L8,6033664,3584,kolmogorov_text,2,7.874170303344727,4
d256h4L8,6033664,3584,kolmogorov_text,3,7.858295202255249,4
d256h4L8,6033664,3584,kolmogorov_text,4,7.849951267242432,4
d256h4L8,6033664,3584,kolmogorov_dna,1,5.287534594535828,4
d256h4L8,6033664,3584,kolmogorov_dna,2,4.697821378707886,4
d256h4L8,6033664,3584,kolmogorov_dna,3,4.459306955337524,4
d256h4L8,6033664,3584,kolmogorov_dna,4,4.332050323486328,4
d256h4L8,6033664,3584,metamath,1,7.650219917297363,4
d256h4L8,6033664,3584,metamath,2,7.542143265406291,4
d256h4L8,6033664,3584,metamath,3,7.5070273876190186,4
d256h4L8,6033664,3584,metamath,4,7.488932132720947,4
d256h4L8,6033664,3584,aitdcc_a_protein,1,7.848317980766296,4
d256h4L8,6033664,3584,aitdcc_a_protein,2,7.817978541056315,4
d256h4L8,6033664,3584,aitdcc_a_protein,3,7.805788278579712,4
d256h4L8,6033664,3584,aitdcc_a_protein,4,7.799121379852295,4
d256h4L8,6033664,3584,aitdcc_b_c_source,1,7.937013506889343,4
d256h4L8,6033664,3584,aitdcc_b_c_source,2,7.891269604365031,4
d256h4L8,6033664,3584,aitdcc_b_c_source,3,7.873719215393066,4
d256h4L8,6033664,3584,aitdcc_b_c_source,4,7.864145278930664,4
d256h4L8,6033664,3584,aitdcc_d_glibc_rand,1,8.056109189987183,4
d256h4L8,6033664,3584,aitdcc_d_glibc_rand,2,8.031556924184164,4
d256h4L8,6033664,3584,aitdcc_d_glibc_rand,3,8.022593259811401,4
d256h4L8,6033664,3584,aitdcc_d_glibc_rand,4,8.017915725708008,4
d256h4L8,6033664,3584,aitdcc_e_atlas_float32,1,8.015244722366333,4
d256h4L8,6033664,3584,aitdcc_e_atlas_float32,2,7.995288610458374,4
d256h4L8,6033664,3584,aitdcc_e_atlas_float32,3,7.987993001937866,4
d256h4L8,6033664,3584,aitdcc_e_atlas_float32,4,7.984176158905029,4
d256h4L8,6033664,3584,aitdcc_g_astronomy,1,5.367467522621155,4
d256h4L8,6033664,3584,aitdcc_g_astronomy,2,4.9918614228566485,4
d256h4L8,6033664,3584,aitdcc_g_astronomy,3,4.888131380081177,4
d256h4L8,6033664,3584,aitdcc_g_astronomy,4,4.834167957305908,4
d256h4L8,6033664,3584,llm_compression_python,1,7.374745845794678,4
d256h4L8,6033664,3584,llm_compression_python,2,7.2245728969573975,4
d256h4L8,6033664,3584,llm_compression_python,3,7.176645994186401,4
d256h4L8,6033664,3584,llm_compression_python,4,7.151408672332764,4
d256h4L8,6033664,3584,llm_compression_cc,1,7.895796179771423,4
d256h4L8,6033664,3584,llm_compression_cc,2,7.844594240188599,4
d256h4L8,6033664,3584,llm_compression_cc,3,7.826477289199829,4
d256h4L8,6033664,3584,llm_compression_cc,4,7.817074298858643,4
d256h4L8,6033664,3584,llm_compression_arxiv_math,1,7.856020092964172,4
d256h4L8,6033664,3584,llm_compression_arxiv_math,2,7.808276812235515,4
d256h4L8,6033664,3584,llm_compression_arxiv_math,3,7.7915767431259155,4
d256h4L8,6033664,3584,llm_compression_arxiv_math,4,7.782855987548828,4
d256h4L8,6033664,3584,esc50_pcm8,1,7.791315078735352,4
d256h4L8,6033664,3584,esc50_pcm8,2,7.740496476491292,4
d256h4L8,6033664,3584,esc50_pcm8,3,7.720306396484375,4
d256h4L8,6033664,3584,esc50_pcm8,4,7.7101240158081055,4
d256h4L8,6033664,3584,esc50_pcm8_11khz,1,7.832969903945923,4
d256h4L8,6033664,3584,esc50_pcm8_11khz,2,7.788719495137532,4
d256h4L8,6033664,3584,esc50_pcm8_11khz,3,7.771210193634033,4
d256h4L8,6033664,3584,esc50_pcm8_11khz,4,7.762290954589844,4
d256h4L8,6033664,3584,musicnet_pcm8,1,7.920222878456116,4
d256h4L8,6033664,3584,musicnet_pcm8,2,7.897084712982178,4
d256h4L8,6033664,3584,musicnet_pcm8,3,7.888142943382263,4
d256h4L8,6033664,3584,musicnet_pcm8,4,7.8835015296936035,4
d256h4L8,6033664,3584,musicnet_pcm8_11khz,1,7.918812394142151,4
d256h4L8,6033664,3584,musicnet_pcm8_11khz,2,7.891555706659953,4
d256h4L8,6033664,3584,musicnet_pcm8_11khz,3,7.881176829338074,4
d256h4L8,6033664,3584,musicnet_pcm8_11khz,4,7.875818252563477,4
d256h4L8,6033664,3840,dclm,1,7.880680203437805,4
d256h4L8,6033664,3840,dclm,2,7.83170485496521,4
d256h4L8,6033664,3840,dclm,3,7.814094662666321,4
d256h4L8,6033664,3840,dclm,4,7.804871082305908,4
d256h4L8,6033664,3840,dclm_ranked,1,6.93596076965332,4
d256h4L8,6033664,3840,dclm_ranked,2,6.43877649307251,4
d256h4L8,6033664,3840,dclm_ranked,3,6.249389290809631,4
d256h4L8,6033664,3840,dclm_ranked,4,6.150472640991211,4
d256h4L8,6033664,3840,dna,1,4.39702308177948,4
d256h4L8,6033664,3840,dna,2,3.849312901496887,4
d256h4L8,6033664,3840,dna,3,3.659415900707245,4
d256h4L8,6033664,3840,dna,4,3.56473970413208,4
d256h4L8,6033664,3840,arithmetic,1,8.019291520118713,4
d256h4L8,6033664,3840,arithmetic,2,7.980747779210408,4
d256h4L8,6033664,3840,arithmetic,3,7.964775204658508,4
d256h4L8,6033664,3840,arithmetic,4,7.955233097076416,4
d256h4L8,6033664,3840,audio_8bit,1,4.632447838783264,4
d256h4L8,6033664,3840,audio_8bit,2,4.236263195673625,4
d256h4L8,6033664,3840,audio_8bit,3,4.092437386512756,4
d256h4L8,6033664,3840,audio_8bit,4,4.018335342407227,4
d256h4L8,6033664,3840,audio_16bit,1,6.34060537815094,4
d256h4L8,6033664,3840,audio_16bit,2,6.127655506134033,4
d256h4L8,6033664,3840,audio_16bit,3,6.052854895591736,4
d256h4L8,6033664,3840,audio_16bit,4,6.013225555419922,4
d256h4L8,6033664,3840,speech_commands_pcm8,1,7.722665429115295,4
d256h4L8,6033664,3840,speech_commands_pcm8,2,7.556307474772136,4
d256h4L8,6033664,3840,speech_commands_pcm8,3,7.4449782371521,4
d256h4L8,6033664,3840,speech_commands_pcm8,4,7.357507705688477,4
d256h4L8,6033664,3840,speech_commands_pcm8_8khz,1,7.734145402908325,4
d256h4L8,6033664,3840,speech_commands_pcm8_8khz,2,7.563019196192424,4
d256h4L8,6033664,3840,speech_commands_pcm8_8khz,3,7.451393961906433,4
d256h4L8,6033664,3840,speech_commands_pcm8_8khz,4,7.36425256729126,4
d256h4L8,6033664,3840,mutopia_melody_16th,1,7.471642017364502,4
d256h4L8,6033664,3840,mutopia_melody_16th,2,7.253502607345581,4
d256h4L8,6033664,3840,mutopia_melody_16th,3,7.11498486995697,4
d256h4L8,6033664,3840,mutopia_melody_16th,4,7.012091636657715,4
d256h4L8,6033664,3840,cifar10_rgb_planar,1,7.912453055381775,4
d256h4L8,6033664,3840,cifar10_rgb_planar,2,7.869694948196411,4
d256h4L8,6033664,3840,cifar10_rgb_planar,3,7.854172945022583,4
d256h4L8,6033664,3840,cifar10_rgb_planar,4,7.845937728881836,4
d256h4L8,6033664,3840,cifar10_rgb_hwc,1,7.88978123664856,4
d256h4L8,6033664,3840,cifar10_rgb_hwc,2,7.848164876302083,4
d256h4L8,6033664,3840,cifar10_rgb_hwc,3,7.833123207092285,4
d256h4L8,6033664,3840,cifar10_rgb_hwc,4,7.825134754180908,4
d256h4L8,6033664,3840,kolmogorov_text,1,7.921172738075256,4
d256h4L8,6033664,3840,kolmogorov_text,2,7.878348350524902,4
d256h4L8,6033664,3840,kolmogorov_text,3,7.862592935562134,4
d256h4L8,6033664,3840,kolmogorov_text,4,7.8541388511657715,4
d256h4L8,6033664,3840,kolmogorov_dna,1,5.270358920097351,4
d256h4L8,6033664,3840,kolmogorov_dna,2,4.702078262964885,4
d256h4L8,6033664,3840,kolmogorov_dna,3,4.5061928033828735,4
d256h4L8,6033664,3840,kolmogorov_dna,4,4.403770446777344,4
d256h4L8,6033664,3840,metamath,1,7.6712483167648315,4
d256h4L8,6033664,3840,metamath,2,7.554956912994385,4
d256h4L8,6033664,3840,metamath,3,7.515833854675293,4
d256h4L8,6033664,3840,metamath,4,7.49611759185791,4
d256h4L8,6033664,3840,aitdcc_a_protein,1,7.919827222824097,4
d256h4L8,6033664,3840,aitdcc_a_protein,2,7.888329426447551,4
d256h4L8,6033664,3840,aitdcc_a_protein,3,7.875961661338806,4
d256h4L8,6033664,3840,aitdcc_a_protein,4,7.869148254394531,4
d256h4L8,6033664,3840,aitdcc_b_c_source,1,7.926674127578735,4
d256h4L8,6033664,3840,aitdcc_b_c_source,2,7.881065209706624,4
d256h4L8,6033664,3840,aitdcc_b_c_source,3,7.864033341407776,4
d256h4L8,6033664,3840,aitdcc_b_c_source,4,7.854979515075684,4
d256h4L8,6033664,3840,aitdcc_d_glibc_rand,1,8.069032430648804,4
d256h4L8,6033664,3840,aitdcc_d_glibc_rand,2,8.040742556254068,4
d256h4L8,6033664,3840,aitdcc_d_glibc_rand,3,8.030547857284546,4
d256h4L8,6033664,3840,aitdcc_d_glibc_rand,4,8.02515697479248,4
d256h4L8,6033664,3840,aitdcc_e_atlas_float32,1,8.057809114456177,4
d256h4L8,6033664,3840,aitdcc_e_atlas_float32,2,8.027151584625244,4
d256h4L8,6033664,3840,aitdcc_e_atlas_float32,3,8.01579487323761,4
d256h4L8,6033664,3840,aitdcc_e_atlas_float32,4,8.009740829467773,4
d256h4L8,6033664,3840,aitdcc_g_astronomy,1,4.806729316711426,4
d256h4L8,6033664,3840,aitdcc_g_astronomy,2,4.7095794677734375,4
d256h4L8,6033664,3840,aitdcc_g_astronomy,3,4.676166653633118,4
d256h4L8,6033664,3840,aitdcc_g_astronomy,4,4.657747745513916,4
d256h4L8,6033664,3840,llm_compression_python,1,7.4294211864471436,4
d256h4L8,6033664,3840,llm_compression_python,2,7.301382382710774,4
d256h4L8,6033664,3840,llm_compression_python,3,7.258494138717651,4
d256h4L8,6033664,3840,llm_compression_python,4,7.237252712249756,4
d256h4L8,6033664,3840,llm_compression_cc,1,7.894007682800293,4
d256h4L8,6033664,3840,llm_compression_cc,2,7.84855055809021,4
d256h4L8,6033664,3840,llm_compression_cc,3,7.832129001617432,4
d256h4L8,6033664,3840,llm_compression_cc,4,7.823507308959961,4
d256h4L8,6033664,3840,llm_compression_arxiv_math,1,7.8912763595581055,4
d256h4L8,6033664,3840,llm_compression_arxiv_math,2,7.846194505691528,4
d256h4L8,6033664,3840,llm_compression_arxiv_math,3,7.830291390419006,4
d256h4L8,6033664,3840,llm_compression_arxiv_math,4,7.822016716003418,4
d256h4L8,6033664,3840,esc50_pcm8,1,7.665339350700378,4
d256h4L8,6033664,3840,esc50_pcm8,2,7.497442960739136,4
d256h4L8,6033664,3840,esc50_pcm8,3,7.383782863616943,4
d256h4L8,6033664,3840,esc50_pcm8,4,7.295135974884033,4
d256h4L8,6033664,3840,esc50_pcm8_11khz,1,7.720949649810791,4
d256h4L8,6033664,3840,esc50_pcm8_11khz,2,7.567785898844401,4
d256h4L8,6033664,3840,esc50_pcm8_11khz,3,7.465671181678772,4
d256h4L8,6033664,3840,esc50_pcm8_11khz,4,7.386293888092041,4
d256h4L8,6033664,3840,musicnet_pcm8,1,7.959922790527344,4
d256h4L8,6033664,3840,musicnet_pcm8,2,7.935635805130005,4
d256h4L8,6033664,3840,musicnet_pcm8,3,7.925373554229736,4
d256h4L8,6033664,3840,musicnet_pcm8,4,7.919068336486816,4
d256h4L8,6033664,3840,musicnet_pcm8_11khz,1,7.8967859745025635,4
d256h4L8,6033664,3840,musicnet_pcm8_11khz,2,7.824805339177449,4
d256h4L8,6033664,3840,musicnet_pcm8_11khz,3,7.780700087547302,4
d256h4L8,6033664,3840,musicnet_pcm8_11khz,4,7.747131824493408,4
d256h4L8,6033664,4096,dclm,1,7.861298561096191,4
d256h4L8,6033664,4096,dclm,2,7.803065061569214,4
d256h4L8,6033664,4096,dclm,3,7.778862714767456,4
d256h4L8,6033664,4096,dclm,4,7.764533519744873,4
d256h4L8,6033664,4096,dclm_ranked,1,7.092369318008423,4
d256h4L8,6033664,4096,dclm_ranked,2,6.666057109832764,4
d256h4L8,6033664,4096,dclm_ranked,3,6.497440338134766,4
d256h4L8,6033664,4096,dclm_ranked,4,6.403463840484619,4
d256h4L8,6033664,4096,dna,1,4.740063309669495,4
d256h4L8,6033664,4096,dna,2,4.127555727958679,4
d256h4L8,6033664,4096,dna,3,3.907791018486023,4
d256h4L8,6033664,4096,dna,4,3.7940993309020996,4
d256h4L8,6033664,4096,arithmetic,1,7.995702743530273,4
d256h4L8,6033664,4096,arithmetic,2,7.965327103932698,4
d256h4L8,6033664,4096,arithmetic,3,7.9536919593811035,4
d256h4L8,6033664,4096,arithmetic,4,7.947360992431641,4
d256h4L8,6033664,4096,audio_8bit,1,4.7625027894973755,4
d256h4L8,6033664,4096,audio_8bit,2,4.367828369140625,4
d256h4L8,6033664,4096,audio_8bit,3,4.220742344856262,4
d256h4L8,6033664,4096,audio_8bit,4,4.1422648429870605,4
d256h4L8,6033664,4096,audio_16bit,1,6.388793587684631,4
d256h4L8,6033664,4096,audio_16bit,2,6.196246862411499,4
d256h4L8,6033664,4096,audio_16bit,3,6.132073760032654,4
d256h4L8,6033664,4096,audio_16bit,4,6.100063800811768,4
d256h4L8,6033664,4096,speech_commands_pcm8,1,7.880517244338989,4
d256h4L8,6033664,4096,speech_commands_pcm8,2,7.755833466847737,4
d256h4L8,6033664,4096,speech_commands_pcm8,3,7.715809226036072,4
d256h4L8,6033664,4096,speech_commands_pcm8,4,7.694443702697754,4
d256h4L8,6033664,4096,speech_commands_pcm8_8khz,1,7.907768130302429,4
d256h4L8,6033664,4096,speech_commands_pcm8_8khz,2,7.767863909403483,4
d256h4L8,6033664,4096,speech_commands_pcm8_8khz,3,7.724455118179321,4
d256h4L8,6033664,4096,speech_commands_pcm8_8khz,4,7.701476097106934,4
d256h4L8,6033664,4096,mutopia_melody_16th,1,7.725993633270264,4
d256h4L8,6033664,4096,mutopia_melody_16th,2,7.591221729914348,4
d256h4L8,6033664,4096,mutopia_melody_16th,3,7.507382869720459,4
d256h4L8,6033664,4096,mutopia_melody_16th,4,7.4437150955200195,4
d256h4L8,6033664,4096,cifar10_rgb_planar,1,7.898272275924683,4
d256h4L8,6033664,4096,cifar10_rgb_planar,2,7.86194634437561,4
d256h4L8,6033664,4096,cifar10_rgb_planar,3,7.848653078079224,4
d256h4L8,6033664,4096,cifar10_rgb_planar,4,7.841609001159668,4
d256h4L8,6033664,4096,cifar10_rgb_hwc,1,7.874021410942078,4
d256h4L8,6033664,4096,cifar10_rgb_hwc,2,7.839100281397502,4
d256h4L8,6033664,4096,cifar10_rgb_hwc,3,7.826368689537048,4
d256h4L8,6033664,4096,cifar10_rgb_hwc,4,7.819615840911865,4
d256h4L8,6033664,4096,kolmogorov_text,1,7.901743292808533,4
d256h4L8,6033664,4096,kolmogorov_text,2,7.854448080062866,4
d256h4L8,6033664,4096,kolmogorov_text,3,7.835642218589783,4
d256h4L8,6033664,4096,kolmogorov_text,4,7.825057029724121,4
d256h4L8,6033664,4096,kolmogorov_dna,1,5.356212496757507,4
d256h4L8,6033664,4096,kolmogorov_dna,2,4.822823445002238,4
d256h4L8,6033664,4096,kolmogorov_dna,3,4.620964050292969,4
d256h4L8,6033664,4096,kolmogorov_dna,4,4.514288425445557,4
d256h4L8,6033664,4096,metamath,1,7.590444803237915,4
d256h4L8,6033664,4096,metamath,2,7.431099971135457,4
d256h4L8,6033664,4096,metamath,3,7.362376809120178,4
d256h4L8,6033664,4096,metamath,4,7.31904411315918,4
d256h4L8,6033664,4096,aitdcc_a_protein,1,7.921960830688477,4
d256h4L8,6033664,4096,aitdcc_a_protein,2,7.8931483427683515,4
d256h4L8,6033664,4096,aitdcc_a_protein,3,7.881136894226074,4
d256h4L8,6033664,4096,aitdcc_a_protein,4,7.874337196350098,4
d256h4L8,6033664,4096,aitdcc_b_c_source,1,7.935771465301514,4
d256h4L8,6033664,4096,aitdcc_b_c_source,2,7.902961810429891,4
d256h4L8,6033664,4096,aitdcc_b_c_source,3,7.8907798528671265,4
d256h4L8,6033664,4096,aitdcc_b_c_source,4,7.884242057800293,4
d256h4L8,6033664,4096,aitdcc_d_glibc_rand,1,8.054761409759521,4
d256h4L8,6033664,4096,aitdcc_d_glibc_rand,2,8.03122091293335,4
d256h4L8,6033664,4096,aitdcc_d_glibc_rand,3,8.022722959518433,4
d256h4L8,6033664,4096,aitdcc_d_glibc_rand,4,8.018275260925293,4
d256h4L8,6033664,4096,aitdcc_e_atlas_float32,1,8.036823987960815,4
d256h4L8,6033664,4096,aitdcc_e_atlas_float32,2,8.01734709739685,4
d256h4L8,6033664,4096,aitdcc_e_atlas_float32,3,8.010313987731934,4
d256h4L8,6033664,4096,aitdcc_e_atlas_float32,4,8.006622314453125,4
d256h4L8,6033664,4096,aitdcc_g_astronomy,1,4.647435665130615,4
d256h4L8,6033664,4096,aitdcc_g_astronomy,2,4.578051726023356,4
d256h4L8,6033664,4096,aitdcc_g_astronomy,3,4.558912038803101,4
d256h4L8,6033664,4096,aitdcc_g_astronomy,4,4.549808979034424,4
d256h4L8,6033664,4096,llm_compression_python,1,7.249860644340515,4
d256h4L8,6033664,4096,llm_compression_python,2,7.141305764516194,4
d256h4L8,6033664,4096,llm_compression_python,3,7.09949791431427,4
d256h4L8,6033664,4096,llm_compression_python,4,7.075570583343506,4
d256h4L8,6033664,4096,llm_compression_cc,1,7.879546761512756,4
d256h4L8,6033664,4096,llm_compression_cc,2,7.826727946599324,4
d256h4L8,6033664,4096,llm_compression_cc,3,7.804916143417358,4
d256h4L8,6033664,4096,llm_compression_cc,4,7.792131423950195,4
d256h4L8,6033664,4096,llm_compression_arxiv_math,1,7.848835229873657,4
d256h4L8,6033664,4096,llm_compression_arxiv_math,2,7.807094653447469,4
d256h4L8,6033664,4096,llm_compression_arxiv_math,3,7.7913453578948975,4
d256h4L8,6033664,4096,llm_compression_arxiv_math,4,7.782699108123779,4
d256h4L8,6033664,4096,esc50_pcm8,1,7.80391800403595,4
d256h4L8,6033664,4096,esc50_pcm8,2,7.699939727783203,4
d256h4L8,6033664,4096,esc50_pcm8,3,7.660680413246155,4
d256h4L8,6033664,4096,esc50_pcm8,4,7.637765407562256,4
d256h4L8,6033664,4096,esc50_pcm8_11khz,1,7.849481701850891,4
d256h4L8,6033664,4096,esc50_pcm8_11khz,2,7.757770379384358,4
d256h4L8,6033664,4096,esc50_pcm8_11khz,3,7.725074768066406,4
d256h4L8,6033664,4096,esc50_pcm8_11khz,4,7.70675802230835,4
d256h4L8,6033664,4096,musicnet_pcm8,1,7.935004115104675,4
d256h4L8,6033664,4096,musicnet_pcm8,2,7.904195149739583,4
d256h4L8,6033664,4096,musicnet_pcm8,3,7.891676187515259,4
d256h4L8,6033664,4096,musicnet_pcm8,4,7.884424686431885,4
d256h4L8,6033664,4096,musicnet_pcm8_11khz,1,7.934666395187378,4
d256h4L8,6033664,4096,musicnet_pcm8_11khz,2,7.874991575876872,4
d256h4L8,6033664,4096,musicnet_pcm8_11khz,3,7.854700207710266,4
d256h4L8,6033664,4096,musicnet_pcm8_11khz,4,7.843898773193359,4
d256h4L8,6033664,4352,dclm,1,7.8148123025894165,4
d256h4L8,6033664,4352,dclm,2,7.777718702952067,4
d256h4L8,6033664,4352,dclm,3,7.764233112335205,4
d256h4L8,6033664,4352,dclm,4,7.7570414543151855,4
d256h4L8,6033664,4352,dclm_ranked,1,6.879607915878296,4
d256h4L8,6033664,4352,dclm_ranked,2,6.486331542332967,4
d256h4L8,6033664,4352,dclm_ranked,3,6.344487547874451,4
d256h4L8,6033664,4352,dclm_ranked,4,6.271481990814209,4
d256h4L8,6033664,4352,dna,1,4.29345965385437,4
d256h4L8,6033664,4352,dna,2,3.7822451988855996,4
d256h4L8,6033664,4352,dna,3,3.5993873476982117,4
d256h4L8,6033664,4352,dna,4,3.5014185905456543,4
d256h4L8,6033664,4352,arithmetic,1,7.99482274055481,4
d256h4L8,6033664,4352,arithmetic,2,7.967944224675496,4
d256h4L8,6033664,4352,arithmetic,3,7.958022236824036,4
d256h4L8,6033664,4352,arithmetic,4,7.952753067016602,4
d256h4L8,6033664,4352,audio_8bit,1,4.71075177192688,4
d256h4L8,6033664,4352,audio_8bit,2,4.348682562510173,4
d256h4L8,6033664,4352,audio_8bit,3,4.217226624488831,4
d256h4L8,6033664,4352,audio_8bit,4,4.148207664489746,4
d256h4L8,6033664,4352,audio_16bit,1,6.3195942640304565,4
d256h4L8,6033664,4352,audio_16bit,2,6.171709219614665,4
d256h4L8,6033664,4352,audio_16bit,3,6.120711088180542,4
d256h4L8,6033664,4352,audio_16bit,4,6.094641208648682,4
d256h4L8,6033664,4352,speech_commands_pcm8,1,7.413505673408508,4
d256h4L8,6033664,4352,speech_commands_pcm8,2,7.187307198842366,4
d256h4L8,6033664,4352,speech_commands_pcm8,3,7.110774874687195,4
d256h4L8,6033664,4352,speech_commands_pcm8,4,7.071351528167725,4
d256h4L8,6033664,4352,speech_commands_pcm8_8khz,1,7.387804269790649,4
d256h4L8,6033664,4352,speech_commands_pcm8_8khz,2,7.126313050587972,4
d256h4L8,6033664,4352,speech_commands_pcm8_8khz,3,7.040117144584656,4
d256h4L8,6033664,4352,speech_commands_pcm8_8khz,4,6.99519157409668,4
d256h4L8,6033664,4352,mutopia_melody_16th,1,7.308621048927307,4
d256h4L8,6033664,4352,mutopia_melody_16th,2,7.0131776332855225,4
d256h4L8,6033664,4352,mutopia_melody_16th,3,6.852837681770325,4
d256h4L8,6033664,4352,mutopia_melody_16th,4,6.737717628479004,4
d256h4L8,6033664,4352,cifar10_rgb_planar,1,7.884231328964233,4
d256h4L8,6033664,4352,cifar10_rgb_planar,2,7.8519909381866455,4
d256h4L8,6033664,4352,cifar10_rgb_planar,3,7.8399505615234375,4
d256h4L8,6033664,4352,cifar10_rgb_planar,4,7.83344030380249,4
d256h4L8,6033664,4352,cifar10_rgb_hwc,1,7.857113599777222,4
d256h4L8,6033664,4352,cifar10_rgb_hwc,2,7.825645208358765,4
d256h4L8,6033664,4352,cifar10_rgb_hwc,3,7.8139578104019165,4
d256h4L8,6033664,4352,cifar10_rgb_hwc,4,7.80767822265625,4
d256h4L8,6033664,4352,kolmogorov_text,1,7.870563507080078,4
d256h4L8,6033664,4352,kolmogorov_text,2,7.8375809987386065,4
d256h4L8,6033664,4352,kolmogorov_text,3,7.825766563415527,4
d256h4L8,6033664,4352,kolmogorov_text,4,7.819515228271484,4
d256h4L8,6033664,4352,kolmogorov_dna,1,4.769999265670776,4
d256h4L8,6033664,4352,kolmogorov_dna,2,4.2421960433324175,4
d256h4L8,6033664,4352,kolmogorov_dna,3,4.048602104187012,4
d256h4L8,6033664,4352,kolmogorov_dna,4,3.938688278198242,4
d256h4L8,6033664,4352,metamath,1,7.55558168888092,4
d256h4L8,6033664,4352,metamath,2,7.48654301961263,4
d256h4L8,6033664,4352,metamath,3,7.463551640510559,4
d256h4L8,6033664,4352,metamath,4,7.451756477355957,4
d256h4L8,6033664,4352,aitdcc_a_protein,1,7.9457738399505615,4
d256h4L8,6033664,4352,aitdcc_a_protein,2,7.886191924413045,4
d256h4L8,6033664,4352,aitdcc_a_protein,3,7.854449391365051,4
d256h4L8,6033664,4352,aitdcc_a_protein,4,7.831955909729004,4
d256h4L8,6033664,4352,aitdcc_b_c_source,1,7.913233399391174,4
d256h4L8,6033664,4352,aitdcc_b_c_source,2,7.884009758631389,4
d256h4L8,6033664,4352,aitdcc_b_c_source,3,7.873531341552734,4
d256h4L8,6033664,4352,aitdcc_b_c_source,4,7.868012428283691,4
d256h4L8,6033664,4352,aitdcc_d_glibc_rand,1,8.04997992515564,4
d256h4L8,6033664,4352,aitdcc_d_glibc_rand,2,8.029781500498453,4
d256h4L8,6033664,4352,aitdcc_d_glibc_rand,3,8.022903680801392,4
d256h4L8,6033664,4352,aitdcc_d_glibc_rand,4,8.019380569458008,4
d256h4L8,6033664,4352,aitdcc_e_atlas_float32,1,8.011160373687744,4
d256h4L8,6033664,4352,aitdcc_e_atlas_float32,2,7.989832480748494,4
d256h4L8,6033664,4352,aitdcc_e_atlas_float32,3,7.982455849647522,4
d256h4L8,6033664,4352,aitdcc_e_atlas_float32,4,7.978665351867676,4
d256h4L8,6033664,4352,aitdcc_g_astronomy,1,4.899281144142151,4
d256h4L8,6033664,4352,aitdcc_g_astronomy,2,4.7329639593760175,4
d256h4L8,6033664,4352,aitdcc_g_astronomy,3,4.685313940048218,4
d256h4L8,6033664,4352,aitdcc_g_astronomy,4,4.662132740020752,4
d256h4L8,6033664,4352,llm_compression_python,1,7.396158933639526,4
d256h4L8,6033664,4352,llm_compression_python,2,7.3101420402526855,4
d256h4L8,6033664,4352,llm_compression_python,3,7.279946684837341,4
d256h4L8,6033664,4352,llm_compression_python,4,7.264193058013916,4
d256h4L8,6033664,4352,llm_compression_cc,1,7.827017068862915,4
d256h4L8,6033664,4352,llm_compression_cc,2,7.789207458496094,4
d256h4L8,6033664,4352,llm_compression_cc,3,7.775355815887451,4
d256h4L8,6033664,4352,llm_compression_cc,4,7.767942428588867,4
d256h4L8,6033664,4352,llm_compression_arxiv_math,1,7.815627336502075,4
d256h4L8,6033664,4352,llm_compression_arxiv_math,2,7.775025685628255,4
d256h4L8,6033664,4352,llm_compression_arxiv_math,3,7.761556625366211,4
d256h4L8,6033664,4352,llm_compression_arxiv_math,4,7.754549980163574,4
d256h4L8,6033664,4352,esc50_pcm8,1,7.454301595687866,4
d256h4L8,6033664,4352,esc50_pcm8,2,7.2675089836120605,4
d256h4L8,6033664,4352,esc50_pcm8,3,7.196416139602661,4
d256h4L8,6033664,4352,esc50_pcm8,4,7.159709930419922,4
d256h4L8,6033664,4352,esc50_pcm8_11khz,1,7.502844572067261,4
d256h4L8,6033664,4352,esc50_pcm8_11khz,2,7.326428731282552,4
d256h4L8,6033664,4352,esc50_pcm8_11khz,3,7.261967182159424,4
d256h4L8,6033664,4352,esc50_pcm8_11khz,4,7.229206562042236,4
d256h4L8,6033664,4352,musicnet_pcm8,1,7.832323670387268,4
d256h4L8,6033664,4352,musicnet_pcm8,2,7.783557653427124,4
d256h4L8,6033664,4352,musicnet_pcm8,3,7.764570713043213,4
d256h4L8,6033664,4352,musicnet_pcm8,4,7.753698825836182,4
d256h4L8,6033664,4352,musicnet_pcm8_11khz,1,7.703270792961121,4
d256h4L8,6033664,4352,musicnet_pcm8_11khz,2,7.598179658253987,4
d256h4L8,6033664,4352,musicnet_pcm8_11khz,3,7.560319304466248,4
d256h4L8,6033664,4352,musicnet_pcm8_11khz,4,7.5402140617370605,4
d256h4L8,6033664,4608,dclm,1,7.878610968589783,4
d256h4L8,6033664,4608,dclm,2,7.805138111114502,4
d256h4L8,6033664,4608,dclm,3,7.775978207588196,4
d256h4L8,6033664,4608,dclm,4,7.758722305297852,4
d256h4L8,6033664,4608,dclm_ranked,1,7.053674101829529,4
d256h4L8,6033664,4608,dclm_ranked,2,6.57538366317749,4
d256h4L8,6033664,4608,dclm_ranked,3,6.3914079666137695,4
d256h4L8,6033664,4608,dclm_ranked,4,6.291377067565918,4
d256h4L8,6033664,4608,dna,1,4.51419997215271,4
d256h4L8,6033664,4608,dna,2,3.8870344161987305,4
d256h4L8,6033664,4608,dna,3,3.664111912250519,4
d256h4L8,6033664,4608,dna,4,3.5504229068756104,4
d256h4L8,6033664,4608,arithmetic,1,7.981564879417419,4
d256h4L8,6033664,4608,arithmetic,2,7.953529993693034,4
d256h4L8,6033664,4608,arithmetic,3,7.94335401058197,4
d256h4L8,6033664,4608,arithmetic,4,7.937808990478516,4
d256h4L8,6033664,4608,audio_8bit,1,4.689898729324341,4
d256h4L8,6033664,4608,audio_8bit,2,4.309097448984782,4
d256h4L8,6033664,4608,audio_8bit,3,4.172342658042908,4
d256h4L8,6033664,4608,audio_8bit,4,4.101414203643799,4
d256h4L8,6033664,4608,audio_16bit,1,6.398390889167786,4
d256h4L8,6033664,4608,audio_16bit,2,6.180797656377156,4
d256h4L8,6033664,4608,audio_16bit,3,6.105103373527527,4
d256h4L8,6033664,4608,audio_16bit,4,6.0678815841674805,4
d256h4L8,6033664,4608,speech_commands_pcm8,1,7.569307088851929,4
d256h4L8,6033664,4608,speech_commands_pcm8,2,7.3414004643758135,4
d256h4L8,6033664,4608,speech_commands_pcm8,3,7.269871354103088,4
d256h4L8,6033664,4608,speech_commands_pcm8,4,7.244521617889404,4
d256h4L8,6033664,4608,speech_commands_pcm8_8khz,1,7.565552234649658,4
d256h4L8,6033664,4608,speech_commands_pcm8_8khz,2,7.29623007774353,4
d256h4L8,6033664,4608,speech_commands_pcm8_8khz,3,7.213472962379456,4
d256h4L8,6033664,4608,speech_commands_pcm8_8khz,4,7.184642791748047,4
d256h4L8,6033664,4608,mutopia_melody_16th,1,7.546584963798523,4
d256h4L8,6033664,4608,mutopia_melody_16th,2,7.4148313999176025,4
d256h4L8,6033664,4608,mutopia_melody_16th,3,7.361506342887878,4
d256h4L8,6033664,4608,mutopia_melody_16th,4,7.329836368560791,4
d256h4L8,6033664,4608,cifar10_rgb_planar,1,7.881637454032898,4
d256h4L8,6033664,4608,cifar10_rgb_planar,2,7.848840077718099,4
d256h4L8,6033664,4608,cifar10_rgb_planar,3,7.836820960044861,4
d256h4L8,6033664,4608,cifar10_rgb_planar,4,7.830439567565918,4
d256h4L8,6033664,4608,cifar10_rgb_hwc,1,7.8535836935043335,4
d256h4L8,6033664,4608,cifar10_rgb_hwc,2,7.821975787480672,4
d256h4L8,6033664,4608,cifar10_rgb_hwc,3,7.810376524925232,4
d256h4L8,6033664,4608,cifar10_rgb_hwc,4,7.804210662841797,4
d256h4L8,6033664,4608,kolmogorov_text,1,7.922460675239563,4
d256h4L8,6033664,4608,kolmogorov_text,2,7.869157711664836,4
d256h4L8,6033664,4608,kolmogorov_text,3,7.849003791809082,4
d256h4L8,6033664,4608,kolmogorov_text,4,7.837625026702881,4
d256h4L8,6033664,4608,kolmogorov_dna,1,5.028734803199768,4
d256h4L8,6033664,4608,kolmogorov_dna,2,4.329845031102498,4
d256h4L8,6033664,4608,kolmogorov_dna,3,4.123151957988739,4
d256h4L8,6033664,4608,kolmogorov_dna,4,4.02211332321167,4
d256h4L8,6033664,4608,metamath,1,7.570019483566284,4
d256h4L8,6033664,4608,metamath,2,7.37051248550415,4
d256h4L8,6033664,4608,metamath,3,7.293371081352234,4
d256h4L8,6033664,4608,metamath,4,7.248867034912109,4
d256h4L8,6033664,4608,aitdcc_a_protein,1,7.95181679725647,4
d256h4L8,6033664,4608,aitdcc_a_protein,2,7.931933164596558,4
d256h4L8,6033664,4608,aitdcc_a_protein,3,7.9246931076049805,4
d256h4L8,6033664,4608,aitdcc_a_protein,4,7.920856952667236,4
d256h4L8,6033664,4608,aitdcc_b_c_source,1,7.977519631385803,4
d256h4L8,6033664,4608,aitdcc_b_c_source,2,7.939769347508748,4
d256h4L8,6033664,4608,aitdcc_b_c_source,3,7.926080107688904,4
d256h4L8,6033664,4608,aitdcc_b_c_source,4,7.918412685394287,4
d256h4L8,6033664,4608,aitdcc_d_glibc_rand,1,8.046340942382812,4
d256h4L8,6033664,4608,aitdcc_d_glibc_rand,2,8.027583758036295,4
d256h4L8,6033664,4608,aitdcc_d_glibc_rand,3,8.021167039871216,4
d256h4L8,6033664,4608,aitdcc_d_glibc_rand,4,8.017874717712402,4
d256h4L8,6033664,4608,aitdcc_e_atlas_float32,1,8.026008129119873,4
d256h4L8,6033664,4608,aitdcc_e_atlas_float32,2,8.011877059936523,4
d256h4L8,6033664,4608,aitdcc_e_atlas_float32,3,8.007056951522827,4
d256h4L8,6033664,4608,aitdcc_e_atlas_float32,4,8.00459098815918,4
d256h4L8,6033664,4608,aitdcc_g_astronomy,1,5.2835798263549805,4
d256h4L8,6033664,4608,aitdcc_g_astronomy,2,4.918765226999919,4
d256h4L8,6033664,4608,aitdcc_g_astronomy,3,4.856468319892883,4
d256h4L8,6033664,4608,aitdcc_g_astronomy,4,4.828836917877197,4
d256h4L8,6033664,4608,llm_compression_python,1,7.3759026527404785,4
d256h4L8,6033664,4608,llm_compression_python,2,7.241986592610677,4
d256h4L8,6033664,4608,llm_compression_python,3,7.1961811780929565,4
d256h4L8,6033664,4608,llm_compression_python,4,7.171503067016602,4
d256h4L8,6033664,4608,llm_compression_cc,1,7.893706321716309,4
d256h4L8,6033664,4608,llm_compression_cc,2,7.827539285024007,4
d256h4L8,6033664,4608,llm_compression_cc,3,7.801511645317078,4
d256h4L8,6033664,4608,llm_compression_cc,4,7.786283493041992,4
d256h4L8,6033664,4608,llm_compression_arxiv_math,1,7.879259824752808,4
d256h4L8,6033664,4608,llm_compression_arxiv_math,2,7.822139819463094,4
d256h4L8,6033664,4608,llm_compression_arxiv_math,3,7.801994204521179,4
d256h4L8,6033664,4608,llm_compression_arxiv_math,4,7.7908616065979,4
d256h4L8,6033664,4608,esc50_pcm8,1,7.56554913520813,4
d256h4L8,6033664,4608,esc50_pcm8,2,7.403611501057942,4
d256h4L8,6033664,4608,esc50_pcm8,3,7.346736788749695,4
d256h4L8,6033664,4608,esc50_pcm8,4,7.323580741882324,4
d256h4L8,6033664,4608,esc50_pcm8_11khz,1,7.618111729621887,4
d256h4L8,6033664,4608,esc50_pcm8_11khz,2,7.4665599664052325,4
d256h4L8,6033664,4608,esc50_pcm8_11khz,3,7.413723349571228,4
d256h4L8,6033664,4608,esc50_pcm8_11khz,4,7.392225742340088,4
d256h4L8,6033664,4608,musicnet_pcm8,1,7.905074834823608,4
d256h4L8,6033664,4608,musicnet_pcm8,2,7.8804701169331866,4
d256h4L8,6033664,4608,musicnet_pcm8,3,7.871034741401672,4
d256h4L8,6033664,4608,musicnet_pcm8,4,7.866293907165527,4
d256h4L8,6033664,4608,musicnet_pcm8_11khz,1,7.80049192905426,4
d256h4L8,6033664,4608,musicnet_pcm8_11khz,2,7.710378090540568,4
d256h4L8,6033664,4608,musicnet_pcm8_11khz,3,7.680240273475647,4
d256h4L8,6033664,4608,musicnet_pcm8_11khz,4,7.668883800506592,4
d256h4L8,6033664,4864,dclm,1,7.886912703514099,4
d256h4L8,6033664,4864,dclm,2,7.833271265029907,4
d256h4L8,6033664,4864,dclm,3,7.813320755958557,4
d256h4L8,6033664,4864,dclm,4,7.802209854125977,4
d256h4L8,6033664,4864,dclm_ranked,1,6.999749302864075,4
d256h4L8,6033664,4864,dclm_ranked,2,6.5483330090840655,4
d256h4L8,6033664,4864,dclm_ranked,3,6.383886933326721,4
d256h4L8,6033664,4864,dclm_ranked,4,6.295976161956787,4
d256h4L8,6033664,4864,dna,1,4.506895542144775,4
d256h4L8,6033664,4864,dna,2,3.9756922324498496,4
d256h4L8,6033664,4864,dna,3,3.803519129753113,4
d256h4L8,6033664,4864,dna,4,3.717733860015869,4
d256h4L8,6033664,4864,arithmetic,1,7.9913671016693115,4
d256h4L8,6033664,4864,arithmetic,2,7.958824078241984,4
d256h4L8,6033664,4864,arithmetic,3,7.945481300354004,4
d256h4L8,6033664,4864,arithmetic,4,7.937658309936523,4
d256h4L8,6033664,4864,audio_8bit,1,4.684102654457092,4
d256h4L8,6033664,4864,audio_8bit,2,4.282777150472005,4
d256h4L8,6033664,4864,audio_8bit,3,4.140668272972107,4
d256h4L8,6033664,4864,audio_8bit,4,4.0683794021606445,4
d256h4L8,6033664,4864,audio_16bit,1,6.297291159629822,4
d256h4L8,6033664,4864,audio_16bit,2,6.134687264760335,4
d256h4L8,6033664,4864,audio_16bit,3,6.0749547481536865,4
d256h4L8,6033664,4864,audio_16bit,4,6.043372631072998,4
d256h4L8,6033664,4864,speech_commands_pcm8,1,7.455816984176636,4
d256h4L8,6033664,4864,speech_commands_pcm8,2,7.156425714492798,4
d256h4L8,6033664,4864,speech_commands_pcm8,3,6.97140097618103,4
d256h4L8,6033664,4864,speech_commands_pcm8,4,6.825294494628906,4
d256h4L8,6033664,4864,speech_commands_pcm8_8khz,1,7.422861576080322,4
d256h4L8,6033664,4864,speech_commands_pcm8_8khz,2,7.088887691497803,4
d256h4L8,6033664,4864,speech_commands_pcm8_8khz,3,6.889959692955017,4
d256h4L8,6033664,4864,speech_commands_pcm8_8khz,4,6.734378337860107,4
d256h4L8,6033664,4864,mutopia_melody_16th,1,7.4079509973526,4
d256h4L8,6033664,4864,mutopia_melody_16th,2,7.032198429107666,4
d256h4L8,6033664,4864,mutopia_melody_16th,3,6.771119594573975,4
d256h4L8,6033664,4864,mutopia_melody_16th,4,6.565136432647705,4
d256h4L8,6033664,4864,cifar10_rgb_planar,1,7.886259913444519,4
d256h4L8,6033664,4864,cifar10_rgb_planar,2,7.847145080566406,4
d256h4L8,6033664,4864,cifar10_rgb_planar,3,7.832686185836792,4
d256h4L8,6033664,4864,cifar10_rgb_planar,4,7.8250298500061035,4
d256h4L8,6033664,4864,cifar10_rgb_hwc,1,7.859971404075623,4
d256h4L8,6033664,4864,cifar10_rgb_hwc,2,7.822831153869629,4
d256h4L8,6033664,4864,cifar10_rgb_hwc,3,7.809122443199158,4
d256h4L8,6033664,4864,cifar10_rgb_hwc,4,7.801861763000488,4
d256h4L8,6033664,4864,kolmogorov_text,1,7.927582144737244,4
d256h4L8,6033664,4864,kolmogorov_text,2,7.885528326034546,4
d256h4L8,6033664,4864,kolmogorov_text,3,7.869924902915955,4
d256h4L8,6033664,4864,kolmogorov_text,4,7.861401081085205,4
d256h4L8,6033664,4864,kolmogorov_dna,1,5.333158373832703,4
d256h4L8,6033664,4864,kolmogorov_dna,2,4.782603184382121,4
d256h4L8,6033664,4864,kolmogorov_dna,3,4.612080097198486,4
d256h4L8,6033664,4864,kolmogorov_dna,4,4.528234958648682,4
d256h4L8,6033664,4864,metamath,1,7.5546135902404785,4
d256h4L8,6033664,4864,metamath,2,7.391760905583699,4
d256h4L8,6033664,4864,metamath,3,7.324831604957581,4
d256h4L8,6033664,4864,metamath,4,7.284998416900635,4
d256h4L8,6033664,4864,aitdcc_a_protein,1,7.970909476280212,4
d256h4L8,6033664,4864,aitdcc_a_protein,2,7.934523979822795,4
d256h4L8,6033664,4864,aitdcc_a_protein,3,7.916999936103821,4
d256h4L8,6033664,4864,aitdcc_a_protein,4,7.9060845375061035,4
d256h4L8,6033664,4864,aitdcc_b_c_source,1,7.983347654342651,4
d256h4L8,6033664,4864,aitdcc_b_c_source,2,7.952792406082153,4
d256h4L8,6033664,4864,aitdcc_b_c_source,3,7.941399097442627,4
d256h4L8,6033664,4864,aitdcc_b_c_source,4,7.935170650482178,4
d256h4L8,6033664,4864,aitdcc_d_glibc_rand,1,8.058792352676392,4
d256h4L8,6033664,4864,aitdcc_d_glibc_rand,2,8.035410086313883,4
d256h4L8,6033664,4864,aitdcc_d_glibc_rand,3,8.027131080627441,4
d256h4L8,6033664,4864,aitdcc_d_glibc_rand,4,8.02285385131836,4
d256h4L8,6033664,4864,aitdcc_e_atlas_float32,1,8.041403889656067,4
d256h4L8,6033664,4864,aitdcc_e_atlas_float32,2,8.023241678873697,4
d256h4L8,6033664,4864,aitdcc_e_atlas_float32,3,8.01673936843872,4
d256h4L8,6033664,4864,aitdcc_e_atlas_float32,4,8.013367652893066,4
d256h4L8,6033664,4864,aitdcc_g_astronomy,1,4.604627013206482,4
d256h4L8,6033664,4864,aitdcc_g_astronomy,2,4.524718205134074,4
d256h4L8,6033664,4864,aitdcc_g_astronomy,3,4.502212166786194,4
d256h4L8,6033664,4864,aitdcc_g_astronomy,4,4.491026878356934,4
d256h4L8,6033664,4864,llm_compression_python,1,7.341356635093689,4
d256h4L8,6033664,4864,llm_compression_python,2,7.237337589263916,4
d256h4L8,6033664,4864,llm_compression_python,3,7.198010563850403,4
d256h4L8,6033664,4864,llm_compression_python,4,7.176486015319824,4
d256h4L8,6033664,4864,llm_compression_cc,1,7.8974984884262085,4
d256h4L8,6033664,4864,llm_compression_cc,2,7.848017692565918,4
d256h4L8,6033664,4864,llm_compression_cc,3,7.829565167427063,4
d256h4L8,6033664,4864,llm_compression_cc,4,7.819305896759033,4
d256h4L8,6033664,4864,llm_compression_arxiv_math,1,7.862445950508118,4
d256h4L8,6033664,4864,llm_compression_arxiv_math,2,7.816647291183472,4
d256h4L8,6033664,4864,llm_compression_arxiv_math,3,7.80005407333374,4
d256h4L8,6033664,4864,llm_compression_arxiv_math,4,7.791160583496094,4
d256h4L8,6033664,4864,esc50_pcm8,1,7.503063321113586,4
d256h4L8,6033664,4864,esc50_pcm8,2,7.259473959604899,4
d256h4L8,6033664,4864,esc50_pcm8,3,7.102737307548523,4
d256h4L8,6033664,4864,esc50_pcm8,4,6.980659008026123,4
d256h4L8,6033664,4864,esc50_pcm8_11khz,1,7.5534138679504395,4
d256h4L8,6033664,4864,esc50_pcm8_11khz,2,7.329094807306926,4
d256h4L8,6033664,4864,esc50_pcm8_11khz,3,7.18534529209137,4
d256h4L8,6033664,4864,esc50_pcm8_11khz,4,7.073643684387207,4
d256h4L8,6033664,4864,musicnet_pcm8,1,7.925398945808411,4
d256h4L8,6033664,4864,musicnet_pcm8,2,7.892060279846191,4
d256h4L8,6033664,4864,musicnet_pcm8,3,7.875970005989075,4
d256h4L8,6033664,4864,musicnet_pcm8,4,7.86538553237915,4
d256h4L8,6033664,4864,musicnet_pcm8_11khz,1,7.7853556871414185,4
d256h4L8,6033664,4864,musicnet_pcm8_11khz,2,7.673813660939534,4
d256h4L8,6033664,4864,musicnet_pcm8_11khz,3,7.6069923639297485,4
d256h4L8,6033664,4864,musicnet_pcm8_11khz,4,7.5558319091796875,4
d256h4L8,6033664,5120,dclm,1,7.907502770423889,4
d256h4L8,6033664,5120,dclm,2,7.850257555643718,4
d256h4L8,6033664,5120,dclm,3,7.831963062286377,4
d256h4L8,6033664,5120,dclm,4,7.822596549987793,4
d256h4L8,6033664,5120,dclm_ranked,1,6.951524376869202,4
d256h4L8,6033664,5120,dclm_ranked,2,6.56021507581075,4
d256h4L8,6033664,5120,dclm_ranked,3,6.4198222160339355,4
d256h4L8,6033664,5120,dclm_ranked,4,6.343605995178223,4
d256h4L8,6033664,5120,dna,1,4.556114375591278,4
d256h4L8,6033664,5120,dna,2,4.017843564351399,4
d256h4L8,6033664,5120,dna,3,3.83765184879303,4
d256h4L8,6033664,5120,dna,4,3.7432668209075928,4
d256h4L8,6033664,5120,arithmetic,1,8.00432801246643,4
d256h4L8,6033664,5120,arithmetic,2,7.972808043162028,4
d256h4L8,6033664,5120,arithmetic,3,7.960949897766113,4
d256h4L8,6033664,5120,arithmetic,4,7.954532623291016,4
d256h4L8,6033664,5120,audio_8bit,1,4.774346113204956,4
d256h4L8,6033664,5120,audio_8bit,2,4.348564704259236,4
d256h4L8,6033664,5120,audio_8bit,3,4.20583176612854,4
d256h4L8,6033664,5120,audio_8bit,4,4.132849216461182,4
d256h4L8,6033664,5120,audio_16bit,1,6.293254375457764,4
d256h4L8,6033664,5120,audio_16bit,2,6.146187782287598,4
d256h4L8,6033664,5120,audio_16bit,3,6.09446120262146,4
d256h4L8,6033664,5120,audio_16bit,4,6.068145751953125,4
d256h4L8,6033664,5120,speech_commands_pcm8,1,7.582924842834473,4
d256h4L8,6033664,5120,speech_commands_pcm8,2,7.516732851664226,4
d256h4L8,6033664,5120,speech_commands_pcm8,3,7.494142293930054,4
d256h4L8,6033664,5120,speech_commands_pcm8,4,7.482419490814209,4
d256h4L8,6033664,5120,speech_commands_pcm8_8khz,1,7.54898464679718,4
d256h4L8,6033664,5120,speech_commands_pcm8_8khz,2,7.477045138676961,4
d256h4L8,6033664,5120,speech_commands_pcm8_8khz,3,7.452760100364685,4
d256h4L8,6033664,5120,speech_commands_pcm8_8khz,4,7.440261363983154,4
d256h4L8,6033664,5120,mutopia_melody_16th,1,7.697970032691956,4
d256h4L8,6033664,5120,mutopia_melody_16th,2,7.6629674434661865,4
d256h4L8,6033664,5120,mutopia_melody_16th,3,7.65126359462738,4
d256h4L8,6033664,5120,mutopia_melody_16th,4,7.645360946655273,4
d256h4L8,6033664,5120,cifar10_rgb_planar,1,7.90628182888031,4
d256h4L8,6033664,5120,cifar10_rgb_planar,2,7.869009415308635,4
d256h4L8,6033664,5120,cifar10_rgb_planar,3,7.855514645576477,4
d256h4L8,6033664,5120,cifar10_rgb_planar,4,7.848354816436768,4
d256h4L8,6033664,5120,cifar10_rgb_hwc,1,7.881972432136536,4
d256h4L8,6033664,5120,cifar10_rgb_hwc,2,7.846701939900716,4
d256h4L8,6033664,5120,cifar10_rgb_hwc,3,7.833837985992432,4
d256h4L8,6033664,5120,cifar10_rgb_hwc,4,7.826963424682617,4
d256h4L8,6033664,5120,kolmogorov_text,1,7.939890265464783,4
d256h4L8,6033664,5120,kolmogorov_text,2,7.889577309290568,4
d256h4L8,6033664,5120,kolmogorov_text,3,7.872932434082031,4
d256h4L8,6033664,5120,kolmogorov_text,4,7.864274024963379,4
d256h4L8,6033664,5120,kolmogorov_dna,1,5.223967909812927,4
d256h4L8,6033664,5120,kolmogorov_dna,2,4.749139785766602,4
d256h4L8,6033664,5120,kolmogorov_dna,3,4.581934332847595,4
d256h4L8,6033664,5120,kolmogorov_dna,4,4.487833023071289,4
d256h4L8,6033664,5120,metamath,1,7.661969184875488,4
d256h4L8,6033664,5120,metamath,2,7.529907147089641,4
d256h4L8,6033664,5120,metamath,3,7.480518460273743,4
d256h4L8,6033664,5120,metamath,4,7.453361988067627,4
d256h4L8,6033664,5120,aitdcc_a_protein,1,7.995754718780518,4
d256h4L8,6033664,5120,aitdcc_a_protein,2,7.971103509267171,4
d256h4L8,6033664,5120,aitdcc_a_protein,3,7.962480425834656,4
d256h4L8,6033664,5120,aitdcc_a_protein,4,7.958033561706543,4
d256h4L8,6033664,5120,aitdcc_b_c_source,1,7.965303063392639,4
d256h4L8,6033664,5120,aitdcc_b_c_source,2,7.9236955642700195,4
d256h4L8,6033664,5120,aitdcc_b_c_source,3,7.908915996551514,4
d256h4L8,6033664,5120,aitdcc_b_c_source,4,7.90110445022583,4
d256h4L8,6033664,5120,aitdcc_d_glibc_rand,1,8.061460733413696,4
d256h4L8,6033664,5120,aitdcc_d_glibc_rand,2,8.035993417104086,4
d256h4L8,6033664,5120,aitdcc_d_glibc_rand,3,8.026973009109497,4
d256h4L8,6033664,5120,aitdcc_d_glibc_rand,4,8.022275924682617,4
d256h4L8,6033664,5120,aitdcc_e_atlas_float32,1,8.103857040405273,4
d256h4L8,6033664,5120,aitdcc_e_atlas_float32,2,8.075722217559814,4
d256h4L8,6033664,5120,aitdcc_e_atlas_float32,3,8.06660532951355,4
d256h4L8,6033664,5120,aitdcc_e_atlas_float32,4,8.061980247497559,4
d256h4L8,6033664,5120,aitdcc_g_astronomy,1,4.662981629371643,4
d256h4L8,6033664,5120,aitdcc_g_astronomy,2,4.614877303441365,4
d256h4L8,6033664,5120,aitdcc_g_astronomy,3,4.598658919334412,4
d256h4L8,6033664,5120,aitdcc_g_astronomy,4,4.590567588806152,4
d256h4L8,6033664,5120,llm_compression_python,1,7.40364146232605,4
d256h4L8,6033664,5120,llm_compression_python,2,7.263009389241536,4
d256h4L8,6033664,5120,llm_compression_python,3,7.212488055229187,4
d256h4L8,6033664,5120,llm_compression_python,4,7.188597679138184,4
d256h4L8,6033664,5120,llm_compression_cc,1,7.9205851554870605,4
d256h4L8,6033664,5120,llm_compression_cc,2,7.8660188515981035,4
d256h4L8,6033664,5120,llm_compression_cc,3,7.848581910133362,4
d256h4L8,6033664,5120,llm_compression_cc,4,7.839619159698486,4
d256h4L8,6033664,5120,llm_compression_arxiv_math,1,7.897342562675476,4
d256h4L8,6033664,5120,llm_compression_arxiv_math,2,7.842369794845581,4
d256h4L8,6033664,5120,llm_compression_arxiv_math,3,7.824296593666077,4
d256h4L8,6033664,5120,llm_compression_arxiv_math,4,7.81513786315918,4
d256h4L8,6033664,5120,esc50_pcm8,1,7.627260327339172,4
d256h4L8,6033664,5120,esc50_pcm8,2,7.572379430135091,4
d256h4L8,6033664,5120,esc50_pcm8,3,7.554206848144531,4
d256h4L8,6033664,5120,esc50_pcm8,4,7.54492712020874,4
d256h4L8,6033664,5120,esc50_pcm8_11khz,1,7.661316156387329,4
d256h4L8,6033664,5120,esc50_pcm8_11khz,2,7.612956206003825,4
d256h4L8,6033664,5120,esc50_pcm8_11khz,3,7.596931219100952,4
d256h4L8,6033664,5120,esc50_pcm8_11khz,4,7.588802337646484,4
d256h4L8,6033664,5120,musicnet_pcm8,1,7.950775384902954,4
d256h4L8,6033664,5120,musicnet_pcm8,2,7.930576165517171,4
d256h4L8,6033664,5120,musicnet_pcm8,3,7.923161149024963,4
d256h4L8,6033664,5120,musicnet_pcm8,4,7.919243335723877,4
d256h4L8,6033664,5120,musicnet_pcm8_11khz,1,7.8434330224990845,4
d256h4L8,6033664,5120,musicnet_pcm8_11khz,2,7.811359961827596,4
d256h4L8,6033664,5120,musicnet_pcm8_11khz,3,7.800063133239746,4
d256h4L8,6033664,5120,musicnet_pcm8_11khz,4,7.794209003448486,4
d256h4L8,6033664,5376,dclm,1,7.82935905456543,4
d256h4L8,6033664,5376,dclm,2,7.779450337092082,4
d256h4L8,6033664,5376,dclm,3,7.76096785068512,4
d256h4L8,6033664,5376,dclm,4,7.750681400299072,4
d256h4L8,6033664,5376,dclm_ranked,1,7.079062581062317,4
d256h4L8,6033664,5376,dclm_ranked,2,6.59645954767863,4
d256h4L8,6033664,5376,dclm_ranked,3,6.410559296607971,4
d256h4L8,6033664,5376,dclm_ranked,4,6.3087615966796875,4
d256h4L8,6033664,5376,dna,1,4.430162131786346,4
d256h4L8,6033664,5376,dna,2,3.8193172613779702,4
d256h4L8,6033664,5376,dna,3,3.612589180469513,4
d256h4L8,6033664,5376,dna,4,3.506706714630127,4
d256h4L8,6033664,5376,arithmetic,1,7.976930260658264,4
d256h4L8,6033664,5376,arithmetic,2,7.948188304901123,4
d256h4L8,6033664,5376,arithmetic,3,7.937234401702881,4
d256h4L8,6033664,5376,arithmetic,4,7.931521892547607,4
d256h4L8,6033664,5376,audio_8bit,1,4.720258355140686,4
d256h4L8,6033664,5376,audio_8bit,2,4.297837734222412,4
d256h4L8,6033664,5376,audio_8bit,3,4.1480478048324585,4
d256h4L8,6033664,5376,audio_8bit,4,4.069797992706299,4
d256h4L8,6033664,5376,audio_16bit,1,6.330622673034668,4
d256h4L8,6033664,5376,audio_16bit,2,6.160232067108154,4
d256h4L8,6033664,5376,audio_16bit,3,6.099481463432312,4
d256h4L8,6033664,5376,audio_16bit,4,6.06732702255249,4
d256h4L8,6033664,5376,speech_commands_pcm8,1,7.261833071708679,4
d256h4L8,6033664,5376,speech_commands_pcm8,2,6.979577938715617,4
d256h4L8,6033664,5376,speech_commands_pcm8,3,6.84474790096283,4
d256h4L8,6033664,5376,speech_commands_pcm8,4,6.762368679046631,4
d256h4L8,6033664,5376,speech_commands_pcm8_8khz,1,7.252309441566467,4
d256h4L8,6033664,5376,speech_commands_pcm8_8khz,2,6.938906828562419,4
d256h4L8,6033664,5376,speech_commands_pcm8_8khz,3,6.788482069969177,4
d256h4L8,6033664,5376,speech_commands_pcm8_8khz,4,6.694482326507568,4
d256h4L8,6033664,5376,mutopia_melody_16th,1,6.920193314552307,4
d256h4L8,6033664,5376,mutopia_melody_16th,2,6.576042254765828,4
d256h4L8,6033664,5376,mutopia_melody_16th,3,6.412135481834412,4
d256h4L8,6033664,5376,mutopia_melody_16th,4,6.313587188720703,4
d256h4L8,6033664,5376,cifar10_rgb_planar,1,7.877210736274719,4
d256h4L8,6033664,5376,cifar10_rgb_planar,2,7.84392523765564,4
d256h4L8,6033664,5376,cifar10_rgb_planar,3,7.831544518470764,4
d256h4L8,6033664,5376,cifar10_rgb_planar,4,7.824887275695801,4
d256h4L8,6033664,5376,cifar10_rgb_hwc,1,7.851202845573425,4
d256h4L8,6033664,5376,cifar10_rgb_hwc,2,7.818851868311564,4
d256h4L8,6033664,5376,cifar10_rgb_hwc,3,7.806870102882385,4
d256h4L8,6033664,5376,cifar10_rgb_hwc,4,7.800446510314941,4
d256h4L8,6033664,5376,kolmogorov_text,1,7.868502974510193,4
d256h4L8,6033664,5376,kolmogorov_text,2,7.827322800954183,4
d256h4L8,6033664,5376,kolmogorov_text,3,7.81198787689209,4
d256h4L8,6033664,5376,kolmogorov_text,4,7.803624153137207,4
d256h4L8,6033664,5376,kolmogorov_dna,1,4.856981873512268,4
d256h4L8,6033664,5376,kolmogorov_dna,2,4.294852256774902,4
d256h4L8,6033664,5376,kolmogorov_dna,3,4.115238070487976,4
d256h4L8,6033664,5376,kolmogorov_dna,4,4.020591735839844,4
d256h4L8,6033664,5376,metamath,1,7.527250409126282,4
d256h4L8,6033664,5376,metamath,2,7.390306711196899,4
d256h4L8,6033664,5376,metamath,3,7.3404775857925415,4
d256h4L8,6033664,5376,metamath,4,7.3133745193481445,4
d256h4L8,6033664,5376,aitdcc_a_protein,1,7.903483629226685,4
d256h4L8,6033664,5376,aitdcc_a_protein,2,7.879938920338948,4
d256h4L8,6033664,5376,aitdcc_a_protein,3,7.871696829795837,4
d256h4L8,6033664,5376,aitdcc_a_protein,4,7.867377758026123,4
d256h4L8,6033664,5376,aitdcc_b_c_source,1,7.928836345672607,4
d256h4L8,6033664,5376,aitdcc_b_c_source,2,7.895877997080485,4
d256h4L8,6033664,5376,aitdcc_b_c_source,3,7.883538722991943,4
d256h4L8,6033664,5376,aitdcc_b_c_source,4,7.876791000366211,4
d256h4L8,6033664,5376,aitdcc_d_glibc_rand,1,8.045476198196411,4
d256h4L8,6033664,5376,aitdcc_d_glibc_rand,2,8.026686191558838,4
d256h4L8,6033664,5376,aitdcc_d_glibc_rand,3,8.0200514793396,4
d256h4L8,6033664,5376,aitdcc_d_glibc_rand,4,8.016619682312012,4
d256h4L8,6033664,5376,aitdcc_e_atlas_float32,1,8.055111169815063,4
d256h4L8,6033664,5376,aitdcc_e_atlas_float32,2,8.039884726206461,4
d256h4L8,6033664,5376,aitdcc_e_atlas_float32,3,8.034532308578491,4
d256h4L8,6033664,5376,aitdcc_e_atlas_float32,4,8.031770706176758,4
d256h4L8,6033664,5376,aitdcc_g_astronomy,1,4.644615411758423,4
d256h4L8,6033664,5376,aitdcc_g_astronomy,2,4.56563671429952,4
d256h4L8,6033664,5376,aitdcc_g_astronomy,3,4.541782975196838,4
d256h4L8,6033664,5376,aitdcc_g_astronomy,4,4.530406951904297,4
d256h4L8,6033664,5376,llm_compression_python,1,7.3825191259384155,4
d256h4L8,6033664,5376,llm_compression_python,2,7.265340010325114,4
d256h4L8,6033664,5376,llm_compression_python,3,7.220453381538391,4
d256h4L8,6033664,5376,llm_compression_python,4,7.195857048034668,4
d256h4L8,6033664,5376,llm_compression_cc,1,7.839433193206787,4
d256h4L8,6033664,5376,llm_compression_cc,2,7.792055606842041,4
d256h4L8,6033664,5376,llm_compression_cc,3,7.774592757225037,4
d256h4L8,6033664,5376,llm_compression_cc,4,7.764932632446289,4
d256h4L8,6033664,5376,llm_compression_arxiv_math,1,7.8314419984817505,4
d256h4L8,6033664,5376,llm_compression_arxiv_math,2,7.7849992116292315,4
d256h4L8,6033664,5376,llm_compression_arxiv_math,3,7.767918944358826,4
d256h4L8,6033664,5376,llm_compression_arxiv_math,4,7.75908899307251,4
d256h4L8,6033664,5376,esc50_pcm8,1,7.21261191368103,4
d256h4L8,6033664,5376,esc50_pcm8,2,6.949278116226196,4
d256h4L8,6033664,5376,esc50_pcm8,3,6.825101852416992,4
d256h4L8,6033664,5376,esc50_pcm8,4,6.754659175872803,4
d256h4L8,6033664,5376,esc50_pcm8_11khz,1,7.282425880432129,4
d256h4L8,6033664,5376,esc50_pcm8_11khz,2,7.036359151204427,4
d256h4L8,6033664,5376,esc50_pcm8_11khz,3,6.919663190841675,4
d256h4L8,6033664,5376,esc50_pcm8_11khz,4,6.852518081665039,4
d256h4L8,6033664,5376,musicnet_pcm8,1,7.855823874473572,4
d256h4L8,6033664,5376,musicnet_pcm8,2,7.825496117273967,4
d256h4L8,6033664,5376,musicnet_pcm8,3,7.8122875690460205,4
d256h4L8,6033664,5376,musicnet_pcm8,4,7.804637432098389,4
d256h4L8,6033664,5376,musicnet_pcm8_11khz,1,7.668115735054016,4
d256h4L8,6033664,5376,musicnet_pcm8_11khz,2,7.558470805486043,4
d256h4L8,6033664,5376,musicnet_pcm8_11khz,3,7.507654190063477,4
d256h4L8,6033664,5376,musicnet_pcm8_11khz,4,7.477822303771973,4
d256h4L8,6033664,5632,dclm,1,7.9478524923324585,4
d256h4L8,6033664,5632,dclm,2,7.867720286051433,4
d256h4L8,6033664,5632,dclm,3,7.836195111274719,4
d256h4L8,6033664,5632,dclm,4,7.820258140563965,4
d256h4L8,6033664,5632,dclm_ranked,1,7.090973138809204,4
d256h4L8,6033664,5632,dclm_ranked,2,6.671898603439331,4
d256h4L8,6033664,5632,dclm_ranked,3,6.516903877258301,4
d256h4L8,6033664,5632,dclm_ranked,4,6.43461799621582,4
d256h4L8,6033664,5632,dna,1,4.449662685394287,4
d256h4L8,6033664,5632,dna,2,3.823377251625061,4
d256h4L8,6033664,5632,dna,3,3.606504738330841,4
d256h4L8,6033664,5632,dna,4,3.4896068572998047,4
d256h4L8,6033664,5632,arithmetic,1,7.992633819580078,4
d256h4L8,6033664,5632,arithmetic,2,7.950281063715617,4
d256h4L8,6033664,5632,arithmetic,3,7.933573246002197,4
d256h4L8,6033664,5632,arithmetic,4,7.9243083000183105,4
d256h4L8,6033664,5632,audio_8bit,1,4.7464693784713745,4
d256h4L8,6033664,5632,audio_8bit,2,4.390599807103475,4
d256h4L8,6033664,5632,audio_8bit,3,4.263202428817749,4
d256h4L8,6033664,5632,audio_8bit,4,4.19682502746582,4
d256h4L8,6033664,5632,audio_16bit,1,6.3993953466415405,4
d256h4L8,6033664,5632,audio_16bit,2,6.224277019500732,4
d256h4L8,6033664,5632,audio_16bit,3,6.1648019552230835,4
d256h4L8,6033664,5632,audio_16bit,4,6.133577346801758,4
d256h4L8,6033664,5632,speech_commands_pcm8,1,6.830725312232971,4
d256h4L8,6033664,5632,speech_commands_pcm8,2,6.623276074727376,4
d256h4L8,6033664,5632,speech_commands_pcm8,3,6.534234046936035,4
d256h4L8,6033664,5632,speech_commands_pcm8,4,6.484065055847168,4
d256h4L8,6033664,5632,speech_commands_pcm8_8khz,1,6.7898290157318115,4
d256h4L8,6033664,5632,speech_commands_pcm8_8khz,2,6.560149510701497,4
d256h4L8,6033664,5632,speech_commands_pcm8_8khz,3,6.462842583656311,4
d256h4L8,6033664,5632,speech_commands_pcm8_8khz,4,6.4085516929626465,4
d256h4L8,6033664,5632,mutopia_melody_16th,1,6.523567080497742,4
d256h4L8,6033664,5632,mutopia_melody_16th,2,6.346813201904297,4
d256h4L8,6033664,5632,mutopia_melody_16th,3,6.278813123703003,4
d256h4L8,6033664,5632,mutopia_melody_16th,4,6.243078231811523,4
d256h4L8,6033664,5632,cifar10_rgb_planar,1,7.9075071811676025,4
d256h4L8,6033664,5632,cifar10_rgb_planar,2,7.865322430928548,4
d256h4L8,6033664,5632,cifar10_rgb_planar,3,7.849754095077515,4
d256h4L8,6033664,5632,cifar10_rgb_planar,4,7.841446399688721,4
d256h4L8,6033664,5632,cifar10_rgb_hwc,1,7.882148265838623,4
d256h4L8,6033664,5632,cifar10_rgb_hwc,2,7.8405537605285645,4
d256h4L8,6033664,5632,cifar10_rgb_hwc,3,7.8253031969070435,4
d256h4L8,6033664,5632,cifar10_rgb_hwc,4,7.817174911499023,4
d256h4L8,6033664,5632,kolmogorov_text,1,7.972995042800903,4
d256h4L8,6033664,5632,kolmogorov_text,2,7.913523117701213,4
d256h4L8,6033664,5632,kolmogorov_text,3,7.890485525131226,4
d256h4L8,6033664,5632,kolmogorov_text,4,7.87868070602417,4
d256h4L8,6033664,5632,kolmogorov_dna,1,4.938604354858398,4
d256h4L8,6033664,5632,kolmogorov_dna,2,4.197897434234619,4
d256h4L8,6033664,5632,kolmogorov_dna,3,3.9496236443519592,4
d256h4L8,6033664,5632,kolmogorov_dna,4,3.8195881843566895,4
d256h4L8,6033664,5632,metamath,1,7.650108456611633,4
d256h4L8,6033664,5632,metamath,2,7.499386231104533,4
d256h4L8,6033664,5632,metamath,3,7.438937187194824,4
d256h4L8,6033664,5632,metamath,4,7.406113147735596,4
d256h4L8,6033664,5632,aitdcc_a_protein,1,7.914448499679565,4
d256h4L8,6033664,5632,aitdcc_a_protein,2,7.886657079060872,4
d256h4L8,6033664,5632,aitdcc_a_protein,3,7.8761420249938965,4
d256h4L8,6033664,5632,aitdcc_a_protein,4,7.870581150054932,4
d256h4L8,6033664,5632,aitdcc_b_c_source,1,7.999643445014954,4
d256h4L8,6033664,5632,aitdcc_b_c_source,2,7.953156471252441,4
d256h4L8,6033664,5632,aitdcc_b_c_source,3,7.9356849193573,4
d256h4L8,6033664,5632,aitdcc_b_c_source,4,7.9269843101501465,4
d256h4L8,6033664,5632,aitdcc_d_glibc_rand,1,8.075788974761963,4
d256h4L8,6033664,5632,aitdcc_d_glibc_rand,2,8.045153935750326,4
d256h4L8,6033664,5632,aitdcc_d_glibc_rand,3,8.034297466278076,4
d256h4L8,6033664,5632,aitdcc_d_glibc_rand,4,8.028731346130371,4
d256h4L8,6033664,5632,aitdcc_e_atlas_float32,1,8.038334488868713,4
d256h4L8,6033664,5632,aitdcc_e_atlas_float32,2,8.012195189793905,4
d256h4L8,6033664,5632,aitdcc_e_atlas_float32,3,8.002676486968994,4
d256h4L8,6033664,5632,aitdcc_e_atlas_float32,4,7.997740745544434,4
d256h4L8,6033664,5632,aitdcc_g_astronomy,1,4.766583204269409,4
d256h4L8,6033664,5632,aitdcc_g_astronomy,2,4.5735422770182295,4
d256h4L8,6033664,5632,aitdcc_g_astronomy,3,4.539299249649048,4
d256h4L8,6033664,5632,aitdcc_g_astronomy,4,4.524294376373291,4
d256h4L8,6033664,5632,llm_compression_python,1,7.5321691036224365,4
d256h4L8,6033664,5632,llm_compression_python,2,7.395019928614299,4
d256h4L8,6033664,5632,llm_compression_python,3,7.343407392501831,4
d256h4L8,6033664,5632,llm_compression_python,4,7.319049835205078,4
d256h4L8,6033664,5632,llm_compression_cc,1,7.958297252655029,4
d256h4L8,6033664,5632,llm_compression_cc,2,7.883313894271851,4
d256h4L8,6033664,5632,llm_compression_cc,3,7.853895306587219,4
d256h4L8,6033664,5632,llm_compression_cc,4,7.838932037353516,4
d256h4L8,6033664,5632,llm_compression_arxiv_math,1,7.912428498268127,4
d256h4L8,6033664,5632,llm_compression_arxiv_math,2,7.849122524261475,4
d256h4L8,6033664,5632,llm_compression_arxiv_math,3,7.824738144874573,4
d256h4L8,6033664,5632,llm_compression_arxiv_math,4,7.812222480773926,4
d256h4L8,6033664,5632,esc50_pcm8,1,6.831036448478699,4
d256h4L8,6033664,5632,esc50_pcm8,2,6.657960096995036,4
d256h4L8,6033664,5632,esc50_pcm8,3,6.578840136528015,4
d256h4L8,6033664,5632,esc50_pcm8,4,6.532343864440918,4
d256h4L8,6033664,5632,esc50_pcm8_11khz,1,6.930288672447205,4
d256h4L8,6033664,5632,esc50_pcm8_11khz,2,6.768676280975342,4
d256h4L8,6033664,5632,esc50_pcm8_11khz,3,6.695670247077942,4
d256h4L8,6033664,5632,esc50_pcm8_11khz,4,6.65299129486084,4
d256h4L8,6033664,5632,musicnet_pcm8,1,7.808694958686829,4
d256h4L8,6033664,5632,musicnet_pcm8,2,7.766836007436116,4
d256h4L8,6033664,5632,musicnet_pcm8,3,7.749667286872864,4
d256h4L8,6033664,5632,musicnet_pcm8,4,7.740004062652588,4
d256h4L8,6033664,5632,musicnet_pcm8_11khz,1,7.4962040185928345,4
d256h4L8,6033664,5632,musicnet_pcm8_11khz,2,7.401009798049927,4
d256h4L8,6033664,5632,musicnet_pcm8_11khz,3,7.360593199729919,4
d256h4L8,6033664,5632,musicnet_pcm8_11khz,4,7.337759494781494,4
d256h4L8,6033664,5888,dclm,1,7.807417511940002,4
d256h4L8,6033664,5888,dclm,2,7.736738920211792,4
d256h4L8,6033664,5888,dclm,3,7.706814289093018,4
d256h4L8,6033664,5888,dclm,4,7.687857627868652,4
d256h4L8,6033664,5888,dclm_ranked,1,6.850003957748413,4
d256h4L8,6033664,5888,dclm_ranked,2,6.413345257441203,4
d256h4L8,6033664,5888,dclm_ranked,3,6.245316743850708,4
d256h4L8,6033664,5888,dclm_ranked,4,6.151240348815918,4
d256h4L8,6033664,5888,dna,1,4.284169793128967,4
d256h4L8,6033664,5888,dna,2,3.70465882619222,4
d256h4L8,6033664,5888,dna,3,3.510894000530243,4
d256h4L8,6033664,5888,dna,4,3.41038179397583,4
d256h4L8,6033664,5888,arithmetic,1,7.962045907974243,4
d256h4L8,6033664,5888,arithmetic,2,7.927120765050252,4
d256h4L8,6033664,5888,arithmetic,3,7.911087870597839,4
d256h4L8,6033664,5888,arithmetic,4,7.900881767272949,4
d256h4L8,6033664,5888,audio_8bit,1,4.607686638832092,4
d256h4L8,6033664,5888,audio_8bit,2,4.22567621866862,4
d256h4L8,6033664,5888,audio_8bit,3,4.089569449424744,4
d256h4L8,6033664,5888,audio_8bit,4,4.017515182495117,4
d256h4L8,6033664,5888,audio_16bit,1,6.300979256629944,4
d256h4L8,6033664,5888,audio_16bit,2,6.147080024083455,4
d256h4L8,6033664,5888,audio_16bit,3,6.093884348869324,4
d256h4L8,6033664,5888,audio_16bit,4,6.066279888153076,4
d256h4L8,6033664,5888,speech_commands_pcm8,1,7.1108986139297485,4
d256h4L8,6033664,5888,speech_commands_pcm8,2,6.875124613444011,4
d256h4L8,6033664,5888,speech_commands_pcm8,3,6.742962718009949,4
d256h4L8,6033664,5888,speech_commands_pcm8,4,6.6463422775268555,4
d256h4L8,6033664,5888,speech_commands_pcm8_8khz,1,7.13692831993103,4
d256h4L8,6033664,5888,speech_commands_pcm8_8khz,2,6.890632390975952,4
d256h4L8,6033664,5888,speech_commands_pcm8_8khz,3,6.7594839334487915,4
d256h4L8,6033664,5888,speech_commands_pcm8_8khz,4,6.6663713455200195,4
d256h4L8,6033664,5888,mutopia_melody_16th,1,6.638805031776428,4
d256h4L8,6033664,5888,mutopia_melody_16th,2,6.417136033376058,4
d256h4L8,6033664,5888,mutopia_melody_16th,3,6.2954182624816895,4
d256h4L8,6033664,5888,mutopia_melody_16th,4,6.210825443267822,4
d256h4L8,6033664,5888,cifar10_rgb_planar,1,7.871846914291382,4
d256h4L8,6033664,5888,cifar10_rgb_planar,2,7.835520029067993,4
d256h4L8,6033664,5888,cifar10_rgb_planar,3,7.822087407112122,4
d256h4L8,6033664,5888,cifar10_rgb_planar,4,7.814906120300293,4
d256h4L8,6033664,5888,cifar10_rgb_hwc,1,7.84450626373291,4
d256h4L8,6033664,5888,cifar10_rgb_hwc,2,7.809392849604289,4
d256h4L8,6033664,5888,cifar10_rgb_hwc,3,7.796450257301331,4
d256h4L8,6033664,5888,cifar10_rgb_hwc,4,7.789535045623779,4
d256h4L8,6033664,5888,kolmogorov_text,1,7.84443736076355,4
d256h4L8,6033664,5888,kolmogorov_text,2,7.790446678797404,4
d256h4L8,6033664,5888,kolmogorov_text,3,7.768014550209045,4
d256h4L8,6033664,5888,kolmogorov_text,4,7.754365921020508,4
d256h4L8,6033664,5888,kolmogorov_dna,1,4.767378807067871,4
d256h4L8,6033664,5888,kolmogorov_dna,2,4.2236136595408125,4
d256h4L8,6033664,5888,kolmogorov_dna,3,4.045653760433197,4
d256h4L8,6033664,5888,kolmogorov_dna,4,3.952296257019043,4
d256h4L8,6033664,5888,metamath,1,7.6026740074157715,4
d256h4L8,6033664,5888,metamath,2,7.4275126457214355,4
d256h4L8,6033664,5888,metamath,3,7.3462570905685425,4
d256h4L8,6033664,5888,metamath,4,7.291345596313477,4
d256h4L8,6033664,5888,aitdcc_a_protein,1,7.918339133262634,4
d256h4L8,6033664,5888,aitdcc_a_protein,2,7.8847018877665205,4
d256h4L8,6033664,5888,aitdcc_a_protein,3,7.872980356216431,4
d256h4L8,6033664,5888,aitdcc_a_protein,4,7.86705207824707,4
d256h4L8,6033664,5888,aitdcc_b_c_source,1,7.8882365226745605,4
d256h4L8,6033664,5888,aitdcc_b_c_source,2,7.845108270645142,4
d256h4L8,6033664,5888,aitdcc_b_c_source,3,7.828356027603149,4
d256h4L8,6033664,5888,aitdcc_b_c_source,4,7.8186445236206055,4
d256h4L8,6033664,5888,aitdcc_d_glibc_rand,1,8.054243564605713,4
d256h4L8,6033664,5888,aitdcc_d_glibc_rand,2,8.035142103830973,4
d256h4L8,6033664,5888,aitdcc_d_glibc_rand,3,8.028303146362305,4
d256h4L8,6033664,5888,aitdcc_d_glibc_rand,4,8.024726867675781,4
d256h4L8,6033664,5888,aitdcc_e_atlas_float32,1,8.033530473709106,4
d256h4L8,6033664,5888,aitdcc_e_atlas_float32,2,8.0179492632548,4
d256h4L8,6033664,5888,aitdcc_e_atlas_float32,3,8.012390613555908,4
d256h4L8,6033664,5888,aitdcc_e_atlas_float32,4,8.009489059448242,4
d256h4L8,6033664,5888,aitdcc_g_astronomy,1,4.824320912361145,4
d256h4L8,6033664,5888,aitdcc_g_astronomy,2,4.630199909210205,4
d256h4L8,6033664,5888,aitdcc_g_astronomy,3,4.585221886634827,4
d256h4L8,6033664,5888,aitdcc_g_astronomy,4,4.565929412841797,4
d256h4L8,6033664,5888,llm_compression_python,1,7.3386688232421875,4
d256h4L8,6033664,5888,llm_compression_python,2,7.170975128809611,4
d256h4L8,6033664,5888,llm_compression_python,3,7.108781099319458,4
d256h4L8,6033664,5888,llm_compression_python,4,7.079527378082275,4
d256h4L8,6033664,5888,llm_compression_cc,1,7.821759343147278,4
d256h4L8,6033664,5888,llm_compression_cc,2,7.756401697794597,4
d256h4L8,6033664,5888,llm_compression_cc,3,7.728975415229797,4
d256h4L8,6033664,5888,llm_compression_cc,4,7.711691856384277,4
d256h4L8,6033664,5888,llm_compression_arxiv_math,1,7.812095046043396,4
d256h4L8,6033664,5888,llm_compression_arxiv_math,2,7.751330057779948,4
d256h4L8,6033664,5888,llm_compression_arxiv_math,3,7.728929281234741,4
d256h4L8,6033664,5888,llm_compression_arxiv_math,4,7.7160325050354,4
d256h4L8,6033664,5888,esc50_pcm8,1,7.019883751869202,4
d256h4L8,6033664,5888,esc50_pcm8,2,6.794265826543172,4
d256h4L8,6033664,5888,esc50_pcm8,3,6.656107306480408,4
d256h4L8,6033664,5888,esc50_pcm8,4,6.5509562492370605,4
d256h4L8,6033664,5888,esc50_pcm8_11khz,1,7.124351978302002,4
d256h4L8,6033664,5888,esc50_pcm8_11khz,2,6.918616771697998,4
d256h4L8,6033664,5888,esc50_pcm8_11khz,3,6.794172763824463,4
d256h4L8,6033664,5888,esc50_pcm8_11khz,4,6.700064182281494,4
d256h4L8,6033664,5888,musicnet_pcm8,1,7.761265158653259,4
d256h4L8,6033664,5888,musicnet_pcm8,2,7.717353979746501,4
d256h4L8,6033664,5888,musicnet_pcm8,3,7.6984041929244995,4
d256h4L8,6033664,5888,musicnet_pcm8,4,7.687324047088623,4
d256h4L8,6033664,5888,musicnet_pcm8_11khz,1,7.5608837604522705,4
d256h4L8,6033664,5888,musicnet_pcm8_11khz,2,7.453522125879924,4
d256h4L8,6033664,5888,musicnet_pcm8_11khz,3,7.396549344062805,4
d256h4L8,6033664,5888,musicnet_pcm8_11khz,4,7.356217384338379,4
d256h4L8,6033664,6144,dclm,1,7.974240303039551,4
d256h4L8,6033664,6144,dclm,2,7.882679224014282,4
d256h4L8,6033664,6144,dclm,3,7.852079391479492,4
d256h4L8,6033664,6144,dclm,4,7.836038112640381,4
d256h4L8,6033664,6144,dclm_ranked,1,6.8380430936813354,4
d256h4L8,6033664,6144,dclm_ranked,2,6.421147743860881,4
d256h4L8,6033664,6144,dclm_ranked,3,6.268024921417236,4
d256h4L8,6033664,6144,dclm_ranked,4,6.186830043792725,4
d256h4L8,6033664,6144,dna,1,4.5513962507247925,4
d256h4L8,6033664,6144,dna,2,3.9097086588541665,4
d256h4L8,6033664,6144,dna,3,3.6932325959205627,4
d256h4L8,6033664,6144,dna,4,3.5886991024017334,4
d256h4L8,6033664,6144,arithmetic,1,8.012328624725342,4
d256h4L8,6033664,6144,arithmetic,2,7.966492970784505,4
d256h4L8,6033664,6144,arithmetic,3,7.949337720870972,4
d256h4L8,6033664,6144,arithmetic,4,7.939819812774658,4
d256h4L8,6033664,6144,audio_8bit,1,4.729751110076904,4
d256h4L8,6033664,6144,audio_8bit,2,4.285269260406494,4
d256h4L8,6033664,6144,audio_8bit,3,4.130090355873108,4
d256h4L8,6033664,6144,audio_8bit,4,4.045993328094482,4
d256h4L8,6033664,6144,audio_16bit,1,6.372535228729248,4
d256h4L8,6033664,6144,audio_16bit,2,6.1675286293029785,4
d256h4L8,6033664,6144,audio_16bit,3,6.100253343582153,4
d256h4L8,6033664,6144,audio_16bit,4,6.065047740936279,4
d256h4L8,6033664,6144,speech_commands_pcm8,1,7.052870750427246,4
d256h4L8,6033664,6144,speech_commands_pcm8,2,6.808629671732585,4
d256h4L8,6033664,6144,speech_commands_pcm8,3,6.707337021827698,4
d256h4L8,6033664,6144,speech_commands_pcm8,4,6.654021263122559,4
d256h4L8,6033664,6144,speech_commands_pcm8_8khz,1,7.018510699272156,4
d256h4L8,6033664,6144,speech_commands_pcm8_8khz,2,6.775026003519694,4
d256h4L8,6033664,6144,speech_commands_pcm8_8khz,3,6.677133917808533,4
d256h4L8,6033664,6144,speech_commands_pcm8_8khz,4,6.628238677978516,4
d256h4L8,6033664,6144,mutopia_melody_16th,1,6.602197170257568,4
d256h4L8,6033664,6144,mutopia_melody_16th,2,6.258822520573934,4
d256h4L8,6033664,6144,mutopia_melody_16th,3,6.089867115020752,4
d256h4L8,6033664,6144,mutopia_melody_16th,4,5.991445541381836,4
d256h4L8,6033664,6144,cifar10_rgb_planar,1,7.925329089164734,4
d256h4L8,6033664,6144,cifar10_rgb_planar,2,7.869172732035319,4
d256h4L8,6033664,6144,cifar10_rgb_planar,3,7.849084377288818,4
d256h4L8,6033664,6144,cifar10_rgb_planar,4,7.838278293609619,4
d256h4L8,6033664,6144,cifar10_rgb_hwc,1,7.902484178543091,4
d256h4L8,6033664,6144,cifar10_rgb_hwc,2,7.845227638880412,4
d256h4L8,6033664,6144,cifar10_rgb_hwc,3,7.825340986251831,4
d256h4L8,6033664,6144,cifar10_rgb_hwc,4,7.814704418182373,4
d256h4L8,6033664,6144,kolmogorov_text,1,8.002823948860168,4
d256h4L8,6033664,6144,kolmogorov_text,2,7.927165428797404,4
d256h4L8,6033664,6144,kolmogorov_text,3,7.901730537414551,4
d256h4L8,6033664,6144,kolmogorov_text,4,7.888384819030762,4
d256h4L8,6033664,6144,kolmogorov_dna,1,5.218401074409485,4
d256h4L8,6033664,6144,kolmogorov_dna,2,4.648783445358276,4
d256h4L8,6033664,6144,kolmogorov_dna,3,4.466325402259827,4
d256h4L8,6033664,6144,kolmogorov_dna,4,4.378046989440918,4
d256h4L8,6033664,6144,metamath,1,7.670815467834473,4
d256h4L8,6033664,6144,metamath,2,7.543891668319702,4
d256h4L8,6033664,6144,metamath,3,7.498156547546387,4
d256h4L8,6033664,6144,metamath,4,7.473373889923096,4
d256h4L8,6033664,6144,aitdcc_a_protein,1,7.872316002845764,4
d256h4L8,6033664,6144,aitdcc_a_protein,2,7.825393517812093,4
d256h4L8,6033664,6144,aitdcc_a_protein,3,7.808396100997925,4
d256h4L8,6033664,6144,aitdcc_a_protein,4,7.799739360809326,4
d256h4L8,6033664,6144,aitdcc_b_c_source,1,8.002613425254822,4
d256h4L8,6033664,6144,aitdcc_b_c_source,2,7.938931703567505,4
d256h4L8,6033664,6144,aitdcc_b_c_source,3,7.915387153625488,4
d256h4L8,6033664,6144,aitdcc_b_c_source,4,7.902605056762695,4
d256h4L8,6033664,6144,aitdcc_d_glibc_rand,1,8.084763050079346,4
d256h4L8,6033664,6144,aitdcc_d_glibc_rand,2,8.049939314524332,4
d256h4L8,6033664,6144,aitdcc_d_glibc_rand,3,8.038021326065063,4
d256h4L8,6033664,6144,aitdcc_d_glibc_rand,4,8.031774520874023,4
d256h4L8,6033664,6144,aitdcc_e_atlas_float32,1,8.076990365982056,4
d256h4L8,6033664,6144,aitdcc_e_atlas_float32,2,8.04823096593221,4
d256h4L8,6033664,6144,aitdcc_e_atlas_float32,3,8.03845739364624,4
d256h4L8,6033664,6144,aitdcc_e_atlas_float32,4,8.033356666564941,4
d256h4L8,6033664,6144,aitdcc_g_astronomy,1,5.127851247787476,4
d256h4L8,6033664,6144,aitdcc_g_astronomy,2,4.799468040466309,4
d256h4L8,6033664,6144,aitdcc_g_astronomy,3,4.72999119758606,4
d256h4L8,6033664,6144,aitdcc_g_astronomy,4,4.697232246398926,4
d256h4L8,6033664,6144,llm_compression_python,1,7.553513050079346,4
d256h4L8,6033664,6144,llm_compression_python,2,7.34855071703593,4
d256h4L8,6033664,6144,llm_compression_python,3,7.290725469589233,4
d256h4L8,6033664,6144,llm_compression_python,4,7.261652946472168,4
d256h4L8,6033664,6144,llm_compression_cc,1,7.982340335845947,4
d256h4L8,6033664,6144,llm_compression_cc,2,7.8960065841674805,4
d256h4L8,6033664,6144,llm_compression_cc,3,7.866855621337891,4
d256h4L8,6033664,6144,llm_compression_cc,4,7.851504802703857,4
d256h4L8,6033664,6144,llm_compression_arxiv_math,1,7.9407113790512085,4
d256h4L8,6033664,6144,llm_compression_arxiv_math,2,7.860031922658284,4
d256h4L8,6033664,6144,llm_compression_arxiv_math,3,7.832984089851379,4
d256h4L8,6033664,6144,llm_compression_arxiv_math,4,7.818727016448975,4
d256h4L8,6033664,6144,esc50_pcm8,1,6.997904062271118,4
d256h4L8,6033664,6144,esc50_pcm8,2,6.7483298778533936,4
d256h4L8,6033664,6144,esc50_pcm8,3,6.638961911201477,4
d256h4L8,6033664,6144,esc50_pcm8,4,6.5740485191345215,4
d256h4L8,6033664,6144,esc50_pcm8_11khz,1,7.086984276771545,4
d256h4L8,6033664,6144,esc50_pcm8_11khz,2,6.86030912399292,4
d256h4L8,6033664,6144,esc50_pcm8_11khz,3,6.761859655380249,4
d256h4L8,6033664,6144,esc50_pcm8_11khz,4,6.7038140296936035,4
d256h4L8,6033664,6144,musicnet_pcm8,1,7.77810525894165,4
d256h4L8,6033664,6144,musicnet_pcm8,2,7.7103493213653564,4
d256h4L8,6033664,6144,musicnet_pcm8,3,7.683059453964233,4
d256h4L8,6033664,6144,musicnet_pcm8,4,7.668215274810791,4
d256h4L8,6033664,6144,musicnet_pcm8_11khz,1,7.563143372535706,4
d256h4L8,6033664,6144,musicnet_pcm8_11khz,2,7.44100562731425,4
d256h4L8,6033664,6144,musicnet_pcm8_11khz,3,7.390033721923828,4
d256h4L8,6033664,6144,musicnet_pcm8_11khz,4,7.3622918128967285,4
d256h4L8,6033664,6400,dclm,1,7.825417518615723,4
d256h4L8,6033664,6400,dclm,2,7.727353970209758,4
d256h4L8,6033664,6400,dclm,3,7.688472390174866,4
d256h4L8,6033664,6400,dclm,4,7.666295051574707,4
d256h4L8,6033664,6400,dclm_ranked,1,6.814130663871765,4
d256h4L8,6033664,6400,dclm_ranked,2,6.3944597244262695,4
d256h4L8,6033664,6400,dclm_ranked,3,6.227454423904419,4
d256h4L8,6033664,6400,dclm_ranked,4,6.13484525680542,4
d256h4L8,6033664,6400,dna,1,4.42622309923172,4
d256h4L8,6033664,6400,dna,2,3.811465541521708,4
d256h4L8,6033664,6400,dna,3,3.5894819498062134,4
d256h4L8,6033664,6400,dna,4,3.472794771194458,4
d256h4L8,6033664,6400,arithmetic,1,7.959056615829468,4
d256h4L8,6033664,6400,arithmetic,2,7.929041703542073,4
d256h4L8,6033664,6400,arithmetic,3,7.917755722999573,4
d256h4L8,6033664,6400,arithmetic,4,7.9116339683532715,4
d256h4L8,6033664,6400,audio_8bit,1,4.5943843126297,4
d256h4L8,6033664,6400,audio_8bit,2,4.180628220240275,4
d256h4L8,6033664,6400,audio_8bit,3,4.031263709068298,4
d256h4L8,6033664,6400,audio_8bit,4,3.953859567642212,4
d256h4L8,6033664,6400,audio_16bit,1,6.31734561920166,4
d256h4L8,6033664,6400,audio_16bit,2,6.1375002066294355,4
d256h4L8,6033664,6400,audio_16bit,3,6.0746424198150635,4
d256h4L8,6033664,6400,audio_16bit,4,6.042245864868164,4
d256h4L8,6033664,6400,speech_commands_pcm8,1,7.006007194519043,4
d256h4L8,6033664,6400,speech_commands_pcm8,2,6.859824260075887,4
d256h4L8,6033664,6400,speech_commands_pcm8,3,6.790224671363831,4
d256h4L8,6033664,6400,speech_commands_pcm8,4,6.746699333190918,4
d256h4L8,6033664,6400,speech_commands_pcm8_8khz,1,6.990536570549011,4
d256h4L8,6033664,6400,speech_commands_pcm8_8khz,2,6.822856982549031,4
d256h4L8,6033664,6400,speech_commands_pcm8_8khz,3,6.742671728134155,4
d256h4L8,6033664,6400,speech_commands_pcm8_8khz,4,6.692191123962402,4
d256h4L8,6033664,6400,mutopia_melody_16th,1,6.503141760826111,4
d256h4L8,6033664,6400,mutopia_melody_16th,2,6.323198874791463,4
d256h4L8,6033664,6400,mutopia_melody_16th,3,6.242358207702637,4
d256h4L8,6033664,6400,mutopia_melody_16th,4,6.1983489990234375,4
d256h4L8,6033664,6400,cifar10_rgb_planar,1,7.866230487823486,4
d256h4L8,6033664,6400,cifar10_rgb_planar,2,7.826681931813558,4
d256h4L8,6033664,6400,cifar10_rgb_planar,3,7.811789035797119,4
d256h4L8,6033664,6400,cifar10_rgb_planar,4,7.803659915924072,4
d256h4L8,6033664,6400,cifar10_rgb_hwc,1,7.839794754981995,4
d256h4L8,6033664,6400,cifar10_rgb_hwc,2,7.800891876220703,4
d256h4L8,6033664,6400,cifar10_rgb_hwc,3,7.786249160766602,4
d256h4L8,6033664,6400,cifar10_rgb_hwc,4,7.7782416343688965,4
d256h4L8,6033664,6400,kolmogorov_text,1,7.864236116409302,4
d256h4L8,6033664,6400,kolmogorov_text,2,7.789844910303752,4
d256h4L8,6033664,6400,kolmogorov_text,3,7.759374737739563,4
d256h4L8,6033664,6400,kolmogorov_text,4,7.741628170013428,4
d256h4L8,6033664,6400,kolmogorov_dna,1,5.031465291976929,4
d256h4L8,6033664,6400,kolmogorov_dna,2,4.3910021384557085,4
d256h4L8,6033664,6400,kolmogorov_dna,3,4.157822608947754,4
d256h4L8,6033664,6400,kolmogorov_dna,4,4.0282111167907715,4
d256h4L8,6033664,6400,metamath,1,7.51008677482605,4
d256h4L8,6033664,6400,metamath,2,7.3385632038116455,4
d256h4L8,6033664,6400,metamath,3,7.278779149055481,4
d256h4L8,6033664,6400,metamath,4,7.247618675231934,4
d256h4L8,6033664,6400,aitdcc_a_protein,1,7.947628021240234,4
d256h4L8,6033664,6400,aitdcc_a_protein,2,7.915709892908732,4
d256h4L8,6033664,6400,aitdcc_a_protein,3,7.9024035930633545,4
d256h4L8,6033664,6400,aitdcc_a_protein,4,7.894892692565918,4
d256h4L8,6033664,6400,aitdcc_b_c_source,1,7.924328684806824,4
d256h4L8,6033664,6400,aitdcc_b_c_source,2,7.877570549647014,4
d256h4L8,6033664,6400,aitdcc_b_c_source,3,7.859713435173035,4
d256h4L8,6033664,6400,aitdcc_b_c_source,4,7.84981632232666,4
d256h4L8,6033664,6400,aitdcc_d_glibc_rand,1,8.046975135803223,4
d256h4L8,6033664,6400,aitdcc_d_glibc_rand,2,8.028921604156494,4
d256h4L8,6033664,6400,aitdcc_d_glibc_rand,3,8.022685050964355,4
d256h4L8,6033664,6400,aitdcc_d_glibc_rand,4,8.01945972442627,4
d256h4L8,6033664,6400,aitdcc_e_atlas_float32,1,8.039273500442505,4
d256h4L8,6033664,6400,aitdcc_e_atlas_float32,2,8.024492422739664,4
d256h4L8,6033664,6400,aitdcc_e_atlas_float32,3,8.019262313842773,4
d256h4L8,6033664,6400,aitdcc_e_atlas_float32,4,8.0165376663208,4
d256h4L8,6033664,6400,aitdcc_g_astronomy,1,4.6183061599731445,4
d256h4L8,6033664,6400,aitdcc_g_astronomy,2,4.534458875656128,4
d256h4L8,6033664,6400,aitdcc_g_astronomy,3,4.512389063835144,4
d256h4L8,6033664,6400,aitdcc_g_astronomy,4,4.501626014709473,4
d256h4L8,6033664,6400,llm_compression_python,1,7.407814860343933,4
d256h4L8,6033664,6400,llm_compression_python,2,7.244330883026123,4
d256h4L8,6033664,6400,llm_compression_python,3,7.181899666786194,4
d256h4L8,6033664,6400,llm_compression_python,4,7.148513317108154,4
d256h4L8,6033664,6400,llm_compression_cc,1,7.836394190788269,4
d256h4L8,6033664,6400,llm_compression_cc,2,7.743596315383911,4
d256h4L8,6033664,6400,llm_compression_cc,3,7.706260323524475,4
d256h4L8,6033664,6400,llm_compression_cc,4,7.684749603271484,4
d256h4L8,6033664,6400,llm_compression_arxiv_math,1,7.83158540725708,4
d256h4L8,6033664,6400,llm_compression_arxiv_math,2,7.762135823567708,4
d256h4L8,6033664,6400,llm_compression_arxiv_math,3,7.735065579414368,4
d256h4L8,6033664,6400,llm_compression_arxiv_math,4,7.719918727874756,4
d256h4L8,6033664,6400,esc50_pcm8,1,6.982552170753479,4
d256h4L8,6033664,6400,esc50_pcm8,2,6.856005668640137,4
d256h4L8,6033664,6400,esc50_pcm8,3,6.794031739234924,4
d256h4L8,6033664,6400,esc50_pcm8,4,6.75457239151001,4
d256h4L8,6033664,6400,esc50_pcm8_11khz,1,7.0763362646102905,4
d256h4L8,6033664,6400,esc50_pcm8_11khz,2,6.96341594060262,4
d256h4L8,6033664,6400,esc50_pcm8_11khz,3,6.908751845359802,4
d256h4L8,6033664,6400,esc50_pcm8_11khz,4,6.874405384063721,4
d256h4L8,6033664,6400,musicnet_pcm8,1,7.783259391784668,4
d256h4L8,6033664,6400,musicnet_pcm8,2,7.743343671162923,4
d256h4L8,6033664,6400,musicnet_pcm8,3,7.725950002670288,4
d256h4L8,6033664,6400,musicnet_pcm8,4,7.715572834014893,4
d256h4L8,6033664,6400,musicnet_pcm8_11khz,1,7.5534340143203735,4
d256h4L8,6033664,6400,musicnet_pcm8_11khz,2,7.484965801239014,4
d256h4L8,6033664,6400,musicnet_pcm8_11khz,3,7.45513391494751,4
d256h4L8,6033664,6400,musicnet_pcm8_11khz,4,7.437424182891846,4
d256h4L8,6033664,6656,dclm,1,7.835072875022888,4
d256h4L8,6033664,6656,dclm,2,7.7595146497090655,4
d256h4L8,6033664,6656,dclm,3,7.72846531867981,4
d256h4L8,6033664,6656,dclm,4,7.710385322570801,4
d256h4L8,6033664,6656,dclm_ranked,1,6.9235066175460815,4
d256h4L8,6033664,6656,dclm_ranked,2,6.423335234324138,4
d256h4L8,6033664,6656,dclm_ranked,3,6.2219051122665405,4
d256h4L8,6033664,6656,dclm_ranked,4,6.111412525177002,4
d256h4L8,6033664,6656,dna,1,4.8521140813827515,4
d256h4L8,6033664,6656,dna,2,3.9839462439219155,4
d256h4L8,6033664,6656,dna,3,3.645462453365326,4
d256h4L8,6033664,6656,dna,4,3.46476149559021,4
d256h4L8,6033664,6656,arithmetic,1,7.977525591850281,4
d256h4L8,6033664,6656,arithmetic,2,7.948975483576457,4
d256h4L8,6033664,6656,arithmetic,3,7.938572525978088,4
d256h4L8,6033664,6656,arithmetic,4,7.933107852935791,4
d256h4L8,6033664,6656,audio_8bit,1,4.804575443267822,4
d256h4L8,6033664,6656,audio_8bit,2,4.376947641372681,4
d256h4L8,6033664,6656,audio_8bit,3,4.217907428741455,4
d256h4L8,6033664,6656,audio_8bit,4,4.135512828826904,4
d256h4L8,6033664,6656,audio_16bit,1,6.418795466423035,4
d256h4L8,6033664,6656,audio_16bit,2,6.225551207860311,4
d256h4L8,6033664,6656,audio_16bit,3,6.157437086105347,4
d256h4L8,6033664,6656,audio_16bit,4,6.121826171875,4
d256h4L8,6033664,6656,speech_commands_pcm8,1,6.955211639404297,4
d256h4L8,6033664,6656,speech_commands_pcm8,2,6.812057018280029,4
d256h4L8,6033664,6656,speech_commands_pcm8,3,6.755280256271362,4
d256h4L8,6033664,6656,speech_commands_pcm8,4,6.726778507232666,4
d256h4L8,6033664,6656,speech_commands_pcm8_8khz,1,6.888954281806946,4
d256h4L8,6033664,6656,speech_commands_pcm8_8khz,2,6.71852461496989,4
d256h4L8,6033664,6656,speech_commands_pcm8_8khz,3,6.650139808654785,4
d256h4L8,6033664,6656,speech_commands_pcm8_8khz,4,6.6154351234436035,4
d256h4L8,6033664,6656,mutopia_melody_16th,1,6.782366633415222,4
d256h4L8,6033664,6656,mutopia_melody_16th,2,6.639126857121785,4
d256h4L8,6033664,6656,mutopia_melody_16th,3,6.576990842819214,4
d256h4L8,6033664,6656,mutopia_melody_16th,4,6.539881706237793,4
d256h4L8,6033664,6656,cifar10_rgb_planar,1,7.879512429237366,4
d256h4L8,6033664,6656,cifar10_rgb_planar,2,7.843870798746745,4
d256h4L8,6033664,6656,cifar10_rgb_planar,3,7.831193327903748,4
d256h4L8,6033664,6656,cifar10_rgb_planar,4,7.824573516845703,4
d256h4L8,6033664,6656,cifar10_rgb_hwc,1,7.854505181312561,4
d256h4L8,6033664,6656,cifar10_rgb_hwc,2,7.820038398106893,4
d256h4L8,6033664,6656,cifar10_rgb_hwc,3,7.807716250419617,4
d256h4L8,6033664,6656,cifar10_rgb_hwc,4,7.801239490509033,4
d256h4L8,6033664,6656,kolmogorov_text,1,7.878714084625244,4
d256h4L8,6033664,6656,kolmogorov_text,2,7.819940725962321,4
d256h4L8,6033664,6656,kolmogorov_text,3,7.796637654304504,4
d256h4L8,6033664,6656,kolmogorov_text,4,7.783426284790039,4
d256h4L8,6033664,6656,kolmogorov_dna,1,5.1619919538497925,4
d256h4L8,6033664,6656,kolmogorov_dna,2,4.289221366246541,4
d256h4L8,6033664,6656,kolmogorov_dna,3,3.9606139063835144,4
d256h4L8,6033664,6656,kolmogorov_dna,4,3.779191017150879,4
d256h4L8,6033664,6656,metamath,1,7.55405330657959,4
d256h4L8,6033664,6656,metamath,2,7.388431866963704,4
d256h4L8,6033664,6656,metamath,3,7.323689222335815,4
d256h4L8,6033664,6656,metamath,4,7.288051605224609,4
d256h4L8,6033664,6656,aitdcc_a_protein,1,7.906306982040405,4
d256h4L8,6033664,6656,aitdcc_a_protein,2,7.875351746877034,4
d256h4L8,6033664,6656,aitdcc_a_protein,3,7.862443566322327,4
d256h4L8,6033664,6656,aitdcc_a_protein,4,7.855144023895264,4
d256h4L8,6033664,6656,aitdcc_b_c_source,1,7.945898652076721,4
d256h4L8,6033664,6656,aitdcc_b_c_source,2,7.905205249786377,4
d256h4L8,6033664,6656,aitdcc_b_c_source,3,7.889804005622864,4
d256h4L8,6033664,6656,aitdcc_b_c_source,4,7.881347179412842,4
d256h4L8,6033664,6656,aitdcc_d_glibc_rand,1,8.051247596740723,4
d256h4L8,6033664,6656,aitdcc_d_glibc_rand,2,8.03069257736206,4
d256h4L8,6033664,6656,aitdcc_d_glibc_rand,3,8.023705959320068,4
d256h4L8,6033664,6656,aitdcc_d_glibc_rand,4,8.020186424255371,4
d256h4L8,6033664,6656,aitdcc_e_atlas_float32,1,8.038228750228882,4
d256h4L8,6033664,6656,aitdcc_e_atlas_float32,2,8.021382967631022,4
d256h4L8,6033664,6656,aitdcc_e_atlas_float32,3,8.015717029571533,4
d256h4L8,6033664,6656,aitdcc_e_atlas_float32,4,8.012877464294434,4
d256h4L8,6033664,6656,aitdcc_g_astronomy,1,4.617278337478638,4
d256h4L8,6033664,6656,aitdcc_g_astronomy,2,4.5271839300791425,4
d256h4L8,6033664,6656,aitdcc_g_astronomy,3,4.505059719085693,4
d256h4L8,6033664,6656,aitdcc_g_astronomy,4,4.49423360824585,4
d256h4L8,6033664,6656,llm_compression_python,1,7.408635973930359,4
d256h4L8,6033664,6656,llm_compression_python,2,7.2830954392751055,4
d256h4L8,6033664,6656,llm_compression_python,3,7.238649010658264,4
d256h4L8,6033664,6656,llm_compression_python,4,7.215568542480469,4
d256h4L8,6033664,6656,llm_compression_cc,1,7.847432971000671,4
d256h4L8,6033664,6656,llm_compression_cc,2,7.774273633956909,4
d256h4L8,6033664,6656,llm_compression_cc,3,7.744081497192383,4
d256h4L8,6033664,6656,llm_compression_cc,4,7.726480960845947,4
d256h4L8,6033664,6656,llm_compression_arxiv_math,1,7.827256679534912,4
d256h4L8,6033664,6656,llm_compression_arxiv_math,2,7.767120361328125,4
d256h4L8,6033664,6656,llm_compression_arxiv_math,3,7.743568539619446,4
d256h4L8,6033664,6656,llm_compression_arxiv_math,4,7.730413913726807,4
d256h4L8,6033664,6656,esc50_pcm8,1,7.000457763671875,4
d256h4L8,6033664,6656,esc50_pcm8,2,6.890424489974976,4
d256h4L8,6033664,6656,esc50_pcm8,3,6.846835255622864,4
d256h4L8,6033664,6656,esc50_pcm8,4,6.824773788452148,4
d256h4L8,6033664,6656,esc50_pcm8_11khz,1,7.082057237625122,4
d256h4L8,6033664,6656,esc50_pcm8_11khz,2,6.976951837539673,4
d256h4L8,6033664,6656,esc50_pcm8_11khz,3,6.935247778892517,4
d256h4L8,6033664,6656,esc50_pcm8_11khz,4,6.9140095710754395,4
d256h4L8,6033664,6656,musicnet_pcm8,1,7.821117639541626,4
d256h4L8,6033664,6656,musicnet_pcm8,2,7.792366663614909,4
d256h4L8,6033664,6656,musicnet_pcm8,3,7.781139373779297,4
d256h4L8,6033664,6656,musicnet_pcm8,4,7.775073051452637,4
d256h4L8,6033664,6656,musicnet_pcm8_11khz,1,7.554907917976379,4
d256h4L8,6033664,6656,musicnet_pcm8_11khz,2,7.489514589309692,4
d256h4L8,6033664,6656,musicnet_pcm8_11khz,3,7.463787794113159,4
d256h4L8,6033664,6656,musicnet_pcm8_11khz,4,7.450869083404541,4
d256h4L8,6033664,6912,dclm,1,7.928424000740051,4
d256h4L8,6033664,6912,dclm,2,7.819873809814453,4
d256h4L8,6033664,6912,dclm,3,7.7787699699401855,4
d256h4L8,6033664,6912,dclm,4,7.755946159362793,4
d256h4L8,6033664,6912,dclm_ranked,1,6.818225145339966,4
d256h4L8,6033664,6912,dclm_ranked,2,6.403310060501099,4
d256h4L8,6033664,6912,dclm_ranked,3,6.24038302898407,4
d256h4L8,6033664,6912,dclm_ranked,4,6.151823997497559,4
d256h4L8,6033664,6912,dna,1,4.4795005321502686,4
d256h4L8,6033664,6912,dna,2,3.8608604669570923,4
d256h4L8,6033664,6912,dna,3,3.6406375765800476,4
d256h4L8,6033664,6912,dna,4,3.5276970863342285,4
d256h4L8,6033664,6912,arithmetic,1,7.957429051399231,4
d256h4L8,6033664,6912,arithmetic,2,7.928609609603882,4
d256h4L8,6033664,6912,arithmetic,3,7.917817711830139,4
d256h4L8,6033664,6912,arithmetic,4,7.912034511566162,4
d256h4L8,6033664,6912,audio_8bit,1,4.545437932014465,4
d256h4L8,6033664,6912,audio_8bit,2,4.162241141001384,4
d256h4L8,6033664,6912,audio_8bit,3,4.02587366104126,4
d256h4L8,6033664,6912,audio_8bit,4,3.9553897380828857,4
d256h4L8,6033664,6912,audio_16bit,1,6.361062407493591,4
d256h4L8,6033664,6912,audio_16bit,2,6.156140645345052,4
d256h4L8,6033664,6912,audio_16bit,3,6.08140230178833,4
d256h4L8,6033664,6912,audio_16bit,4,6.041455268859863,4
d256h4L8,6033664,6912,speech_commands_pcm8,1,7.144753456115723,4
d256h4L8,6033664,6912,speech_commands_pcm8,2,7.000749826431274,4
d256h4L8,6033664,6912,speech_commands_pcm8,3,6.935171484947205,4
d256h4L8,6033664,6912,speech_commands_pcm8,4,6.895193576812744,4
d256h4L8,6033664,6912,speech_commands_pcm8_8khz,1,7.096802115440369,4
d256h4L8,6033664,6912,speech_commands_pcm8_8khz,2,6.942236344019572,4
d256h4L8,6033664,6912,speech_commands_pcm8_8khz,3,6.873255252838135,4
d256h4L8,6033664,6912,speech_commands_pcm8_8khz,4,6.831757545471191,4
d256h4L8,6033664,6912,mutopia_melody_16th,1,6.831318616867065,4
d256h4L8,6033664,6912,mutopia_melody_16th,2,6.6317066351572675,4
d256h4L8,6033664,6912,mutopia_melody_16th,3,6.530510783195496,4
d256h4L8,6033664,6912,mutopia_melody_16th,4,6.46695613861084,4
d256h4L8,6033664,6912,cifar10_rgb_planar,1,7.867668986320496,4
d256h4L8,6033664,6912,cifar10_rgb_planar,2,7.830760558446248,4
d256h4L8,6033664,6912,cifar10_rgb_planar,3,7.817184805870056,4
d256h4L8,6033664,6912,cifar10_rgb_planar,4,7.810001850128174,4
d256h4L8,6033664,6912,cifar10_rgb_hwc,1,7.839805960655212,4
d256h4L8,6033664,6912,cifar10_rgb_hwc,2,7.804341236750285,4
d256h4L8,6033664,6912,cifar10_rgb_hwc,3,7.791124582290649,4
d256h4L8,6033664,6912,cifar10_rgb_hwc,4,7.784052848815918,4
d256h4L8,6033664,6912,kolmogorov_text,1,7.952391147613525,4
d256h4L8,6033664,6912,kolmogorov_text,2,7.879031181335449,4
d256h4L8,6033664,6912,kolmogorov_text,3,7.8515541553497314,4
d256h4L8,6033664,6912,kolmogorov_text,4,7.83634614944458,4
d256h4L8,6033664,6912,kolmogorov_dna,1,4.757907807826996,4
d256h4L8,6033664,6912,kolmogorov_dna,2,4.195797085762024,4
d256h4L8,6033664,6912,kolmogorov_dna,3,3.975610673427582,4
d256h4L8,6033664,6912,kolmogorov_dna,4,3.848900079727173,4
d256h4L8,6033664,6912,metamath,1,7.5170135498046875,4
d256h4L8,6033664,6912,metamath,2,7.287506659825643,4
d256h4L8,6033664,6912,metamath,3,7.210894465446472,4
d256h4L8,6033664,6912,metamath,4,7.173705101013184,4
d256h4L8,6033664,6912,aitdcc_a_protein,1,7.872746229171753,4
d256h4L8,6033664,6912,aitdcc_a_protein,2,7.838236411412557,4
d256h4L8,6033664,6912,aitdcc_a_protein,3,7.825276613235474,4
d256h4L8,6033664,6912,aitdcc_a_protein,4,7.818420886993408,4
d256h4L8,6033664,6912,aitdcc_b_c_source,1,7.963581323623657,4
d256h4L8,6033664,6912,aitdcc_b_c_source,2,7.910381317138672,4
d256h4L8,6033664,6912,aitdcc_b_c_source,3,7.89028012752533,4
d256h4L8,6033664,6912,aitdcc_b_c_source,4,7.879149913787842,4
d256h4L8,6033664,6912,aitdcc_d_glibc_rand,1,8.045219421386719,4
d256h4L8,6033664,6912,aitdcc_d_glibc_rand,2,8.02713425954183,4
d256h4L8,6033664,6912,aitdcc_d_glibc_rand,3,8.020803213119507,4
d256h4L8,6033664,6912,aitdcc_d_glibc_rand,4,8.017529487609863,4
d256h4L8,6033664,6912,aitdcc_e_atlas_float32,1,8.046415328979492,4
d256h4L8,6033664,6912,aitdcc_e_atlas_float32,2,8.028639475504557,4
d256h4L8,6033664,6912,aitdcc_e_atlas_float32,3,8.022444486618042,4
d256h4L8,6033664,6912,aitdcc_e_atlas_float32,4,8.019237518310547,4
d256h4L8,6033664,6912,aitdcc_g_astronomy,1,4.274035334587097,4
d256h4L8,6033664,6912,aitdcc_g_astronomy,2,4.245239655176799,4
d256h4L8,6033664,6912,aitdcc_g_astronomy,3,4.236203670501709,4
d256h4L8,6033664,6912,aitdcc_g_astronomy,4,4.231613636016846,4
d256h4L8,6033664,6912,llm_compression_python,1,7.5030677318573,4
d256h4L8,6033664,6912,llm_compression_python,2,7.326179583867391,4
d256h4L8,6033664,6912,llm_compression_python,3,7.264155149459839,4
d256h4L8,6033664,6912,llm_compression_python,4,7.231146812438965,4
d256h4L8,6033664,6912,llm_compression_cc,1,7.935837388038635,4
d256h4L8,6033664,6912,llm_compression_cc,2,7.836760997772217,4
d256h4L8,6033664,6912,llm_compression_cc,3,7.799275279045105,4
d256h4L8,6033664,6912,llm_compression_cc,4,7.7784624099731445,4
d256h4L8,6033664,6912,llm_compression_arxiv_math,1,7.899078130722046,4
d256h4L8,6033664,6912,llm_compression_arxiv_math,2,7.827620983123779,4
d256h4L8,6033664,6912,llm_compression_arxiv_math,3,7.801639795303345,4
d256h4L8,6033664,6912,llm_compression_arxiv_math,4,7.787408828735352,4
d256h4L8,6033664,6912,esc50_pcm8,1,7.149891018867493,4
d256h4L8,6033664,6912,esc50_pcm8,2,7.018875201543172,4
d256h4L8,6033664,6912,esc50_pcm8,3,6.957037925720215,4
d256h4L8,6033664,6912,esc50_pcm8,4,6.91867208480835,4
d256h4L8,6033664,6912,esc50_pcm8_11khz,1,7.224860668182373,4
d256h4L8,6033664,6912,esc50_pcm8_11khz,2,7.104147990544637,4
d256h4L8,6033664,6912,esc50_pcm8_11khz,3,7.047516584396362,4
d256h4L8,6033664,6912,esc50_pcm8_11khz,4,7.012503623962402,4
d256h4L8,6033664,6912,musicnet_pcm8,1,7.816467881202698,4
d256h4L8,6033664,6912,musicnet_pcm8,2,7.778664906819661,4
d256h4L8,6033664,6912,musicnet_pcm8,3,7.761621594429016,4
d256h4L8,6033664,6912,musicnet_pcm8,4,7.751493453979492,4
d256h4L8,6033664,6912,musicnet_pcm8_11khz,1,7.620586395263672,4
d256h4L8,6033664,6912,musicnet_pcm8_11khz,2,7.551667928695679,4
d256h4L8,6033664,6912,musicnet_pcm8_11khz,3,7.520909667015076,4
d256h4L8,6033664,6912,musicnet_pcm8_11khz,4,7.502542972564697,4
d256h4L8,6033664,7168,dclm,1,7.9761844873428345,4
d256h4L8,6033664,7168,dclm,2,7.801939328511556,4
d256h4L8,6033664,7168,dclm,3,7.734167218208313,4
d256h4L8,6033664,7168,dclm,4,7.6960344314575195,4
d256h4L8,6033664,7168,dclm_ranked,1,6.911826848983765,4
d256h4L8,6033664,7168,dclm_ranked,2,6.457053263982137,4
d256h4L8,6033664,7168,dclm_ranked,3,6.285549521446228,4
d256h4L8,6033664,7168,dclm_ranked,4,6.192741870880127,4
d256h4L8,6033664,7168,dna,1,4.569572925567627,4
d256h4L8,6033664,7168,dna,2,3.8997456630071006,4
d256h4L8,6033664,7168,dna,3,3.6678799390792847,4
d256h4L8,6033664,7168,dna,4,3.5528788566589355,4
d256h4L8,6033664,7168,arithmetic,1,8.001219391822815,4
d256h4L8,6033664,7168,arithmetic,2,7.955687125523885,4
d256h4L8,6033664,7168,arithmetic,3,7.938726186752319,4
d256h4L8,6033664,7168,arithmetic,4,7.929445743560791,4
d256h4L8,6033664,7168,audio_8bit,1,4.720408916473389,4
d256h4L8,6033664,7168,audio_8bit,2,4.242775917053223,4
d256h4L8,6033664,7168,audio_8bit,3,4.077942490577698,4
d256h4L8,6033664,7168,audio_8bit,4,3.9937846660614014,4
d256h4L8,6033664,7168,audio_16bit,1,6.461800813674927,4
d256h4L8,6033664,7168,audio_16bit,2,6.1972432136535645,4
d256h4L8,6033664,7168,audio_16bit,3,6.103329420089722,4
d256h4L8,6033664,7168,audio_16bit,4,6.053861618041992,4
d256h4L8,6033664,7168,speech_commands_pcm8,1,6.884668707847595,4
d256h4L8,6033664,7168,speech_commands_pcm8,2,6.642482360204061,4
d256h4L8,6033664,7168,speech_commands_pcm8,3,6.551010370254517,4
d256h4L8,6033664,7168,speech_commands_pcm8,4,6.496209621429443,4
d256h4L8,6033664,7168,speech_commands_pcm8_8khz,1,6.794853687286377,4
d256h4L8,6033664,7168,speech_commands_pcm8_8khz,2,6.507167100906372,4
d256h4L8,6033664,7168,speech_commands_pcm8_8khz,3,6.3956687450408936,4
d256h4L8,6033664,7168,speech_commands_pcm8_8khz,4,6.328268051147461,4
d256h4L8,6033664,7168,mutopia_melody_16th,1,6.991250514984131,4
d256h4L8,6033664,7168,mutopia_melody_16th,2,6.875807444254558,4
d256h4L8,6033664,7168,mutopia_melody_16th,3,6.836727619171143,4
d256h4L8,6033664,7168,mutopia_melody_16th,4,6.815858840942383,4
d256h4L8,6033664,7168,cifar10_rgb_planar,1,7.89590585231781,4
d256h4L8,6033664,7168,cifar10_rgb_planar,2,7.838304917017619,4
d256h4L8,6033664,7168,cifar10_rgb_planar,3,7.817364573478699,4
d256h4L8,6033664,7168,cifar10_rgb_planar,4,7.806066989898682,4
d256h4L8,6033664,7168,cifar10_rgb_hwc,1,7.867791771888733,4
d256h4L8,6033664,7168,cifar10_rgb_hwc,2,7.8123875459035235,4
d256h4L8,6033664,7168,cifar10_rgb_hwc,3,7.79171621799469,4
d256h4L8,6033664,7168,cifar10_rgb_hwc,4,7.780456066131592,4
d256h4L8,6033664,7168,kolmogorov_text,1,7.991207838058472,4
d256h4L8,6033664,7168,kolmogorov_text,2,7.857577562332153,4
d256h4L8,6033664,7168,kolmogorov_text,3,7.8058472871780396,4
d256h4L8,6033664,7168,kolmogorov_text,4,7.776547908782959,4
d256h4L8,6033664,7168,kolmogorov_dna,1,4.97658383846283,4
d256h4L8,6033664,7168,kolmogorov_dna,2,4.3996133009592695,4
d256h4L8,6033664,7168,kolmogorov_dna,3,4.202075958251953,4
d256h4L8,6033664,7168,kolmogorov_dna,4,4.105386734008789,4
d256h4L8,6033664,7168,metamath,1,7.5959941148757935,4
d256h4L8,6033664,7168,metamath,2,7.363811333974202,4
d256h4L8,6033664,7168,metamath,3,7.2805376052856445,4
d256h4L8,6033664,7168,metamath,4,7.234862804412842,4
d256h4L8,6033664,7168,aitdcc_a_protein,1,7.920123100280762,4
d256h4L8,6033664,7168,aitdcc_a_protein,2,7.868810653686523,4
d256h4L8,6033664,7168,aitdcc_a_protein,3,7.850122809410095,4
d256h4L8,6033664,7168,aitdcc_a_protein,4,7.840537071228027,4
d256h4L8,6033664,7168,aitdcc_b_c_source,1,7.993257164955139,4
d256h4L8,6033664,7168,aitdcc_b_c_source,2,7.878597577412923,4
d256h4L8,6033664,7168,aitdcc_b_c_source,3,7.830849647521973,4
d256h4L8,6033664,7168,aitdcc_b_c_source,4,7.8021931648254395,4
d256h4L8,6033664,7168,aitdcc_d_glibc_rand,1,8.080299377441406,4
d256h4L8,6033664,7168,aitdcc_d_glibc_rand,2,8.048735936482748,4
d256h4L8,6033664,7168,aitdcc_d_glibc_rand,3,8.037676811218262,4
d256h4L8,6033664,7168,aitdcc_d_glibc_rand,4,8.03188705444336,4
d256h4L8,6033664,7168,aitdcc_e_atlas_float32,1,8.069342136383057,4
d256h4L8,6033664,7168,aitdcc_e_atlas_float32,2,8.037747224171957,4
d256h4L8,6033664,7168,aitdcc_e_atlas_float32,3,8.02653193473816,4
d256h4L8,6033664,7168,aitdcc_e_atlas_float32,4,8.020655632019043,4
d256h4L8,6033664,7168,aitdcc_g_astronomy,1,4.614801526069641,4
d256h4L8,6033664,7168,aitdcc_g_astronomy,2,4.500881512959798,4
d256h4L8,6033664,7168,aitdcc_g_astronomy,3,4.470044374465942,4
d256h4L8,6033664,7168,aitdcc_g_astronomy,4,4.455498695373535,4
d256h4L8,6033664,7168,llm_compression_python,1,7.353791356086731,4
d256h4L8,6033664,7168,llm_compression_python,2,7.147325038909912,4
d256h4L8,6033664,7168,llm_compression_python,3,7.066437721252441,4
d256h4L8,6033664,7168,llm_compression_python,4,7.021116256713867,4
d256h4L8,6033664,7168,llm_compression_cc,1,7.99332594871521,4
d256h4L8,6033664,7168,llm_compression_cc,2,7.825905879338582,4
d256h4L8,6033664,7168,llm_compression_cc,3,7.760663628578186,4
d256h4L8,6033664,7168,llm_compression_cc,4,7.7238593101501465,4
d256h4L8,6033664,7168,llm_compression_arxiv_math,1,7.92993700504303,4
d256h4L8,6033664,7168,llm_compression_arxiv_math,2,7.806440035502116,4
d256h4L8,6033664,7168,llm_compression_arxiv_math,3,7.760013699531555,4
d256h4L8,6033664,7168,llm_compression_arxiv_math,4,7.73407506942749,4
d256h4L8,6033664,7168,esc50_pcm8,1,7.02434766292572,4
d256h4L8,6033664,7168,esc50_pcm8,2,6.852177540461223,4
d256h4L8,6033664,7168,esc50_pcm8,3,6.788865327835083,4
d256h4L8,6033664,7168,esc50_pcm8,4,6.751916408538818,4
d256h4L8,6033664,7168,esc50_pcm8_11khz,1,7.104589939117432,4
d256h4L8,6033664,7168,esc50_pcm8_11khz,2,6.9372767607371015,4
d256h4L8,6033664,7168,esc50_pcm8_11khz,3,6.875338077545166,4
d256h4L8,6033664,7168,esc50_pcm8_11khz,4,6.8393731117248535,4
d256h4L8,6033664,7168,musicnet_pcm8,1,7.795607328414917,4
d256h4L8,6033664,7168,musicnet_pcm8,2,7.732924143473308,4
d256h4L8,6033664,7168,musicnet_pcm8,3,7.710480093955994,4
d256h4L8,6033664,7168,musicnet_pcm8,4,7.698391914367676,4
d256h4L8,6033664,7168,musicnet_pcm8_11khz,1,7.527578234672546,4
d256h4L8,6033664,7168,musicnet_pcm8_11khz,2,7.408405780792236,4
d256h4L8,6033664,7168,musicnet_pcm8_11khz,3,7.3651202917099,4
d256h4L8,6033664,7168,musicnet_pcm8_11khz,4,7.340212821960449,4
d256h4L8,6033664,7424,dclm,1,7.857656478881836,4
d256h4L8,6033664,7424,dclm,2,7.723128318786621,4
d256h4L8,6033664,7424,dclm,3,7.664631128311157,4
d256h4L8,6033664,7424,dclm,4,7.632134437561035,4
d256h4L8,6033664,7424,dclm_ranked,1,6.838786005973816,4
d256h4L8,6033664,7424,dclm_ranked,2,6.300990740458171,4
d256h4L8,6033664,7424,dclm_ranked,3,6.08714747428894,4
d256h4L8,6033664,7424,dclm_ranked,4,5.969871520996094,4
d256h4L8,6033664,7424,dna,1,4.5961644649505615,4
d256h4L8,6033664,7424,dna,2,3.813621401786804,4
d256h4L8,6033664,7424,dna,3,3.5352010130882263,4
d256h4L8,6033664,7424,dna,4,3.3947834968566895,4
d256h4L8,6033664,7424,arithmetic,1,7.964100241661072,4
d256h4L8,6033664,7424,arithmetic,2,7.928609689076741,4
d256h4L8,6033664,7424,arithmetic,3,7.913861632347107,4
d256h4L8,6033664,7424,arithmetic,4,7.905086994171143,4
d256h4L8,6033664,7424,audio_8bit,1,4.824155211448669,4
d256h4L8,6033664,7424,audio_8bit,2,4.320379575093587,4
d256h4L8,6033664,7424,audio_8bit,3,4.128362417221069,4
d256h4L8,6033664,7424,audio_8bit,4,4.027437686920166,4
d256h4L8,6033664,7424,audio_16bit,1,6.455027341842651,4
d256h4L8,6033664,7424,audio_16bit,2,6.195898612340291,4
d256h4L8,6033664,7424,audio_16bit,3,6.099477529525757,4
d256h4L8,6033664,7424,audio_16bit,4,6.050699710845947,4
d256h4L8,6033664,7424,speech_commands_pcm8,1,7.2521607875823975,4
d256h4L8,6033664,7424,speech_commands_pcm8,2,6.993521213531494,4
d256h4L8,6033664,7424,speech_commands_pcm8,3,6.849984288215637,4
d256h4L8,6033664,7424,speech_commands_pcm8,4,6.7445197105407715,4
d256h4L8,6033664,7424,speech_commands_pcm8_8khz,1,7.1875832080841064,4
d256h4L8,6033664,7424,speech_commands_pcm8_8khz,2,6.878696282704671,4
d256h4L8,6033664,7424,speech_commands_pcm8_8khz,3,6.702292442321777,4
d256h4L8,6033664,7424,speech_commands_pcm8_8khz,4,6.57070255279541,4
d256h4L8,6033664,7424,mutopia_melody_16th,1,7.430358290672302,4
d256h4L8,6033664,7424,mutopia_melody_16th,2,7.232803185780843,4
d256h4L8,6033664,7424,mutopia_melody_16th,3,7.164703607559204,4
d256h4L8,6033664,7424,mutopia_melody_16th,4,7.125303745269775,4
d256h4L8,6033664,7424,cifar10_rgb_planar,1,7.892336487770081,4
d256h4L8,6033664,7424,cifar10_rgb_planar,2,7.851528724034627,4
d256h4L8,6033664,7424,cifar10_rgb_planar,3,7.836597681045532,4
d256h4L8,6033664,7424,cifar10_rgb_planar,4,7.8286614418029785,4
d256h4L8,6033664,7424,cifar10_rgb_hwc,1,7.8614314794540405,4
d256h4L8,6033664,7424,cifar10_rgb_hwc,2,7.82146159807841,4
d256h4L8,6033664,7424,cifar10_rgb_hwc,3,7.806763052940369,4
d256h4L8,6033664,7424,cifar10_rgb_hwc,4,7.798892974853516,4
d256h4L8,6033664,7424,kolmogorov_text,1,7.906154036521912,4
d256h4L8,6033664,7424,kolmogorov_text,2,7.803130944569905,4
d256h4L8,6033664,7424,kolmogorov_text,3,7.7595860958099365,4
d256h4L8,6033664,7424,kolmogorov_text,4,7.735695838928223,4
d256h4L8,6033664,7424,kolmogorov_dna,1,4.64093941450119,4
d256h4L8,6033664,7424,kolmogorov_dna,2,3.8151645263036094,4
d256h4L8,6033664,7424,kolmogorov_dna,3,3.5706343054771423,4
d256h4L8,6033664,7424,kolmogorov_dna,4,3.4534566402435303,4
d256h4L8,6033664,7424,metamath,1,7.583176255226135,4
d256h4L8,6033664,7424,metamath,2,7.35914413134257,4
d256h4L8,6033664,7424,metamath,3,7.270917773246765,4
d256h4L8,6033664,7424,metamath,4,7.224009990692139,4
d256h4L8,6033664,7424,aitdcc_a_protein,1,7.904063940048218,4
d256h4L8,6033664,7424,aitdcc_a_protein,2,7.863934675852458,4
d256h4L8,6033664,7424,aitdcc_a_protein,3,7.848271608352661,4
d256h4L8,6033664,7424,aitdcc_a_protein,4,7.839659690856934,4
d256h4L8,6033664,7424,aitdcc_b_c_source,1,7.971046805381775,4
d256h4L8,6033664,7424,aitdcc_b_c_source,2,7.911784887313843,4
d256h4L8,6033664,7424,aitdcc_b_c_source,3,7.888484477996826,4
d256h4L8,6033664,7424,aitdcc_b_c_source,4,7.875884056091309,4
d256h4L8,6033664,7424,aitdcc_d_glibc_rand,1,8.05329155921936,4
d256h4L8,6033664,7424,aitdcc_d_glibc_rand,2,8.032530784606934,4
d256h4L8,6033664,7424,aitdcc_d_glibc_rand,3,8.02537488937378,4
d256h4L8,6033664,7424,aitdcc_d_glibc_rand,4,8.021679878234863,4
d256h4L8,6033664,7424,aitdcc_e_atlas_float32,1,8.029526472091675,4
d256h4L8,6033664,7424,aitdcc_e_atlas_float32,2,8.010357538859049,4
d256h4L8,6033664,7424,aitdcc_e_atlas_float32,3,8.003733396530151,4
d256h4L8,6033664,7424,aitdcc_e_atlas_float32,4,8.000311851501465,4
d256h4L8,6033664,7424,aitdcc_g_astronomy,1,4.587684750556946,4
d256h4L8,6033664,7424,aitdcc_g_astronomy,2,4.5389730135599775,4
d256h4L8,6033664,7424,aitdcc_g_astronomy,3,4.523496031761169,4
d256h4L8,6033664,7424,aitdcc_g_astronomy,4,4.515864849090576,4
d256h4L8,6033664,7424,llm_compression_python,1,7.4686585664749146,4
d256h4L8,6033664,7424,llm_compression_python,2,7.225156466166179,4
d256h4L8,6033664,7424,llm_compression_python,3,7.137308239936829,4
d256h4L8,6033664,7424,llm_compression_python,4,7.088939189910889,4
d256h4L8,6033664,7424,llm_compression_cc,1,7.869987964630127,4
d256h4L8,6033664,7424,llm_compression_cc,2,7.739949385325114,4
d256h4L8,6033664,7424,llm_compression_cc,3,7.682538032531738,4
d256h4L8,6033664,7424,llm_compression_cc,4,7.650485992431641,4
d256h4L8,6033664,7424,llm_compression_arxiv_math,1,7.8599773645401,4
d256h4L8,6033664,7424,llm_compression_arxiv_math,2,7.761145035425822,4
d256h4L8,6033664,7424,llm_compression_arxiv_math,3,7.720185399055481,4
d256h4L8,6033664,7424,llm_compression_arxiv_math,4,7.697308540344238,4
d256h4L8,6033664,7424,esc50_pcm8,1,7.259660482406616,4
d256h4L8,6033664,7424,esc50_pcm8,2,7.03245751063029,4
d256h4L8,6033664,7424,esc50_pcm8,3,6.910439133644104,4
d256h4L8,6033664,7424,esc50_pcm8,4,6.822721481323242,4
d256h4L8,6033664,7424,esc50_pcm8_11khz,1,7.344097018241882,4
d256h4L8,6033664,7424,esc50_pcm8_11khz,2,7.1417451699574785,4
d256h4L8,6033664,7424,esc50_pcm8_11khz,3,7.0339027643203735,4
d256h4L8,6033664,7424,esc50_pcm8_11khz,4,6.956506252288818,4
d256h4L8,6033664,7424,musicnet_pcm8,1,7.809078693389893,4
d256h4L8,6033664,7424,musicnet_pcm8,2,7.769516150156657,4
d256h4L8,6033664,7424,musicnet_pcm8,3,7.7541797161102295,4
d256h4L8,6033664,7424,musicnet_pcm8,4,7.745553970336914,4
d256h4L8,6033664,7424,musicnet_pcm8_11khz,1,7.647677779197693,4
d256h4L8,6033664,7424,musicnet_pcm8_11khz,2,7.541442791620891,4
d256h4L8,6033664,7424,musicnet_pcm8_11khz,3,7.487602472305298,4
d256h4L8,6033664,7424,musicnet_pcm8_11khz,4,7.449656963348389,4
d256h4L8,6033664,7680,dclm,1,7.8324280977249146,4
d256h4L8,6033664,7680,dclm,2,7.702228546142578,4
d256h4L8,6033664,7680,dclm,3,7.652785301208496,4
d256h4L8,6033664,7680,dclm,4,7.6256914138793945,4
d256h4L8,6033664,7680,dclm_ranked,1,6.7062668800354,4
d256h4L8,6033664,7680,dclm_ranked,2,6.349291165669759,4
d256h4L8,6033664,7680,dclm_ranked,3,6.212115526199341,4
d256h4L8,6033664,7680,dclm_ranked,4,6.136510848999023,4
d256h4L8,6033664,7680,dna,1,4.244828164577484,4
d256h4L8,6033664,7680,dna,2,3.6698023875554404,4
d256h4L8,6033664,7680,dna,3,3.471396744251251,4
d256h4L8,6033664,7680,dna,4,3.3705379962921143,4
d256h4L8,6033664,7680,arithmetic,1,7.9699095487594604,4
d256h4L8,6033664,7680,arithmetic,2,7.937320868174235,4
d256h4L8,6033664,7680,arithmetic,3,7.924946069717407,4
d256h4L8,6033664,7680,arithmetic,4,7.918418884277344,4
d256h4L8,6033664,7680,audio_8bit,1,4.5913097858428955,4
d256h4L8,6033664,7680,audio_8bit,2,4.191201686859131,4
d256h4L8,6033664,7680,audio_8bit,3,4.04446542263031,4
d256h4L8,6033664,7680,audio_8bit,4,3.967472553253174,4
d256h4L8,6033664,7680,audio_16bit,1,6.321543097496033,4
d256h4L8,6033664,7680,audio_16bit,2,6.138443231582642,4
d256h4L8,6033664,7680,audio_16bit,3,6.074059844017029,4
d256h4L8,6033664,7680,audio_16bit,4,6.040431022644043,4
d256h4L8,6033664,7680,speech_commands_pcm8,1,7.054549336433411,4
d256h4L8,6033664,7680,speech_commands_pcm8,2,6.855485041936238,4
d256h4L8,6033664,7680,speech_commands_pcm8,3,6.755656361579895,4
d256h4L8,6033664,7680,speech_commands_pcm8,4,6.696530342102051,4
d256h4L8,6033664,7680,speech_commands_pcm8_8khz,1,6.970056176185608,4
d256h4L8,6033664,7680,speech_commands_pcm8_8khz,2,6.739680846532186,4
d256h4L8,6033664,7680,speech_commands_pcm8_8khz,3,6.62006402015686,4
d256h4L8,6033664,7680,speech_commands_pcm8_8khz,4,6.547354698181152,4
d256h4L8,6033664,7680,mutopia_melody_16th,1,7.303420424461365,4
d256h4L8,6033664,7680,mutopia_melody_16th,2,7.222143650054932,4
d256h4L8,6033664,7680,mutopia_melody_16th,3,7.193325877189636,4
d256h4L8,6033664,7680,mutopia_melody_16th,4,7.178356170654297,4
d256h4L8,6033664,7680,cifar10_rgb_planar,1,7.863186717033386,4
d256h4L8,6033664,7680,cifar10_rgb_planar,2,7.8237890402476,4
d256h4L8,6033664,7680,cifar10_rgb_planar,3,7.8090420961380005,4
d256h4L8,6033664,7680,cifar10_rgb_planar,4,7.801037311553955,4
d256h4L8,6033664,7680,cifar10_rgb_hwc,1,7.833660364151001,4
d256h4L8,6033664,7680,cifar10_rgb_hwc,2,7.79443081219991,4
d256h4L8,6033664,7680,cifar10_rgb_hwc,3,7.779823303222656,4
d256h4L8,6033664,7680,cifar10_rgb_hwc,4,7.771900653839111,4
d256h4L8,6033664,7680,kolmogorov_text,1,7.874438524246216,4
d256h4L8,6033664,7680,kolmogorov_text,2,7.7683900197347,4
d256h4L8,6033664,7680,kolmogorov_text,3,7.72912871837616,4
d256h4L8,6033664,7680,kolmogorov_text,4,7.707644462585449,4
d256h4L8,6033664,7680,kolmogorov_dna,1,4.573964178562164,4
d256h4L8,6033664,7680,kolmogorov_dna,2,3.987680276234945,4
d256h4L8,6033664,7680,kolmogorov_dna,3,3.783726394176483,4
d256h4L8,6033664,7680,kolmogorov_dna,4,3.677363395690918,4
d256h4L8,6033664,7680,metamath,1,7.617777347564697,4
d256h4L8,6033664,7680,metamath,2,7.404204209645589,4
d256h4L8,6033664,7680,metamath,3,7.326104402542114,4
d256h4L8,6033664,7680,metamath,4,7.284123420715332,4
d256h4L8,6033664,7680,aitdcc_a_protein,1,7.946521282196045,4
d256h4L8,6033664,7680,aitdcc_a_protein,2,7.920148928960164,4
d256h4L8,6033664,7680,aitdcc_a_protein,3,7.91000497341156,4
d256h4L8,6033664,7680,aitdcc_a_protein,4,7.904571533203125,4
d256h4L8,6033664,7680,aitdcc_b_c_source,1,7.905502796173096,4
d256h4L8,6033664,7680,aitdcc_b_c_source,2,7.838555335998535,4
d256h4L8,6033664,7680,aitdcc_b_c_source,3,7.81350040435791,4
d256h4L8,6033664,7680,aitdcc_b_c_source,4,7.799769401550293,4
d256h4L8,6033664,7680,aitdcc_d_glibc_rand,1,8.048529863357544,4
d256h4L8,6033664,7680,aitdcc_d_glibc_rand,2,8.02809731165568,4
d256h4L8,6033664,7680,aitdcc_d_glibc_rand,3,8.021019697189331,4
d256h4L8,6033664,7680,aitdcc_d_glibc_rand,4,8.017370223999023,4
d256h4L8,6033664,7680,aitdcc_e_atlas_float32,1,8.033887147903442,4
d256h4L8,6033664,7680,aitdcc_e_atlas_float32,2,8.01842991511027,4
d256h4L8,6033664,7680,aitdcc_e_atlas_float32,3,8.013136863708496,4
d256h4L8,6033664,7680,aitdcc_e_atlas_float32,4,8.010432243347168,4
d256h4L8,6033664,7680,aitdcc_g_astronomy,1,4.4261616468429565,4
d256h4L8,6033664,7680,aitdcc_g_astronomy,2,4.399503310521443,4
d256h4L8,6033664,7680,aitdcc_g_astronomy,3,4.390589237213135,4
d256h4L8,6033664,7680,aitdcc_g_astronomy,4,4.386026859283447,4
d256h4L8,6033664,7680,llm_compression_python,1,7.211605548858643,4
d256h4L8,6033664,7680,llm_compression_python,2,7.02705732981364,4
d256h4L8,6033664,7680,llm_compression_python,3,6.9562177658081055,4
d256h4L8,6033664,7680,llm_compression_python,4,6.916867256164551,4
d256h4L8,6033664,7680,llm_compression_cc,1,7.846298933029175,4
d256h4L8,6033664,7680,llm_compression_cc,2,7.72492774327596,4
d256h4L8,6033664,7680,llm_compression_cc,3,7.679188847541809,4
d256h4L8,6033664,7680,llm_compression_cc,4,7.654268264770508,4
d256h4L8,6033664,7680,llm_compression_arxiv_math,1,7.814363241195679,4
d256h4L8,6033664,7680,llm_compression_arxiv_math,2,7.720428466796875,4
d256h4L8,6033664,7680,llm_compression_arxiv_math,3,7.6857733726501465,4
d256h4L8,6033664,7680,llm_compression_arxiv_math,4,7.666868209838867,4
d256h4L8,6033664,7680,esc50_pcm8,1,7.132255554199219,4
d256h4L8,6033664,7680,esc50_pcm8,2,6.972971677780151,4
d256h4L8,6033664,7680,esc50_pcm8,3,6.900492310523987,4
d256h4L8,6033664,7680,esc50_pcm8,4,6.860799312591553,4
d256h4L8,6033664,7680,esc50_pcm8_11khz,1,7.213574051856995,4
d256h4L8,6033664,7680,esc50_pcm8_11khz,2,7.071498155593872,4
d256h4L8,6033664,7680,esc50_pcm8_11khz,3,7.007286429405212,4
d256h4L8,6033664,7680,esc50_pcm8_11khz,4,6.972387313842773,4
d256h4L8,6033664,7680,musicnet_pcm8,1,7.767566800117493,4
d256h4L8,6033664,7680,musicnet_pcm8,2,7.724933942159017,4
d256h4L8,6033664,7680,musicnet_pcm8,3,7.70673668384552,4
d256h4L8,6033664,7680,musicnet_pcm8,4,7.696369647979736,4
d256h4L8,6033664,7680,musicnet_pcm8_11khz,1,7.555232405662537,4
d256h4L8,6033664,7680,musicnet_pcm8_11khz,2,7.464476664861043,4
d256h4L8,6033664,7680,musicnet_pcm8_11khz,3,7.422273397445679,4
d256h4L8,6033664,7680,musicnet_pcm8_11khz,4,7.398397922515869,4
d256h4L8,6033664,7936,dclm,1,7.9502211809158325,4
d256h4L8,6033664,7936,dclm,2,7.825061162312825,4
d256h4L8,6033664,7936,dclm,3,7.77070951461792,4
d256h4L8,6033664,7936,dclm,4,7.738065719604492,4
d256h4L8,6033664,7936,dclm_ranked,1,7.0011491775512695,4
d256h4L8,6033664,7936,dclm_ranked,2,6.447341124216716,4
d256h4L8,6033664,7936,dclm_ranked,3,6.214766263961792,4
d256h4L8,6033664,7936,dclm_ranked,4,6.0790557861328125,4
d256h4L8,6033664,7936,dna,1,4.737480401992798,4
d256h4L8,6033664,7936,dna,2,3.9741100072860718,4
d256h4L8,6033664,7936,dna,3,3.703930616378784,4
d256h4L8,6033664,7936,dna,4,3.5656585693359375,4
d256h4L8,6033664,7936,arithmetic,1,8.10205864906311,4
d256h4L8,6033664,7936,arithmetic,2,8.023925065994263,4
d256h4L8,6033664,7936,arithmetic,3,7.996022343635559,4
d256h4L8,6033664,7936,arithmetic,4,7.9803547859191895,4
d256h4L8,6033664,7936,audio_8bit,1,4.812589406967163,4
d256h4L8,6033664,7936,audio_8bit,2,4.3175904750823975,4
d256h4L8,6033664,7936,audio_8bit,3,4.143311142921448,4
d256h4L8,6033664,7936,audio_8bit,4,4.047791004180908,4
d256h4L8,6033664,7936,audio_16bit,1,6.696159839630127,4
d256h4L8,6033664,7936,audio_16bit,2,6.346113522847493,4
d256h4L8,6033664,7936,audio_16bit,3,6.236822247505188,4
d256h4L8,6033664,7936,audio_16bit,4,6.177873611450195,4
d256h4L8,6033664,7936,speech_commands_pcm8,1,7.562153697013855,4
d256h4L8,6033664,7936,speech_commands_pcm8,2,7.263368844985962,4
d256h4L8,6033664,7936,speech_commands_pcm8,3,7.110893607139587,4
d256h4L8,6033664,7936,speech_commands_pcm8,4,7.018346309661865,4
d256h4L8,6033664,7936,speech_commands_pcm8_8khz,1,7.538416266441345,4
d256h4L8,6033664,7936,speech_commands_pcm8_8khz,2,7.197846333185832,4
d256h4L8,6033664,7936,speech_commands_pcm8_8khz,3,7.016479253768921,4
d256h4L8,6033664,7936,speech_commands_pcm8_8khz,4,6.901159286499023,4
d256h4L8,6033664,7936,mutopia_melody_16th,1,7.731489300727844,4
d256h4L8,6033664,7936,mutopia_melody_16th,2,7.5282933712005615,4
d256h4L8,6033664,7936,mutopia_melody_16th,3,7.466219663619995,4
d256h4L8,6033664,7936,mutopia_melody_16th,4,7.436308860778809,4
d256h4L8,6033664,7936,cifar10_rgb_planar,1,8.006018042564392,4
d256h4L8,6033664,7936,cifar10_rgb_planar,2,7.935412486394246,4
d256h4L8,6033664,7936,cifar10_rgb_planar,3,7.911829233169556,4
d256h4L8,6033664,7936,cifar10_rgb_planar,4,7.899230003356934,4
d256h4L8,6033664,7936,cifar10_rgb_hwc,1,7.988188624382019,4
d256h4L8,6033664,7936,cifar10_rgb_hwc,2,7.9146584669748945,4
d256h4L8,6033664,7936,cifar10_rgb_hwc,3,7.890600800514221,4
d256h4L8,6033664,7936,cifar10_rgb_hwc,4,7.877816677093506,4
d256h4L8,6033664,7936,kolmogorov_text,1,7.978117108345032,4
d256h4L8,6033664,7936,kolmogorov_text,2,7.878854036331177,4
d256h4L8,6033664,7936,kolmogorov_text,3,7.837376236915588,4
d256h4L8,6033664,7936,kolmogorov_text,4,7.812587738037109,4
d256h4L8,6033664,7936,kolmogorov_dna,1,5.305713176727295,4
d256h4L8,6033664,7936,kolmogorov_dna,2,4.645392020543416,4
d256h4L8,6033664,7936,kolmogorov_dna,3,4.423689961433411,4
d256h4L8,6033664,7936,kolmogorov_dna,4,4.315253257751465,4
d256h4L8,6033664,7936,metamath,1,7.7403740882873535,4
d256h4L8,6033664,7936,metamath,2,7.55004080136617,4
d256h4L8,6033664,7936,metamath,3,7.4770660400390625,4
d256h4L8,6033664,7936,metamath,4,7.436770439147949,4
d256h4L8,6033664,7936,aitdcc_a_protein,1,8.240032196044922,4
d256h4L8,6033664,7936,aitdcc_a_protein,2,8.13579265276591,4
d256h4L8,6033664,7936,aitdcc_a_protein,3,8.107520937919617,4
d256h4L8,6033664,7936,aitdcc_a_protein,4,8.093791961669922,4
d256h4L8,6033664,7936,aitdcc_b_c_source,1,8.026371002197266,4
d256h4L8,6033664,7936,aitdcc_b_c_source,2,7.949409643809001,4
d256h4L8,6033664,7936,aitdcc_b_c_source,3,7.918228507041931,4
d256h4L8,6033664,7936,aitdcc_b_c_source,4,7.899896621704102,4
d256h4L8,6033664,7936,aitdcc_d_glibc_rand,1,8.174172639846802,4
d256h4L8,6033664,7936,aitdcc_d_glibc_rand,2,8.121065298716227,4
d256h4L8,6033664,7936,aitdcc_d_glibc_rand,3,8.101974487304688,4
d256h4L8,6033664,7936,aitdcc_d_glibc_rand,4,8.090921401977539,4
d256h4L8,6033664,7936,aitdcc_e_atlas_float32,1,8.247129678726196,4
d256h4L8,6033664,7936,aitdcc_e_atlas_float32,2,8.164001703262329,4
d256h4L8,6033664,7936,aitdcc_e_atlas_float32,3,8.138666868209839,4
d256h4L8,6033664,7936,aitdcc_e_atlas_float32,4,8.124740600585938,4
d256h4L8,6033664,7936,aitdcc_g_astronomy,1,5.550947427749634,4
d256h4L8,6033664,7936,aitdcc_g_astronomy,2,4.777329842249553,4
d256h4L8,6033664,7936,aitdcc_g_astronomy,3,4.721072196960449,4
d256h4L8,6033664,7936,aitdcc_g_astronomy,4,4.697066783905029,4
d256h4L8,6033664,7936,llm_compression_python,1,7.505652666091919,4
d256h4L8,6033664,7936,llm_compression_python,2,7.234516302744548,4
d256h4L8,6033664,7936,llm_compression_python,3,7.1241360902786255,4
d256h4L8,6033664,7936,llm_compression_python,4,7.057746410369873,4
d256h4L8,6033664,7936,llm_compression_cc,1,7.958414793014526,4
d256h4L8,6033664,7936,llm_compression_cc,2,7.8456175327301025,4
d256h4L8,6033664,7936,llm_compression_cc,3,7.796872019767761,4
d256h4L8,6033664,7936,llm_compression_cc,4,7.767832279205322,4
d256h4L8,6033664,7936,llm_compression_arxiv_math,1,7.940825939178467,4
d256h4L8,6033664,7936,llm_compression_arxiv_math,2,7.843070189158122,4
d256h4L8,6033664,7936,llm_compression_arxiv_math,3,7.807439923286438,4
d256h4L8,6033664,7936,llm_compression_arxiv_math,4,7.787136554718018,4
d256h4L8,6033664,7936,esc50_pcm8,1,7.61177659034729,4
d256h4L8,6033664,7936,esc50_pcm8,2,7.355737686157227,4
d256h4L8,6033664,7936,esc50_pcm8,3,7.244906187057495,4
d256h4L8,6033664,7936,esc50_pcm8,4,7.187272548675537,4
d256h4L8,6033664,7936,esc50_pcm8_11khz,1,7.649435520172119,4
d256h4L8,6033664,7936,esc50_pcm8_11khz,2,7.4106020132700605,4
d256h4L8,6033664,7936,esc50_pcm8_11khz,3,7.3039973974227905,4
d256h4L8,6033664,7936,esc50_pcm8_11khz,4,7.2457475662231445,4
d256h4L8,6033664,7936,musicnet_pcm8,1,7.9641348123550415,4
d256h4L8,6033664,7936,musicnet_pcm8,2,7.881082693735759,4
d256h4L8,6033664,7936,musicnet_pcm8,3,7.848758935928345,4
d256h4L8,6033664,7936,musicnet_pcm8,4,7.831020832061768,4
d256h4L8,6033664,7936,musicnet_pcm8_11khz,1,7.842845916748047,4
d256h4L8,6033664,7936,musicnet_pcm8_11khz,2,7.694169203440349,4
d256h4L8,6033664,7936,musicnet_pcm8_11khz,3,7.626598596572876,4
d256h4L8,6033664,7936,musicnet_pcm8_11khz,4,7.588371753692627,4
d256h4L8,6033664,8191,dclm,1,7.895447731018066,4
d256h4L8,6033664,8191,dclm,2,7.808746496836345,4
d256h4L8,6033664,8191,dclm,3,7.7768391370773315,4
d256h4L8,6033664,8191,dclm,4,7.759337902069092,4
d256h4L8,6033664,8191,dclm_ranked,1,6.7635955810546875,4
d256h4L8,6033664,8191,dclm_ranked,2,6.371754884719849,4
d256h4L8,6033664,8191,dclm_ranked,3,6.214513182640076,4
d256h4L8,6033664,8191,dclm_ranked,4,6.1283135414123535,4
d256h4L8,6033664,8191,dna,1,4.595409393310547,4
d256h4L8,6033664,8191,dna,2,3.996365030606588,4
d256h4L8,6033664,8191,dna,3,3.7797016501426697,4
d256h4L8,6033664,8191,dna,4,3.6698391437530518,4
d256h4L8,6033664,8191,arithmetic,1,7.97258448600769,4
d256h4L8,6033664,8191,arithmetic,2,7.935505151748657,4
d256h4L8,6033664,8191,arithmetic,3,7.920656085014343,4
d256h4L8,6033664,8191,arithmetic,4,7.912383079528809,4
d256h4L8,6033664,8191,audio_8bit,1,4.663367867469788,4
d256h4L8,6033664,8191,audio_8bit,2,4.248520930608113,4
d256h4L8,6033664,8191,audio_8bit,3,4.102951884269714,4
d256h4L8,6033664,8191,audio_8bit,4,4.027604103088379,4
d256h4L8,6033664,8191,audio_16bit,1,6.511919140815735,4
d256h4L8,6033664,8191,audio_16bit,2,6.306761344273885,4
d256h4L8,6033664,8191,audio_16bit,3,6.23279881477356,4
d256h4L8,6033664,8191,audio_16bit,4,6.194361686706543,4
d256h4L8,6033664,8191,speech_commands_pcm8,1,7.447154402732849,4
d256h4L8,6033664,8191,speech_commands_pcm8,2,7.3744056224823,4
d256h4L8,6033664,8191,speech_commands_pcm8,3,7.3474791049957275,4
d256h4L8,6033664,8191,speech_commands_pcm8,4,7.334481716156006,4
d256h4L8,6033664,8191,speech_commands_pcm8_8khz,1,7.42155396938324,4
d256h4L8,6033664,8191,speech_commands_pcm8_8khz,2,7.339030663172404,4
d256h4L8,6033664,8191,speech_commands_pcm8_8khz,3,7.308283448219299,4
d256h4L8,6033664,8191,speech_commands_pcm8_8khz,4,7.293271064758301,4
d256h4L8,6033664,8191,mutopia_melody_16th,1,7.373016595840454,4
d256h4L8,6033664,8191,mutopia_melody_16th,2,7.292846759160359,4
d256h4L8,6033664,8191,mutopia_melody_16th,3,7.265734434127808,4
d256h4L8,6033664,8191,mutopia_melody_16th,4,7.252473831176758,4
d256h4L8,6033664,8191,cifar10_rgb_planar,1,7.865829586982727,4
d256h4L8,6033664,8191,cifar10_rgb_planar,2,7.825620412826538,4
d256h4L8,6033664,8191,cifar10_rgb_planar,3,7.810900688171387,4
d256h4L8,6033664,8191,cifar10_rgb_planar,4,7.802971839904785,4
d256h4L8,6033664,8191,cifar10_rgb_hwc,1,7.84893000125885,4
d256h4L8,6033664,8191,cifar10_rgb_hwc,2,7.808312098185222,4
d256h4L8,6033664,8191,cifar10_rgb_hwc,3,7.793562293052673,4
d256h4L8,6033664,8191,cifar10_rgb_hwc,4,7.785638809204102,4
d256h4L8,6033664,8191,kolmogorov_text,1,7.926029086112976,4
d256h4L8,6033664,8191,kolmogorov_text,2,7.856245040893555,4
d256h4L8,6033664,8191,kolmogorov_text,3,7.831190466880798,4
d256h4L8,6033664,8191,kolmogorov_text,4,7.81773567199707,4
d256h4L8,6033664,8191,kolmogorov_dna,1,4.938140869140625,4
d256h4L8,6033664,8191,kolmogorov_dna,2,4.45344336827596,4
d256h4L8,6033664,8191,kolmogorov_dna,3,4.283000826835632,4
d256h4L8,6033664,8191,kolmogorov_dna,4,4.201178550720215,4
d256h4L8,6033664,8191,metamath,1,7.624421119689941,4
d256h4L8,6033664,8191,metamath,2,7.473059972127278,4
d256h4L8,6033664,8191,metamath,3,7.415099859237671,4
d256h4L8,6033664,8191,metamath,4,7.3833112716674805,4
d256h4L8,6033664,8191,aitdcc_a_protein,1,7.896894574165344,4
d256h4L8,6033664,8191,aitdcc_a_protein,2,7.856875816980998,4
d256h4L8,6033664,8191,aitdcc_a_protein,3,7.842805743217468,4
d256h4L8,6033664,8191,aitdcc_a_protein,4,7.835524559020996,4
d256h4L8,6033664,8191,aitdcc_b_c_source,1,7.9777820110321045,4
d256h4L8,6033664,8191,aitdcc_b_c_source,2,7.926928520202637,4
d256h4L8,6033664,8191,aitdcc_b_c_source,3,7.90807044506073,4
d256h4L8,6033664,8191,aitdcc_b_c_source,4,7.89778470993042,4
d256h4L8,6033664,8191,aitdcc_d_glibc_rand,1,8.0575532913208,4
d256h4L8,6033664,8191,aitdcc_d_glibc_rand,2,8.034765243530273,4
d256h4L8,6033664,8191,aitdcc_d_glibc_rand,3,8.026691436767578,4
d256h4L8,6033664,8191,aitdcc_d_glibc_rand,4,8.022499084472656,4
d256h4L8,6033664,8191,aitdcc_e_atlas_float32,1,8.027995824813843,4
d256h4L8,6033664,8191,aitdcc_e_atlas_float32,2,8.00646710395813,4
d256h4L8,6033664,8191,aitdcc_e_atlas_float32,3,7.998720049858093,4
d256h4L8,6033664,8191,aitdcc_e_atlas_float32,4,7.994669437408447,4
d256h4L8,6033664,8191,aitdcc_g_astronomy,1,5.164590120315552,4
d256h4L8,6033664,8191,aitdcc_g_astronomy,2,4.903120040893555,4
d256h4L8,6033664,8191,aitdcc_g_astronomy,3,4.832653999328613,4
d256h4L8,6033664,8191,aitdcc_g_astronomy,4,4.804745197296143,4
d256h4L8,6033664,8191,llm_compression_python,1,7.372368693351746,4
d256h4L8,6033664,8191,llm_compression_python,2,7.205028374989827,4
d256h4L8,6033664,8191,llm_compression_python,3,7.150585651397705,4
d256h4L8,6033664,8191,llm_compression_python,4,7.1238789558410645,4
d256h4L8,6033664,8191,llm_compression_cc,1,7.911154508590698,4
d256h4L8,6033664,8191,llm_compression_cc,2,7.829012552897136,4
d256h4L8,6033664,8191,llm_compression_cc,3,7.799031138420105,4
d256h4L8,6033664,8191,llm_compression_cc,4,7.78261137008667,4
d256h4L8,6033664,8191,llm_compression_arxiv_math,1,7.872577905654907,4
d256h4L8,6033664,8191,llm_compression_arxiv_math,2,7.8014272054036455,4
d256h4L8,6033664,8191,llm_compression_arxiv_math,3,7.7769458293914795,4
d256h4L8,6033664,8191,llm_compression_arxiv_math,4,7.763758659362793,4
d256h4L8,6033664,8191,esc50_pcm8,1,7.471146941184998,4
d256h4L8,6033664,8191,esc50_pcm8,2,7.408819675445557,4
d256h4L8,6033664,8191,esc50_pcm8,3,7.38569176197052,4
d256h4L8,6033664,8191,esc50_pcm8,4,7.374466896057129,4
d256h4L8,6033664,8191,esc50_pcm8_11khz,1,7.519287109375,4
d256h4L8,6033664,8191,esc50_pcm8_11khz,2,7.463493982950847,4
d256h4L8,6033664,8191,esc50_pcm8_11khz,3,7.443105459213257,4
d256h4L8,6033664,8191,esc50_pcm8_11khz,4,7.433269023895264,4
d256h4L8,6033664,8191,musicnet_pcm8,1,7.839965581893921,4
d256h4L8,6033664,8191,musicnet_pcm8,2,7.8089366753896075,4
d256h4L8,6033664,8191,musicnet_pcm8,3,7.796121716499329,4
d256h4L8,6033664,8191,musicnet_pcm8,4,7.788907051086426,4
d256h4L8,6033664,8191,musicnet_pcm8_11khz,1,7.728605151176453,4
d256h4L8,6033664,8191,musicnet_pcm8_11khz,2,7.6858894030253095,4
d256h4L8,6033664,8191,musicnet_pcm8_11khz,3,7.670037508010864,4
d256h4L8,6033664,8191,musicnet_pcm8_11khz,4,7.662187576293945,4
d64h1L1,65728,1024,dclm,1,8.032501816749573,4
d64h1L1,65728,1024,dclm,2,7.954396486282349,4
d64h1L1,65728,1024,dclm,3,7.92491614818573,4
d64h1L1,65728,1024,dclm,4,7.908445358276367,4
d64h1L1,65728,1024,dclm_ranked,1,6.3768532276153564,4
d64h1L1,65728,1024,dclm_ranked,2,6.112605492273967,4
d64h1L1,65728,1024,dclm_ranked,3,6.012861609458923,4
d64h1L1,65728,1024,dclm_ranked,4,5.95781135559082,4
d64h1L1,65728,1024,dna,1,4.323611915111542,4
d64h1L1,65728,1024,dna,2,3.7638508478800454,4
d64h1L1,65728,1024,dna,3,3.540954113006592,4
d64h1L1,65728,1024,dna,4,3.4155943393707275,4
d64h1L1,65728,1024,arithmetic,1,8.053170204162598,4
d64h1L1,65728,1024,arithmetic,2,8.021527290344238,4
d64h1L1,65728,1024,arithmetic,3,8.009593486785889,4
d64h1L1,65728,1024,arithmetic,4,8.003049850463867,4
d64h1L1,65728,1024,audio_8bit,1,5.027342200279236,4
d64h1L1,65728,1024,audio_8bit,2,4.749780495961507,4
d64h1L1,65728,1024,audio_8bit,3,4.629037857055664,4
d64h1L1,65728,1024,audio_8bit,4,4.558346748352051,4
d64h1L1,65728,1024,audio_16bit,1,7.093975186347961,4
d64h1L1,65728,1024,audio_16bit,2,6.926807244618733,4
d64h1L1,65728,1024,audio_16bit,3,6.8658634424209595,4
d64h1L1,65728,1024,audio_16bit,4,6.833895683288574,4
d64h1L1,65728,1024,speech_commands_pcm8,1,7.890295386314392,4
d64h1L1,65728,1024,speech_commands_pcm8,2,7.754401842753093,4
d64h1L1,65728,1024,speech_commands_pcm8,3,7.6683619022369385,4
d64h1L1,65728,1024,speech_commands_pcm8,4,7.603909015655518,4
d64h1L1,65728,1024,speech_commands_pcm8_8khz,1,7.88867974281311,4
d64h1L1,65728,1024,speech_commands_pcm8_8khz,2,7.727606773376465,4
d64h1L1,65728,1024,speech_commands_pcm8_8khz,3,7.62523627281189,4
d64h1L1,65728,1024,speech_commands_pcm8_8khz,4,7.5486836433410645,4
d64h1L1,65728,1024,mutopia_melody_16th,1,7.946890115737915,4
d64h1L1,65728,1024,mutopia_melody_16th,2,7.91119925181071,4
d64h1L1,65728,1024,mutopia_melody_16th,3,7.8951802253723145,4
d64h1L1,65728,1024,mutopia_melody_16th,4,7.885663032531738,4
d64h1L1,65728,1024,cifar10_rgb_planar,1,7.974614262580872,4
d64h1L1,65728,1024,cifar10_rgb_planar,2,7.935646216074626,4
d64h1L1,65728,1024,cifar10_rgb_planar,3,7.920693635940552,4
d64h1L1,65728,1024,cifar10_rgb_planar,4,7.912515640258789,4
d64h1L1,65728,1024,cifar10_rgb_hwc,1,7.969805121421814,4
d64h1L1,65728,1024,cifar10_rgb_hwc,2,7.930386066436768,4
d64h1L1,65728,1024,cifar10_rgb_hwc,3,7.915157437324524,4
d64h1L1,65728,1024,cifar10_rgb_hwc,4,7.906738758087158,4
d64h1L1,65728,1024,kolmogorov_text,1,8.04800283908844,4
d64h1L1,65728,1024,kolmogorov_text,2,7.991514126459758,4
d64h1L1,65728,1024,kolmogorov_text,3,7.970931529998779,4
d64h1L1,65728,1024,kolmogorov_text,4,7.959582805633545,4
d64h1L1,65728,1024,kolmogorov_dna,1,4.388478398323059,4
d64h1L1,65728,1024,kolmogorov_dna,2,3.844560186068217,4
d64h1L1,65728,1024,kolmogorov_dna,3,3.6260860562324524,4
d64h1L1,65728,1024,kolmogorov_dna,4,3.513648271560669,4
d64h1L1,65728,1024,metamath,1,7.876715779304504,4
d64h1L1,65728,1024,metamath,2,7.776595910390218,4
d64h1L1,65728,1024,metamath,3,7.73299765586853,4
d64h1L1,65728,1024,metamath,4,7.706634521484375,4
d64h1L1,65728,1024,aitdcc_a_protein,1,7.99791145324707,4
d64h1L1,65728,1024,aitdcc_a_protein,2,7.969430843989055,4
d64h1L1,65728,1024,aitdcc_a_protein,3,7.958431124687195,4
d64h1L1,65728,1024,aitdcc_a_protein,4,7.952554702758789,4
d64h1L1,65728,1024,aitdcc_b_c_source,1,8.060072779655457,4
d64h1L1,65728,1024,aitdcc_b_c_source,2,8.01638905207316,4
d64h1L1,65728,1024,aitdcc_b_c_source,3,7.999722957611084,4
d64h1L1,65728,1024,aitdcc_b_c_source,4,7.990436553955078,4
d64h1L1,65728,1024,aitdcc_d_glibc_rand,1,8.070000171661377,4
d64h1L1,65728,1024,aitdcc_d_glibc_rand,2,8.04191509882609,4
d64h1L1,65728,1024,aitdcc_d_glibc_rand,3,8.031452417373657,4
d64h1L1,65728,1024,aitdcc_d_glibc_rand,4,8.025838851928711,4
d64h1L1,65728,1024,aitdcc_e_atlas_float32,1,8.034872889518738,4
d64h1L1,65728,1024,aitdcc_e_atlas_float32,2,8.001757065455118,4
d64h1L1,65728,1024,aitdcc_e_atlas_float32,3,7.98912250995636,4
d64h1L1,65728,1024,aitdcc_e_atlas_float32,4,7.982246398925781,4
d64h1L1,65728,1024,aitdcc_g_astronomy,1,5.646692156791687,4
d64h1L1,65728,1024,aitdcc_g_astronomy,2,5.261467615763347,4
d64h1L1,65728,1024,aitdcc_g_astronomy,3,5.161917805671692,4
d64h1L1,65728,1024,aitdcc_g_astronomy,4,5.1130170822143555,4
d64h1L1,65728,1024,llm_compression_python,1,7.745692491531372,4
d64h1L1,65728,1024,llm_compression_python,2,7.62978466351827,4
d64h1L1,65728,1024,llm_compression_python,3,7.580986261367798,4
d64h1L1,65728,1024,llm_compression_python,4,7.553100109100342,4
d64h1L1,65728,1024,llm_compression_cc,1,8.043465614318848,4
d64h1L1,65728,1024,llm_compression_cc,2,7.972864468892415,4
d64h1L1,65728,1024,llm_compression_cc,3,7.946876645088196,4
d64h1L1,65728,1024,llm_compression_cc,4,7.932551860809326,4
d64h1L1,65728,1024,llm_compression_arxiv_math,1,8.028005480766296,4
d64h1L1,65728,1024,llm_compression_arxiv_math,2,7.965185642242432,4
d64h1L1,65728,1024,llm_compression_arxiv_math,3,7.940715789794922,4
d64h1L1,65728,1024,llm_compression_arxiv_math,4,7.9269328117370605,4
d64h1L1,65728,1024,esc50_pcm8,1,7.880216836929321,4
d64h1L1,65728,1024,esc50_pcm8,2,7.764278332392375,4
d64h1L1,65728,1024,esc50_pcm8,3,7.690992832183838,4
d64h1L1,65728,1024,esc50_pcm8,4,7.635411262512207,4
d64h1L1,65728,1024,esc50_pcm8_11khz,1,7.915231943130493,4
d64h1L1,65728,1024,esc50_pcm8_11khz,2,7.809629042943318,4
d64h1L1,65728,1024,esc50_pcm8_11khz,3,7.743889212608337,4
d64h1L1,65728,1024,esc50_pcm8_11khz,4,7.694520950317383,4
d64h1L1,65728,1024,musicnet_pcm8,1,7.916895866394043,4
d64h1L1,65728,1024,musicnet_pcm8,2,7.868469635645549,4
d64h1L1,65728,1024,musicnet_pcm8,3,7.847906112670898,4
d64h1L1,65728,1024,musicnet_pcm8,4,7.836219310760498,4
d64h1L1,65728,1024,musicnet_pcm8_11khz,1,7.934062242507935,4
d64h1L1,65728,1024,musicnet_pcm8_11khz,2,7.854406515757243,4
d64h1L1,65728,1024,musicnet_pcm8_11khz,3,7.809638738632202,4
d64h1L1,65728,1024,musicnet_pcm8_11khz,4,7.778049468994141,4
d64h1L1,65728,1280,dclm,1,7.8031299114227295,4
d64h1L1,65728,1280,dclm,2,7.718475898106893,4
d64h1L1,65728,1280,dclm,3,7.681639552116394,4
d64h1L1,65728,1280,dclm,4,7.659714221954346,4
d64h1L1,65728,1280,dclm_ranked,1,6.214342355728149,4
d64h1L1,65728,1280,dclm_ranked,2,5.989210367202759,4
d64h1L1,65728,1280,dclm_ranked,3,5.907337307929993,4
d64h1L1,65728,1280,dclm_ranked,4,5.863986015319824,4
d64h1L1,65728,1280,dna,1,3.693486511707306,4
d64h1L1,65728,1280,dna,2,3.260927160580953,4
d64h1L1,65728,1280,dna,3,3.115415632724762,4
d64h1L1,65728,1280,dna,4,3.0471649169921875,4
d64h1L1,65728,1280,arithmetic,1,8.081231117248535,4
d64h1L1,65728,1280,arithmetic,2,8.028476397196451,4
d64h1L1,65728,1280,arithmetic,3,8.008086919784546,4
d64h1L1,65728,1280,arithmetic,4,7.996706008911133,4
d64h1L1,65728,1280,audio_8bit,1,4.770580410957336,4
d64h1L1,65728,1280,audio_8bit,2,4.428074439366658,4
d64h1L1,65728,1280,audio_8bit,3,4.308062791824341,4
d64h1L1,65728,1280,audio_8bit,4,4.242050647735596,4
d64h1L1,65728,1280,audio_16bit,1,7.035347938537598,4
d64h1L1,65728,1280,audio_16bit,2,6.858496189117432,4
d64h1L1,65728,1280,audio_16bit,3,6.797668218612671,4
d64h1L1,65728,1280,audio_16bit,4,6.7662224769592285,4
d64h1L1,65728,1280,speech_commands_pcm8,1,7.761147975921631,4
d64h1L1,65728,1280,speech_commands_pcm8,2,7.567019621531169,4
d64h1L1,65728,1280,speech_commands_pcm8,3,7.4455671310424805,4
d64h1L1,65728,1280,speech_commands_pcm8,4,7.35680627822876,4
d64h1L1,65728,1280,speech_commands_pcm8_8khz,1,7.759635090827942,4
d64h1L1,65728,1280,speech_commands_pcm8_8khz,2,7.539606173833211,4
d64h1L1,65728,1280,speech_commands_pcm8_8khz,3,7.40097713470459,4
d64h1L1,65728,1280,speech_commands_pcm8_8khz,4,7.299224376678467,4
d64h1L1,65728,1280,mutopia_melody_16th,1,7.940906882286072,4
d64h1L1,65728,1280,mutopia_melody_16th,2,7.893411159515381,4
d64h1L1,65728,1280,mutopia_melody_16th,3,7.875314831733704,4
d64h1L1,65728,1280,mutopia_melody_16th,4,7.8656325340271,4
d64h1L1,65728,1280,cifar10_rgb_planar,1,7.974094390869141,4
d64h1L1,65728,1280,cifar10_rgb_planar,2,7.912599325180054,4
d64h1L1,65728,1280,cifar10_rgb_planar,3,7.8904407024383545,4
d64h1L1,65728,1280,cifar10_rgb_planar,4,7.878267765045166,4
d64h1L1,65728,1280,cifar10_rgb_hwc,1,7.971197009086609,4
d64h1L1,65728,1280,cifar10_rgb_hwc,2,7.910741488138835,4
d64h1L1,65728,1280,cifar10_rgb_hwc,3,7.889504551887512,4
d64h1L1,65728,1280,cifar10_rgb_hwc,4,7.877962589263916,4
d64h1L1,65728,1280,kolmogorov_text,1,7.845570087432861,4
d64h1L1,65728,1280,kolmogorov_text,2,7.773179451624553,4
d64h1L1,65728,1280,kolmogorov_text,3,7.742352604866028,4
d64h1L1,65728,1280,kolmogorov_text,4,7.7244486808776855,4
d64h1L1,65728,1280,kolmogorov_dna,1,4.024759888648987,4
d64h1L1,65728,1280,kolmogorov_dna,2,3.5875995556513467,4
d64h1L1,65728,1280,kolmogorov_dna,3,3.409597158432007,4
d64h1L1,65728,1280,kolmogorov_dna,4,3.325608968734741,4
d64h1L1,65728,1280,metamath,1,7.753080368041992,4
d64h1L1,65728,1280,metamath,2,7.572097301483154,4
d64h1L1,65728,1280,metamath,3,7.465712666511536,4
d64h1L1,65728,1280,metamath,4,7.38584041595459,4
d64h1L1,65728,1280,aitdcc_a_protein,1,7.92751944065094,4
d64h1L1,65728,1280,aitdcc_a_protein,2,7.875504652659099,4
d64h1L1,65728,1280,aitdcc_a_protein,3,7.856103897094727,4
d64h1L1,65728,1280,aitdcc_a_protein,4,7.846409320831299,4
d64h1L1,65728,1280,aitdcc_b_c_source,1,7.91032612323761,4
d64h1L1,65728,1280,aitdcc_b_c_source,2,7.846742232640584,4
d64h1L1,65728,1280,aitdcc_b_c_source,3,7.819926619529724,4
d64h1L1,65728,1280,aitdcc_b_c_source,4,7.804444789886475,4
d64h1L1,65728,1280,aitdcc_d_glibc_rand,1,8.108055114746094,4
d64h1L1,65728,1280,aitdcc_d_glibc_rand,2,8.062178452809652,4
d64h1L1,65728,1280,aitdcc_d_glibc_rand,3,8.045595407485962,4
d64h1L1,65728,1280,aitdcc_d_glibc_rand,4,8.0366849899292,4
d64h1L1,65728,1280,aitdcc_e_atlas_float32,1,8.087741374969482,4
d64h1L1,65728,1280,aitdcc_e_atlas_float32,2,8.036147197087606,4
d64h1L1,65728,1280,aitdcc_e_atlas_float32,3,8.016966462135315,4
d64h1L1,65728,1280,aitdcc_e_atlas_float32,4,8.006540298461914,4
d64h1L1,65728,1280,aitdcc_g_astronomy,1,5.835267782211304,4
d64h1L1,65728,1280,aitdcc_g_astronomy,2,5.554671843846639,4
d64h1L1,65728,1280,aitdcc_g_astronomy,3,5.456464648246765,4
d64h1L1,65728,1280,aitdcc_g_astronomy,4,5.402361869812012,4
d64h1L1,65728,1280,llm_compression_python,1,7.409198641777039,4
d64h1L1,65728,1280,llm_compression_python,2,7.247719923655192,4
d64h1L1,65728,1280,llm_compression_python,3,7.166423320770264,4
d64h1L1,65728,1280,llm_compression_python,4,7.112283229827881,4
d64h1L1,65728,1280,llm_compression_cc,1,7.814779996871948,4
d64h1L1,65728,1280,llm_compression_cc,2,7.7333984375,4
d64h1L1,65728,1280,llm_compression_cc,3,7.6982667446136475,4
d64h1L1,65728,1280,llm_compression_cc,4,7.677525520324707,4
d64h1L1,65728,1280,llm_compression_arxiv_math,1,7.836721301078796,4
d64h1L1,65728,1280,llm_compression_arxiv_math,2,7.746698379516602,4
d64h1L1,65728,1280,llm_compression_arxiv_math,3,7.70802915096283,4
d64h1L1,65728,1280,llm_compression_arxiv_math,4,7.685365200042725,4
d64h1L1,65728,1280,esc50_pcm8,1,7.789847373962402,4
d64h1L1,65728,1280,esc50_pcm8,2,7.625550349553426,4
d64h1L1,65728,1280,esc50_pcm8,3,7.523581147193909,4
d64h1L1,65728,1280,esc50_pcm8,4,7.448768615722656,4
d64h1L1,65728,1280,esc50_pcm8_11khz,1,7.834401965141296,4
d64h1L1,65728,1280,esc50_pcm8_11khz,2,7.684691905975342,4
d64h1L1,65728,1280,esc50_pcm8_11khz,3,7.593839526176453,4
d64h1L1,65728,1280,esc50_pcm8_11khz,4,7.528079509735107,4
d64h1L1,65728,1280,musicnet_pcm8,1,7.845510482788086,4
d64h1L1,65728,1280,musicnet_pcm8,2,7.754670143127441,4
d64h1L1,65728,1280,musicnet_pcm8,3,7.705993175506592,4
d64h1L1,65728,1280,musicnet_pcm8,4,7.6733856201171875,4
d64h1L1,65728,1280,musicnet_pcm8_11khz,1,7.872694611549377,4
d64h1L1,65728,1280,musicnet_pcm8_11khz,2,7.750959952672322,4
d64h1L1,65728,1280,musicnet_pcm8_11khz,3,7.680450916290283,4
d64h1L1,65728,1280,musicnet_pcm8_11khz,4,7.63090181350708,4
d64h1L1,65728,1536,dclm,1,7.877192497253418,4
d64h1L1,65728,1536,dclm,2,7.774077574412028,4
d64h1L1,65728,1536,dclm,3,7.725107669830322,4
d64h1L1,65728,1536,dclm,4,7.693582534790039,4
d64h1L1,65728,1536,dclm_ranked,1,6.1634979248046875,4
d64h1L1,65728,1536,dclm_ranked,2,5.899673938751221,4
d64h1L1,65728,1536,dclm_ranked,3,5.803380370140076,4
d64h1L1,65728,1536,dclm_ranked,4,5.750831604003906,4
d64h1L1,65728,1536,dna,1,3.5449458360671997,4
d64h1L1,65728,1536,dna,2,3.211923917134603,4
d64h1L1,65728,1536,dna,3,3.097018301486969,4
d64h1L1,65728,1536,dna,4,3.0396275520324707,4
d64h1L1,65728,1536,arithmetic,1,8.10282588005066,4
d64h1L1,65728,1536,arithmetic,2,8.035730520884195,4
d64h1L1,65728,1536,arithmetic,3,8.007914304733276,4
d64h1L1,65728,1536,arithmetic,4,7.991683006286621,4
d64h1L1,65728,1536,audio_8bit,1,4.6218284368515015,4
d64h1L1,65728,1536,audio_8bit,2,4.326757033665975,4
d64h1L1,65728,1536,audio_8bit,3,4.207105875015259,4
d64h1L1,65728,1536,audio_8bit,4,4.134293079376221,4
d64h1L1,65728,1536,audio_16bit,1,6.938057899475098,4
d64h1L1,65728,1536,audio_16bit,2,6.796202580134074,4
d64h1L1,65728,1536,audio_16bit,3,6.7446770668029785,4
d64h1L1,65728,1536,audio_16bit,4,6.716781139373779,4
d64h1L1,65728,1536,speech_commands_pcm8,1,8.043829202651978,4
d64h1L1,65728,1536,speech_commands_pcm8,2,7.969057559967041,4
d64h1L1,65728,1536,speech_commands_pcm8,3,7.9338860511779785,4
d64h1L1,65728,1536,speech_commands_pcm8,4,7.911775588989258,4
d64h1L1,65728,1536,speech_commands_pcm8_8khz,1,8.071468472480774,4
d64h1L1,65728,1536,speech_commands_pcm8_8khz,2,7.999685764312744,4
d64h1L1,65728,1536,speech_commands_pcm8_8khz,3,7.966015815734863,4
d64h1L1,65728,1536,speech_commands_pcm8_8khz,4,7.944897651672363,4
d64h1L1,65728,1536,mutopia_melody_16th,1,8.199137091636658,4
d64h1L1,65728,1536,mutopia_melody_16th,2,8.119301160176596,4
d64h1L1,65728,1536,mutopia_melody_16th,3,8.08483362197876,4
d64h1L1,65728,1536,mutopia_melody_16th,4,8.064348220825195,4
d64h1L1,65728,1536,cifar10_rgb_planar,1,7.969744682312012,4
d64h1L1,65728,1536,cifar10_rgb_planar,2,7.900554021199544,4
d64h1L1,65728,1536,cifar10_rgb_planar,3,7.873339891433716,4
d64h1L1,65728,1536,cifar10_rgb_planar,4,7.858007907867432,4
d64h1L1,65728,1536,cifar10_rgb_hwc,1,7.972222924232483,4
d64h1L1,65728,1536,cifar10_rgb_hwc,2,7.905185222625732,4
d64h1L1,65728,1536,cifar10_rgb_hwc,3,7.879413723945618,4
d64h1L1,65728,1536,cifar10_rgb_hwc,4,7.865103721618652,4
d64h1L1,65728,1536,kolmogorov_text,1,7.929137706756592,4
d64h1L1,65728,1536,kolmogorov_text,2,7.851820945739746,4
d64h1L1,65728,1536,kolmogorov_text,3,7.8181235790252686,4
d64h1L1,65728,1536,kolmogorov_text,4,7.797760009765625,4
d64h1L1,65728,1536,kolmogorov_dna,1,3.6411683559417725,4
d64h1L1,65728,1536,kolmogorov_dna,2,3.331051468849182,4
d64h1L1,65728,1536,kolmogorov_dna,3,3.217213809490204,4
d64h1L1,65728,1536,kolmogorov_dna,4,3.1569461822509766,4
d64h1L1,65728,1536,metamath,1,7.7106815576553345,4
d64h1L1,65728,1536,metamath,2,7.466421206792195,4
d64h1L1,65728,1536,metamath,3,7.32828426361084,4
d64h1L1,65728,1536,metamath,4,7.224985599517822,4
d64h1L1,65728,1536,aitdcc_a_protein,1,7.839155554771423,4
d64h1L1,65728,1536,aitdcc_a_protein,2,7.769612232844035,4
d64h1L1,65728,1536,aitdcc_a_protein,3,7.73598051071167,4
d64h1L1,65728,1536,aitdcc_a_protein,4,7.714411735534668,4
d64h1L1,65728,1536,aitdcc_b_c_source,1,7.969168305397034,4
d64h1L1,65728,1536,aitdcc_b_c_source,2,7.894547462463379,4
d64h1L1,65728,1536,aitdcc_b_c_source,3,7.864934325218201,4
d64h1L1,65728,1536,aitdcc_b_c_source,4,7.84829044342041,4
d64h1L1,65728,1536,aitdcc_d_glibc_rand,1,8.12833833694458,4
d64h1L1,65728,1536,aitdcc_d_glibc_rand,2,8.074726104736328,4
d64h1L1,65728,1536,aitdcc_d_glibc_rand,3,8.054905652999878,4
d64h1L1,65728,1536,aitdcc_d_glibc_rand,4,8.044214248657227,4
d64h1L1,65728,1536,aitdcc_e_atlas_float32,1,8.026056289672852,4
d64h1L1,65728,1536,aitdcc_e_atlas_float32,2,7.96416449546814,4
d64h1L1,65728,1536,aitdcc_e_atlas_float32,3,7.941768527030945,4
d64h1L1,65728,1536,aitdcc_e_atlas_float32,4,7.929952144622803,4
d64h1L1,65728,1536,aitdcc_g_astronomy,1,5.665408611297607,4
d64h1L1,65728,1536,aitdcc_g_astronomy,2,5.427429914474487,4
d64h1L1,65728,1536,aitdcc_g_astronomy,3,5.337340354919434,4
d64h1L1,65728,1536,aitdcc_g_astronomy,4,5.285408973693848,4
d64h1L1,65728,1536,llm_compression_python,1,7.409701228141785,4
d64h1L1,65728,1536,llm_compression_python,2,7.18168576558431,4
d64h1L1,65728,1536,llm_compression_python,3,7.087798118591309,4
d64h1L1,65728,1536,llm_compression_python,4,7.034614086151123,4
d64h1L1,65728,1536,llm_compression_cc,1,7.907990574836731,4
d64h1L1,65728,1536,llm_compression_cc,2,7.814301172892253,4
d64h1L1,65728,1536,llm_compression_cc,3,7.770742893218994,4
d64h1L1,65728,1536,llm_compression_cc,4,7.743159770965576,4
d64h1L1,65728,1536,llm_compression_arxiv_math,1,7.908545613288879,4
d64h1L1,65728,1536,llm_compression_arxiv_math,2,7.811814149220784,4
d64h1L1,65728,1536,llm_compression_arxiv_math,3,7.769743919372559,4
d64h1L1,65728,1536,llm_compression_arxiv_math,4,7.7449116706848145,4
d64h1L1,65728,1536,esc50_pcm8,1,8.038180470466614,4
d64h1L1,65728,1536,esc50_pcm8,2,7.930199146270752,4
d64h1L1,65728,1536,esc50_pcm8,3,7.880375385284424,4
d64h1L1,65728,1536,esc50_pcm8,4,7.84907341003418,4
d64h1L1,65728,1536,esc50_pcm8_11khz,1,8.090962648391724,4
d64h1L1,65728,1536,esc50_pcm8_11khz,2,8.000590165456137,4
d64h1L1,65728,1536,esc50_pcm8_11khz,3,7.961216330528259,4
d64h1L1,65728,1536,esc50_pcm8_11khz,4,7.937445640563965,4
d64h1L1,65728,1536,musicnet_pcm8,1,7.885584354400635,4
d64h1L1,65728,1536,musicnet_pcm8,2,7.804671128590901,4
d64h1L1,65728,1536,musicnet_pcm8,3,7.7670570611953735,4
d64h1L1,65728,1536,musicnet_pcm8,4,7.74387788772583,4
d64h1L1,65728,1536,musicnet_pcm8_11khz,1,8.015415787696838,4
d64h1L1,65728,1536,musicnet_pcm8_11khz,2,7.946883916854858,4
d64h1L1,65728,1536,musicnet_pcm8_11khz,3,7.917187213897705,4
d64h1L1,65728,1536,musicnet_pcm8_11khz,4,7.899584770202637,4
d64h1L1,65728,1792,dclm,1,7.991036772727966,4
d64h1L1,65728,1792,dclm,2,7.86552627881368,4
d64h1L1,65728,1792,dclm,3,7.813737511634827,4
d64h1L1,65728,1792,dclm,4,7.782812118530273,4
d64h1L1,65728,1792,dclm_ranked,1,6.214716553688049,4
d64h1L1,65728,1792,dclm_ranked,2,5.934837023417155,4
d64h1L1,65728,1792,dclm_ranked,3,5.822282195091248,4
d64h1L1,65728,1792,dclm_ranked,4,5.760130405426025,4
d64h1L1,65728,1792,dna,1,3.678471028804779,4
d64h1L1,65728,1792,dna,2,3.239328463872274,4
d64h1L1,65728,1792,dna,3,3.08709979057312,4
d64h1L1,65728,1792,dna,4,3.0080175399780273,4
d64h1L1,65728,1792,arithmetic,1,8.119297504425049,4
d64h1L1,65728,1792,arithmetic,2,8.054541746775309,4
d64h1L1,65728,1792,arithmetic,3,8.029742002487183,4
d64h1L1,65728,1792,arithmetic,4,8.015792846679688,4
d64h1L1,65728,1792,audio_8bit,1,4.761465787887573,4
d64h1L1,65728,1792,audio_8bit,2,4.376205841700236,4
d64h1L1,65728,1792,audio_8bit,3,4.248592257499695,4
d64h1L1,65728,1792,audio_8bit,4,4.177302360534668,4
d64h1L1,65728,1792,audio_16bit,1,7.022459506988525,4
d64h1L1,65728,1792,audio_16bit,2,6.82026219367981,4
d64h1L1,65728,1792,audio_16bit,3,6.75105619430542,4
d64h1L1,65728,1792,audio_16bit,4,6.714747428894043,4
d64h1L1,65728,1792,speech_commands_pcm8,1,7.9954880475997925,4
d64h1L1,65728,1792,speech_commands_pcm8,2,7.94275705019633,4
d64h1L1,65728,1792,speech_commands_pcm8,3,7.918950915336609,4
d64h1L1,65728,1792,speech_commands_pcm8,4,7.904028415679932,4
d64h1L1,65728,1792,speech_commands_pcm8_8khz,1,8.01714837551117,4
d64h1L1,65728,1792,speech_commands_pcm8_8khz,2,7.966418107350667,4
d64h1L1,65728,1792,speech_commands_pcm8_8khz,3,7.944820880889893,4
d64h1L1,65728,1792,speech_commands_pcm8_8khz,4,7.931793689727783,4
d64h1L1,65728,1792,mutopia_melody_16th,1,8.095916628837585,4
d64h1L1,65728,1792,mutopia_melody_16th,2,8.049331347147623,4
d64h1L1,65728,1792,mutopia_melody_16th,3,8.030550718307495,4
d64h1L1,65728,1792,mutopia_melody_16th,4,8.019841194152832,4
d64h1L1,65728,1792,cifar10_rgb_planar,1,7.977882981300354,4
d64h1L1,65728,1792,cifar10_rgb_planar,2,7.905423879623413,4
d64h1L1,65728,1792,cifar10_rgb_planar,3,7.878046274185181,4
d64h1L1,65728,1792,cifar10_rgb_planar,4,7.863025665283203,4
d64h1L1,65728,1792,cifar10_rgb_hwc,1,7.9823256731033325,4
d64h1L1,65728,1792,cifar10_rgb_hwc,2,7.9108626047770185,4
d64h1L1,65728,1792,cifar10_rgb_hwc,3,7.884618043899536,4
d64h1L1,65728,1792,cifar10_rgb_hwc,4,7.870418548583984,4
d64h1L1,65728,1792,kolmogorov_text,1,7.99137282371521,4
d64h1L1,65728,1792,kolmogorov_text,2,7.880853652954102,4
d64h1L1,65728,1792,kolmogorov_text,3,7.8342835903167725,4
d64h1L1,65728,1792,kolmogorov_text,4,7.806934356689453,4
d64h1L1,65728,1792,kolmogorov_dna,1,4.102987229824066,4
d64h1L1,65728,1792,kolmogorov_dna,2,3.552017410596212,4
d64h1L1,65728,1792,kolmogorov_dna,3,3.390099883079529,4
d64h1L1,65728,1792,kolmogorov_dna,4,3.305091381072998,4
d64h1L1,65728,1792,metamath,1,8.096697568893433,4
d64h1L1,65728,1792,metamath,2,7.886248826980591,4
d64h1L1,65728,1792,metamath,3,7.808042287826538,4
d64h1L1,65728,1792,metamath,4,7.759024620056152,4
d64h1L1,65728,1792,aitdcc_a_protein,1,8.011609196662903,4
d64h1L1,65728,1792,aitdcc_a_protein,2,7.952933073043823,4
d64h1L1,65728,1792,aitdcc_a_protein,3,7.928368806838989,4
d64h1L1,65728,1792,aitdcc_a_protein,4,7.914621829986572,4
d64h1L1,65728,1792,aitdcc_b_c_source,1,8.018824458122253,4
d64h1L1,65728,1792,aitdcc_b_c_source,2,7.921191851298015,4
d64h1L1,65728,1792,aitdcc_b_c_source,3,7.8813982009887695,4
d64h1L1,65728,1792,aitdcc_b_c_source,4,7.858541488647461,4
d64h1L1,65728,1792,aitdcc_d_glibc_rand,1,8.14110255241394,4
d64h1L1,65728,1792,aitdcc_d_glibc_rand,2,8.083377202351889,4
d64h1L1,65728,1792,aitdcc_d_glibc_rand,3,8.062961339950562,4
d64h1L1,65728,1792,aitdcc_d_glibc_rand,4,8.052301406860352,4
d64h1L1,65728,1792,aitdcc_e_atlas_float32,1,8.199232816696167,4
d64h1L1,65728,1792,aitdcc_e_atlas_float32,2,8.142788569132486,4
d64h1L1,65728,1792,aitdcc_e_atlas_float32,3,8.122966527938843,4
d64h1L1,65728,1792,aitdcc_e_atlas_float32,4,8.11262321472168,4
d64h1L1,65728,1792,aitdcc_g_astronomy,1,6.114132046699524,4
d64h1L1,65728,1792,aitdcc_g_astronomy,2,5.901232481002808,4
d64h1L1,65728,1792,aitdcc_g_astronomy,3,5.815929055213928,4
d64h1L1,65728,1792,aitdcc_g_astronomy,4,5.765292644500732,4
d64h1L1,65728,1792,llm_compression_python,1,7.523961186408997,4
d64h1L1,65728,1792,llm_compression_python,2,7.330407381057739,4
d64h1L1,65728,1792,llm_compression_python,3,7.256816387176514,4
d64h1L1,65728,1792,llm_compression_python,4,7.216005325317383,4
d64h1L1,65728,1792,llm_compression_cc,1,8.00085186958313,4
d64h1L1,65728,1792,llm_compression_cc,2,7.8813057740529375,4
d64h1L1,65728,1792,llm_compression_cc,3,7.831222653388977,4
d64h1L1,65728,1792,llm_compression_cc,4,7.801388740539551,4
d64h1L1,65728,1792,llm_compression_arxiv_math,1,7.963218331336975,4
d64h1L1,65728,1792,llm_compression_arxiv_math,2,7.8451418081919355,4
d64h1L1,65728,1792,llm_compression_arxiv_math,3,7.7962223291397095,4
d64h1L1,65728,1792,llm_compression_arxiv_math,4,7.768038272857666,4
d64h1L1,65728,1792,esc50_pcm8,1,7.962569713592529,4
d64h1L1,65728,1792,esc50_pcm8,2,7.895686149597168,4
d64h1L1,65728,1792,esc50_pcm8,3,7.863274812698364,4
d64h1L1,65728,1792,esc50_pcm8,4,7.84188175201416,4
d64h1L1,65728,1792,esc50_pcm8_11khz,1,8.024019598960876,4
d64h1L1,65728,1792,esc50_pcm8_11khz,2,7.970679759979248,4
d64h1L1,65728,1792,esc50_pcm8_11khz,3,7.947179079055786,4
d64h1L1,65728,1792,esc50_pcm8_11khz,4,7.93259334564209,4
d64h1L1,65728,1792,musicnet_pcm8,1,7.895887613296509,4
d64h1L1,65728,1792,musicnet_pcm8,2,7.813174486160278,4
d64h1L1,65728,1792,musicnet_pcm8,3,7.767290830612183,4
d64h1L1,65728,1792,musicnet_pcm8,4,7.7341790199279785,4
d64h1L1,65728,1792,musicnet_pcm8_11khz,1,8.017483830451965,4
d64h1L1,65728,1792,musicnet_pcm8_11khz,2,7.9625279903411865,4
d64h1L1,65728,1792,musicnet_pcm8_11khz,3,7.936912536621094,4
d64h1L1,65728,1792,musicnet_pcm8_11khz,4,7.920273780822754,4
d64h1L1,65728,2048,dclm,1,7.830323100090027,4
d64h1L1,65728,2048,dclm,2,7.6579569180806475,4
d64h1L1,65728,2048,dclm,3,7.579703688621521,4
d64h1L1,65728,2048,dclm,4,7.532225608825684,4
d64h1L1,65728,2048,dclm_ranked,1,6.41926646232605,4
d64h1L1,65728,2048,dclm_ranked,2,6.001208941141765,4
d64h1L1,65728,2048,dclm_ranked,3,5.849541187286377,4
d64h1L1,65728,2048,dclm_ranked,4,5.767129421234131,4
d64h1L1,65728,2048,dna,1,3.58433598279953,4
d64h1L1,65728,2048,dna,2,3.1706589460372925,4
d64h1L1,65728,2048,dna,3,3.0347886085510254,4
d64h1L1,65728,2048,dna,4,2.9680209159851074,4
d64h1L1,65728,2048,arithmetic,1,8.099318504333496,4
d64h1L1,65728,2048,arithmetic,2,8.040101210276285,4
d64h1L1,65728,2048,arithmetic,3,8.017250537872314,4
d64h1L1,65728,2048,arithmetic,4,8.003815650939941,4
d64h1L1,65728,2048,audio_8bit,1,4.639456868171692,4
d64h1L1,65728,2048,audio_8bit,2,4.258220195770264,4
d64h1L1,65728,2048,audio_8bit,3,4.109298825263977,4
d64h1L1,65728,2048,audio_8bit,4,4.032532691955566,4
d64h1L1,65728,2048,audio_16bit,1,6.9390846490859985,4
d64h1L1,65728,2048,audio_16bit,2,6.793909629185994,4
d64h1L1,65728,2048,audio_16bit,3,6.747346997261047,4
d64h1L1,65728,2048,audio_16bit,4,6.723581314086914,4
d64h1L1,65728,2048,speech_commands_pcm8,1,7.183830499649048,4
d64h1L1,65728,2048,speech_commands_pcm8,2,6.777131795883179,4
d64h1L1,65728,2048,speech_commands_pcm8,3,6.477722644805908,4
d64h1L1,65728,2048,speech_commands_pcm8,4,6.23149299621582,4
d64h1L1,65728,2048,speech_commands_pcm8_8khz,1,7.176481246948242,4
d64h1L1,65728,2048,speech_commands_pcm8_8khz,2,6.764459292093913,4
d64h1L1,65728,2048,speech_commands_pcm8_8khz,3,6.461603879928589,4
d64h1L1,65728,2048,speech_commands_pcm8_8khz,4,6.212900161743164,4
d64h1L1,65728,2048,mutopia_melody_16th,1,7.322238206863403,4
d64h1L1,65728,2048,mutopia_melody_16th,2,6.705133438110352,4
d64h1L1,65728,2048,mutopia_melody_16th,3,6.318270802497864,4
d64h1L1,65728,2048,mutopia_melody_16th,4,6.007396697998047,4
d64h1L1,65728,2048,cifar10_rgb_planar,1,7.923163414001465,4
d64h1L1,65728,2048,cifar10_rgb_planar,2,7.8537681102752686,4
d64h1L1,65728,2048,cifar10_rgb_planar,3,7.826222777366638,4
d64h1L1,65728,2048,cifar10_rgb_planar,4,7.8104047775268555,4
d64h1L1,65728,2048,cifar10_rgb_hwc,1,7.93892765045166,4
d64h1L1,65728,2048,cifar10_rgb_hwc,2,7.872819423675537,4
d64h1L1,65728,2048,cifar10_rgb_hwc,3,7.8473289012908936,4
d64h1L1,65728,2048,cifar10_rgb_hwc,4,7.832942962646484,4
d64h1L1,65728,2048,kolmogorov_text,1,7.850894927978516,4
d64h1L1,65728,2048,kolmogorov_text,2,7.7059909502665205,4
d64h1L1,65728,2048,kolmogorov_text,3,7.6419408321380615,4
d64h1L1,65728,2048,kolmogorov_text,4,7.6039934158325195,4
d64h1L1,65728,2048,kolmogorov_dna,1,3.7492916584014893,4
d64h1L1,65728,2048,kolmogorov_dna,2,3.3992974758148193,4
d64h1L1,65728,2048,kolmogorov_dna,3,3.2733036279678345,4
d64h1L1,65728,2048,kolmogorov_dna,4,3.2072324752807617,4
d64h1L1,65728,2048,metamath,1,7.713456511497498,4
d64h1L1,65728,2048,metamath,2,7.50484824180603,4
d64h1L1,65728,2048,metamath,3,7.406113624572754,4
d64h1L1,65728,2048,metamath,4,7.345375061035156,4
d64h1L1,65728,2048,aitdcc_a_protein,1,7.931103229522705,4
d64h1L1,65728,2048,aitdcc_a_protein,2,7.8779380321502686,4
d64h1L1,65728,2048,aitdcc_a_protein,3,7.857198238372803,4
d64h1L1,65728,2048,aitdcc_a_protein,4,7.846162796020508,4
d64h1L1,65728,2048,aitdcc_b_c_source,1,7.921159625053406,4
d64h1L1,65728,2048,aitdcc_b_c_source,2,7.795835574467977,4
d64h1L1,65728,2048,aitdcc_b_c_source,3,7.7431570291519165,4
d64h1L1,65728,2048,aitdcc_b_c_source,4,7.711224555969238,4
d64h1L1,65728,2048,aitdcc_d_glibc_rand,1,8.131014108657837,4
d64h1L1,65728,2048,aitdcc_d_glibc_rand,2,8.08138370513916,4
d64h1L1,65728,2048,aitdcc_d_glibc_rand,3,8.064601182937622,4
d64h1L1,65728,2048,aitdcc_d_glibc_rand,4,8.055768013000488,4
d64h1L1,65728,2048,aitdcc_e_atlas_float32,1,8.151840925216675,4
d64h1L1,65728,2048,aitdcc_e_atlas_float32,2,8.086604913075766,4
d64h1L1,65728,2048,aitdcc_e_atlas_float32,3,8.064713954925537,4
d64h1L1,65728,2048,aitdcc_e_atlas_float32,4,8.053092956542969,4
d64h1L1,65728,2048,aitdcc_g_astronomy,1,6.611994028091431,4
d64h1L1,65728,2048,aitdcc_g_astronomy,2,6.131671031316121,4
d64h1L1,65728,2048,aitdcc_g_astronomy,3,5.970582365989685,4
d64h1L1,65728,2048,aitdcc_g_astronomy,4,5.889060974121094,4
d64h1L1,65728,2048,llm_compression_python,1,7.174604535102844,4
d64h1L1,65728,2048,llm_compression_python,2,6.954391400019328,4
d64h1L1,65728,2048,llm_compression_python,3,6.864168047904968,4
d64h1L1,65728,2048,llm_compression_python,4,6.810110569000244,4
d64h1L1,65728,2048,llm_compression_cc,1,7.84855592250824,4
d64h1L1,65728,2048,llm_compression_cc,2,7.684063355127971,4
d64h1L1,65728,2048,llm_compression_cc,3,7.609815001487732,4
d64h1L1,65728,2048,llm_compression_cc,4,7.565150260925293,4
d64h1L1,65728,2048,llm_compression_arxiv_math,1,7.83253800868988,4
d64h1L1,65728,2048,llm_compression_arxiv_math,2,7.6985682646433515,4
d64h1L1,65728,2048,llm_compression_arxiv_math,3,7.641539573669434,4
d64h1L1,65728,2048,llm_compression_arxiv_math,4,7.608681678771973,4
d64h1L1,65728,2048,esc50_pcm8,1,7.185543179512024,4
d64h1L1,65728,2048,esc50_pcm8,2,6.7740310827891035,4
d64h1L1,65728,2048,esc50_pcm8,3,6.477173089981079,4
d64h1L1,65728,2048,esc50_pcm8,4,6.2369184494018555,4
d64h1L1,65728,2048,esc50_pcm8_11khz,1,7.311738610267639,4
d64h1L1,65728,2048,esc50_pcm8_11khz,2,6.941028515497844,4
d64h1L1,65728,2048,esc50_pcm8_11khz,3,6.674017310142517,4
d64h1L1,65728,2048,esc50_pcm8_11khz,4,6.45749044418335,4
d64h1L1,65728,2048,musicnet_pcm8,1,7.633700489997864,4
d64h1L1,65728,2048,musicnet_pcm8,2,7.49321707089742,4
d64h1L1,65728,2048,musicnet_pcm8,3,7.408047795295715,4
d64h1L1,65728,2048,musicnet_pcm8,4,7.344162940979004,4
d64h1L1,65728,2048,musicnet_pcm8_11khz,1,7.613789916038513,4
d64h1L1,65728,2048,musicnet_pcm8_11khz,2,7.410391887029012,4
d64h1L1,65728,2048,musicnet_pcm8_11khz,3,7.272103190422058,4
d64h1L1,65728,2048,musicnet_pcm8_11khz,4,7.16178560256958,4
d64h1L1,65728,2304,dclm,1,7.914823055267334,4
d64h1L1,65728,2304,dclm,2,7.819950819015503,4
d64h1L1,65728,2304,dclm,3,7.780032634735107,4
d64h1L1,65728,2304,dclm,4,7.755538463592529,4
d64h1L1,65728,2304,dclm_ranked,1,6.237545490264893,4
d64h1L1,65728,2304,dclm_ranked,2,5.97523832321167,4
d64h1L1,65728,2304,dclm_ranked,3,5.893008828163147,4
d64h1L1,65728,2304,dclm_ranked,4,5.850476264953613,4
d64h1L1,65728,2304,dna,1,3.651888132095337,4
d64h1L1,65728,2304,dna,2,3.3047966162363687,4
d64h1L1,65728,2304,dna,3,3.205817401409149,4
d64h1L1,65728,2304,dna,4,3.15518856048584,4
d64h1L1,65728,2304,arithmetic,1,8.142406463623047,4
d64h1L1,65728,2304,arithmetic,2,8.076210021972656,4
d64h1L1,65728,2304,arithmetic,3,8.051424503326416,4
d64h1L1,65728,2304,arithmetic,4,8.037494659423828,4
d64h1L1,65728,2304,audio_8bit,1,4.63774299621582,4
d64h1L1,65728,2304,audio_8bit,2,4.233982006708781,4
d64h1L1,65728,2304,audio_8bit,3,4.12125301361084,4
d64h1L1,65728,2304,audio_8bit,4,4.064791202545166,4
d64h1L1,65728,2304,audio_16bit,1,6.93548309803009,4
d64h1L1,65728,2304,audio_16bit,2,6.801507552464803,4
d64h1L1,65728,2304,audio_16bit,3,6.756795644760132,4
d64h1L1,65728,2304,audio_16bit,4,6.733832836151123,4
d64h1L1,65728,2304,speech_commands_pcm8,1,7.739904284477234,4
d64h1L1,65728,2304,speech_commands_pcm8,2,7.613317966461182,4
d64h1L1,65728,2304,speech_commands_pcm8,3,7.551167249679565,4
d64h1L1,65728,2304,speech_commands_pcm8,4,7.513783931732178,4
d64h1L1,65728,2304,speech_commands_pcm8_8khz,1,7.772355556488037,4
d64h1L1,65728,2304,speech_commands_pcm8_8khz,2,7.652009089787801,4
d64h1L1,65728,2304,speech_commands_pcm8_8khz,3,7.593646049499512,4
d64h1L1,65728,2304,speech_commands_pcm8_8khz,4,7.55877161026001,4
d64h1L1,65728,2304,mutopia_melody_16th,1,7.915749430656433,4
d64h1L1,65728,2304,mutopia_melody_16th,2,7.780039151509603,4
d64h1L1,65728,2304,mutopia_melody_16th,3,7.718226194381714,4
d64h1L1,65728,2304,mutopia_melody_16th,4,7.682518005371094,4
d64h1L1,65728,2304,cifar10_rgb_planar,1,7.958582282066345,4
d64h1L1,65728,2304,cifar10_rgb_planar,2,7.886812925338745,4
d64h1L1,65728,2304,cifar10_rgb_planar,3,7.857617974281311,4
d64h1L1,65728,2304,cifar10_rgb_planar,4,7.840470790863037,4
d64h1L1,65728,2304,cifar10_rgb_hwc,1,7.974639534950256,4
d64h1L1,65728,2304,cifar10_rgb_hwc,2,7.906149546305339,4
d64h1L1,65728,2304,cifar10_rgb_hwc,3,7.878921747207642,4
d64h1L1,65728,2304,cifar10_rgb_hwc,4,7.863175392150879,4
d64h1L1,65728,2304,kolmogorov_text,1,7.925785779953003,4
d64h1L1,65728,2304,kolmogorov_text,2,7.836267471313477,4
d64h1L1,65728,2304,kolmogorov_text,3,7.799162745475769,4
d64h1L1,65728,2304,kolmogorov_text,4,7.776571273803711,4
d64h1L1,65728,2304,kolmogorov_dna,1,3.9979761242866516,4
d64h1L1,65728,2304,kolmogorov_dna,2,3.664016008377075,4
d64h1L1,65728,2304,kolmogorov_dna,3,3.5491989254951477,4
d64h1L1,65728,2304,kolmogorov_dna,4,3.4881680011749268,4
d64h1L1,65728,2304,metamath,1,7.838199853897095,4
d64h1L1,65728,2304,metamath,2,7.671855370203654,4
d64h1L1,65728,2304,metamath,3,7.600616693496704,4
d64h1L1,65728,2304,metamath,4,7.558340072631836,4
d64h1L1,65728,2304,aitdcc_a_protein,1,7.999860167503357,4
d64h1L1,65728,2304,aitdcc_a_protein,2,7.927446047465007,4
d64h1L1,65728,2304,aitdcc_a_protein,3,7.899509787559509,4
d64h1L1,65728,2304,aitdcc_a_protein,4,7.884105205535889,4
d64h1L1,65728,2304,aitdcc_b_c_source,1,7.989236950874329,4
d64h1L1,65728,2304,aitdcc_b_c_source,2,7.893996636072795,4
d64h1L1,65728,2304,aitdcc_b_c_source,3,7.851503968238831,4
d64h1L1,65728,2304,aitdcc_b_c_source,4,7.824311256408691,4
d64h1L1,65728,2304,aitdcc_d_glibc_rand,1,8.161609649658203,4
d64h1L1,65728,2304,aitdcc_d_glibc_rand,2,8.102563540140787,4
d64h1L1,65728,2304,aitdcc_d_glibc_rand,3,8.081905841827393,4
d64h1L1,65728,2304,aitdcc_d_glibc_rand,4,8.07083511352539,4
d64h1L1,65728,2304,aitdcc_e_atlas_float32,1,8.155179977416992,4
d64h1L1,65728,2304,aitdcc_e_atlas_float32,2,8.075388749440512,4
d64h1L1,65728,2304,aitdcc_e_atlas_float32,3,8.043144464492798,4
d64h1L1,65728,2304,aitdcc_e_atlas_float32,4,8.024383544921875,4
d64h1L1,65728,2304,aitdcc_g_astronomy,1,6.581115245819092,4
d64h1L1,65728,2304,aitdcc_g_astronomy,2,6.321021954218547,4
d64h1L1,65728,2304,aitdcc_g_astronomy,3,6.250314474105835,4
d64h1L1,65728,2304,aitdcc_g_astronomy,4,6.216421604156494,4
d64h1L1,65728,2304,llm_compression_python,1,7.278450846672058,4
d64h1L1,65728,2304,llm_compression_python,2,7.096934636433919,4
d64h1L1,65728,2304,llm_compression_python,3,7.040389776229858,4
d64h1L1,65728,2304,llm_compression_python,4,7.007844924926758,4
d64h1L1,65728,2304,llm_compression_cc,1,7.936690807342529,4
d64h1L1,65728,2304,llm_compression_cc,2,7.847820281982422,4
d64h1L1,65728,2304,llm_compression_cc,3,7.810921669006348,4
d64h1L1,65728,2304,llm_compression_cc,4,7.7885870933532715,4
d64h1L1,65728,2304,llm_compression_arxiv_math,1,7.928597807884216,4
d64h1L1,65728,2304,llm_compression_arxiv_math,2,7.828346570332845,4
d64h1L1,65728,2304,llm_compression_arxiv_math,3,7.787672400474548,4
d64h1L1,65728,2304,llm_compression_arxiv_math,4,7.763534069061279,4
d64h1L1,65728,2304,esc50_pcm8,1,7.687395691871643,4
d64h1L1,65728,2304,esc50_pcm8,2,7.534917593002319,4
d64h1L1,65728,2304,esc50_pcm8,3,7.458163499832153,4
d64h1L1,65728,2304,esc50_pcm8,4,7.41118860244751,4
d64h1L1,65728,2304,esc50_pcm8_11khz,1,7.786157965660095,4
d64h1L1,65728,2304,esc50_pcm8_11khz,2,7.657190561294556,4
d64h1L1,65728,2304,esc50_pcm8_11khz,3,7.593515872955322,4
d64h1L1,65728,2304,esc50_pcm8_11khz,4,7.554943084716797,4
d64h1L1,65728,2304,musicnet_pcm8,1,7.723231315612793,4
d64h1L1,65728,2304,musicnet_pcm8,2,7.6203413009643555,4
d64h1L1,65728,2304,musicnet_pcm8,3,7.569239377975464,4
d64h1L1,65728,2304,musicnet_pcm8,4,7.53800630569458,4
d64h1L1,65728,2304,musicnet_pcm8_11khz,1,7.853140830993652,4
d64h1L1,65728,2304,musicnet_pcm8_11khz,2,7.7659839789072675,4
d64h1L1,65728,2304,musicnet_pcm8_11khz,3,7.724559664726257,4
d64h1L1,65728,2304,musicnet_pcm8_11khz,4,7.699984550476074,4
d64h1L1,65728,2560,dclm,1,8.06316876411438,4
d64h1L1,65728,2560,dclm,2,7.901489655176799,4
d64h1L1,65728,2560,dclm,3,7.824939727783203,4
d64h1L1,65728,2560,dclm,4,7.77642822265625,4
d64h1L1,65728,2560,dclm_ranked,1,6.430645942687988,4
d64h1L1,65728,2560,dclm_ranked,2,6.07646369934082,4
d64h1L1,65728,2560,dclm_ranked,3,5.934782147407532,4
d64h1L1,65728,2560,dclm_ranked,4,5.855677604675293,4
d64h1L1,65728,2560,dna,1,3.8197105526924133,4
d64h1L1,65728,2560,dna,2,3.3408196369806924,4
d64h1L1,65728,2560,dna,3,3.158717632293701,4
d64h1L1,65728,2560,dna,4,3.0634169578552246,4
d64h1L1,65728,2560,arithmetic,1,8.135920286178589,4
d64h1L1,65728,2560,arithmetic,2,8.06548515955607,4
d64h1L1,65728,2560,arithmetic,3,8.038445472717285,4
d64h1L1,65728,2560,arithmetic,4,8.023143768310547,4
d64h1L1,65728,2560,audio_8bit,1,4.535681486129761,4
d64h1L1,65728,2560,audio_8bit,2,4.167138735453288,4
d64h1L1,65728,2560,audio_8bit,3,4.044728994369507,4
d64h1L1,65728,2560,audio_8bit,4,3.9824159145355225,4
d64h1L1,65728,2560,audio_16bit,1,6.909171462059021,4
d64h1L1,65728,2560,audio_16bit,2,6.731518586476644,4
d64h1L1,65728,2560,audio_16bit,3,6.669597148895264,4
d64h1L1,65728,2560,audio_16bit,4,6.637627601623535,4
d64h1L1,65728,2560,speech_commands_pcm8,1,7.503282785415649,4
d64h1L1,65728,2560,speech_commands_pcm8,2,7.261137088139852,4
d64h1L1,65728,2560,speech_commands_pcm8,3,7.109684228897095,4
d64h1L1,65728,2560,speech_commands_pcm8,4,6.99915885925293,4
d64h1L1,65728,2560,speech_commands_pcm8_8khz,1,7.555497646331787,4
d64h1L1,65728,2560,speech_commands_pcm8_8khz,2,7.321846644083659,4
d64h1L1,65728,2560,speech_commands_pcm8_8khz,3,7.17608904838562,4
d64h1L1,65728,2560,speech_commands_pcm8_8khz,4,7.069120407104492,4
d64h1L1,65728,2560,mutopia_melody_16th,1,7.410288333892822,4
d64h1L1,65728,2560,mutopia_melody_16th,2,7.044440587361653,4
d64h1L1,65728,2560,mutopia_melody_16th,3,6.811206340789795,4
d64h1L1,65728,2560,mutopia_melody_16th,4,6.6417670249938965,4
d64h1L1,65728,2560,cifar10_rgb_planar,1,7.925441861152649,4
d64h1L1,65728,2560,cifar10_rgb_planar,2,7.84364914894104,4
d64h1L1,65728,2560,cifar10_rgb_planar,3,7.8103108406066895,4
d64h1L1,65728,2560,cifar10_rgb_planar,4,7.791059494018555,4
d64h1L1,65728,2560,cifar10_rgb_hwc,1,7.945649981498718,4
d64h1L1,65728,2560,cifar10_rgb_hwc,2,7.868344624837239,4
d64h1L1,65728,2560,cifar10_rgb_hwc,3,7.837780594825745,4
d64h1L1,65728,2560,cifar10_rgb_hwc,4,7.820461750030518,4
d64h1L1,65728,2560,kolmogorov_text,1,8.055158257484436,4
d64h1L1,65728,2560,kolmogorov_text,2,7.921675284703572,4
d64h1L1,65728,2560,kolmogorov_text,3,7.86006772518158,4
d64h1L1,65728,2560,kolmogorov_text,4,7.821605682373047,4
d64h1L1,65728,2560,kolmogorov_dna,1,4.128708362579346,4
d64h1L1,65728,2560,kolmogorov_dna,2,3.6462575594584146,4
d64h1L1,65728,2560,kolmogorov_dna,3,3.446734666824341,4
d64h1L1,65728,2560,kolmogorov_dna,4,3.3312289714813232,4
d64h1L1,65728,2560,metamath,1,7.9915817975997925,4
d64h1L1,65728,2560,metamath,2,7.761316378911336,4
d64h1L1,65728,2560,metamath,3,7.637713551521301,4
d64h1L1,65728,2560,metamath,4,7.551599979400635,4
d64h1L1,65728,2560,aitdcc_a_protein,1,7.850741267204285,4
d64h1L1,65728,2560,aitdcc_a_protein,2,7.6730499267578125,4
d64h1L1,65728,2560,aitdcc_a_protein,3,7.584580063819885,4
d64h1L1,65728,2560,aitdcc_a_protein,4,7.524345397949219,4
d64h1L1,65728,2560,aitdcc_b_c_source,1,8.074145674705505,4
d64h1L1,65728,2560,aitdcc_b_c_source,2,7.950155417124431,4
d64h1L1,65728,2560,aitdcc_b_c_source,3,7.895823359489441,4
d64h1L1,65728,2560,aitdcc_b_c_source,4,7.8629655838012695,4
d64h1L1,65728,2560,aitdcc_d_glibc_rand,1,8.159245491027832,4
d64h1L1,65728,2560,aitdcc_d_glibc_rand,2,8.098982810974121,4
d64h1L1,65728,2560,aitdcc_d_glibc_rand,3,8.076987504959106,4
d64h1L1,65728,2560,aitdcc_d_glibc_rand,4,8.065149307250977,4
d64h1L1,65728,2560,aitdcc_e_atlas_float32,1,8.124545216560364,4
d64h1L1,65728,2560,aitdcc_e_atlas_float32,2,8.037338256835938,4
d64h1L1,65728,2560,aitdcc_e_atlas_float32,3,8.001291513442993,4
d64h1L1,65728,2560,aitdcc_e_atlas_float32,4,7.980288505554199,4
d64h1L1,65728,2560,aitdcc_g_astronomy,1,6.48842990398407,4
d64h1L1,65728,2560,aitdcc_g_astronomy,2,6.184556881586711,4
d64h1L1,65728,2560,aitdcc_g_astronomy,3,6.083734393119812,4
d64h1L1,65728,2560,aitdcc_g_astronomy,4,6.0396599769592285,4
d64h1L1,65728,2560,llm_compression_python,1,7.637147784233093,4
d64h1L1,65728,2560,llm_compression_python,2,7.389151016871135,4
d64h1L1,65728,2560,llm_compression_python,3,7.279482841491699,4
d64h1L1,65728,2560,llm_compression_python,4,7.213755130767822,4
d64h1L1,65728,2560,llm_compression_cc,1,8.082350254058838,4
d64h1L1,65728,2560,llm_compression_cc,2,7.932334502538045,4
d64h1L1,65728,2560,llm_compression_cc,3,7.862294316291809,4
d64h1L1,65728,2560,llm_compression_cc,4,7.818180561065674,4
d64h1L1,65728,2560,llm_compression_arxiv_math,1,8.060659766197205,4
d64h1L1,65728,2560,llm_compression_arxiv_math,2,7.930217266082764,4
d64h1L1,65728,2560,llm_compression_arxiv_math,3,7.872296214103699,4
d64h1L1,65728,2560,llm_compression_arxiv_math,4,7.837335586547852,4
d64h1L1,65728,2560,esc50_pcm8,1,7.375186204910278,4
d64h1L1,65728,2560,esc50_pcm8,2,7.083301862080892,4
d64h1L1,65728,2560,esc50_pcm8,3,6.900142550468445,4
d64h1L1,65728,2560,esc50_pcm8,4,6.768033981323242,4
d64h1L1,65728,2560,esc50_pcm8_11khz,1,7.533074617385864,4
d64h1L1,65728,2560,esc50_pcm8_11khz,2,7.288486321767171,4
d64h1L1,65728,2560,esc50_pcm8_11khz,3,7.136646628379822,4
d64h1L1,65728,2560,esc50_pcm8_11khz,4,7.0274786949157715,4
d64h1L1,65728,2560,musicnet_pcm8,1,7.593185067176819,4
d64h1L1,65728,2560,musicnet_pcm8,2,7.4280335903167725,4
d64h1L1,65728,2560,musicnet_pcm8,3,7.336795449256897,4
d64h1L1,65728,2560,musicnet_pcm8,4,7.275757789611816,4
d64h1L1,65728,2560,musicnet_pcm8_11khz,1,7.747367978096008,4
d64h1L1,65728,2560,musicnet_pcm8_11khz,2,7.60379417737325,4
d64h1L1,65728,2560,musicnet_pcm8_11khz,3,7.5214903354644775,4
d64h1L1,65728,2560,musicnet_pcm8_11khz,4,7.464278697967529,4
d64h1L1,65728,2816,dclm,1,7.859142899513245,4
d64h1L1,65728,2816,dclm,2,7.716170787811279,4
d64h1L1,65728,2816,dclm,3,7.655428171157837,4
d64h1L1,65728,2816,dclm,4,7.618917942047119,4
d64h1L1,65728,2816,dclm_ranked,1,6.506877183914185,4
d64h1L1,65728,2816,dclm_ranked,2,6.215149641036987,4
d64h1L1,65728,2816,dclm_ranked,3,6.108938694000244,4
d64h1L1,65728,2816,dclm_ranked,4,6.055179595947266,4
d64h1L1,65728,2816,dna,1,4.040328204631805,4
d64h1L1,65728,2816,dna,2,3.6008450190226235,4
d64h1L1,65728,2816,dna,3,3.42789089679718,4
d64h1L1,65728,2816,dna,4,3.3332419395446777,4
d64h1L1,65728,2816,arithmetic,1,8.13504409790039,4
d64h1L1,65728,2816,arithmetic,2,8.074849764506022,4
d64h1L1,65728,2816,arithmetic,3,8.053364753723145,4
d64h1L1,65728,2816,arithmetic,4,8.042028427124023,4
d64h1L1,65728,2816,audio_8bit,1,4.45929229259491,4
d64h1L1,65728,2816,audio_8bit,2,4.116257667541504,4
d64h1L1,65728,2816,audio_8bit,3,3.9958096146583557,4
d64h1L1,65728,2816,audio_8bit,4,3.9343373775482178,4
d64h1L1,65728,2816,audio_16bit,1,6.893280625343323,4
d64h1L1,65728,2816,audio_16bit,2,6.711544116338094,4
d64h1L1,65728,2816,audio_16bit,3,6.6511781215667725,4
d64h1L1,65728,2816,audio_16bit,4,6.6207990646362305,4
d64h1L1,65728,2816,speech_commands_pcm8,1,7.207008361816406,4
d64h1L1,65728,2816,speech_commands_pcm8,2,6.994977076848348,4
d64h1L1,65728,2816,speech_commands_pcm8,3,6.897760391235352,4
d64h1L1,65728,2816,speech_commands_pcm8,4,6.846894264221191,4
d64h1L1,65728,2816,speech_commands_pcm8_8khz,1,7.183388113975525,4
d64h1L1,65728,2816,speech_commands_pcm8_8khz,2,6.972668965657552,4
d64h1L1,65728,2816,speech_commands_pcm8_8khz,3,6.876765251159668,4
d64h1L1,65728,2816,speech_commands_pcm8_8khz,4,6.826446056365967,4
d64h1L1,65728,2816,mutopia_melody_16th,1,7.582955718040466,4
d64h1L1,65728,2816,mutopia_melody_16th,2,7.338605562845866,4
d64h1L1,65728,2816,mutopia_melody_16th,3,7.2295355796813965,4
d64h1L1,65728,2816,mutopia_melody_16th,4,7.175809383392334,4
d64h1L1,65728,2816,cifar10_rgb_planar,1,7.911669850349426,4
d64h1L1,65728,2816,cifar10_rgb_planar,2,7.836446762084961,4
d64h1L1,65728,2816,cifar10_rgb_planar,3,7.806279182434082,4
d64h1L1,65728,2816,cifar10_rgb_planar,4,7.788878440856934,4
d64h1L1,65728,2816,cifar10_rgb_hwc,1,7.930827498435974,4
d64h1L1,65728,2816,cifar10_rgb_hwc,2,7.859711567560832,4
d64h1L1,65728,2816,cifar10_rgb_hwc,3,7.832150936126709,4
d64h1L1,65728,2816,cifar10_rgb_hwc,4,7.816559314727783,4
d64h1L1,65728,2816,kolmogorov_text,1,7.890896439552307,4
d64h1L1,65728,2816,kolmogorov_text,2,7.762615998586019,4
d64h1L1,65728,2816,kolmogorov_text,3,7.706350326538086,4
d64h1L1,65728,2816,kolmogorov_text,4,7.671455383300781,4
d64h1L1,65728,2816,kolmogorov_dna,1,4.384103775024414,4
d64h1L1,65728,2816,kolmogorov_dna,2,3.9979512691497803,4
d64h1L1,65728,2816,kolmogorov_dna,3,3.8649945855140686,4
d64h1L1,65728,2816,kolmogorov_dna,4,3.798464298248291,4
d64h1L1,65728,2816,metamath,1,7.901105284690857,4
d64h1L1,65728,2816,metamath,2,7.730440855026245,4
d64h1L1,65728,2816,metamath,3,7.652405023574829,4
d64h1L1,65728,2816,metamath,4,7.602794170379639,4
d64h1L1,65728,2816,aitdcc_a_protein,1,7.828987717628479,4
d64h1L1,65728,2816,aitdcc_a_protein,2,7.6611701647440595,4
d64h1L1,65728,2816,aitdcc_a_protein,3,7.575686812400818,4
d64h1L1,65728,2816,aitdcc_a_protein,4,7.517464637756348,4
d64h1L1,65728,2816,aitdcc_b_c_source,1,7.933868646621704,4
d64h1L1,65728,2816,aitdcc_b_c_source,2,7.829134464263916,4
d64h1L1,65728,2816,aitdcc_b_c_source,3,7.788159370422363,4
d64h1L1,65728,2816,aitdcc_b_c_source,4,7.7644758224487305,4
d64h1L1,65728,2816,aitdcc_d_glibc_rand,1,8.157828092575073,4
d64h1L1,65728,2816,aitdcc_d_glibc_rand,2,8.10493008295695,4
d64h1L1,65728,2816,aitdcc_d_glibc_rand,3,8.08632755279541,4
d64h1L1,65728,2816,aitdcc_d_glibc_rand,4,8.076412200927734,4
d64h1L1,65728,2816,aitdcc_e_atlas_float32,1,8.061623930931091,4
d64h1L1,65728,2816,aitdcc_e_atlas_float32,2,7.986187378565471,4
d64h1L1,65728,2816,aitdcc_e_atlas_float32,3,7.959057331085205,4
d64h1L1,65728,2816,aitdcc_e_atlas_float32,4,7.944770812988281,4
d64h1L1,65728,2816,aitdcc_g_astronomy,1,6.61161196231842,4
d64h1L1,65728,2816,aitdcc_g_astronomy,2,6.325296243031819,4
d64h1L1,65728,2816,aitdcc_g_astronomy,3,6.222559809684753,4
d64h1L1,65728,2816,aitdcc_g_astronomy,4,6.170234680175781,4
d64h1L1,65728,2816,llm_compression_python,1,7.234173655509949,4
d64h1L1,65728,2816,llm_compression_python,2,7.05754025777181,4
d64h1L1,65728,2816,llm_compression_python,3,6.988275647163391,4
d64h1L1,65728,2816,llm_compression_python,4,6.948970794677734,4
d64h1L1,65728,2816,llm_compression_cc,1,7.88667631149292,4
d64h1L1,65728,2816,llm_compression_cc,2,7.74962854385376,4
d64h1L1,65728,2816,llm_compression_cc,3,7.691707134246826,4
d64h1L1,65728,2816,llm_compression_cc,4,7.65695858001709,4
d64h1L1,65728,2816,llm_compression_arxiv_math,1,7.895509719848633,4
d64h1L1,65728,2816,llm_compression_arxiv_math,2,7.785513083140056,4
d64h1L1,65728,2816,llm_compression_arxiv_math,3,7.741671681404114,4
d64h1L1,65728,2816,llm_compression_arxiv_math,4,7.716440677642822,4
d64h1L1,65728,2816,esc50_pcm8,1,7.250104904174805,4
d64h1L1,65728,2816,esc50_pcm8,2,7.005571126937866,4
d64h1L1,65728,2816,esc50_pcm8,3,6.891340732574463,4
d64h1L1,65728,2816,esc50_pcm8,4,6.831648826599121,4
d64h1L1,65728,2816,esc50_pcm8_11khz,1,7.393281579017639,4
d64h1L1,65728,2816,esc50_pcm8_11khz,2,7.184121926625569,4
d64h1L1,65728,2816,esc50_pcm8_11khz,3,7.088260054588318,4
d64h1L1,65728,2816,esc50_pcm8_11khz,4,7.039330959320068,4
d64h1L1,65728,2816,musicnet_pcm8,1,7.568023204803467,4
d64h1L1,65728,2816,musicnet_pcm8,2,7.444911162058513,4
d64h1L1,65728,2816,musicnet_pcm8,3,7.38793408870697,4
d64h1L1,65728,2816,musicnet_pcm8,4,7.3547773361206055,4
d64h1L1,65728,2816,musicnet_pcm8_11khz,1,7.6114888191223145,4
d64h1L1,65728,2816,musicnet_pcm8_11khz,2,7.487985213597615,4
d64h1L1,65728,2816,musicnet_pcm8_11khz,3,7.43292236328125,4
d64h1L1,65728,2816,musicnet_pcm8_11khz,4,7.403244495391846,4
d64h1L1,65728,3072,dclm,1,7.841901779174805,4
d64h1L1,65728,3072,dclm,2,7.6523605187733965,4
d64h1L1,65728,3072,dclm,3,7.5685776472091675,4
d64h1L1,65728,3072,dclm,4,7.516443252563477,4
d64h1L1,65728,3072,dclm_ranked,1,6.504167079925537,4
d64h1L1,65728,3072,dclm_ranked,2,6.128883361816406,4
d64h1L1,65728,3072,dclm_ranked,3,5.994789123535156,4
d64h1L1,65728,3072,dclm_ranked,4,5.9279022216796875,4
d64h1L1,65728,3072,dna,1,3.9582284092903137,4
d64h1L1,65728,3072,dna,2,3.2870535055796304,4
d64h1L1,65728,3072,dna,3,3.0744577050209045,4
d64h1L1,65728,3072,dna,4,2.9785571098327637,4
d64h1L1,65728,3072,arithmetic,1,8.124562740325928,4
d64h1L1,65728,3072,arithmetic,2,8.056681950887045,4
d64h1L1,65728,3072,arithmetic,3,8.0315842628479,4
d64h1L1,65728,3072,arithmetic,4,8.018033981323242,4
d64h1L1,65728,3072,audio_8bit,1,4.491984844207764,4
d64h1L1,65728,3072,audio_8bit,2,4.036141991615295,4
d64h1L1,65728,3072,audio_8bit,3,3.9095675945281982,4
d64h1L1,65728,3072,audio_8bit,4,3.8489556312561035,4
d64h1L1,65728,3072,audio_16bit,1,6.955657243728638,4
d64h1L1,65728,3072,audio_16bit,2,6.781257073084514,4
d64h1L1,65728,3072,audio_16bit,3,6.722318887710571,4
d64h1L1,65728,3072,audio_16bit,4,6.692477226257324,4
d64h1L1,65728,3072,speech_commands_pcm8,1,6.8068623542785645,4
d64h1L1,65728,3072,speech_commands_pcm8,2,6.382011493047078,4
d64h1L1,65728,3072,speech_commands_pcm8,3,6.103573322296143,4
d64h1L1,65728,3072,speech_commands_pcm8,4,5.896552562713623,4
d64h1L1,65728,3072,speech_commands_pcm8_8khz,1,6.743855595588684,4
d64h1L1,65728,3072,speech_commands_pcm8_8khz,2,6.290386994679769,4
d64h1L1,65728,3072,speech_commands_pcm8_8khz,3,5.989647150039673,4
d64h1L1,65728,3072,speech_commands_pcm8_8khz,4,5.763293266296387,4
d64h1L1,65728,3072,mutopia_melody_16th,1,7.310139536857605,4
d64h1L1,65728,3072,mutopia_melody_16th,2,6.807056903839111,4
d64h1L1,65728,3072,mutopia_melody_16th,3,6.511669039726257,4
d64h1L1,65728,3072,mutopia_melody_16th,4,6.312304496765137,4
d64h1L1,65728,3072,cifar10_rgb_planar,1,7.909419298171997,4
d64h1L1,65728,3072,cifar10_rgb_planar,2,7.8241837819417315,4
d64h1L1,65728,3072,cifar10_rgb_planar,3,7.790390253067017,4
d64h1L1,65728,3072,cifar10_rgb_planar,4,7.771419048309326,4
d64h1L1,65728,3072,cifar10_rgb_hwc,1,7.9368205070495605,4
d64h1L1,65728,3072,cifar10_rgb_hwc,2,7.85587477684021,4
d64h1L1,65728,3072,cifar10_rgb_hwc,3,7.824698567390442,4
d64h1L1,65728,3072,cifar10_rgb_hwc,4,7.807491779327393,4
d64h1L1,65728,3072,kolmogorov_text,1,7.885808229446411,4
d64h1L1,65728,3072,kolmogorov_text,2,7.71876843770345,4
d64h1L1,65728,3072,kolmogorov_text,3,7.645225167274475,4
d64h1L1,65728,3072,kolmogorov_text,4,7.599497318267822,4
d64h1L1,65728,3072,kolmogorov_dna,1,4.046334207057953,4
d64h1L1,65728,3072,kolmogorov_dna,2,3.5614596605300903,4
d64h1L1,65728,3072,kolmogorov_dna,3,3.3834323287010193,4
d64h1L1,65728,3072,kolmogorov_dna,4,3.293203830718994,4
d64h1L1,65728,3072,metamath,1,7.746211528778076,4
d64h1L1,65728,3072,metamath,2,7.6043381690979,4
d64h1L1,65728,3072,metamath,3,7.546032071113586,4
d64h1L1,65728,3072,metamath,4,7.512494087219238,4
d64h1L1,65728,3072,aitdcc_a_protein,1,7.737567901611328,4
d64h1L1,65728,3072,aitdcc_a_protein,2,7.620337724685669,4
d64h1L1,65728,3072,aitdcc_a_protein,3,7.5702197551727295,4
d64h1L1,65728,3072,aitdcc_a_protein,4,7.54178524017334,4
d64h1L1,65728,3072,aitdcc_b_c_source,1,7.94413685798645,4
d64h1L1,65728,3072,aitdcc_b_c_source,2,7.797872543334961,4
d64h1L1,65728,3072,aitdcc_b_c_source,3,7.740423917770386,4
d64h1L1,65728,3072,aitdcc_b_c_source,4,7.7067461013793945,4
d64h1L1,65728,3072,aitdcc_d_glibc_rand,1,8.153192520141602,4
d64h1L1,65728,3072,aitdcc_d_glibc_rand,2,8.093598206837973,4
d64h1L1,65728,3072,aitdcc_d_glibc_rand,3,8.072847604751587,4
d64h1L1,65728,3072,aitdcc_d_glibc_rand,4,8.061863899230957,4
d64h1L1,65728,3072,aitdcc_e_atlas_float32,1,7.987796306610107,4
d64h1L1,65728,3072,aitdcc_e_atlas_float32,2,7.889031648635864,4
d64h1L1,65728,3072,aitdcc_e_atlas_float32,3,7.848476052284241,4
d64h1L1,65728,3072,aitdcc_e_atlas_float32,4,7.824652671813965,4
d64h1L1,65728,3072,aitdcc_g_astronomy,1,6.604198336601257,4
d64h1L1,65728,3072,aitdcc_g_astronomy,2,6.298041979471843,4
d64h1L1,65728,3072,aitdcc_g_astronomy,3,6.182928800582886,4
d64h1L1,65728,3072,aitdcc_g_astronomy,4,6.120361804962158,4
d64h1L1,65728,3072,llm_compression_python,1,7.161760449409485,4
d64h1L1,65728,3072,llm_compression_python,2,6.983921527862549,4
d64h1L1,65728,3072,llm_compression_python,3,6.912970185279846,4
d64h1L1,65728,3072,llm_compression_python,4,6.872097015380859,4
d64h1L1,65728,3072,llm_compression_cc,1,7.876895427703857,4
d64h1L1,65728,3072,llm_compression_cc,2,7.693875710169475,4
d64h1L1,65728,3072,llm_compression_cc,3,7.613156676292419,4
d64h1L1,65728,3072,llm_compression_cc,4,7.562932968139648,4
d64h1L1,65728,3072,llm_compression_arxiv_math,1,7.873048305511475,4
d64h1L1,65728,3072,llm_compression_arxiv_math,2,7.732775131861369,4
d64h1L1,65728,3072,llm_compression_arxiv_math,3,7.676046848297119,4
d64h1L1,65728,3072,llm_compression_arxiv_math,4,7.643058776855469,4
d64h1L1,65728,3072,esc50_pcm8,1,6.926248550415039,4
d64h1L1,65728,3072,esc50_pcm8,2,6.5127213795979815,4
d64h1L1,65728,3072,esc50_pcm8,3,6.2559181451797485,4
d64h1L1,65728,3072,esc50_pcm8,4,6.076870918273926,4
d64h1L1,65728,3072,esc50_pcm8_11khz,1,7.096667289733887,4
d64h1L1,65728,3072,esc50_pcm8_11khz,2,6.723432699839274,4
d64h1L1,65728,3072,esc50_pcm8_11khz,3,6.490436673164368,4
d64h1L1,65728,3072,esc50_pcm8_11khz,4,6.326930046081543,4
d64h1L1,65728,3072,musicnet_pcm8,1,7.45682418346405,4
d64h1L1,65728,3072,musicnet_pcm8,2,7.297661383946736,4
d64h1L1,65728,3072,musicnet_pcm8,3,7.214416742324829,4
d64h1L1,65728,3072,musicnet_pcm8,4,7.159595966339111,4
d64h1L1,65728,3072,musicnet_pcm8_11khz,1,7.432024836540222,4
d64h1L1,65728,3072,musicnet_pcm8_11khz,2,7.22060759862264,4
d64h1L1,65728,3072,musicnet_pcm8_11khz,3,7.093042492866516,4
d64h1L1,65728,3072,musicnet_pcm8_11khz,4,7.001646041870117,4
d64h1L1,65728,3328,dclm,1,7.7658082246780396,4
d64h1L1,65728,3328,dclm,2,7.517718553543091,4
d64h1L1,65728,3328,dclm,3,7.401322603225708,4
d64h1L1,65728,3328,dclm,4,7.329895973205566,4
d64h1L1,65728,3328,dclm_ranked,1,6.552999258041382,4
d64h1L1,65728,3328,dclm_ranked,2,6.1437036991119385,4
d64h1L1,65728,3328,dclm_ranked,3,6.014612555503845,4
d64h1L1,65728,3328,dclm_ranked,4,5.946161270141602,4
d64h1L1,65728,3328,dna,1,3.9984065890312195,4
d64h1L1,65728,3328,dna,2,3.408193667729696,4
d64h1L1,65728,3328,dna,3,3.1917112469673157,4
d64h1L1,65728,3328,dna,4,3.06841778755188,4
d64h1L1,65728,3328,arithmetic,1,8.16524052619934,4
d64h1L1,65728,3328,arithmetic,2,8.079545497894287,4
d64h1L1,65728,3328,arithmetic,3,8.047911643981934,4
d64h1L1,65728,3328,arithmetic,4,8.03055191040039,4
d64h1L1,65728,3328,audio_8bit,1,4.6588746309280396,4
d64h1L1,65728,3328,audio_8bit,2,4.2606892585754395,4
d64h1L1,65728,3328,audio_8bit,3,4.1256163120269775,4
d64h1L1,65728,3328,audio_8bit,4,4.054198265075684,4
d64h1L1,65728,3328,audio_16bit,1,6.987701177597046,4
d64h1L1,65728,3328,audio_16bit,2,6.79850188891093,4
d64h1L1,65728,3328,audio_16bit,3,6.735895991325378,4
d64h1L1,65728,3328,audio_16bit,4,6.703797817230225,4
d64h1L1,65728,3328,speech_commands_pcm8,1,6.497397184371948,4
d64h1L1,65728,3328,speech_commands_pcm8,2,6.116765896479289,4
d64h1L1,65728,3328,speech_commands_pcm8,3,5.937241911888123,4
d64h1L1,65728,3328,speech_commands_pcm8,4,5.831600666046143,4
d64h1L1,65728,3328,speech_commands_pcm8_8khz,1,6.410214781761169,4
d64h1L1,65728,3328,speech_commands_pcm8_8khz,2,6.0166529814402265,4
d64h1L1,65728,3328,speech_commands_pcm8_8khz,3,5.8358473777771,4
d64h1L1,65728,3328,speech_commands_pcm8_8khz,4,5.72999382019043,4
d64h1L1,65728,3328,mutopia_melody_16th,1,7.497002124786377,4
d64h1L1,65728,3328,mutopia_melody_16th,2,7.129245360692342,4
d64h1L1,65728,3328,mutopia_melody_16th,3,6.935543179512024,4
d64h1L1,65728,3328,mutopia_melody_16th,4,6.8154778480529785,4
d64h1L1,65728,3328,cifar10_rgb_planar,1,7.89196240901947,4
d64h1L1,65728,3328,cifar10_rgb_planar,2,7.789991855621338,4
d64h1L1,65728,3328,cifar10_rgb_planar,3,7.750397443771362,4
d64h1L1,65728,3328,cifar10_rgb_planar,4,7.727734088897705,4
d64h1L1,65728,3328,cifar10_rgb_hwc,1,7.9285629987716675,4
d64h1L1,65728,3328,cifar10_rgb_hwc,2,7.83152707417806,4
d64h1L1,65728,3328,cifar10_rgb_hwc,3,7.795590758323669,4
d64h1L1,65728,3328,cifar10_rgb_hwc,4,7.775418758392334,4
d64h1L1,65728,3328,kolmogorov_text,1,7.81148374080658,4
d64h1L1,65728,3328,kolmogorov_text,2,7.608111619949341,4
d64h1L1,65728,3328,kolmogorov_text,3,7.514216423034668,4
d64h1L1,65728,3328,kolmogorov_text,4,7.456609725952148,4
d64h1L1,65728,3328,kolmogorov_dna,1,4.331269919872284,4
d64h1L1,65728,3328,kolmogorov_dna,2,3.5612492163976035,4
d64h1L1,65728,3328,kolmogorov_dna,3,3.298920154571533,4
d64h1L1,65728,3328,kolmogorov_dna,4,3.146415948867798,4
d64h1L1,65728,3328,metamath,1,7.746077656745911,4
d64h1L1,65728,3328,metamath,2,7.456827163696289,4
d64h1L1,65728,3328,metamath,3,7.340130925178528,4
d64h1L1,65728,3328,metamath,4,7.277046203613281,4
d64h1L1,65728,3328,aitdcc_a_protein,1,7.9176448583602905,4
d64h1L1,65728,3328,aitdcc_a_protein,2,7.755392392476399,4
d64h1L1,65728,3328,aitdcc_a_protein,3,7.6786949634552,4
d64h1L1,65728,3328,aitdcc_a_protein,4,7.627411842346191,4
d64h1L1,65728,3328,aitdcc_b_c_source,1,7.888858318328857,4
d64h1L1,65728,3328,aitdcc_b_c_source,2,7.7235621611277265,4
d64h1L1,65728,3328,aitdcc_b_c_source,3,7.652473092079163,4
d64h1L1,65728,3328,aitdcc_b_c_source,4,7.610288619995117,4
d64h1L1,65728,3328,aitdcc_d_glibc_rand,1,8.194082260131836,4
d64h1L1,65728,3328,aitdcc_d_glibc_rand,2,8.12067985534668,4
d64h1L1,65728,3328,aitdcc_d_glibc_rand,3,8.095351219177246,4
d64h1L1,65728,3328,aitdcc_d_glibc_rand,4,8.081867218017578,4
d64h1L1,65728,3328,aitdcc_e_atlas_float32,1,8.154066801071167,4
d64h1L1,65728,3328,aitdcc_e_atlas_float32,2,8.083346366882324,4
d64h1L1,65728,3328,aitdcc_e_atlas_float32,3,8.058982133865356,4
d64h1L1,65728,3328,aitdcc_e_atlas_float32,4,8.04592514038086,4
d64h1L1,65728,3328,aitdcc_g_astronomy,1,6.345155954360962,4
d64h1L1,65728,3328,aitdcc_g_astronomy,2,5.936908642450969,4
d64h1L1,65728,3328,aitdcc_g_astronomy,3,5.809056997299194,4
d64h1L1,65728,3328,aitdcc_g_astronomy,4,5.746274948120117,4
d64h1L1,65728,3328,llm_compression_python,1,7.165558457374573,4
d64h1L1,65728,3328,llm_compression_python,2,6.844535748163859,4
d64h1L1,65728,3328,llm_compression_python,3,6.717919707298279,4
d64h1L1,65728,3328,llm_compression_python,4,6.652185916900635,4
d64h1L1,65728,3328,llm_compression_cc,1,7.7949501276016235,4
d64h1L1,65728,3328,llm_compression_cc,2,7.5560479164123535,4
d64h1L1,65728,3328,llm_compression_cc,3,7.443563342094421,4
d64h1L1,65728,3328,llm_compression_cc,4,7.3741326332092285,4
d64h1L1,65728,3328,llm_compression_arxiv_math,1,7.825981020927429,4
d64h1L1,65728,3328,llm_compression_arxiv_math,2,7.639791011810303,4
d64h1L1,65728,3328,llm_compression_arxiv_math,3,7.557035207748413,4
d64h1L1,65728,3328,llm_compression_arxiv_math,4,7.507713317871094,4
d64h1L1,65728,3328,esc50_pcm8,1,6.688929080963135,4
d64h1L1,65728,3328,esc50_pcm8,2,6.3077207406361895,4
d64h1L1,65728,3328,esc50_pcm8,3,6.118503570556641,4
d64h1L1,65728,3328,esc50_pcm8,4,6.00411319732666,4
d64h1L1,65728,3328,esc50_pcm8_11khz,1,6.879026293754578,4
d64h1L1,65728,3328,esc50_pcm8_11khz,2,6.547350565592448,4
d64h1L1,65728,3328,esc50_pcm8_11khz,3,6.383670091629028,4
d64h1L1,65728,3328,esc50_pcm8_11khz,4,6.285364151000977,4
d64h1L1,65728,3328,musicnet_pcm8,1,7.229939579963684,4
d64h1L1,65728,3328,musicnet_pcm8,2,7.030641078948975,4
d64h1L1,65728,3328,musicnet_pcm8,3,6.939401030540466,4
d64h1L1,65728,3328,musicnet_pcm8,4,6.884616851806641,4
d64h1L1,65728,3328,musicnet_pcm8_11khz,1,7.2052366733551025,4
d64h1L1,65728,3328,musicnet_pcm8_11khz,2,6.9939024448394775,4
d64h1L1,65728,3328,musicnet_pcm8_11khz,3,6.897933721542358,4
d64h1L1,65728,3328,musicnet_pcm8_11khz,4,6.841742038726807,4
d64h1L1,65728,3840,dclm,1,7.866651296615601,4
d64h1L1,65728,3840,dclm,2,7.7815024852752686,4
d64h1L1,65728,3840,dclm,3,7.749342918395996,4
d64h1L1,65728,3840,dclm,4,7.731935977935791,4
d64h1L1,65728,3840,dclm_ranked,1,6.664993524551392,4
d64h1L1,65728,3840,dclm_ranked,2,6.258147637049357,4
d64h1L1,65728,3840,dclm_ranked,3,6.109423756599426,4
d64h1L1,65728,3840,dclm_ranked,4,6.031840801239014,4
d64h1L1,65728,3840,dna,1,4.016734480857849,4
d64h1L1,65728,3840,dna,2,3.5338751475016275,4
d64h1L1,65728,3840,dna,3,3.358976423740387,4
d64h1L1,65728,3840,dna,4,3.272273063659668,4
d64h1L1,65728,3840,arithmetic,1,8.145703315734863,4
d64h1L1,65728,3840,arithmetic,2,8.074457168579102,4
d64h1L1,65728,3840,arithmetic,3,8.048357725143433,4
d64h1L1,65728,3840,arithmetic,4,8.034135818481445,4
d64h1L1,65728,3840,audio_8bit,1,4.46436882019043,4
d64h1L1,65728,3840,audio_8bit,2,4.093382159868876,4
d64h1L1,65728,3840,audio_8bit,3,3.9640263319015503,4
d64h1L1,65728,3840,audio_8bit,4,3.897891044616699,4
d64h1L1,65728,3840,audio_16bit,1,6.99438214302063,4
d64h1L1,65728,3840,audio_16bit,2,6.767455021540324,4
d64h1L1,65728,3840,audio_16bit,3,6.695785164833069,4
d64h1L1,65728,3840,audio_16bit,4,6.659477233886719,4
d64h1L1,65728,3840,speech_commands_pcm8,1,6.639761328697205,4
d64h1L1,65728,3840,speech_commands_pcm8,2,6.236581802368164,4
d64h1L1,65728,3840,speech_commands_pcm8,3,6.048940539360046,4
d64h1L1,65728,3840,speech_commands_pcm8,4,5.964731216430664,4
d64h1L1,65728,3840,speech_commands_pcm8_8khz,1,6.558695316314697,4
d64h1L1,65728,3840,speech_commands_pcm8_8khz,2,6.101136128107707,4
d64h1L1,65728,3840,speech_commands_pcm8_8khz,3,5.89050817489624,4
d64h1L1,65728,3840,speech_commands_pcm8_8khz,4,5.797408103942871,4
d64h1L1,65728,3840,mutopia_melody_16th,1,7.695400714874268,4
d64h1L1,65728,3840,mutopia_melody_16th,2,7.555000225702922,4
d64h1L1,65728,3840,mutopia_melody_16th,3,7.480409741401672,4
d64h1L1,65728,3840,mutopia_melody_16th,4,7.430729866027832,4
d64h1L1,65728,3840,cifar10_rgb_planar,1,7.879826068878174,4
d64h1L1,65728,3840,cifar10_rgb_planar,2,7.791547934214274,4
d64h1L1,65728,3840,cifar10_rgb_planar,3,7.756070494651794,4
d64h1L1,65728,3840,cifar10_rgb_planar,4,7.73598051071167,4
d64h1L1,65728,3840,cifar10_rgb_hwc,1,7.909416437149048,4
d64h1L1,65728,3840,cifar10_rgb_hwc,2,7.826060771942139,4
d64h1L1,65728,3840,cifar10_rgb_hwc,3,7.793684005737305,4
d64h1L1,65728,3840,cifar10_rgb_hwc,4,7.775731086730957,4
d64h1L1,65728,3840,kolmogorov_text,1,7.912257790565491,4
d64h1L1,65728,3840,kolmogorov_text,2,7.831910530726115,4
d64h1L1,65728,3840,kolmogorov_text,3,7.7986061573028564,4
d64h1L1,65728,3840,kolmogorov_text,4,7.779177665710449,4
d64h1L1,65728,3840,kolmogorov_dna,1,4.273418366909027,4
d64h1L1,65728,3840,kolmogorov_dna,2,3.8123448292414346,4
d64h1L1,65728,3840,kolmogorov_dna,3,3.6468637585639954,4
d64h1L1,65728,3840,kolmogorov_dna,4,3.5694544315338135,4
d64h1L1,65728,3840,metamath,1,7.788672566413879,4
d64h1L1,65728,3840,metamath,2,7.686615149180095,4
d64h1L1,65728,3840,metamath,3,7.6497379541397095,4
d64h1L1,65728,3840,metamath,4,7.630036354064941,4
d64h1L1,65728,3840,aitdcc_a_protein,1,7.834598898887634,4
d64h1L1,65728,3840,aitdcc_a_protein,2,7.707330226898193,4
d64h1L1,65728,3840,aitdcc_a_protein,3,7.639436721801758,4
d64h1L1,65728,3840,aitdcc_a_protein,4,7.59505033493042,4
d64h1L1,65728,3840,aitdcc_b_c_source,1,7.955573320388794,4
d64h1L1,65728,3840,aitdcc_b_c_source,2,7.868353366851807,4
d64h1L1,65728,3840,aitdcc_b_c_source,3,7.834790110588074,4
d64h1L1,65728,3840,aitdcc_b_c_source,4,7.815622806549072,4
d64h1L1,65728,3840,aitdcc_d_glibc_rand,1,8.171514749526978,4
d64h1L1,65728,3840,aitdcc_d_glibc_rand,2,8.106502691904703,4
d64h1L1,65728,3840,aitdcc_d_glibc_rand,3,8.083576679229736,4
d64h1L1,65728,3840,aitdcc_d_glibc_rand,4,8.071378707885742,4
d64h1L1,65728,3840,aitdcc_e_atlas_float32,1,8.171010971069336,4
d64h1L1,65728,3840,aitdcc_e_atlas_float32,2,8.070383628209433,4
d64h1L1,65728,3840,aitdcc_e_atlas_float32,3,8.032626271247864,4
d64h1L1,65728,3840,aitdcc_e_atlas_float32,4,8.011499404907227,4
d64h1L1,65728,3840,aitdcc_g_astronomy,1,6.4940125942230225,4
d64h1L1,65728,3840,aitdcc_g_astronomy,2,6.04377555847168,4
d64h1L1,65728,3840,aitdcc_g_astronomy,3,5.89266574382782,4
d64h1L1,65728,3840,aitdcc_g_astronomy,4,5.820369720458984,4
d64h1L1,65728,3840,llm_compression_python,1,7.320625185966492,4
d64h1L1,65728,3840,llm_compression_python,2,7.150376796722412,4
d64h1L1,65728,3840,llm_compression_python,3,7.073013782501221,4
d64h1L1,65728,3840,llm_compression_python,4,7.024723052978516,4
d64h1L1,65728,3840,llm_compression_cc,1,7.898734450340271,4
d64h1L1,65728,3840,llm_compression_cc,2,7.820898373921712,4
d64h1L1,65728,3840,llm_compression_cc,3,7.791423320770264,4
d64h1L1,65728,3840,llm_compression_cc,4,7.775336265563965,4
d64h1L1,65728,3840,llm_compression_arxiv_math,1,7.896759986877441,4
d64h1L1,65728,3840,llm_compression_arxiv_math,2,7.819964965184529,4
d64h1L1,65728,3840,llm_compression_arxiv_math,3,7.789652109146118,4
d64h1L1,65728,3840,llm_compression_arxiv_math,4,7.772566795349121,4
d64h1L1,65728,3840,esc50_pcm8,1,6.857939600944519,4
d64h1L1,65728,3840,esc50_pcm8,2,6.532891352971395,4
d64h1L1,65728,3840,esc50_pcm8,3,6.378185391426086,4
d64h1L1,65728,3840,esc50_pcm8,4,6.301702976226807,4
d64h1L1,65728,3840,esc50_pcm8_11khz,1,7.042578101158142,4
d64h1L1,65728,3840,esc50_pcm8_11khz,2,6.753645817438762,4
d64h1L1,65728,3840,esc50_pcm8_11khz,3,6.618566632270813,4
d64h1L1,65728,3840,esc50_pcm8_11khz,4,6.553613662719727,4
d64h1L1,65728,3840,musicnet_pcm8,1,7.3328646421432495,4
d64h1L1,65728,3840,musicnet_pcm8,2,7.158220450083415,4
d64h1L1,65728,3840,musicnet_pcm8,3,7.071171760559082,4
d64h1L1,65728,3840,musicnet_pcm8,4,7.019518852233887,4
d64h1L1,65728,3840,musicnet_pcm8_11khz,1,7.2956331968307495,4
d64h1L1,65728,3840,musicnet_pcm8_11khz,2,7.087523460388184,4
d64h1L1,65728,3840,musicnet_pcm8_11khz,3,6.9913647174835205,4
d64h1L1,65728,3840,musicnet_pcm8_11khz,4,6.945650577545166,4
d64h1L1,65728,4096,dclm,1,7.9471787214279175,4
d64h1L1,65728,4096,dclm,2,7.798417727152507,4
d64h1L1,65728,4096,dclm,3,7.744607329368591,4
d64h1L1,65728,4096,dclm,4,7.719222545623779,4
d64h1L1,65728,4096,dclm_ranked,1,6.677582621574402,4
d64h1L1,65728,4096,dclm_ranked,2,6.252642631530762,4
d64h1L1,65728,4096,dclm_ranked,3,6.102011680603027,4
d64h1L1,65728,4096,dclm_ranked,4,6.021336078643799,4
d64h1L1,65728,4096,dna,1,3.9629666209220886,4
d64h1L1,65728,4096,dna,2,3.435058315594991,4
d64h1L1,65728,4096,dna,3,3.2419191002845764,4
d64h1L1,65728,4096,dna,4,3.1395797729492188,4
d64h1L1,65728,4096,arithmetic,1,8.164836645126343,4
d64h1L1,65728,4096,arithmetic,2,8.087137858072916,4
d64h1L1,65728,4096,arithmetic,3,8.060279130935669,4
d64h1L1,65728,4096,arithmetic,4,8.045169830322266,4
d64h1L1,65728,4096,audio_8bit,1,4.518110632896423,4
d64h1L1,65728,4096,audio_8bit,2,4.082836866378784,4
d64h1L1,65728,4096,audio_8bit,3,3.931725025177002,4
d64h1L1,65728,4096,audio_8bit,4,3.8563380241394043,4
d64h1L1,65728,4096,audio_16bit,1,6.9631123542785645,4
d64h1L1,65728,4096,audio_16bit,2,6.726643800735474,4
d64h1L1,65728,4096,audio_16bit,3,6.6492921113967896,4
d64h1L1,65728,4096,audio_16bit,4,6.609901428222656,4
d64h1L1,65728,4096,speech_commands_pcm8,1,6.951790928840637,4
d64h1L1,65728,4096,speech_commands_pcm8,2,6.569491863250732,4
d64h1L1,65728,4096,speech_commands_pcm8,3,6.353442907333374,4
d64h1L1,65728,4096,speech_commands_pcm8,4,6.224766731262207,4
d64h1L1,65728,4096,speech_commands_pcm8_8khz,1,6.90274715423584,4
d64h1L1,65728,4096,speech_commands_pcm8_8khz,2,6.472331285476685,4
d64h1L1,65728,4096,speech_commands_pcm8_8khz,3,6.226471781730652,4
d64h1L1,65728,4096,speech_commands_pcm8_8khz,4,6.078716278076172,4
d64h1L1,65728,4096,mutopia_melody_16th,1,7.897534251213074,4
d64h1L1,65728,4096,mutopia_melody_16th,2,7.825071732203166,4
d64h1L1,65728,4096,mutopia_melody_16th,3,7.79757297039032,4
d64h1L1,65728,4096,mutopia_melody_16th,4,7.782333850860596,4
d64h1L1,65728,4096,cifar10_rgb_planar,1,7.8975642919540405,4
d64h1L1,65728,4096,cifar10_rgb_planar,2,7.800747394561768,4
d64h1L1,65728,4096,cifar10_rgb_planar,3,7.763254165649414,4
d64h1L1,65728,4096,cifar10_rgb_planar,4,7.741955757141113,4
d64h1L1,65728,4096,cifar10_rgb_hwc,1,7.929094076156616,4
d64h1L1,65728,4096,cifar10_rgb_hwc,2,7.838384469350179,4
d64h1L1,65728,4096,cifar10_rgb_hwc,3,7.8050137758255005,4
d64h1L1,65728,4096,cifar10_rgb_hwc,4,7.786555767059326,4
d64h1L1,65728,4096,kolmogorov_text,1,7.96718168258667,4
d64h1L1,65728,4096,kolmogorov_text,2,7.832118670145671,4
d64h1L1,65728,4096,kolmogorov_text,3,7.776337623596191,4
d64h1L1,65728,4096,kolmogorov_text,4,7.74572229385376,4
d64h1L1,65728,4096,kolmogorov_dna,1,3.851011097431183,4
d64h1L1,65728,4096,kolmogorov_dna,2,3.432329257329305,4
d64h1L1,65728,4096,kolmogorov_dna,3,3.2749341130256653,4
d64h1L1,65728,4096,kolmogorov_dna,4,3.186765670776367,4
d64h1L1,65728,4096,metamath,1,7.921230912208557,4
d64h1L1,65728,4096,metamath,2,7.688278913497925,4
d64h1L1,65728,4096,metamath,3,7.6033066511154175,4
d64h1L1,65728,4096,metamath,4,7.5576677322387695,4
d64h1L1,65728,4096,aitdcc_a_protein,1,7.83861780166626,4
d64h1L1,65728,4096,aitdcc_a_protein,2,7.722155173619588,4
d64h1L1,65728,4096,aitdcc_a_protein,3,7.670386075973511,4
d64h1L1,65728,4096,aitdcc_a_protein,4,7.639653205871582,4
d64h1L1,65728,4096,aitdcc_b_c_source,1,7.979968309402466,4
d64h1L1,65728,4096,aitdcc_b_c_source,2,7.8412885665893555,4
d64h1L1,65728,4096,aitdcc_b_c_source,3,7.790480136871338,4
d64h1L1,65728,4096,aitdcc_b_c_source,4,7.76354455947876,4
d64h1L1,65728,4096,aitdcc_d_glibc_rand,1,8.18470311164856,4
d64h1L1,65728,4096,aitdcc_d_glibc_rand,2,8.117952982584635,4
d64h1L1,65728,4096,aitdcc_d_glibc_rand,3,8.096354961395264,4
d64h1L1,65728,4096,aitdcc_d_glibc_rand,4,8.085156440734863,4
d64h1L1,65728,4096,aitdcc_e_atlas_float32,1,8.160950899124146,4
d64h1L1,65728,4096,aitdcc_e_atlas_float32,2,8.087183157602945,4
d64h1L1,65728,4096,aitdcc_e_atlas_float32,3,8.062945127487183,4
d64h1L1,65728,4096,aitdcc_e_atlas_float32,4,8.050091743469238,4
d64h1L1,65728,4096,aitdcc_g_astronomy,1,5.888299942016602,4
d64h1L1,65728,4096,aitdcc_g_astronomy,2,5.515832980473836,4
d64h1L1,65728,4096,aitdcc_g_astronomy,3,5.39827024936676,4
d64h1L1,65728,4096,aitdcc_g_astronomy,4,5.346853256225586,4
d64h1L1,65728,4096,llm_compression_python,1,7.398372173309326,4
d64h1L1,65728,4096,llm_compression_python,2,7.0857508182525635,4
d64h1L1,65728,4096,llm_compression_python,3,6.958881735801697,4
d64h1L1,65728,4096,llm_compression_python,4,6.896647930145264,4
d64h1L1,65728,4096,llm_compression_cc,1,7.979000568389893,4
d64h1L1,65728,4096,llm_compression_cc,2,7.841850598653157,4
d64h1L1,65728,4096,llm_compression_cc,3,7.792385697364807,4
d64h1L1,65728,4096,llm_compression_cc,4,7.769258975982666,4
d64h1L1,65728,4096,llm_compression_arxiv_math,1,7.978995442390442,4
d64h1L1,65728,4096,llm_compression_arxiv_math,2,7.8509838581085205,4
d64h1L1,65728,4096,llm_compression_arxiv_math,3,7.80378782749176,4
d64h1L1,65728,4096,llm_compression_arxiv_math,4,7.778916358947754,4
d64h1L1,65728,4096,esc50_pcm8,1,7.1148786544799805,4
d64h1L1,65728,4096,esc50_pcm8,2,6.806872129440308,4
d64h1L1,65728,4096,esc50_pcm8,3,6.636197209358215,4
d64h1L1,65728,4096,esc50_pcm8,4,6.53273344039917,4
d64h1L1,65728,4096,esc50_pcm8_11khz,1,7.281385660171509,4
d64h1L1,65728,4096,esc50_pcm8_11khz,2,7.009307384490967,4
d64h1L1,65728,4096,esc50_pcm8_11khz,3,6.8629045486450195,4
d64h1L1,65728,4096,esc50_pcm8_11khz,4,6.777160167694092,4
d64h1L1,65728,4096,musicnet_pcm8,1,7.389785051345825,4
d64h1L1,65728,4096,musicnet_pcm8,2,7.194973945617676,4
d64h1L1,65728,4096,musicnet_pcm8,3,7.079302072525024,4
d64h1L1,65728,4096,musicnet_pcm8,4,6.995816230773926,4
d64h1L1,65728,4096,musicnet_pcm8_11khz,1,7.43528687953949,4
d64h1L1,65728,4096,musicnet_pcm8_11khz,2,7.219248135884603,4
d64h1L1,65728,4096,musicnet_pcm8_11khz,3,7.101937651634216,4
d64h1L1,65728,4096,musicnet_pcm8_11khz,4,7.029829978942871,4
d64h1L1,65728,4352,dclm,1,7.977073669433594,4
d64h1L1,65728,4352,dclm,2,7.886356830596924,4
d64h1L1,65728,4352,dclm,3,7.851457953453064,4
d64h1L1,65728,4352,dclm,4,7.831791400909424,4
d64h1L1,65728,4352,dclm_ranked,1,6.552459716796875,4
d64h1L1,65728,4352,dclm_ranked,2,6.203353563944499,4
d64h1L1,65728,4352,dclm_ranked,3,6.076749801635742,4
d64h1L1,65728,4352,dclm_ranked,4,6.00969934463501,4
d64h1L1,65728,4352,dna,1,3.721005618572235,4
d64h1L1,65728,4352,dna,2,3.2503989934921265,4
d64h1L1,65728,4352,dna,3,3.106602966785431,4
d64h1L1,65728,4352,dna,4,3.0303397178649902,4
d64h1L1,65728,4352,arithmetic,1,8.183122396469116,4
d64h1L1,65728,4352,arithmetic,2,8.096446673075357,4
d64h1L1,65728,4352,arithmetic,3,8.066748142242432,4
d64h1L1,65728,4352,arithmetic,4,8.051003456115723,4
d64h1L1,65728,4352,audio_8bit,1,4.4190391302108765,4
d64h1L1,65728,4352,audio_8bit,2,4.0498472054799395,4
d64h1L1,65728,4352,audio_8bit,3,3.927224278450012,4
d64h1L1,65728,4352,audio_8bit,4,3.865295886993408,4
d64h1L1,65728,4352,audio_16bit,1,6.905716896057129,4
d64h1L1,65728,4352,audio_16bit,2,6.7116304238637285,4
d64h1L1,65728,4352,audio_16bit,3,6.64728307723999,4
d64h1L1,65728,4352,audio_16bit,4,6.614092826843262,4
d64h1L1,65728,4352,speech_commands_pcm8,1,6.82535445690155,4
d64h1L1,65728,4352,speech_commands_pcm8,2,6.475112438201904,4
d64h1L1,65728,4352,speech_commands_pcm8,3,6.287599802017212,4
d64h1L1,65728,4352,speech_commands_pcm8,4,6.158131122589111,4
d64h1L1,65728,4352,speech_commands_pcm8_8khz,1,6.764138460159302,4
d64h1L1,65728,4352,speech_commands_pcm8_8khz,2,6.365711609522502,4
d64h1L1,65728,4352,speech_commands_pcm8_8khz,3,6.160806775093079,4
d64h1L1,65728,4352,speech_commands_pcm8_8khz,4,6.020723342895508,4
d64h1L1,65728,4352,mutopia_melody_16th,1,7.76527726650238,4
d64h1L1,65728,4352,mutopia_melody_16th,2,7.670256058375041,4
d64h1L1,65728,4352,mutopia_melody_16th,3,7.633714318275452,4
d64h1L1,65728,4352,mutopia_melody_16th,4,7.613676071166992,4
d64h1L1,65728,4352,cifar10_rgb_planar,1,7.906026363372803,4
d64h1L1,65728,4352,cifar10_rgb_planar,2,7.79720942179362,4
d64h1L1,65728,4352,cifar10_rgb_planar,3,7.756092071533203,4
d64h1L1,65728,4352,cifar10_rgb_planar,4,7.732842922210693,4
d64h1L1,65728,4352,cifar10_rgb_hwc,1,7.948640584945679,4
d64h1L1,65728,4352,cifar10_rgb_hwc,2,7.8437715371449785,4
d64h1L1,65728,4352,cifar10_rgb_hwc,3,7.805770754814148,4
d64h1L1,65728,4352,cifar10_rgb_hwc,4,7.784724712371826,4
d64h1L1,65728,4352,kolmogorov_text,1,7.97603178024292,4
d64h1L1,65728,4352,kolmogorov_text,2,7.8850917021433515,4
d64h1L1,65728,4352,kolmogorov_text,3,7.849282264709473,4
d64h1L1,65728,4352,kolmogorov_text,4,7.82865571975708,4
d64h1L1,65728,4352,kolmogorov_dna,1,3.8434181809425354,4
d64h1L1,65728,4352,kolmogorov_dna,2,3.375221848487854,4
d64h1L1,65728,4352,kolmogorov_dna,3,3.209220767021179,4
d64h1L1,65728,4352,kolmogorov_dna,4,3.1109328269958496,4
d64h1L1,65728,4352,metamath,1,7.881820559501648,4
d64h1L1,65728,4352,metamath,2,7.7217033704121905,4
d64h1L1,65728,4352,metamath,3,7.669957160949707,4
d64h1L1,65728,4352,metamath,4,7.643311500549316,4
d64h1L1,65728,4352,aitdcc_a_protein,1,7.9713908433914185,4
d64h1L1,65728,4352,aitdcc_a_protein,2,7.778206984202067,4
d64h1L1,65728,4352,aitdcc_a_protein,3,7.704798698425293,4
d64h1L1,65728,4352,aitdcc_a_protein,4,7.661407947540283,4
d64h1L1,65728,4352,aitdcc_b_c_source,1,8.013449311256409,4
d64h1L1,65728,4352,aitdcc_b_c_source,2,7.9140857855478925,4
d64h1L1,65728,4352,aitdcc_b_c_source,3,7.878927707672119,4
d64h1L1,65728,4352,aitdcc_b_c_source,4,7.859882831573486,4
d64h1L1,65728,4352,aitdcc_d_glibc_rand,1,8.209717035293579,4
d64h1L1,65728,4352,aitdcc_d_glibc_rand,2,8.128928025563559,4
d64h1L1,65728,4352,aitdcc_d_glibc_rand,3,8.102028846740723,4
d64h1L1,65728,4352,aitdcc_d_glibc_rand,4,8.088028907775879,4
d64h1L1,65728,4352,aitdcc_e_atlas_float32,1,8.215724349021912,4
d64h1L1,65728,4352,aitdcc_e_atlas_float32,2,8.102983315785727,4
d64h1L1,65728,4352,aitdcc_e_atlas_float32,3,8.064843654632568,4
d64h1L1,65728,4352,aitdcc_e_atlas_float32,4,8.044068336486816,4
d64h1L1,65728,4352,aitdcc_g_astronomy,1,6.073801159858704,4
d64h1L1,65728,4352,aitdcc_g_astronomy,2,5.689092636108398,4
d64h1L1,65728,4352,aitdcc_g_astronomy,3,5.571632742881775,4
d64h1L1,65728,4352,aitdcc_g_astronomy,4,5.521271705627441,4
d64h1L1,65728,4352,llm_compression_python,1,7.173017859458923,4
d64h1L1,65728,4352,llm_compression_python,2,7.039273023605347,4
d64h1L1,65728,4352,llm_compression_python,3,6.990758538246155,4
d64h1L1,65728,4352,llm_compression_python,4,6.96519136428833,4
d64h1L1,65728,4352,llm_compression_cc,1,8.005135893821716,4
d64h1L1,65728,4352,llm_compression_cc,2,7.919950087865193,4
d64h1L1,65728,4352,llm_compression_cc,3,7.886921763420105,4
d64h1L1,65728,4352,llm_compression_cc,4,7.868272304534912,4
d64h1L1,65728,4352,llm_compression_arxiv_math,1,7.96444034576416,4
d64h1L1,65728,4352,llm_compression_arxiv_math,2,7.864344755808513,4
d64h1L1,65728,4352,llm_compression_arxiv_math,3,7.826882243156433,4
d64h1L1,65728,4352,llm_compression_arxiv_math,4,7.805840015411377,4
d64h1L1,65728,4352,esc50_pcm8,1,7.002547860145569,4
d64h1L1,65728,4352,esc50_pcm8,2,6.7109683354695635,4
d64h1L1,65728,4352,esc50_pcm8,3,6.549938082695007,4
d64h1L1,65728,4352,esc50_pcm8,4,6.439812660217285,4
d64h1L1,65728,4352,esc50_pcm8_11khz,1,7.170832276344299,4
d64h1L1,65728,4352,esc50_pcm8_11khz,2,6.904176473617554,4
d64h1L1,65728,4352,esc50_pcm8_11khz,3,6.763254642486572,4
d64h1L1,65728,4352,esc50_pcm8_11khz,4,6.668313503265381,4
d64h1L1,65728,4352,musicnet_pcm8,1,7.334551095962524,4
d64h1L1,65728,4352,musicnet_pcm8,2,7.111874500910441,4
d64h1L1,65728,4352,musicnet_pcm8,3,6.98889434337616,4
d64h1L1,65728,4352,musicnet_pcm8,4,6.908331394195557,4
d64h1L1,65728,4352,musicnet_pcm8_11khz,1,7.374571919441223,4
d64h1L1,65728,4352,musicnet_pcm8_11khz,2,7.148993492126465,4
d64h1L1,65728,4352,musicnet_pcm8_11khz,3,7.027379393577576,4
d64h1L1,65728,4352,musicnet_pcm8_11khz,4,6.944995880126953,4
d64h1L1,65728,4608,dclm,1,7.914607048034668,4
d64h1L1,65728,4608,dclm,2,7.724250078201294,4
d64h1L1,65728,4608,dclm,3,7.654705762863159,4
d64h1L1,65728,4608,dclm,4,7.618487358093262,4
d64h1L1,65728,4608,dclm_ranked,1,7.144272327423096,4
d64h1L1,65728,4608,dclm_ranked,2,6.546531438827515,4
d64h1L1,65728,4608,dclm_ranked,3,6.323209524154663,4
d64h1L1,65728,4608,dclm_ranked,4,6.202341079711914,4
d64h1L1,65728,4608,dna,1,4.424383759498596,4
d64h1L1,65728,4608,dna,2,3.587892015775045,4
d64h1L1,65728,4608,dna,3,3.3387117981910706,4
d64h1L1,65728,4608,dna,4,3.2155601978302,4
d64h1L1,65728,4608,arithmetic,1,8.25685739517212,4
d64h1L1,65728,4608,arithmetic,2,8.144330342610678,4
d64h1L1,65728,4608,arithmetic,3,8.103085041046143,4
d64h1L1,65728,4608,arithmetic,4,8.080787658691406,4
d64h1L1,65728,4608,audio_8bit,1,5.031174659729004,4
d64h1L1,65728,4608,audio_8bit,2,4.457850615183513,4
d64h1L1,65728,4608,audio_8bit,3,4.256226897239685,4
d64h1L1,65728,4608,audio_8bit,4,4.155856609344482,4
d64h1L1,65728,4608,audio_16bit,1,7.0089006423950195,4
d64h1L1,65728,4608,audio_16bit,2,6.762097517649333,4
d64h1L1,65728,4608,audio_16bit,3,6.6765077114105225,4
d64h1L1,65728,4608,audio_16bit,4,6.633205890655518,4
d64h1L1,65728,4608,speech_commands_pcm8,1,6.7120842933654785,4
d64h1L1,65728,4608,speech_commands_pcm8,2,6.321743885676066,4
d64h1L1,65728,4608,speech_commands_pcm8,3,6.166000485420227,4
d64h1L1,65728,4608,speech_commands_pcm8,4,6.108046531677246,4
d64h1L1,65728,4608,speech_commands_pcm8_8khz,1,6.657169461250305,4
d64h1L1,65728,4608,speech_commands_pcm8_8khz,2,6.210290988286336,4
d64h1L1,65728,4608,speech_commands_pcm8_8khz,3,6.0351468324661255,4
d64h1L1,65728,4608,speech_commands_pcm8_8khz,4,5.974907875061035,4
d64h1L1,65728,4608,mutopia_melody_16th,1,7.835695743560791,4
d64h1L1,65728,4608,mutopia_melody_16th,2,7.773447036743164,4
d64h1L1,65728,4608,mutopia_melody_16th,3,7.748684406280518,4
d64h1L1,65728,4608,mutopia_melody_16th,4,7.734668731689453,4
d64h1L1,65728,4608,cifar10_rgb_planar,1,7.946058988571167,4
d64h1L1,65728,4608,cifar10_rgb_planar,2,7.810602108637492,4
d64h1L1,65728,4608,cifar10_rgb_planar,3,7.758772015571594,4
d64h1L1,65728,4608,cifar10_rgb_planar,4,7.72986364364624,4
d64h1L1,65728,4608,cifar10_rgb_hwc,1,8.008638620376587,4
d64h1L1,65728,4608,cifar10_rgb_hwc,2,7.878231684366862,4
d64h1L1,65728,4608,cifar10_rgb_hwc,3,7.830153465270996,4
d64h1L1,65728,4608,cifar10_rgb_hwc,4,7.803794860839844,4
d64h1L1,65728,4608,kolmogorov_text,1,7.9679529666900635,4
d64h1L1,65728,4608,kolmogorov_text,2,7.778862953186035,4
d64h1L1,65728,4608,kolmogorov_text,3,7.706786513328552,4
d64h1L1,65728,4608,kolmogorov_text,4,7.667032718658447,4
d64h1L1,65728,4608,kolmogorov_dna,1,4.166809797286987,4
d64h1L1,65728,4608,kolmogorov_dna,2,3.6410898764928183,4
d64h1L1,65728,4608,kolmogorov_dna,3,3.4713923931121826,4
d64h1L1,65728,4608,kolmogorov_dna,4,3.3938755989074707,4
d64h1L1,65728,4608,metamath,1,7.790964961051941,4
d64h1L1,65728,4608,metamath,2,7.543519417444865,4
d64h1L1,65728,4608,metamath,3,7.449270248413086,4
d64h1L1,65728,4608,metamath,4,7.396718502044678,4
d64h1L1,65728,4608,aitdcc_a_protein,1,7.864787578582764,4
d64h1L1,65728,4608,aitdcc_a_protein,2,7.724204381306966,4
d64h1L1,65728,4608,aitdcc_a_protein,3,7.664999723434448,4
d64h1L1,65728,4608,aitdcc_a_protein,4,7.628143787384033,4
d64h1L1,65728,4608,aitdcc_b_c_source,1,8.040779829025269,4
d64h1L1,65728,4608,aitdcc_b_c_source,2,7.837460041046143,4
d64h1L1,65728,4608,aitdcc_b_c_source,3,7.762131452560425,4
d64h1L1,65728,4608,aitdcc_b_c_source,4,7.721403121948242,4
d64h1L1,65728,4608,aitdcc_d_glibc_rand,1,8.286165714263916,4
d64h1L1,65728,4608,aitdcc_d_glibc_rand,2,8.18459415435791,4
d64h1L1,65728,4608,aitdcc_d_glibc_rand,3,8.14851975440979,4
d64h1L1,65728,4608,aitdcc_d_glibc_rand,4,8.129266738891602,4
d64h1L1,65728,4608,aitdcc_e_atlas_float32,1,8.284550905227661,4
d64h1L1,65728,4608,aitdcc_e_atlas_float32,2,8.146087805430094,4
d64h1L1,65728,4608,aitdcc_e_atlas_float32,3,8.094345569610596,4
d64h1L1,65728,4608,aitdcc_e_atlas_float32,4,8.064972877502441,4
d64h1L1,65728,4608,aitdcc_g_astronomy,1,6.049580216407776,4
d64h1L1,65728,4608,aitdcc_g_astronomy,2,5.708059072494507,4
d64h1L1,65728,4608,aitdcc_g_astronomy,3,5.610718727111816,4
d64h1L1,65728,4608,aitdcc_g_astronomy,4,5.563008785247803,4
d64h1L1,65728,4608,llm_compression_python,1,7.214374423027039,4
d64h1L1,65728,4608,llm_compression_python,2,6.987062215805054,4
d64h1L1,65728,4608,llm_compression_python,3,6.906116247177124,4
d64h1L1,65728,4608,llm_compression_python,4,6.863945007324219,4
d64h1L1,65728,4608,llm_compression_cc,1,7.944530010223389,4
d64h1L1,65728,4608,llm_compression_cc,2,7.760070721308391,4
d64h1L1,65728,4608,llm_compression_cc,3,7.691930413246155,4
d64h1L1,65728,4608,llm_compression_cc,4,7.656439781188965,4
d64h1L1,65728,4608,llm_compression_arxiv_math,1,7.969519853591919,4
d64h1L1,65728,4608,llm_compression_arxiv_math,2,7.790994882583618,4
d64h1L1,65728,4608,llm_compression_arxiv_math,3,7.726883172988892,4
d64h1L1,65728,4608,llm_compression_arxiv_math,4,7.692267894744873,4
d64h1L1,65728,4608,esc50_pcm8,1,6.904687166213989,4
d64h1L1,65728,4608,esc50_pcm8,2,6.589096387227376,4
d64h1L1,65728,4608,esc50_pcm8,3,6.457045555114746,4
d64h1L1,65728,4608,esc50_pcm8,4,6.396544456481934,4
d64h1L1,65728,4608,esc50_pcm8_11khz,1,7.107174038887024,4
d64h1L1,65728,4608,esc50_pcm8_11khz,2,6.8299775918324785,4
d64h1L1,65728,4608,esc50_pcm8_11khz,3,6.719418287277222,4
d64h1L1,65728,4608,esc50_pcm8_11khz,4,6.673110008239746,4
d64h1L1,65728,4608,musicnet_pcm8,1,7.180898189544678,4
d64h1L1,65728,4608,musicnet_pcm8,2,6.920190095901489,4
d64h1L1,65728,4608,musicnet_pcm8,3,6.789618372917175,4
d64h1L1,65728,4608,musicnet_pcm8,4,6.712928771972656,4
d64h1L1,65728,4608,musicnet_pcm8_11khz,1,7.283664345741272,4
d64h1L1,65728,4608,musicnet_pcm8_11khz,2,7.042649030685425,4
d64h1L1,65728,4608,musicnet_pcm8_11khz,3,6.940151929855347,4
d64h1L1,65728,4608,musicnet_pcm8_11khz,4,6.892170429229736,4
d64h1L1,65728,4864,dclm,1,7.890469074249268,4
d64h1L1,65728,4864,dclm,2,7.698499282201131,4
d64h1L1,65728,4864,dclm,3,7.613660573959351,4
d64h1L1,65728,4864,dclm,4,7.556776523590088,4
d64h1L1,65728,4864,dclm_ranked,1,6.723964214324951,4
d64h1L1,65728,4864,dclm_ranked,2,6.2487391630808515,4
d64h1L1,65728,4864,dclm_ranked,3,6.086787700653076,4
d64h1L1,65728,4864,dclm_ranked,4,6.002997875213623,4
d64h1L1,65728,4864,dna,1,4.125597178936005,4
d64h1L1,65728,4864,dna,2,3.472126921017965,4
d64h1L1,65728,4864,dna,3,3.2697948813438416,4
d64h1L1,65728,4864,dna,4,3.170637845993042,4
d64h1L1,65728,4864,arithmetic,1,8.183123111724854,4
d64h1L1,65728,4864,arithmetic,2,8.097276210784912,4
d64h1L1,65728,4864,arithmetic,3,8.065926790237427,4
d64h1L1,65728,4864,arithmetic,4,8.048518180847168,4
d64h1L1,65728,4864,audio_8bit,1,4.8862998485565186,4
d64h1L1,65728,4864,audio_8bit,2,4.342508157094319,4
d64h1L1,65728,4864,audio_8bit,3,4.144398927688599,4
d64h1L1,65728,4864,audio_8bit,4,4.034095764160156,4
d64h1L1,65728,4864,audio_16bit,1,6.988216400146484,4
d64h1L1,65728,4864,audio_16bit,2,6.745128075281779,4
d64h1L1,65728,4864,audio_16bit,3,6.663567900657654,4
d64h1L1,65728,4864,audio_16bit,4,6.621469020843506,4
d64h1L1,65728,4864,speech_commands_pcm8,1,6.983628630638123,4
d64h1L1,65728,4864,speech_commands_pcm8,2,6.632544120152791,4
d64h1L1,65728,4864,speech_commands_pcm8,3,6.465794920921326,4
d64h1L1,65728,4864,speech_commands_pcm8,4,6.377679347991943,4
d64h1L1,65728,4864,speech_commands_pcm8_8khz,1,6.9512200355529785,4
d64h1L1,65728,4864,speech_commands_pcm8_8khz,2,6.572755734125773,4
d64h1L1,65728,4864,speech_commands_pcm8_8khz,3,6.398870468139648,4
d64h1L1,65728,4864,speech_commands_pcm8_8khz,4,6.311182022094727,4
d64h1L1,65728,4864,mutopia_melody_16th,1,7.76160204410553,4
d64h1L1,65728,4864,mutopia_melody_16th,2,7.527812401453654,4
d64h1L1,65728,4864,mutopia_melody_16th,3,7.388240218162537,4
d64h1L1,65728,4864,mutopia_melody_16th,4,7.289318084716797,4
d64h1L1,65728,4864,cifar10_rgb_planar,1,7.891350984573364,4
d64h1L1,65728,4864,cifar10_rgb_planar,2,7.7848695119222,4
d64h1L1,65728,4864,cifar10_rgb_planar,3,7.742277383804321,4
d64h1L1,65728,4864,cifar10_rgb_planar,4,7.717665672302246,4
d64h1L1,65728,4864,cifar10_rgb_hwc,1,7.926309943199158,4
d64h1L1,65728,4864,cifar10_rgb_hwc,2,7.8243088722229,4
d64h1L1,65728,4864,cifar10_rgb_hwc,3,7.7850635051727295,4
d64h1L1,65728,4864,cifar10_rgb_hwc,4,7.762914180755615,4
d64h1L1,65728,4864,kolmogorov_text,1,7.908168792724609,4
d64h1L1,65728,4864,kolmogorov_text,2,7.7280534108479815,4
d64h1L1,65728,4864,kolmogorov_text,3,7.644992113113403,4
d64h1L1,65728,4864,kolmogorov_text,4,7.589248180389404,4
d64h1L1,65728,4864,kolmogorov_dna,1,4.084312558174133,4
d64h1L1,65728,4864,kolmogorov_dna,2,3.557557741800944,4
d64h1L1,65728,4864,kolmogorov_dna,3,3.371096611022949,4
d64h1L1,65728,4864,kolmogorov_dna,4,3.2773942947387695,4
d64h1L1,65728,4864,metamath,1,7.806227326393127,4
d64h1L1,65728,4864,metamath,2,7.633594115575154,4
d64h1L1,65728,4864,metamath,3,7.571226716041565,4
d64h1L1,65728,4864,metamath,4,7.536335468292236,4
d64h1L1,65728,4864,aitdcc_a_protein,1,7.856649160385132,4
d64h1L1,65728,4864,aitdcc_a_protein,2,7.697799841562907,4
d64h1L1,65728,4864,aitdcc_a_protein,3,7.628151297569275,4
d64h1L1,65728,4864,aitdcc_a_protein,4,7.584696292877197,4
d64h1L1,65728,4864,aitdcc_b_c_source,1,7.962282776832581,4
d64h1L1,65728,4864,aitdcc_b_c_source,2,7.802612225214641,4
d64h1L1,65728,4864,aitdcc_b_c_source,3,7.737000226974487,4
d64h1L1,65728,4864,aitdcc_b_c_source,4,7.69601583480835,4
d64h1L1,65728,4864,aitdcc_d_glibc_rand,1,8.205650329589844,4
d64h1L1,65728,4864,aitdcc_d_glibc_rand,2,8.128101666768393,4
d64h1L1,65728,4864,aitdcc_d_glibc_rand,3,8.100583553314209,4
d64h1L1,65728,4864,aitdcc_d_glibc_rand,4,8.085776329040527,4
d64h1L1,65728,4864,aitdcc_e_atlas_float32,1,8.132967233657837,4
d64h1L1,65728,4864,aitdcc_e_atlas_float32,2,8.003332694371542,4
d64h1L1,65728,4864,aitdcc_e_atlas_float32,3,7.9515620470047,4
d64h1L1,65728,4864,aitdcc_e_atlas_float32,4,7.920443534851074,4
d64h1L1,65728,4864,aitdcc_g_astronomy,1,5.731892108917236,4
d64h1L1,65728,4864,aitdcc_g_astronomy,2,5.384436209996541,4
d64h1L1,65728,4864,aitdcc_g_astronomy,3,5.231462240219116,4
d64h1L1,65728,4864,aitdcc_g_astronomy,4,5.14137077331543,4
d64h1L1,65728,4864,llm_compression_python,1,7.2911529541015625,4
d64h1L1,65728,4864,llm_compression_python,2,7.060306866963704,4
d64h1L1,65728,4864,llm_compression_python,3,6.96108078956604,4
d64h1L1,65728,4864,llm_compression_python,4,6.897636413574219,4
d64h1L1,65728,4864,llm_compression_cc,1,7.917037725448608,4
d64h1L1,65728,4864,llm_compression_cc,2,7.732205629348755,4
d64h1L1,65728,4864,llm_compression_cc,3,7.648893117904663,4
d64h1L1,65728,4864,llm_compression_cc,4,7.592714309692383,4
d64h1L1,65728,4864,llm_compression_arxiv_math,1,7.941098570823669,4
d64h1L1,65728,4864,llm_compression_arxiv_math,2,7.795703570048015,4
d64h1L1,65728,4864,llm_compression_arxiv_math,3,7.73518967628479,4
d64h1L1,65728,4864,llm_compression_arxiv_math,4,7.697264671325684,4
d64h1L1,65728,4864,esc50_pcm8,1,7.095006227493286,4
d64h1L1,65728,4864,esc50_pcm8,2,6.774636507034302,4
d64h1L1,65728,4864,esc50_pcm8,3,6.607735276222229,4
d64h1L1,65728,4864,esc50_pcm8,4,6.506250858306885,4
d64h1L1,65728,4864,esc50_pcm8_11khz,1,7.284250378608704,4
d64h1L1,65728,4864,esc50_pcm8_11khz,2,7.010100364685059,4
d64h1L1,65728,4864,esc50_pcm8_11khz,3,6.871553063392639,4
d64h1L1,65728,4864,esc50_pcm8_11khz,4,6.789363861083984,4
d64h1L1,65728,4864,musicnet_pcm8,1,7.380889177322388,4
d64h1L1,65728,4864,musicnet_pcm8,2,7.200167655944824,4
d64h1L1,65728,4864,musicnet_pcm8,3,7.105436205863953,4
d64h1L1,65728,4864,musicnet_pcm8,4,7.043450355529785,4
d64h1L1,65728,4864,musicnet_pcm8_11khz,1,7.459231376647949,4
d64h1L1,65728,4864,musicnet_pcm8_11khz,2,7.264201800028483,4
d64h1L1,65728,4864,musicnet_pcm8_11khz,3,7.170395493507385,4
d64h1L1,65728,4864,musicnet_pcm8_11khz,4,7.117007255554199,4
d64h1L1,65728,5120,dclm,1,7.739764928817749,4
d64h1L1,65728,5120,dclm,2,7.619179884592692,4
d64h1L1,65728,5120,dclm,3,7.5704710483551025,4
d64h1L1,65728,5120,dclm,4,7.542438983917236,4
d64h1L1,65728,5120,dclm_ranked,1,6.660451769828796,4
d64h1L1,65728,5120,dclm_ranked,2,6.141913255055745,4
d64h1L1,65728,5120,dclm_ranked,3,5.942747116088867,4
d64h1L1,65728,5120,dclm_ranked,4,5.838788986206055,4
d64h1L1,65728,5120,dna,1,4.188084721565247,4
d64h1L1,65728,5120,dna,2,3.4847695032755532,4
d64h1L1,65728,5120,dna,3,3.251267373561859,4
d64h1L1,65728,5120,dna,4,3.133113145828247,4
d64h1L1,65728,5120,arithmetic,1,8.154201030731201,4
d64h1L1,65728,5120,arithmetic,2,8.071714242299398,4
d64h1L1,65728,5120,arithmetic,3,8.039931297302246,4
d64h1L1,65728,5120,arithmetic,4,8.021228790283203,4
d64h1L1,65728,5120,audio_8bit,1,4.614869713783264,4
d64h1L1,65728,5120,audio_8bit,2,4.212243556976318,4
d64h1L1,65728,5120,audio_8bit,3,4.077632427215576,4
d64h1L1,65728,5120,audio_8bit,4,4.006321430206299,4
d64h1L1,65728,5120,audio_16bit,1,6.964810252189636,4
d64h1L1,65728,5120,audio_16bit,2,6.736337184906006,4
d64h1L1,65728,5120,audio_16bit,3,6.658425688743591,4
d64h1L1,65728,5120,audio_16bit,4,6.6192545890808105,4
d64h1L1,65728,5120,speech_commands_pcm8,1,6.668615102767944,4
d64h1L1,65728,5120,speech_commands_pcm8,2,5.9117685953776045,4
d64h1L1,65728,5120,speech_commands_pcm8,3,5.428568959236145,4
d64h1L1,65728,5120,speech_commands_pcm8,4,5.088921070098877,4
d64h1L1,65728,5120,speech_commands_pcm8_8khz,1,6.654622435569763,4
d64h1L1,65728,5120,speech_commands_pcm8_8khz,2,5.7943839232126875,4
d64h1L1,65728,5120,speech_commands_pcm8_8khz,3,5.254832744598389,4
d64h1L1,65728,5120,speech_commands_pcm8_8khz,4,4.878870010375977,4
d64h1L1,65728,5120,mutopia_melody_16th,1,7.447911977767944,4
d64h1L1,65728,5120,mutopia_melody_16th,2,6.763052701950073,4
d64h1L1,65728,5120,mutopia_melody_16th,3,6.250739812850952,4
d64h1L1,65728,5120,mutopia_melody_16th,4,5.804973125457764,4
d64h1L1,65728,5120,cifar10_rgb_planar,1,7.857793569564819,4
d64h1L1,65728,5120,cifar10_rgb_planar,2,7.763227939605713,4
d64h1L1,65728,5120,cifar10_rgb_planar,3,7.725963711738586,4
d64h1L1,65728,5120,cifar10_rgb_planar,4,7.704756736755371,4
d64h1L1,65728,5120,cifar10_rgb_hwc,1,7.893168807029724,4
d64h1L1,65728,5120,cifar10_rgb_hwc,2,7.803672472635905,4
d64h1L1,65728,5120,cifar10_rgb_hwc,3,7.769813418388367,4
d64h1L1,65728,5120,cifar10_rgb_hwc,4,7.751046657562256,4
d64h1L1,65728,5120,kolmogorov_text,1,7.793162107467651,4
d64h1L1,65728,5120,kolmogorov_text,2,7.682426452636719,4
d64h1L1,65728,5120,kolmogorov_text,3,7.63492751121521,4
d64h1L1,65728,5120,kolmogorov_text,4,7.606817245483398,4
d64h1L1,65728,5120,kolmogorov_dna,1,4.120749235153198,4
d64h1L1,65728,5120,kolmogorov_dna,2,3.314676364262899,4
d64h1L1,65728,5120,kolmogorov_dna,3,3.09704852104187,4
d64h1L1,65728,5120,kolmogorov_dna,4,2.9885263442993164,4
d64h1L1,65728,5120,metamath,1,7.697862982749939,4
d64h1L1,65728,5120,metamath,2,7.542689561843872,4
d64h1L1,65728,5120,metamath,3,7.482432007789612,4
d64h1L1,65728,5120,metamath,4,7.447998523712158,4
d64h1L1,65728,5120,aitdcc_a_protein,1,7.8115023374557495,4
d64h1L1,65728,5120,aitdcc_a_protein,2,7.714076598485311,4
d64h1L1,65728,5120,aitdcc_a_protein,3,7.669021964073181,4
d64h1L1,65728,5120,aitdcc_a_protein,4,7.640929222106934,4
d64h1L1,65728,5120,aitdcc_b_c_source,1,7.8566734790802,4
d64h1L1,65728,5120,aitdcc_b_c_source,2,7.748468955357869,4
d64h1L1,65728,5120,aitdcc_b_c_source,3,7.705973505973816,4
d64h1L1,65728,5120,aitdcc_b_c_source,4,7.682316303253174,4
d64h1L1,65728,5120,aitdcc_d_glibc_rand,1,8.178971767425537,4
d64h1L1,65728,5120,aitdcc_d_glibc_rand,2,8.11130666732788,4
d64h1L1,65728,5120,aitdcc_d_glibc_rand,3,8.088035345077515,4
d64h1L1,65728,5120,aitdcc_d_glibc_rand,4,8.075849533081055,4
d64h1L1,65728,5120,aitdcc_e_atlas_float32,1,8.142310857772827,4
d64h1L1,65728,5120,aitdcc_e_atlas_float32,2,8.061801433563232,4
d64h1L1,65728,5120,aitdcc_e_atlas_float32,3,8.034072637557983,4
d64h1L1,65728,5120,aitdcc_e_atlas_float32,4,8.01952075958252,4
d64h1L1,65728,5120,aitdcc_g_astronomy,1,6.125810503959656,4
d64h1L1,65728,5120,aitdcc_g_astronomy,2,5.6830471356709795,4
d64h1L1,65728,5120,aitdcc_g_astronomy,3,5.565670132637024,4
d64h1L1,65728,5120,aitdcc_g_astronomy,4,5.512314796447754,4
d64h1L1,65728,5120,llm_compression_python,1,7.258245944976807,4
d64h1L1,65728,5120,llm_compression_python,2,7.029974063237508,4
d64h1L1,65728,5120,llm_compression_python,3,6.944375991821289,4
d64h1L1,65728,5120,llm_compression_python,4,6.903294086456299,4
d64h1L1,65728,5120,llm_compression_cc,1,7.763493537902832,4
d64h1L1,65728,5120,llm_compression_cc,2,7.6477885246276855,4
d64h1L1,65728,5120,llm_compression_cc,3,7.600085973739624,4
d64h1L1,65728,5120,llm_compression_cc,4,7.572310924530029,4
d64h1L1,65728,5120,llm_compression_arxiv_math,1,7.808442234992981,4
d64h1L1,65728,5120,llm_compression_arxiv_math,2,7.699695189793904,4
d64h1L1,65728,5120,llm_compression_arxiv_math,3,7.658081412315369,4
d64h1L1,65728,5120,llm_compression_arxiv_math,4,7.63533353805542,4
d64h1L1,65728,5120,esc50_pcm8,1,6.810577988624573,4
d64h1L1,65728,5120,esc50_pcm8,2,6.170472621917725,4
d64h1L1,65728,5120,esc50_pcm8,3,5.742617607116699,4
d64h1L1,65728,5120,esc50_pcm8,4,5.427228927612305,4
d64h1L1,65728,5120,esc50_pcm8_11khz,1,6.983357191085815,4
d64h1L1,65728,5120,esc50_pcm8_11khz,2,6.374701738357544,4
d64h1L1,65728,5120,esc50_pcm8_11khz,3,5.969469428062439,4
d64h1L1,65728,5120,esc50_pcm8_11khz,4,5.6704325675964355,4
d64h1L1,65728,5120,musicnet_pcm8,1,7.301623106002808,4
d64h1L1,65728,5120,musicnet_pcm8,2,7.070057551066081,4
d64h1L1,65728,5120,musicnet_pcm8,3,6.934851050376892,4
d64h1L1,65728,5120,musicnet_pcm8,4,6.843056678771973,4
d64h1L1,65728,5120,musicnet_pcm8_11khz,1,7.295886516571045,4
d64h1L1,65728,5120,musicnet_pcm8_11khz,2,6.934192816416423,4
d64h1L1,65728,5120,musicnet_pcm8_11khz,3,6.71319317817688,4
d64h1L1,65728,5120,musicnet_pcm8_11khz,4,6.561869144439697,4
d64h1L1,65728,5376,dclm,1,7.953261494636536,4
d64h1L1,65728,5376,dclm,2,7.840443213780721,4
d64h1L1,65728,5376,dclm,3,7.796296715736389,4
d64h1L1,65728,5376,dclm,4,7.769931316375732,4
d64h1L1,65728,5376,dclm_ranked,1,6.371893644332886,4
d64h1L1,65728,5376,dclm_ranked,2,6.024546543757121,4
d64h1L1,65728,5376,dclm_ranked,3,5.904892206192017,4
d64h1L1,65728,5376,dclm_ranked,4,5.843195915222168,4
d64h1L1,65728,5376,dna,1,3.8981311321258545,4
d64h1L1,65728,5376,dna,2,3.3745142221450806,4
d64h1L1,65728,5376,dna,3,3.2283838391304016,4
d64h1L1,65728,5376,dna,4,3.149730920791626,4
d64h1L1,65728,5376,arithmetic,1,8.189373254776001,4
d64h1L1,65728,5376,arithmetic,2,8.101194699605307,4
d64h1L1,65728,5376,arithmetic,3,8.069119215011597,4
d64h1L1,65728,5376,arithmetic,4,8.051132202148438,4
d64h1L1,65728,5376,audio_8bit,1,4.5054402351379395,4
d64h1L1,65728,5376,audio_8bit,2,4.172643979390462,4
d64h1L1,65728,5376,audio_8bit,3,4.04906290769577,4
d64h1L1,65728,5376,audio_8bit,4,3.9815430641174316,4
d64h1L1,65728,5376,audio_16bit,1,6.881125092506409,4
d64h1L1,65728,5376,audio_16bit,2,6.699773232142131,4
d64h1L1,65728,5376,audio_16bit,3,6.63777768611908,4
d64h1L1,65728,5376,audio_16bit,4,6.605494022369385,4
d64h1L1,65728,5376,speech_commands_pcm8,1,6.34413468837738,4
d64h1L1,65728,5376,speech_commands_pcm8,2,5.93923807144165,4
d64h1L1,65728,5376,speech_commands_pcm8,3,5.734683632850647,4
d64h1L1,65728,5376,speech_commands_pcm8,4,5.622713565826416,4
d64h1L1,65728,5376,speech_commands_pcm8_8khz,1,6.255592703819275,4
d64h1L1,65728,5376,speech_commands_pcm8_8khz,2,5.81660517056783,4
d64h1L1,65728,5376,speech_commands_pcm8_8khz,3,5.598698139190674,4
d64h1L1,65728,5376,speech_commands_pcm8_8khz,4,5.483201026916504,4
d64h1L1,65728,5376,mutopia_melody_16th,1,7.4622498750686646,4
d64h1L1,65728,5376,mutopia_melody_16th,2,7.0570017496744795,4
d64h1L1,65728,5376,mutopia_melody_16th,3,6.838217854499817,4
d64h1L1,65728,5376,mutopia_melody_16th,4,6.691038131713867,4
d64h1L1,65728,5376,cifar10_rgb_planar,1,7.892624020576477,4
d64h1L1,65728,5376,cifar10_rgb_planar,2,7.787251710891724,4
d64h1L1,65728,5376,cifar10_rgb_planar,3,7.745734453201294,4
d64h1L1,65728,5376,cifar10_rgb_planar,4,7.721729278564453,4
d64h1L1,65728,5376,cifar10_rgb_hwc,1,7.932365298271179,4
d64h1L1,65728,5376,cifar10_rgb_hwc,2,7.832215627034505,4
d64h1L1,65728,5376,cifar10_rgb_hwc,3,7.794387102127075,4
d64h1L1,65728,5376,cifar10_rgb_hwc,4,7.772927284240723,4
d64h1L1,65728,5376,kolmogorov_text,1,7.966968297958374,4
d64h1L1,65728,5376,kolmogorov_text,2,7.855042378107707,4
d64h1L1,65728,5376,kolmogorov_text,3,7.809030175209045,4
d64h1L1,65728,5376,kolmogorov_text,4,7.7811279296875,4
d64h1L1,65728,5376,kolmogorov_dna,1,3.877771496772766,4
d64h1L1,65728,5376,kolmogorov_dna,2,3.4354432821273804,4
d64h1L1,65728,5376,kolmogorov_dna,3,3.28925621509552,4
d64h1L1,65728,5376,kolmogorov_dna,4,3.212531328201294,4
d64h1L1,65728,5376,metamath,1,7.897363305091858,4
d64h1L1,65728,5376,metamath,2,7.747403224309285,4
d64h1L1,65728,5376,metamath,3,7.691078424453735,4
d64h1L1,65728,5376,metamath,4,7.657991409301758,4
d64h1L1,65728,5376,aitdcc_a_protein,1,7.919319152832031,4
d64h1L1,65728,5376,aitdcc_a_protein,2,7.840024312337239,4
d64h1L1,65728,5376,aitdcc_a_protein,3,7.807798385620117,4
d64h1L1,65728,5376,aitdcc_a_protein,4,7.7895989418029785,4
d64h1L1,65728,5376,aitdcc_b_c_source,1,8.020400524139404,4
d64h1L1,65728,5376,aitdcc_b_c_source,2,7.9109164873758955,4
d64h1L1,65728,5376,aitdcc_b_c_source,3,7.868613958358765,4
d64h1L1,65728,5376,aitdcc_b_c_source,4,7.8434739112854,4
d64h1L1,65728,5376,aitdcc_d_glibc_rand,1,8.2236967086792,4
d64h1L1,65728,5376,aitdcc_d_glibc_rand,2,8.148022810618082,4
d64h1L1,65728,5376,aitdcc_d_glibc_rand,3,8.12208104133606,4
d64h1L1,65728,5376,aitdcc_d_glibc_rand,4,8.10823917388916,4
d64h1L1,65728,5376,aitdcc_e_atlas_float32,1,8.194682359695435,4
d64h1L1,65728,5376,aitdcc_e_atlas_float32,2,8.099599520365397,4
d64h1L1,65728,5376,aitdcc_e_atlas_float32,3,8.066450357437134,4
d64h1L1,65728,5376,aitdcc_e_atlas_float32,4,8.048848152160645,4
d64h1L1,65728,5376,aitdcc_g_astronomy,1,6.094456076622009,4
d64h1L1,65728,5376,aitdcc_g_astronomy,2,5.5911323229471845,4
d64h1L1,65728,5376,aitdcc_g_astronomy,3,5.411316633224487,4
d64h1L1,65728,5376,aitdcc_g_astronomy,4,5.315545082092285,4
d64h1L1,65728,5376,llm_compression_python,1,7.453197598457336,4
d64h1L1,65728,5376,llm_compression_python,2,7.224161465962728,4
d64h1L1,65728,5376,llm_compression_python,3,7.129461765289307,4
d64h1L1,65728,5376,llm_compression_python,4,7.076096057891846,4
d64h1L1,65728,5376,llm_compression_cc,1,7.970425009727478,4
d64h1L1,65728,5376,llm_compression_cc,2,7.861243565877278,4
d64h1L1,65728,5376,llm_compression_cc,3,7.818165421485901,4
d64h1L1,65728,5376,llm_compression_cc,4,7.792267799377441,4
d64h1L1,65728,5376,llm_compression_arxiv_math,1,7.967019557952881,4
d64h1L1,65728,5376,llm_compression_arxiv_math,2,7.850136359532674,4
d64h1L1,65728,5376,llm_compression_arxiv_math,3,7.80441153049469,4
d64h1L1,65728,5376,llm_compression_arxiv_math,4,7.777354717254639,4
d64h1L1,65728,5376,esc50_pcm8,1,6.576333284378052,4
d64h1L1,65728,5376,esc50_pcm8,2,6.177585204442342,4
d64h1L1,65728,5376,esc50_pcm8,3,5.965025305747986,4
d64h1L1,65728,5376,esc50_pcm8,4,5.834533214569092,4
d64h1L1,65728,5376,esc50_pcm8_11khz,1,6.77184796333313,4
d64h1L1,65728,5376,esc50_pcm8_11khz,2,6.412168502807617,4
d64h1L1,65728,5376,esc50_pcm8_11khz,3,6.224238872528076,4
d64h1L1,65728,5376,esc50_pcm8_11khz,4,6.111462593078613,4
d64h1L1,65728,5376,musicnet_pcm8,1,7.187457323074341,4
d64h1L1,65728,5376,musicnet_pcm8,2,6.9868818918863935,4
d64h1L1,65728,5376,musicnet_pcm8,3,6.884262442588806,4
d64h1L1,65728,5376,musicnet_pcm8,4,6.819268703460693,4
d64h1L1,65728,5376,musicnet_pcm8_11khz,1,7.108791708946228,4
d64h1L1,65728,5376,musicnet_pcm8_11khz,2,6.885478576024373,4
d64h1L1,65728,5376,musicnet_pcm8_11khz,3,6.774122714996338,4
d64h1L1,65728,5376,musicnet_pcm8_11khz,4,6.709420680999756,4
d64h1L1,65728,5632,dclm,1,7.932187914848328,4
d64h1L1,65728,5632,dclm,2,7.788044691085815,4
d64h1L1,65728,5632,dclm,3,7.727696776390076,4
d64h1L1,65728,5632,dclm,4,7.693306922912598,4
d64h1L1,65728,5632,dclm_ranked,1,6.428082823753357,4
d64h1L1,65728,5632,dclm_ranked,2,6.116544087727864,4
d64h1L1,65728,5632,dclm_ranked,3,5.994107007980347,4
d64h1L1,65728,5632,dclm_ranked,4,5.926084041595459,4
d64h1L1,65728,5632,dna,1,4.036137342453003,4
d64h1L1,65728,5632,dna,2,3.4327503045399985,4
d64h1L1,65728,5632,dna,3,3.225825011730194,4
d64h1L1,65728,5632,dna,4,3.117194175720215,4
d64h1L1,65728,5632,arithmetic,1,8.142641544342041,4
d64h1L1,65728,5632,arithmetic,2,8.069602648417154,4
d64h1L1,65728,5632,arithmetic,3,8.043482065200806,4
d64h1L1,65728,5632,arithmetic,4,8.030041694641113,4
d64h1L1,65728,5632,audio_8bit,1,4.508448481559753,4
d64h1L1,65728,5632,audio_8bit,2,4.199089288711548,4
d64h1L1,65728,5632,audio_8bit,3,4.091701984405518,4
d64h1L1,65728,5632,audio_8bit,4,4.034357070922852,4
d64h1L1,65728,5632,audio_16bit,1,6.901810884475708,4
d64h1L1,65728,5632,audio_16bit,2,6.73399543762207,4
d64h1L1,65728,5632,audio_16bit,3,6.675377249717712,4
d64h1L1,65728,5632,audio_16bit,4,6.644503116607666,4
d64h1L1,65728,5632,speech_commands_pcm8,1,6.810973525047302,4
d64h1L1,65728,5632,speech_commands_pcm8,2,6.604284604390462,4
d64h1L1,65728,5632,speech_commands_pcm8,3,6.51055645942688,4
d64h1L1,65728,5632,speech_commands_pcm8,4,6.457765579223633,4
d64h1L1,65728,5632,speech_commands_pcm8_8khz,1,6.802202939987183,4
d64h1L1,65728,5632,speech_commands_pcm8_8khz,2,6.585512161254883,4
d64h1L1,65728,5632,speech_commands_pcm8_8khz,3,6.489094853401184,4
d64h1L1,65728,5632,speech_commands_pcm8_8khz,4,6.43562650680542,4
d64h1L1,65728,5632,mutopia_melody_16th,1,7.551037311553955,4
d64h1L1,65728,5632,mutopia_melody_16th,2,7.286190509796143,4
d64h1L1,65728,5632,mutopia_melody_16th,3,7.177137732505798,4
d64h1L1,65728,5632,mutopia_melody_16th,4,7.120859622955322,4
d64h1L1,65728,5632,cifar10_rgb_planar,1,7.827768087387085,4
d64h1L1,65728,5632,cifar10_rgb_planar,2,7.737680435180664,4
d64h1L1,65728,5632,cifar10_rgb_planar,3,7.70217502117157,4
d64h1L1,65728,5632,cifar10_rgb_planar,4,7.6822381019592285,4
d64h1L1,65728,5632,cifar10_rgb_hwc,1,7.870118260383606,4
d64h1L1,65728,5632,cifar10_rgb_hwc,2,7.785801410675049,4
d64h1L1,65728,5632,cifar10_rgb_hwc,3,7.753743529319763,4
d64h1L1,65728,5632,cifar10_rgb_hwc,4,7.736046314239502,4
d64h1L1,65728,5632,kolmogorov_text,1,7.948038339614868,4
d64h1L1,65728,5632,kolmogorov_text,2,7.822404146194458,4
d64h1L1,65728,5632,kolmogorov_text,3,7.770910263061523,4
d64h1L1,65728,5632,kolmogorov_text,4,7.7417778968811035,4
d64h1L1,65728,5632,kolmogorov_dna,1,4.0629953145980835,4
d64h1L1,65728,5632,kolmogorov_dna,2,3.6006574630737305,4
d64h1L1,65728,5632,kolmogorov_dna,3,3.4248346090316772,4
d64h1L1,65728,5632,kolmogorov_dna,4,3.3321645259857178,4
d64h1L1,65728,5632,metamath,1,7.78933584690094,4
d64h1L1,65728,5632,metamath,2,7.662765979766846,4
d64h1L1,65728,5632,metamath,3,7.612433314323425,4
d64h1L1,65728,5632,metamath,4,7.584505081176758,4
d64h1L1,65728,5632,aitdcc_a_protein,1,7.875694155693054,4
d64h1L1,65728,5632,aitdcc_a_protein,2,7.782959381739299,4
d64h1L1,65728,5632,aitdcc_a_protein,3,7.7403740882873535,4
d64h1L1,65728,5632,aitdcc_a_protein,4,7.714022636413574,4
d64h1L1,65728,5632,aitdcc_b_c_source,1,7.952747941017151,4
d64h1L1,65728,5632,aitdcc_b_c_source,2,7.809938430786133,4
d64h1L1,65728,5632,aitdcc_b_c_source,3,7.749867558479309,4
d64h1L1,65728,5632,aitdcc_b_c_source,4,7.7146100997924805,4
d64h1L1,65728,5632,aitdcc_d_glibc_rand,1,8.167412042617798,4
d64h1L1,65728,5632,aitdcc_d_glibc_rand,2,8.10436487197876,4
d64h1L1,65728,5632,aitdcc_d_glibc_rand,3,8.082494020462036,4
d64h1L1,65728,5632,aitdcc_d_glibc_rand,4,8.071001052856445,4
d64h1L1,65728,5632,aitdcc_e_atlas_float32,1,8.189332246780396,4
d64h1L1,65728,5632,aitdcc_e_atlas_float32,2,8.069362799326578,4
d64h1L1,65728,5632,aitdcc_e_atlas_float32,3,8.024040341377258,4
d64h1L1,65728,5632,aitdcc_e_atlas_float32,4,7.998955249786377,4
d64h1L1,65728,5632,aitdcc_g_astronomy,1,6.513154029846191,4
d64h1L1,65728,5632,aitdcc_g_astronomy,2,5.966116428375244,4
d64h1L1,65728,5632,aitdcc_g_astronomy,3,5.808451414108276,4
d64h1L1,65728,5632,aitdcc_g_astronomy,4,5.726429462432861,4
d64h1L1,65728,5632,llm_compression_python,1,7.378302693367004,4
d64h1L1,65728,5632,llm_compression_python,2,7.181399504343669,4
d64h1L1,65728,5632,llm_compression_python,3,7.104255318641663,4
d64h1L1,65728,5632,llm_compression_python,4,7.060453414916992,4
d64h1L1,65728,5632,llm_compression_cc,1,7.94419538974762,4
d64h1L1,65728,5632,llm_compression_cc,2,7.803473234176636,4
d64h1L1,65728,5632,llm_compression_cc,3,7.744327545166016,4
d64h1L1,65728,5632,llm_compression_cc,4,7.710615158081055,4
d64h1L1,65728,5632,llm_compression_arxiv_math,1,7.944964289665222,4
d64h1L1,65728,5632,llm_compression_arxiv_math,2,7.826033353805542,4
d64h1L1,65728,5632,llm_compression_arxiv_math,3,7.780373215675354,4
d64h1L1,65728,5632,llm_compression_arxiv_math,4,7.754889011383057,4
d64h1L1,65728,5632,esc50_pcm8,1,6.9166728258132935,4
d64h1L1,65728,5632,esc50_pcm8,2,6.695008039474487,4
d64h1L1,65728,5632,esc50_pcm8,3,6.590129494667053,4
d64h1L1,65728,5632,esc50_pcm8,4,6.527852535247803,4
d64h1L1,65728,5632,esc50_pcm8_11khz,1,7.0913403034210205,4
d64h1L1,65728,5632,esc50_pcm8_11khz,2,6.902244488398234,4
d64h1L1,65728,5632,esc50_pcm8_11khz,3,6.8171786069869995,4
d64h1L1,65728,5632,esc50_pcm8_11khz,4,6.76871919631958,4
d64h1L1,65728,5632,musicnet_pcm8,1,7.212451815605164,4
d64h1L1,65728,5632,musicnet_pcm8,2,7.022898991902669,4
d64h1L1,65728,5632,musicnet_pcm8,3,6.927873373031616,4
d64h1L1,65728,5632,musicnet_pcm8,4,6.866584300994873,4
d64h1L1,65728,5632,musicnet_pcm8_11khz,1,7.296021103858948,4
d64h1L1,65728,5632,musicnet_pcm8_11khz,2,7.1411356925964355,4
d64h1L1,65728,5632,musicnet_pcm8_11khz,3,7.0708842277526855,4
d64h1L1,65728,5632,musicnet_pcm8_11khz,4,7.029710292816162,4
d64h1L1,65728,5888,dclm,1,7.856774687767029,4
d64h1L1,65728,5888,dclm,2,7.732480764389038,4
d64h1L1,65728,5888,dclm,3,7.6877851486206055,4
d64h1L1,65728,5888,dclm,4,7.667056083679199,4
d64h1L1,65728,5888,dclm_ranked,1,8.104137659072876,4
d64h1L1,65728,5888,dclm_ranked,2,6.769291639328003,4
d64h1L1,65728,5888,dclm_ranked,3,6.440427184104919,4
d64h1L1,65728,5888,dclm_ranked,4,6.261242866516113,4
d64h1L1,65728,5888,dna,1,5.263548731803894,4
d64h1L1,65728,5888,dna,2,4.029073874155681,4
d64h1L1,65728,5888,dna,3,3.7260149121284485,4
d64h1L1,65728,5888,dna,4,3.571842670440674,4
d64h1L1,65728,5888,arithmetic,1,8.13028073310852,4
d64h1L1,65728,5888,arithmetic,2,8.05186939239502,4
d64h1L1,65728,5888,arithmetic,3,8.023177862167358,4
d64h1L1,65728,5888,arithmetic,4,8.007246971130371,4
d64h1L1,65728,5888,audio_8bit,1,5.2406922578811646,4
d64h1L1,65728,5888,audio_8bit,2,4.480748653411865,4
d64h1L1,65728,5888,audio_8bit,3,4.285490393638611,4
d64h1L1,65728,5888,audio_8bit,4,4.182429790496826,4
d64h1L1,65728,5888,audio_16bit,1,7.184543132781982,4
d64h1L1,65728,5888,audio_16bit,2,6.825311183929443,4
d64h1L1,65728,5888,audio_16bit,3,6.721110701560974,4
d64h1L1,65728,5888,audio_16bit,4,6.6666998863220215,4
d64h1L1,65728,5888,speech_commands_pcm8,1,6.375996351242065,4
d64h1L1,65728,5888,speech_commands_pcm8,2,5.869547605514526,4
d64h1L1,65728,5888,speech_commands_pcm8,3,5.5814173221588135,4
d64h1L1,65728,5888,speech_commands_pcm8,4,5.380592346191406,4
d64h1L1,65728,5888,speech_commands_pcm8_8khz,1,6.2923057079315186,4
d64h1L1,65728,5888,speech_commands_pcm8_8khz,2,5.740418513615926,4
d64h1L1,65728,5888,speech_commands_pcm8_8khz,3,5.425853967666626,4
d64h1L1,65728,5888,speech_commands_pcm8_8khz,4,5.204634666442871,4
d64h1L1,65728,5888,mutopia_melody_16th,1,6.859717607498169,4
d64h1L1,65728,5888,mutopia_melody_16th,2,6.203131278355916,4
d64h1L1,65728,5888,mutopia_melody_16th,3,5.804709315299988,4
d64h1L1,65728,5888,mutopia_melody_16th,4,5.513909816741943,4
d64h1L1,65728,5888,cifar10_rgb_planar,1,7.862837910652161,4
d64h1L1,65728,5888,cifar10_rgb_planar,2,7.768354256947835,4
d64h1L1,65728,5888,cifar10_rgb_planar,3,7.733416318893433,4
d64h1L1,65728,5888,cifar10_rgb_planar,4,7.714312553405762,4
d64h1L1,65728,5888,cifar10_rgb_hwc,1,7.897394180297852,4
d64h1L1,65728,5888,cifar10_rgb_hwc,2,7.808460474014282,4
d64h1L1,65728,5888,cifar10_rgb_hwc,3,7.776399731636047,4
d64h1L1,65728,5888,cifar10_rgb_hwc,4,7.7591552734375,4
d64h1L1,65728,5888,kolmogorov_text,1,7.879564642906189,4
d64h1L1,65728,5888,kolmogorov_text,2,7.769490798314412,4
d64h1L1,65728,5888,kolmogorov_text,3,7.729091286659241,4
d64h1L1,65728,5888,kolmogorov_text,4,7.71112060546875,4
d64h1L1,65728,5888,kolmogorov_dna,1,5.174224317073822,4
d64h1L1,65728,5888,kolmogorov_dna,2,3.8423702319463096,4
d64h1L1,65728,5888,kolmogorov_dna,3,3.524872124195099,4
d64h1L1,65728,5888,kolmogorov_dna,4,3.3604815006256104,4
d64h1L1,65728,5888,metamath,1,7.868010997772217,4
d64h1L1,65728,5888,metamath,2,7.630293528238933,4
d64h1L1,65728,5888,metamath,3,7.556738495826721,4
d64h1L1,65728,5888,metamath,4,7.5212931632995605,4
d64h1L1,65728,5888,aitdcc_a_protein,1,7.811380386352539,4
d64h1L1,65728,5888,aitdcc_a_protein,2,7.70559557278951,4
d64h1L1,65728,5888,aitdcc_a_protein,3,7.658684611320496,4
d64h1L1,65728,5888,aitdcc_a_protein,4,7.630472660064697,4
d64h1L1,65728,5888,aitdcc_b_c_source,1,7.941585540771484,4
d64h1L1,65728,5888,aitdcc_b_c_source,2,7.827164491017659,4
d64h1L1,65728,5888,aitdcc_b_c_source,3,7.788226842880249,4
d64h1L1,65728,5888,aitdcc_b_c_source,4,7.769514560699463,4
d64h1L1,65728,5888,aitdcc_d_glibc_rand,1,8.16148829460144,4
d64h1L1,65728,5888,aitdcc_d_glibc_rand,2,8.098833878835043,4
d64h1L1,65728,5888,aitdcc_d_glibc_rand,3,8.07780408859253,4
d64h1L1,65728,5888,aitdcc_d_glibc_rand,4,8.066886901855469,4
d64h1L1,65728,5888,aitdcc_e_atlas_float32,1,8.142987251281738,4
d64h1L1,65728,5888,aitdcc_e_atlas_float32,2,8.04438853263855,4
d64h1L1,65728,5888,aitdcc_e_atlas_float32,3,8.011717677116394,4
d64h1L1,65728,5888,aitdcc_e_atlas_float32,4,7.994724750518799,4
d64h1L1,65728,5888,aitdcc_g_astronomy,1,6.217420220375061,4
d64h1L1,65728,5888,aitdcc_g_astronomy,2,5.650178909301758,4
d64h1L1,65728,5888,aitdcc_g_astronomy,3,5.5030437707901,4
d64h1L1,65728,5888,aitdcc_g_astronomy,4,5.432000637054443,4
d64h1L1,65728,5888,llm_compression_python,1,7.301902770996094,4
d64h1L1,65728,5888,llm_compression_python,2,6.979145844777425,4
d64h1L1,65728,5888,llm_compression_python,3,6.852648138999939,4
d64h1L1,65728,5888,llm_compression_python,4,6.8144025802612305,4
d64h1L1,65728,5888,llm_compression_cc,1,7.880329728126526,4
d64h1L1,65728,5888,llm_compression_cc,2,7.760055224100749,4
d64h1L1,65728,5888,llm_compression_cc,3,7.717317223548889,4
d64h1L1,65728,5888,llm_compression_cc,4,7.697072505950928,4
d64h1L1,65728,5888,llm_compression_arxiv_math,1,7.906209945678711,4
d64h1L1,65728,5888,llm_compression_arxiv_math,2,7.78141450881958,4
d64h1L1,65728,5888,llm_compression_arxiv_math,3,7.737727403640747,4
d64h1L1,65728,5888,llm_compression_arxiv_math,4,7.717270851135254,4
d64h1L1,65728,5888,esc50_pcm8,1,6.526878237724304,4
d64h1L1,65728,5888,esc50_pcm8,2,6.046905676523845,4
d64h1L1,65728,5888,esc50_pcm8,3,5.77177357673645,4
d64h1L1,65728,5888,esc50_pcm8,4,5.584949970245361,4
d64h1L1,65728,5888,esc50_pcm8_11khz,1,6.694860219955444,4
d64h1L1,65728,5888,esc50_pcm8_11khz,2,6.259135643641154,4
d64h1L1,65728,5888,esc50_pcm8_11khz,3,6.0100075006484985,4
d64h1L1,65728,5888,esc50_pcm8_11khz,4,5.8405609130859375,4
d64h1L1,65728,5888,musicnet_pcm8,1,7.203885316848755,4
d64h1L1,65728,5888,musicnet_pcm8,2,7.021488110224406,4
d64h1L1,65728,5888,musicnet_pcm8,3,6.933508276939392,4
d64h1L1,65728,5888,musicnet_pcm8,4,6.878840923309326,4
d64h1L1,65728,5888,musicnet_pcm8_11khz,1,7.090962171554565,4
d64h1L1,65728,5888,musicnet_pcm8_11khz,2,6.836109638214111,4
d64h1L1,65728,5888,musicnet_pcm8_11khz,3,6.701935648918152,4
d64h1L1,65728,5888,musicnet_pcm8_11khz,4,6.612941265106201,4
d64h1L1,65728,6144,dclm,1,7.882704854011536,4
d64h1L1,65728,6144,dclm,2,7.717812617619832,4
d64h1L1,65728,6144,dclm,3,7.6647679805755615,4
d64h1L1,65728,6144,dclm,4,7.636177062988281,4
d64h1L1,65728,6144,dclm_ranked,1,6.7359243631362915,4
d64h1L1,65728,6144,dclm_ranked,2,6.266852776209514,4
d64h1L1,65728,6144,dclm_ranked,3,6.085544943809509,4
d64h1L1,65728,6144,dclm_ranked,4,5.982623100280762,4
d64h1L1,65728,6144,dna,1,4.084466278553009,4
d64h1L1,65728,6144,dna,2,3.501048763593038,4
d64h1L1,65728,6144,dna,3,3.3034602999687195,4
d64h1L1,65728,6144,dna,4,3.2008492946624756,4
d64h1L1,65728,6144,arithmetic,1,8.184343338012695,4
d64h1L1,65728,6144,arithmetic,2,8.085532983144125,4
d64h1L1,65728,6144,arithmetic,3,8.047952890396118,4
d64h1L1,65728,6144,arithmetic,4,8.025785446166992,4
d64h1L1,65728,6144,audio_8bit,1,4.82847785949707,4
d64h1L1,65728,6144,audio_8bit,2,4.315298080444336,4
d64h1L1,65728,6144,audio_8bit,3,4.149585723876953,4
d64h1L1,65728,6144,audio_8bit,4,4.065738677978516,4
d64h1L1,65728,6144,audio_16bit,1,6.9061397314071655,4
d64h1L1,65728,6144,audio_16bit,2,6.696266333262126,4
d64h1L1,65728,6144,audio_16bit,3,6.622438430786133,4
d64h1L1,65728,6144,audio_16bit,4,6.583342552185059,4
d64h1L1,65728,6144,speech_commands_pcm8,1,6.409061670303345,4
d64h1L1,65728,6144,speech_commands_pcm8,2,5.815186103185018,4
d64h1L1,65728,6144,speech_commands_pcm8,3,5.404693961143494,4
d64h1L1,65728,6144,speech_commands_pcm8,4,5.079185485839844,4
d64h1L1,65728,6144,speech_commands_pcm8_8khz,1,6.350712776184082,4
d64h1L1,65728,6144,speech_commands_pcm8_8khz,2,5.709325472513835,4
d64h1L1,65728,6144,speech_commands_pcm8_8khz,3,5.268138289451599,4
d64h1L1,65728,6144,speech_commands_pcm8_8khz,4,4.919839382171631,4
d64h1L1,65728,6144,mutopia_melody_16th,1,6.9568058252334595,4
d64h1L1,65728,6144,mutopia_melody_16th,2,6.291457732518514,4
d64h1L1,65728,6144,mutopia_melody_16th,3,5.82771360874176,4
d64h1L1,65728,6144,mutopia_melody_16th,4,5.440715312957764,4
d64h1L1,65728,6144,cifar10_rgb_planar,1,7.871570348739624,4
d64h1L1,65728,6144,cifar10_rgb_planar,2,7.754115263621013,4
d64h1L1,65728,6144,cifar10_rgb_planar,3,7.707024574279785,4
d64h1L1,65728,6144,cifar10_rgb_planar,4,7.6798248291015625,4
d64h1L1,65728,6144,cifar10_rgb_hwc,1,7.923586130142212,4
d64h1L1,65728,6144,cifar10_rgb_hwc,2,7.81201958656311,4
d64h1L1,65728,6144,cifar10_rgb_hwc,3,7.769278168678284,4
d64h1L1,65728,6144,cifar10_rgb_hwc,4,7.745185852050781,4
d64h1L1,65728,6144,kolmogorov_text,1,7.901154518127441,4
d64h1L1,65728,6144,kolmogorov_text,2,7.748702764511108,4
d64h1L1,65728,6144,kolmogorov_text,3,7.69633412361145,4
d64h1L1,65728,6144,kolmogorov_text,4,7.667351722717285,4
d64h1L1,65728,6144,kolmogorov_dna,1,3.8894153833389282,4
d64h1L1,65728,6144,kolmogorov_dna,2,3.418053944905599,4
d64h1L1,65728,6144,kolmogorov_dna,3,3.2512177228927612,4
d64h1L1,65728,6144,kolmogorov_dna,4,3.170473337173462,4
d64h1L1,65728,6144,metamath,1,7.914318919181824,4
d64h1L1,65728,6144,metamath,2,7.644450743993123,4
d64h1L1,65728,6144,metamath,3,7.558060884475708,4
d64h1L1,65728,6144,metamath,4,7.513838291168213,4
d64h1L1,65728,6144,aitdcc_a_protein,1,7.827875375747681,4
d64h1L1,65728,6144,aitdcc_a_protein,2,7.6990071932474775,4
d64h1L1,65728,6144,aitdcc_a_protein,3,7.643227696418762,4
d64h1L1,65728,6144,aitdcc_a_protein,4,7.608027935028076,4
d64h1L1,65728,6144,aitdcc_b_c_source,1,7.969943046569824,4
d64h1L1,65728,6144,aitdcc_b_c_source,2,7.795992771784465,4
d64h1L1,65728,6144,aitdcc_b_c_source,3,7.736329555511475,4
d64h1L1,65728,6144,aitdcc_b_c_source,4,7.701544761657715,4
d64h1L1,65728,6144,aitdcc_d_glibc_rand,1,8.218570232391357,4
d64h1L1,65728,6144,aitdcc_d_glibc_rand,2,8.134356180826822,4
d64h1L1,65728,6144,aitdcc_d_glibc_rand,3,8.105363845825195,4
d64h1L1,65728,6144,aitdcc_d_glibc_rand,4,8.089926719665527,4
d64h1L1,65728,6144,aitdcc_e_atlas_float32,1,8.163543224334717,4
d64h1L1,65728,6144,aitdcc_e_atlas_float32,2,8.059643109639486,4
d64h1L1,65728,6144,aitdcc_e_atlas_float32,3,8.023278951644897,4
d64h1L1,65728,6144,aitdcc_e_atlas_float32,4,8.003684997558594,4
d64h1L1,65728,6144,aitdcc_g_astronomy,1,5.751030206680298,4
d64h1L1,65728,6144,aitdcc_g_astronomy,2,5.407165288925171,4
d64h1L1,65728,6144,aitdcc_g_astronomy,3,5.28609037399292,4
d64h1L1,65728,6144,aitdcc_g_astronomy,4,5.222751617431641,4
d64h1L1,65728,6144,llm_compression_python,1,7.3190484046936035,4
d64h1L1,65728,6144,llm_compression_python,2,7.069037119547526,4
d64h1L1,65728,6144,llm_compression_python,3,6.994327783584595,4
d64h1L1,65728,6144,llm_compression_python,4,6.955527305603027,4
d64h1L1,65728,6144,llm_compression_cc,1,7.8991230726242065,4
d64h1L1,65728,6144,llm_compression_cc,2,7.7432645956675215,4
d64h1L1,65728,6144,llm_compression_cc,3,7.692575693130493,4
d64h1L1,65728,6144,llm_compression_cc,4,7.665290355682373,4
d64h1L1,65728,6144,llm_compression_arxiv_math,1,7.885927319526672,4
d64h1L1,65728,6144,llm_compression_arxiv_math,2,7.7389717896779375,4
d64h1L1,65728,6144,llm_compression_arxiv_math,3,7.68974232673645,4
d64h1L1,65728,6144,llm_compression_arxiv_math,4,7.662961959838867,4
d64h1L1,65728,6144,esc50_pcm8,1,6.544243812561035,4
d64h1L1,65728,6144,esc50_pcm8,2,5.993788719177246,4
d64h1L1,65728,6144,esc50_pcm8,3,5.607449412345886,4
d64h1L1,65728,6144,esc50_pcm8,4,5.296182632446289,4
d64h1L1,65728,6144,esc50_pcm8_11khz,1,6.747050046920776,4
d64h1L1,65728,6144,esc50_pcm8_11khz,2,6.245763699213664,4
d64h1L1,65728,6144,esc50_pcm8_11khz,3,5.894081950187683,4
d64h1L1,65728,6144,esc50_pcm8_11khz,4,5.610720634460449,4
d64h1L1,65728,6144,musicnet_pcm8,1,7.119870901107788,4
d64h1L1,65728,6144,musicnet_pcm8,2,6.847999493281047,4
d64h1L1,65728,6144,musicnet_pcm8,3,6.691636085510254,4
d64h1L1,65728,6144,musicnet_pcm8,4,6.580136775970459,4
d64h1L1,65728,6144,musicnet_pcm8_11khz,1,7.103668808937073,4
d64h1L1,65728,6144,musicnet_pcm8_11khz,2,6.774084011713664,4
d64h1L1,65728,6144,musicnet_pcm8_11khz,3,6.566290616989136,4
d64h1L1,65728,6144,musicnet_pcm8_11khz,4,6.409018039703369,4
d64h1L1,65728,6400,dclm,1,7.823874115943909,4
d64h1L1,65728,6400,dclm,2,7.581120570500691,4
d64h1L1,65728,6400,dclm,3,7.472576260566711,4
d64h1L1,65728,6400,dclm,4,7.413796901702881,4
d64h1L1,65728,6400,dclm_ranked,1,6.788637757301331,4
d64h1L1,65728,6400,dclm_ranked,2,6.26739239692688,4
d64h1L1,65728,6400,dclm_ranked,3,6.060319304466248,4
d64h1L1,65728,6400,dclm_ranked,4,5.947872638702393,4
d64h1L1,65728,6400,dna,1,4.397273063659668,4
d64h1L1,65728,6400,dna,2,3.808838446935018,4
d64h1L1,65728,6400,dna,3,3.6147574186325073,4
d64h1L1,65728,6400,dna,4,3.5261523723602295,4
d64h1L1,65728,6400,arithmetic,1,8.22007966041565,4
d64h1L1,65728,6400,arithmetic,2,8.110543409983316,4
d64h1L1,65728,6400,arithmetic,3,8.066938877105713,4
d64h1L1,65728,6400,arithmetic,4,8.041284561157227,4
d64h1L1,65728,6400,audio_8bit,1,4.76788592338562,4
d64h1L1,65728,6400,audio_8bit,2,4.286669572194417,4
d64h1L1,65728,6400,audio_8bit,3,4.103318810462952,4
d64h1L1,65728,6400,audio_8bit,4,4.0018696784973145,4
d64h1L1,65728,6400,audio_16bit,1,7.053756356239319,4
d64h1L1,65728,6400,audio_16bit,2,6.794853448867798,4
d64h1L1,65728,6400,audio_16bit,3,6.708274602890015,4
d64h1L1,65728,6400,audio_16bit,4,6.663335800170898,4
d64h1L1,65728,6400,speech_commands_pcm8,1,6.366867542266846,4
d64h1L1,65728,6400,speech_commands_pcm8,2,5.681893030802409,4
d64h1L1,65728,6400,speech_commands_pcm8,3,5.310648679733276,4
d64h1L1,65728,6400,speech_commands_pcm8,4,5.091909408569336,4
d64h1L1,65728,6400,speech_commands_pcm8_8khz,1,6.325382590293884,4
d64h1L1,65728,6400,speech_commands_pcm8_8khz,2,5.550121545791626,4
d64h1L1,65728,6400,speech_commands_pcm8_8khz,3,5.136801600456238,4
d64h1L1,65728,6400,speech_commands_pcm8_8khz,4,4.897697448730469,4
d64h1L1,65728,6400,mutopia_melody_16th,1,7.072672486305237,4
d64h1L1,65728,6400,mutopia_melody_16th,2,6.668515205383301,4
d64h1L1,65728,6400,mutopia_melody_16th,3,6.3961182832717896,4
d64h1L1,65728,6400,mutopia_melody_16th,4,6.183597087860107,4
d64h1L1,65728,6400,cifar10_rgb_planar,1,7.893904805183411,4
d64h1L1,65728,6400,cifar10_rgb_planar,2,7.7736960252126055,4
d64h1L1,65728,6400,cifar10_rgb_planar,3,7.7248945236206055,4
d64h1L1,65728,6400,cifar10_rgb_planar,4,7.696898460388184,4
d64h1L1,65728,6400,cifar10_rgb_hwc,1,7.940662980079651,4
d64h1L1,65728,6400,cifar10_rgb_hwc,2,7.8249930540720625,4
d64h1L1,65728,6400,cifar10_rgb_hwc,3,7.779228091239929,4
d64h1L1,65728,6400,cifar10_rgb_hwc,4,7.753268718719482,4
d64h1L1,65728,6400,kolmogorov_text,1,7.872521758079529,4
d64h1L1,65728,6400,kolmogorov_text,2,7.6747119426727295,4
d64h1L1,65728,6400,kolmogorov_text,3,7.587230682373047,4
d64h1L1,65728,6400,kolmogorov_text,4,7.539559841156006,4
d64h1L1,65728,6400,kolmogorov_dna,1,4.566162824630737,4
d64h1L1,65728,6400,kolmogorov_dna,2,3.9845488468805947,4
d64h1L1,65728,6400,kolmogorov_dna,3,3.8169736862182617,4
d64h1L1,65728,6400,kolmogorov_dna,4,3.7383031845092773,4
d64h1L1,65728,6400,metamath,1,7.837206125259399,4
d64h1L1,65728,6400,metamath,2,7.613912185033162,4
d64h1L1,65728,6400,metamath,3,7.522337794303894,4
d64h1L1,65728,6400,metamath,4,7.474278450012207,4
d64h1L1,65728,6400,aitdcc_a_protein,1,7.994359016418457,4
d64h1L1,65728,6400,aitdcc_a_protein,2,7.925980806350708,4
d64h1L1,65728,6400,aitdcc_a_protein,3,7.897995829582214,4
d64h1L1,65728,6400,aitdcc_a_protein,4,7.882724285125732,4
d64h1L1,65728,6400,aitdcc_b_c_source,1,7.941457629203796,4
d64h1L1,65728,6400,aitdcc_b_c_source,2,7.758969942728679,4
d64h1L1,65728,6400,aitdcc_b_c_source,3,7.6818389892578125,4
d64h1L1,65728,6400,aitdcc_b_c_source,4,7.640749454498291,4
d64h1L1,65728,6400,aitdcc_d_glibc_rand,1,8.258663892745972,4
d64h1L1,65728,6400,aitdcc_d_glibc_rand,2,8.162941455841064,4
d64h1L1,65728,6400,aitdcc_d_glibc_rand,3,8.127928733825684,4
d64h1L1,65728,6400,aitdcc_d_glibc_rand,4,8.108757972717285,4
d64h1L1,65728,6400,aitdcc_e_atlas_float32,1,8.315499067306519,4
d64h1L1,65728,6400,aitdcc_e_atlas_float32,2,8.182960351308187,4
d64h1L1,65728,6400,aitdcc_e_atlas_float32,3,8.134661197662354,4
d64h1L1,65728,6400,aitdcc_e_atlas_float32,4,8.107803344726562,4
d64h1L1,65728,6400,aitdcc_g_astronomy,1,6.1031739711761475,4
d64h1L1,65728,6400,aitdcc_g_astronomy,2,5.72649621963501,4
d64h1L1,65728,6400,aitdcc_g_astronomy,3,5.612623453140259,4
d64h1L1,65728,6400,aitdcc_g_astronomy,4,5.555591583251953,4
d64h1L1,65728,6400,llm_compression_python,1,7.295822739601135,4
d64h1L1,65728,6400,llm_compression_python,2,6.988152662913005,4
d64h1L1,65728,6400,llm_compression_python,3,6.859201669692993,4
d64h1L1,65728,6400,llm_compression_python,4,6.800734519958496,4
d64h1L1,65728,6400,llm_compression_cc,1,7.848550081253052,4
d64h1L1,65728,6400,llm_compression_cc,2,7.615578969319661,4
d64h1L1,65728,6400,llm_compression_cc,3,7.511486530303955,4
d64h1L1,65728,6400,llm_compression_cc,4,7.454564571380615,4
d64h1L1,65728,6400,llm_compression_arxiv_math,1,7.907914638519287,4
d64h1L1,65728,6400,llm_compression_arxiv_math,2,7.72049601872762,4
d64h1L1,65728,6400,llm_compression_arxiv_math,3,7.639899253845215,4
d64h1L1,65728,6400,llm_compression_arxiv_math,4,7.596424102783203,4
d64h1L1,65728,6400,esc50_pcm8,1,6.526195287704468,4
d64h1L1,65728,6400,esc50_pcm8,2,5.961230754852295,4
d64h1L1,65728,6400,esc50_pcm8,3,5.6368266344070435,4
d64h1L1,65728,6400,esc50_pcm8,4,5.429192543029785,4
d64h1L1,65728,6400,esc50_pcm8_11khz,1,6.7143930196762085,4
d64h1L1,65728,6400,esc50_pcm8_11khz,2,6.189252058664958,4
d64h1L1,65728,6400,esc50_pcm8_11khz,3,5.892003178596497,4
d64h1L1,65728,6400,esc50_pcm8_11khz,4,5.704904079437256,4
d64h1L1,65728,6400,musicnet_pcm8,1,7.10586953163147,4
d64h1L1,65728,6400,musicnet_pcm8,2,6.85258420308431,4
d64h1L1,65728,6400,musicnet_pcm8,3,6.72110915184021,4
d64h1L1,65728,6400,musicnet_pcm8,4,6.638087272644043,4
d64h1L1,65728,6400,musicnet_pcm8_11khz,1,7.041891813278198,4
d64h1L1,65728,6400,musicnet_pcm8_11khz,2,6.682273705800374,4
d64h1L1,65728,6400,musicnet_pcm8_11khz,3,6.494009852409363,4
d64h1L1,65728,6400,musicnet_pcm8_11khz,4,6.383778095245361,4
d64h1L1,65728,6656,dclm,1,7.837956666946411,4
d64h1L1,65728,6656,dclm,2,7.692476113637288,4
d64h1L1,65728,6656,dclm,3,7.629209399223328,4
d64h1L1,65728,6656,dclm,4,7.592946529388428,4
d64h1L1,65728,6656,dclm_ranked,1,6.582688331604004,4
d64h1L1,65728,6656,dclm_ranked,2,6.055373589197795,4
d64h1L1,65728,6656,dclm_ranked,3,5.858387231826782,4
d64h1L1,65728,6656,dclm_ranked,4,5.74932861328125,4
d64h1L1,65728,6656,dna,1,4.073438763618469,4
d64h1L1,65728,6656,dna,2,3.332338333129883,4
d64h1L1,65728,6656,dna,3,3.0900336503982544,4
d64h1L1,65728,6656,dna,4,2.992589235305786,4
d64h1L1,65728,6656,arithmetic,1,8.215983390808105,4
d64h1L1,65728,6656,arithmetic,2,8.09827709197998,4
d64h1L1,65728,6656,arithmetic,3,8.051967144012451,4
d64h1L1,65728,6656,arithmetic,4,8.0250244140625,4
d64h1L1,65728,6656,audio_8bit,1,4.680505752563477,4
d64h1L1,65728,6656,audio_8bit,2,4.199448426564534,4
d64h1L1,65728,6656,audio_8bit,3,4.025267124176025,4
d64h1L1,65728,6656,audio_8bit,4,3.9354050159454346,4
d64h1L1,65728,6656,audio_16bit,1,7.020211696624756,4
d64h1L1,65728,6656,audio_16bit,2,6.786763588587443,4
d64h1L1,65728,6656,audio_16bit,3,6.701477885246277,4
d64h1L1,65728,6656,audio_16bit,4,6.656103610992432,4
d64h1L1,65728,6656,speech_commands_pcm8,1,7.020875811576843,4
d64h1L1,65728,6656,speech_commands_pcm8,2,6.590723991394043,4
d64h1L1,65728,6656,speech_commands_pcm8,3,6.348360657691956,4
d64h1L1,65728,6656,speech_commands_pcm8,4,6.166965007781982,4
d64h1L1,65728,6656,speech_commands_pcm8_8khz,1,7.057795524597168,4
d64h1L1,65728,6656,speech_commands_pcm8_8khz,2,6.5805238882700605,4
d64h1L1,65728,6656,speech_commands_pcm8_8khz,3,6.318826079368591,4
d64h1L1,65728,6656,speech_commands_pcm8_8khz,4,6.123034954071045,4
d64h1L1,65728,6656,mutopia_melody_16th,1,7.358262419700623,4
d64h1L1,65728,6656,mutopia_melody_16th,2,6.938064813613892,4
d64h1L1,65728,6656,mutopia_melody_16th,3,6.709541082382202,4
d64h1L1,65728,6656,mutopia_melody_16th,4,6.54582405090332,4
d64h1L1,65728,6656,cifar10_rgb_planar,1,7.888677000999451,4
d64h1L1,65728,6656,cifar10_rgb_planar,2,7.76120400428772,4
d64h1L1,65728,6656,cifar10_rgb_planar,3,7.709627032279968,4
d64h1L1,65728,6656,cifar10_rgb_planar,4,7.680755615234375,4
d64h1L1,65728,6656,cifar10_rgb_hwc,1,7.947043418884277,4
d64h1L1,65728,6656,cifar10_rgb_hwc,2,7.823538780212402,4
d64h1L1,65728,6656,cifar10_rgb_hwc,3,7.7746148109436035,4
d64h1L1,65728,6656,cifar10_rgb_hwc,4,7.747950553894043,4
d64h1L1,65728,6656,kolmogorov_text,1,7.881054401397705,4
d64h1L1,65728,6656,kolmogorov_text,2,7.7529060045878095,4
d64h1L1,65728,6656,kolmogorov_text,3,7.6972925662994385,4
d64h1L1,65728,6656,kolmogorov_text,4,7.66546630859375,4
d64h1L1,65728,6656,kolmogorov_dna,1,3.9273025393486023,4
d64h1L1,65728,6656,kolmogorov_dna,2,3.3941559394200644,4
d64h1L1,65728,6656,kolmogorov_dna,3,3.1769816279411316,4
d64h1L1,65728,6656,kolmogorov_dna,4,3.0612540245056152,4
d64h1L1,65728,6656,metamath,1,7.771325349807739,4
d64h1L1,65728,6656,metamath,2,7.47592822710673,4
d64h1L1,65728,6656,metamath,3,7.352553844451904,4
d64h1L1,65728,6656,metamath,4,7.2792439460754395,4
d64h1L1,65728,6656,aitdcc_a_protein,1,7.951089859008789,4
d64h1L1,65728,6656,aitdcc_a_protein,2,7.8448881308237715,4
d64h1L1,65728,6656,aitdcc_a_protein,3,7.796595096588135,4
d64h1L1,65728,6656,aitdcc_a_protein,4,7.76663064956665,4
d64h1L1,65728,6656,aitdcc_b_c_source,1,7.8854740858078,4
d64h1L1,65728,6656,aitdcc_b_c_source,2,7.749148686726888,4
d64h1L1,65728,6656,aitdcc_b_c_source,3,7.688810467720032,4
d64h1L1,65728,6656,aitdcc_b_c_source,4,7.652743816375732,4
d64h1L1,65728,6656,aitdcc_d_glibc_rand,1,8.25393295288086,4
d64h1L1,65728,6656,aitdcc_d_glibc_rand,2,8.157373428344727,4
d64h1L1,65728,6656,aitdcc_d_glibc_rand,3,8.121741533279419,4
d64h1L1,65728,6656,aitdcc_d_glibc_rand,4,8.102128028869629,4
d64h1L1,65728,6656,aitdcc_e_atlas_float32,1,8.314754247665405,4
d64h1L1,65728,6656,aitdcc_e_atlas_float32,2,8.191648165384928,4
d64h1L1,65728,6656,aitdcc_e_atlas_float32,3,8.14578914642334,4
d64h1L1,65728,6656,aitdcc_e_atlas_float32,4,8.120101928710938,4
d64h1L1,65728,6656,aitdcc_g_astronomy,1,6.131723523139954,4
d64h1L1,65728,6656,aitdcc_g_astronomy,2,5.621110598246257,4
d64h1L1,65728,6656,aitdcc_g_astronomy,3,5.4422537088394165,4
d64h1L1,65728,6656,aitdcc_g_astronomy,4,5.37471342086792,4
d64h1L1,65728,6656,llm_compression_python,1,7.217982292175293,4
d64h1L1,65728,6656,llm_compression_python,2,6.951876084009807,4
d64h1L1,65728,6656,llm_compression_python,3,6.847698926925659,4
d64h1L1,65728,6656,llm_compression_python,4,6.796903133392334,4
d64h1L1,65728,6656,llm_compression_cc,1,7.875001668930054,4
d64h1L1,65728,6656,llm_compression_cc,2,7.736232360204061,4
d64h1L1,65728,6656,llm_compression_cc,3,7.675408363342285,4
d64h1L1,65728,6656,llm_compression_cc,4,7.640211582183838,4
d64h1L1,65728,6656,llm_compression_arxiv_math,1,7.899200916290283,4
d64h1L1,65728,6656,llm_compression_arxiv_math,2,7.749417781829834,4
d64h1L1,65728,6656,llm_compression_arxiv_math,3,7.68266224861145,4
d64h1L1,65728,6656,llm_compression_arxiv_math,4,7.641664028167725,4
d64h1L1,65728,6656,esc50_pcm8,1,7.008103251457214,4
d64h1L1,65728,6656,esc50_pcm8,2,6.608143885930379,4
d64h1L1,65728,6656,esc50_pcm8,3,6.3772255182266235,4
d64h1L1,65728,6656,esc50_pcm8,4,6.20802116394043,4
d64h1L1,65728,6656,esc50_pcm8_11khz,1,7.189649701118469,4
d64h1L1,65728,6656,esc50_pcm8_11khz,2,6.828049023946126,4
d64h1L1,65728,6656,esc50_pcm8_11khz,3,6.619971871376038,4
d64h1L1,65728,6656,esc50_pcm8_11khz,4,6.466075897216797,4
d64h1L1,65728,6656,musicnet_pcm8,1,7.291328549385071,4
d64h1L1,65728,6656,musicnet_pcm8,2,7.07507602373759,4
d64h1L1,65728,6656,musicnet_pcm8,3,6.970785021781921,4
d64h1L1,65728,6656,musicnet_pcm8,4,6.907033920288086,4
d64h1L1,65728,6656,musicnet_pcm8_11khz,1,7.3899606466293335,4
d64h1L1,65728,6656,musicnet_pcm8_11khz,2,7.132539351781209,4
d64h1L1,65728,6656,musicnet_pcm8_11khz,3,6.9978954792022705,4
d64h1L1,65728,6656,musicnet_pcm8_11khz,4,6.904776096343994,4
d64h1L1,65728,6912,dclm,1,7.865818023681641,4
d64h1L1,65728,6912,dclm,2,7.7570860385894775,4
d64h1L1,65728,6912,dclm,3,7.708080410957336,4
d64h1L1,65728,6912,dclm,4,7.678310394287109,4
d64h1L1,65728,6912,dclm_ranked,1,6.879718065261841,4
d64h1L1,65728,6912,dclm_ranked,2,6.26320751508077,4
d64h1L1,65728,6912,dclm_ranked,3,6.046915173530579,4
d64h1L1,65728,6912,dclm_ranked,4,5.932240962982178,4
d64h1L1,65728,6912,dna,1,4.146364390850067,4
d64h1L1,65728,6912,dna,2,3.5018308560053506,4
d64h1L1,65728,6912,dna,3,3.296093702316284,4
d64h1L1,65728,6912,dna,4,3.1895172595977783,4
d64h1L1,65728,6912,arithmetic,1,8.159590721130371,4
d64h1L1,65728,6912,arithmetic,2,8.07775592803955,4
d64h1L1,65728,6912,arithmetic,3,8.046358585357666,4
d64h1L1,65728,6912,arithmetic,4,8.028133392333984,4
d64h1L1,65728,6912,audio_8bit,1,4.709910035133362,4
d64h1L1,65728,6912,audio_8bit,2,4.213386297225952,4
d64h1L1,65728,6912,audio_8bit,3,4.041598320007324,4
d64h1L1,65728,6912,audio_8bit,4,3.9517061710357666,4
d64h1L1,65728,6912,audio_16bit,1,7.066358923912048,4
d64h1L1,65728,6912,audio_16bit,2,6.833580096562703,4
d64h1L1,65728,6912,audio_16bit,3,6.750337362289429,4
d64h1L1,65728,6912,audio_16bit,4,6.706602573394775,4
d64h1L1,65728,6912,speech_commands_pcm8,1,7.01051127910614,4
d64h1L1,65728,6912,speech_commands_pcm8,2,6.477816661198934,4
d64h1L1,65728,6912,speech_commands_pcm8,3,6.113170146942139,4
d64h1L1,65728,6912,speech_commands_pcm8,4,5.811066627502441,4
d64h1L1,65728,6912,speech_commands_pcm8_8khz,1,7.037147045135498,4
d64h1L1,65728,6912,speech_commands_pcm8_8khz,2,6.473172585169475,4
d64h1L1,65728,6912,speech_commands_pcm8_8khz,3,6.078808665275574,4
d64h1L1,65728,6912,speech_commands_pcm8_8khz,4,5.748660564422607,4
d64h1L1,65728,6912,mutopia_melody_16th,1,7.064824342727661,4
d64h1L1,65728,6912,mutopia_melody_16th,2,6.379026889801025,4
d64h1L1,65728,6912,mutopia_melody_16th,3,5.889149904251099,4
d64h1L1,65728,6912,mutopia_melody_16th,4,5.472567558288574,4
d64h1L1,65728,6912,cifar10_rgb_planar,1,7.826495289802551,4
d64h1L1,65728,6912,cifar10_rgb_planar,2,7.731810410817464,4
d64h1L1,65728,6912,cifar10_rgb_planar,3,7.694456696510315,4
d64h1L1,65728,6912,cifar10_rgb_planar,4,7.673525333404541,4
d64h1L1,65728,6912,cifar10_rgb_hwc,1,7.878733396530151,4
d64h1L1,65728,6912,cifar10_rgb_hwc,2,7.7878860632578535,4
d64h1L1,65728,6912,cifar10_rgb_hwc,3,7.753211975097656,4
d64h1L1,65728,6912,cifar10_rgb_hwc,4,7.734081268310547,4
d64h1L1,65728,6912,kolmogorov_text,1,7.873165130615234,4
d64h1L1,65728,6912,kolmogorov_text,2,7.770140250523885,4
d64h1L1,65728,6912,kolmogorov_text,3,7.724198937416077,4
d64h1L1,65728,6912,kolmogorov_text,4,7.6966872215271,4
d64h1L1,65728,6912,kolmogorov_dna,1,4.1124014258384705,4
d64h1L1,65728,6912,kolmogorov_dna,2,3.5528308550516763,4
d64h1L1,65728,6912,kolmogorov_dna,3,3.354685068130493,4
d64h1L1,65728,6912,kolmogorov_dna,4,3.2461862564086914,4
d64h1L1,65728,6912,metamath,1,7.898560404777527,4
d64h1L1,65728,6912,metamath,2,7.77556300163269,4
d64h1L1,65728,6912,metamath,3,7.728996276855469,4
d64h1L1,65728,6912,metamath,4,7.703473091125488,4
d64h1L1,65728,6912,aitdcc_a_protein,1,7.87519907951355,4
d64h1L1,65728,6912,aitdcc_a_protein,2,7.788655757904053,4
d64h1L1,65728,6912,aitdcc_a_protein,3,7.751755356788635,4
d64h1L1,65728,6912,aitdcc_a_protein,4,7.729856014251709,4
d64h1L1,65728,6912,aitdcc_b_c_source,1,7.910925388336182,4
d64h1L1,65728,6912,aitdcc_b_c_source,2,7.816222031911214,4
d64h1L1,65728,6912,aitdcc_b_c_source,3,7.776353359222412,4
d64h1L1,65728,6912,aitdcc_b_c_source,4,7.753086566925049,4
d64h1L1,65728,6912,aitdcc_d_glibc_rand,1,8.19094729423523,4
d64h1L1,65728,6912,aitdcc_d_glibc_rand,2,8.120110988616943,4
d64h1L1,65728,6912,aitdcc_d_glibc_rand,3,8.095179796218872,4
d64h1L1,65728,6912,aitdcc_d_glibc_rand,4,8.08199691772461,4
d64h1L1,65728,6912,aitdcc_e_atlas_float32,1,8.176032066345215,4
d64h1L1,65728,6912,aitdcc_e_atlas_float32,2,8.087206681569418,4
d64h1L1,65728,6912,aitdcc_e_atlas_float32,3,8.05457615852356,4
d64h1L1,65728,6912,aitdcc_e_atlas_float32,4,8.036882400512695,4
d64h1L1,65728,6912,aitdcc_g_astronomy,1,6.290270447731018,4
d64h1L1,65728,6912,aitdcc_g_astronomy,2,5.770468870798747,4
d64h1L1,65728,6912,aitdcc_g_astronomy,3,5.599694490432739,4
d64h1L1,65728,6912,aitdcc_g_astronomy,4,5.52195405960083,4
d64h1L1,65728,6912,llm_compression_python,1,7.3935182094573975,4
d64h1L1,65728,6912,llm_compression_python,2,7.2795759836832685,4
d64h1L1,65728,6912,llm_compression_python,3,7.2307093143463135,4
d64h1L1,65728,6912,llm_compression_python,4,7.201469898223877,4
d64h1L1,65728,6912,llm_compression_cc,1,7.89187490940094,4
d64h1L1,65728,6912,llm_compression_cc,2,7.781652450561523,4
d64h1L1,65728,6912,llm_compression_cc,3,7.731333255767822,4
d64h1L1,65728,6912,llm_compression_cc,4,7.700412273406982,4
d64h1L1,65728,6912,llm_compression_arxiv_math,1,7.907348275184631,4
d64h1L1,65728,6912,llm_compression_arxiv_math,2,7.820797363917033,4
d64h1L1,65728,6912,llm_compression_arxiv_math,3,7.784479022026062,4
d64h1L1,65728,6912,llm_compression_arxiv_math,4,7.763594627380371,4
d64h1L1,65728,6912,esc50_pcm8,1,6.9620009660720825,4
d64h1L1,65728,6912,esc50_pcm8,2,6.433665831883748,4
d64h1L1,65728,6912,esc50_pcm8,3,6.08713698387146,4
d64h1L1,65728,6912,esc50_pcm8,4,5.806440353393555,4
d64h1L1,65728,6912,esc50_pcm8_11khz,1,7.150180339813232,4
d64h1L1,65728,6912,esc50_pcm8_11khz,2,6.6806933879852295,4
d64h1L1,65728,6912,esc50_pcm8_11khz,3,6.365483403205872,4
d64h1L1,65728,6912,esc50_pcm8_11khz,4,6.106562614440918,4
d64h1L1,65728,6912,musicnet_pcm8,1,7.222832560539246,4
d64h1L1,65728,6912,musicnet_pcm8,2,6.9996562004089355,4
d64h1L1,65728,6912,musicnet_pcm8,3,6.886008620262146,4
d64h1L1,65728,6912,musicnet_pcm8,4,6.814211845397949,4
d64h1L1,65728,6912,musicnet_pcm8_11khz,1,7.352221846580505,4
d64h1L1,65728,6912,musicnet_pcm8_11khz,2,7.066548029581706,4
d64h1L1,65728,6912,musicnet_pcm8_11khz,3,6.89274001121521,4
d64h1L1,65728,6912,musicnet_pcm8_11khz,4,6.759655475616455,4
d64h1L1,65728,7168,dclm,1,7.824884653091431,4
d64h1L1,65728,7168,dclm,2,7.661001205444336,4
d64h1L1,65728,7168,dclm,3,7.575328469276428,4
d64h1L1,65728,7168,dclm,4,7.5184197425842285,4
d64h1L1,65728,7168,dclm_ranked,1,6.600998759269714,4
d64h1L1,65728,7168,dclm_ranked,2,6.11978801091512,4
d64h1L1,65728,7168,dclm_ranked,3,5.947909951210022,4
d64h1L1,65728,7168,dclm_ranked,4,5.860311508178711,4
d64h1L1,65728,7168,dna,1,4.401350975036621,4
d64h1L1,65728,7168,dna,2,3.5894115765889487,4
d64h1L1,65728,7168,dna,3,3.2775338888168335,4
d64h1L1,65728,7168,dna,4,3.1356825828552246,4
d64h1L1,65728,7168,arithmetic,1,8.253115892410278,4
d64h1L1,65728,7168,arithmetic,2,8.129646301269531,4
d64h1L1,65728,7168,arithmetic,3,8.084991693496704,4
d64h1L1,65728,7168,arithmetic,4,8.059398651123047,4
d64h1L1,65728,7168,audio_8bit,1,4.633827805519104,4
d64h1L1,65728,7168,audio_8bit,2,4.1672844886779785,4
d64h1L1,65728,7168,audio_8bit,3,3.986892580986023,4
d64h1L1,65728,7168,audio_8bit,4,3.889706611633301,4
d64h1L1,65728,7168,audio_16bit,1,7.0814279317855835,4
d64h1L1,65728,7168,audio_16bit,2,6.833653926849365,4
d64h1L1,65728,7168,audio_16bit,3,6.7452908754348755,4
d64h1L1,65728,7168,audio_16bit,4,6.697709560394287,4
d64h1L1,65728,7168,speech_commands_pcm8,1,6.406175851821899,4
d64h1L1,65728,7168,speech_commands_pcm8,2,5.861191272735596,4
d64h1L1,65728,7168,speech_commands_pcm8,3,5.5264482498168945,4
d64h1L1,65728,7168,speech_commands_pcm8,4,5.3013739585876465,4
d64h1L1,65728,7168,speech_commands_pcm8_8khz,1,6.330883026123047,4
d64h1L1,65728,7168,speech_commands_pcm8_8khz,2,5.738237460454305,4
d64h1L1,65728,7168,speech_commands_pcm8_8khz,3,5.377171516418457,4
d64h1L1,65728,7168,speech_commands_pcm8_8khz,4,5.13881778717041,4
d64h1L1,65728,7168,mutopia_melody_16th,1,7.233351707458496,4
d64h1L1,65728,7168,mutopia_melody_16th,2,6.774118264516194,4
d64h1L1,65728,7168,mutopia_melody_16th,3,6.444799423217773,4
d64h1L1,65728,7168,mutopia_melody_16th,4,6.173051834106445,4
d64h1L1,65728,7168,cifar10_rgb_planar,1,7.903423190116882,4
d64h1L1,65728,7168,cifar10_rgb_planar,2,7.7688218752543134,4
d64h1L1,65728,7168,cifar10_rgb_planar,3,7.717243194580078,4
d64h1L1,65728,7168,cifar10_rgb_planar,4,7.688216209411621,4
d64h1L1,65728,7168,cifar10_rgb_hwc,1,7.966495037078857,4
d64h1L1,65728,7168,cifar10_rgb_hwc,2,7.837413867314656,4
d64h1L1,65728,7168,cifar10_rgb_hwc,3,7.789511322975159,4
d64h1L1,65728,7168,cifar10_rgb_hwc,4,7.762851715087891,4
d64h1L1,65728,7168,kolmogorov_text,1,7.86627471446991,4
d64h1L1,65728,7168,kolmogorov_text,2,7.723654905954997,4
d64h1L1,65728,7168,kolmogorov_text,3,7.6527687311172485,4
d64h1L1,65728,7168,kolmogorov_text,4,7.607022285461426,4
d64h1L1,65728,7168,kolmogorov_dna,1,4.149825155735016,4
d64h1L1,65728,7168,kolmogorov_dna,2,3.6043829917907715,4
d64h1L1,65728,7168,kolmogorov_dna,3,3.402764141559601,4
d64h1L1,65728,7168,kolmogorov_dna,4,3.309349775314331,4
d64h1L1,65728,7168,metamath,1,7.762335300445557,4
d64h1L1,65728,7168,metamath,2,7.5571080048878985,4
d64h1L1,65728,7168,metamath,3,7.461252331733704,4
d64h1L1,65728,7168,metamath,4,7.4033308029174805,4
d64h1L1,65728,7168,aitdcc_a_protein,1,7.930325269699097,4
d64h1L1,65728,7168,aitdcc_a_protein,2,7.844213247299194,4
d64h1L1,65728,7168,aitdcc_a_protein,3,7.809032082557678,4
d64h1L1,65728,7168,aitdcc_a_protein,4,7.7891106605529785,4
d64h1L1,65728,7168,aitdcc_b_c_source,1,7.894633769989014,4
d64h1L1,65728,7168,aitdcc_b_c_source,2,7.760261615117391,4
d64h1L1,65728,7168,aitdcc_b_c_source,3,7.697600245475769,4
d64h1L1,65728,7168,aitdcc_b_c_source,4,7.658160209655762,4
d64h1L1,65728,7168,aitdcc_d_glibc_rand,1,8.290356636047363,4
d64h1L1,65728,7168,aitdcc_d_glibc_rand,2,8.182385285695394,4
d64h1L1,65728,7168,aitdcc_d_glibc_rand,3,8.146015405654907,4
d64h1L1,65728,7168,aitdcc_d_glibc_rand,4,8.126609802246094,4
d64h1L1,65728,7168,aitdcc_e_atlas_float32,1,8.245992660522461,4
d64h1L1,65728,7168,aitdcc_e_atlas_float32,2,8.147393544514975,4
d64h1L1,65728,7168,aitdcc_e_atlas_float32,3,8.113350629806519,4
d64h1L1,65728,7168,aitdcc_e_atlas_float32,4,8.095233917236328,4
d64h1L1,65728,7168,aitdcc_g_astronomy,1,6.519221901893616,4
d64h1L1,65728,7168,aitdcc_g_astronomy,2,5.9188923835754395,4
d64h1L1,65728,7168,aitdcc_g_astronomy,3,5.669564127922058,4
d64h1L1,65728,7168,aitdcc_g_astronomy,4,5.5940842628479,4
d64h1L1,65728,7168,llm_compression_python,1,7.286261200904846,4
d64h1L1,65728,7168,llm_compression_python,2,7.074789683024089,4
d64h1L1,65728,7168,llm_compression_python,3,6.981847643852234,4
d64h1L1,65728,7168,llm_compression_python,4,6.925734519958496,4
d64h1L1,65728,7168,llm_compression_cc,1,7.85641872882843,4
d64h1L1,65728,7168,llm_compression_cc,2,7.696155071258545,4
d64h1L1,65728,7168,llm_compression_cc,3,7.612505197525024,4
d64h1L1,65728,7168,llm_compression_cc,4,7.557084083557129,4
d64h1L1,65728,7168,llm_compression_arxiv_math,1,7.8811949491500854,4
d64h1L1,65728,7168,llm_compression_arxiv_math,2,7.749855836232503,4
d64h1L1,65728,7168,llm_compression_arxiv_math,3,7.689263701438904,4
d64h1L1,65728,7168,llm_compression_arxiv_math,4,7.651857376098633,4
d64h1L1,65728,7168,esc50_pcm8,1,6.574491620063782,4
d64h1L1,65728,7168,esc50_pcm8,2,6.086334387461345,4
d64h1L1,65728,7168,esc50_pcm8,3,5.7767945528030396,4
d64h1L1,65728,7168,esc50_pcm8,4,5.555134296417236,4
d64h1L1,65728,7168,esc50_pcm8_11khz,1,6.77657687664032,4
d64h1L1,65728,7168,esc50_pcm8_11khz,2,6.324975967407227,4
d64h1L1,65728,7168,esc50_pcm8_11khz,3,6.038862705230713,4
d64h1L1,65728,7168,esc50_pcm8_11khz,4,5.83447790145874,4
d64h1L1,65728,7168,musicnet_pcm8,1,7.137259364128113,4
d64h1L1,65728,7168,musicnet_pcm8,2,6.902807156244914,4
d64h1L1,65728,7168,musicnet_pcm8,3,6.785719037055969,4
d64h1L1,65728,7168,musicnet_pcm8,4,6.712838649749756,4
d64h1L1,65728,7168,musicnet_pcm8_11khz,1,7.087365984916687,4
d64h1L1,65728,7168,musicnet_pcm8_11khz,2,6.78526250521342,4
d64h1L1,65728,7168,musicnet_pcm8_11khz,3,6.616657495498657,4
d64h1L1,65728,7168,musicnet_pcm8_11khz,4,6.508118629455566,4
d64h1L1,65728,7424,dclm,1,7.761470675468445,4
d64h1L1,65728,7424,dclm,2,7.6322868665059405,4
d64h1L1,65728,7424,dclm,3,7.580468773841858,4
d64h1L1,65728,7424,dclm,4,7.55373477935791,4
d64h1L1,65728,7424,dclm_ranked,1,6.635414481163025,4
d64h1L1,65728,7424,dclm_ranked,2,6.110652844111125,4
d64h1L1,65728,7424,dclm_ranked,3,5.89445424079895,4
d64h1L1,65728,7424,dclm_ranked,4,5.7661333084106445,4
d64h1L1,65728,7424,dna,1,4.246782422065735,4
d64h1L1,65728,7424,dna,2,3.54282275835673,4
d64h1L1,65728,7424,dna,3,3.282289445400238,4
d64h1L1,65728,7424,dna,4,3.1539790630340576,4
d64h1L1,65728,7424,arithmetic,1,8.170761823654175,4
d64h1L1,65728,7424,arithmetic,2,8.071091969807943,4
d64h1L1,65728,7424,arithmetic,3,8.030028581619263,4
d64h1L1,65728,7424,arithmetic,4,8.00553035736084,4
d64h1L1,65728,7424,audio_8bit,1,4.745688557624817,4
d64h1L1,65728,7424,audio_8bit,2,4.257483959197998,4
d64h1L1,65728,7424,audio_8bit,3,4.104066491127014,4
d64h1L1,65728,7424,audio_8bit,4,4.0242228507995605,4
d64h1L1,65728,7424,audio_16bit,1,7.096537828445435,4
d64h1L1,65728,7424,audio_16bit,2,6.851890881856282,4
d64h1L1,65728,7424,audio_16bit,3,6.764216780662537,4
d64h1L1,65728,7424,audio_16bit,4,6.717241287231445,4
d64h1L1,65728,7424,speech_commands_pcm8,1,6.912826061248779,4
d64h1L1,65728,7424,speech_commands_pcm8,2,6.374141693115234,4
d64h1L1,65728,7424,speech_commands_pcm8,3,5.991605520248413,4
d64h1L1,65728,7424,speech_commands_pcm8,4,5.675466537475586,4
d64h1L1,65728,7424,speech_commands_pcm8_8khz,1,6.924770712852478,4
d64h1L1,65728,7424,speech_commands_pcm8_8khz,2,6.337074677149455,4
d64h1L1,65728,7424,speech_commands_pcm8_8khz,3,5.919905185699463,4
d64h1L1,65728,7424,speech_commands_pcm8_8khz,4,5.574191093444824,4
d64h1L1,65728,7424,mutopia_melody_16th,1,7.240269184112549,4
d64h1L1,65728,7424,mutopia_melody_16th,2,6.503600200017293,4
d64h1L1,65728,7424,mutopia_melody_16th,3,5.99139130115509,4
d64h1L1,65728,7424,mutopia_melody_16th,4,5.569270610809326,4
d64h1L1,65728,7424,cifar10_rgb_planar,1,7.825447916984558,4
d64h1L1,65728,7424,cifar10_rgb_planar,2,7.722872177759807,4
d64h1L1,65728,7424,cifar10_rgb_planar,3,7.682088732719421,4
d64h1L1,65728,7424,cifar10_rgb_planar,4,7.659032821655273,4
d64h1L1,65728,7424,cifar10_rgb_hwc,1,7.876908779144287,4
d64h1L1,65728,7424,cifar10_rgb_hwc,2,7.77936585744222,4
d64h1L1,65728,7424,cifar10_rgb_hwc,3,7.7412086725234985,4
d64h1L1,65728,7424,cifar10_rgb_hwc,4,7.71983003616333,4
d64h1L1,65728,7424,kolmogorov_text,1,7.79532527923584,4
d64h1L1,65728,7424,kolmogorov_text,2,7.66896637280782,4
d64h1L1,65728,7424,kolmogorov_text,3,7.61614191532135,4
d64h1L1,65728,7424,kolmogorov_text,4,7.587200164794922,4
d64h1L1,65728,7424,kolmogorov_dna,1,4.268084943294525,4
d64h1L1,65728,7424,kolmogorov_dna,2,3.651125152905782,4
d64h1L1,65728,7424,kolmogorov_dna,3,3.407033920288086,4
d64h1L1,65728,7424,kolmogorov_dna,4,3.275357246398926,4
d64h1L1,65728,7424,metamath,1,7.652870416641235,4
d64h1L1,65728,7424,metamath,2,7.474602063496907,4
d64h1L1,65728,7424,metamath,3,7.401397109031677,4
d64h1L1,65728,7424,metamath,4,7.362122535705566,4
d64h1L1,65728,7424,aitdcc_a_protein,1,7.67525851726532,4
d64h1L1,65728,7424,aitdcc_a_protein,2,7.571455558141072,4
d64h1L1,65728,7424,aitdcc_a_protein,3,7.523515820503235,4
d64h1L1,65728,7424,aitdcc_a_protein,4,7.495179176330566,4
d64h1L1,65728,7424,aitdcc_b_c_source,1,7.842624545097351,4
d64h1L1,65728,7424,aitdcc_b_c_source,2,7.719699223836263,4
d64h1L1,65728,7424,aitdcc_b_c_source,3,7.667956352233887,4
d64h1L1,65728,7424,aitdcc_b_c_source,4,7.638947010040283,4
d64h1L1,65728,7424,aitdcc_d_glibc_rand,1,8.208010196685791,4
d64h1L1,65728,7424,aitdcc_d_glibc_rand,2,8.130125522613525,4
d64h1L1,65728,7424,aitdcc_d_glibc_rand,3,8.102019786834717,4
d64h1L1,65728,7424,aitdcc_d_glibc_rand,4,8.086944580078125,4
d64h1L1,65728,7424,aitdcc_e_atlas_float32,1,8.039154648780823,4
d64h1L1,65728,7424,aitdcc_e_atlas_float32,2,7.927514473597209,4
d64h1L1,65728,7424,aitdcc_e_atlas_float32,3,7.880430698394775,4
d64h1L1,65728,7424,aitdcc_e_atlas_float32,4,7.852777481079102,4
d64h1L1,65728,7424,aitdcc_g_astronomy,1,5.9804288148880005,4
d64h1L1,65728,7424,aitdcc_g_astronomy,2,5.786052068074544,4
d64h1L1,65728,7424,aitdcc_g_astronomy,3,5.72013258934021,4
d64h1L1,65728,7424,aitdcc_g_astronomy,4,5.686131477355957,4
d64h1L1,65728,7424,llm_compression_python,1,7.122143268585205,4
d64h1L1,65728,7424,llm_compression_python,2,6.859054803848267,4
d64h1L1,65728,7424,llm_compression_python,3,6.757543325424194,4
d64h1L1,65728,7424,llm_compression_python,4,6.713187217712402,4
d64h1L1,65728,7424,llm_compression_cc,1,7.792590618133545,4
d64h1L1,65728,7424,llm_compression_cc,2,7.667107264200847,4
d64h1L1,65728,7424,llm_compression_cc,3,7.617313861846924,4
d64h1L1,65728,7424,llm_compression_cc,4,7.591805458068848,4
d64h1L1,65728,7424,llm_compression_arxiv_math,1,7.839304208755493,4
d64h1L1,65728,7424,llm_compression_arxiv_math,2,7.731303294499715,4
d64h1L1,65728,7424,llm_compression_arxiv_math,3,7.689507842063904,4
d64h1L1,65728,7424,llm_compression_arxiv_math,4,7.668267250061035,4
d64h1L1,65728,7424,esc50_pcm8,1,6.929091453552246,4
d64h1L1,65728,7424,esc50_pcm8,2,6.42000675201416,4
d64h1L1,65728,7424,esc50_pcm8,3,6.058878421783447,4
d64h1L1,65728,7424,esc50_pcm8,4,5.760769844055176,4
d64h1L1,65728,7424,esc50_pcm8_11khz,1,7.102028250694275,4
d64h1L1,65728,7424,esc50_pcm8_11khz,2,6.630382219950358,4
d64h1L1,65728,7424,esc50_pcm8_11khz,3,6.293851733207703,4
d64h1L1,65728,7424,esc50_pcm8_11khz,4,6.015066146850586,4
d64h1L1,65728,7424,musicnet_pcm8,1,7.229298830032349,4
d64h1L1,65728,7424,musicnet_pcm8,2,7.016851584116618,4
d64h1L1,65728,7424,musicnet_pcm8,3,6.903126358985901,4
d64h1L1,65728,7424,musicnet_pcm8,4,6.825953006744385,4
d64h1L1,65728,7424,musicnet_pcm8_11khz,1,7.315462350845337,4
d64h1L1,65728,7424,musicnet_pcm8_11khz,2,7.026962916056315,4
d64h1L1,65728,7424,musicnet_pcm8_11khz,3,6.842713356018066,4
d64h1L1,65728,7424,musicnet_pcm8_11khz,4,6.699005126953125,4
d64h1L1,65728,7680,dclm,1,7.842905402183533,4
d64h1L1,65728,7680,dclm,2,7.6908494631449384,4
d64h1L1,65728,7680,dclm,3,7.625936269760132,4
d64h1L1,65728,7680,dclm,4,7.58629846572876,4
d64h1L1,65728,7680,dclm_ranked,1,6.589385032653809,4
d64h1L1,65728,7680,dclm_ranked,2,6.062362273534139,4
d64h1L1,65728,7680,dclm_ranked,3,5.851419568061829,4
d64h1L1,65728,7680,dclm_ranked,4,5.732426166534424,4
d64h1L1,65728,7680,dna,1,4.083080410957336,4
d64h1L1,65728,7680,dna,2,3.4525263706843057,4
d64h1L1,65728,7680,dna,3,3.2131375670433044,4
d64h1L1,65728,7680,dna,4,3.086822032928467,4
d64h1L1,65728,7680,arithmetic,1,8.171748399734497,4
d64h1L1,65728,7680,arithmetic,2,8.07970380783081,4
d64h1L1,65728,7680,arithmetic,3,8.04358458518982,4
d64h1L1,65728,7680,arithmetic,4,8.022457122802734,4
d64h1L1,65728,7680,audio_8bit,1,4.766571998596191,4
d64h1L1,65728,7680,audio_8bit,2,4.333205779393514,4
d64h1L1,65728,7680,audio_8bit,3,4.166711211204529,4
d64h1L1,65728,7680,audio_8bit,4,4.071199893951416,4
d64h1L1,65728,7680,audio_16bit,1,6.980173230171204,4
d64h1L1,65728,7680,audio_16bit,2,6.751485983530681,4
d64h1L1,65728,7680,audio_16bit,3,6.673716187477112,4
d64h1L1,65728,7680,audio_16bit,4,6.632822036743164,4
d64h1L1,65728,7680,speech_commands_pcm8,1,6.476893663406372,4
d64h1L1,65728,7680,speech_commands_pcm8,2,6.010109265645345,4
d64h1L1,65728,7680,speech_commands_pcm8,3,5.755804061889648,4
d64h1L1,65728,7680,speech_commands_pcm8,4,5.603338241577148,4
d64h1L1,65728,7680,speech_commands_pcm8_8khz,1,6.431983232498169,4
d64h1L1,65728,7680,speech_commands_pcm8_8khz,2,5.918329397837321,4
d64h1L1,65728,7680,speech_commands_pcm8_8khz,3,5.642490267753601,4
d64h1L1,65728,7680,speech_commands_pcm8_8khz,4,5.4791083335876465,4
d64h1L1,65728,7680,mutopia_melody_16th,1,7.376176595687866,4
d64h1L1,65728,7680,mutopia_melody_16th,2,6.943783362706502,4
d64h1L1,65728,7680,mutopia_melody_16th,3,6.652737975120544,4
d64h1L1,65728,7680,mutopia_melody_16th,4,6.419885158538818,4
d64h1L1,65728,7680,cifar10_rgb_planar,1,7.835870146751404,4
d64h1L1,65728,7680,cifar10_rgb_planar,2,7.734745979309082,4
d64h1L1,65728,7680,cifar10_rgb_planar,3,7.693827271461487,4
d64h1L1,65728,7680,cifar10_rgb_planar,4,7.670567989349365,4
d64h1L1,65728,7680,cifar10_rgb_hwc,1,7.885610103607178,4
d64h1L1,65728,7680,cifar10_rgb_hwc,2,7.7897859414418535,4
d64h1L1,65728,7680,cifar10_rgb_hwc,3,7.751917600631714,4
d64h1L1,65728,7680,cifar10_rgb_hwc,4,7.7307047843933105,4
d64h1L1,65728,7680,kolmogorov_text,1,7.847295165061951,4
d64h1L1,65728,7680,kolmogorov_text,2,7.702304204305013,4
d64h1L1,65728,7680,kolmogorov_text,3,7.638239622116089,4
d64h1L1,65728,7680,kolmogorov_text,4,7.5987067222595215,4
d64h1L1,65728,7680,kolmogorov_dna,1,4.076035678386688,4
d64h1L1,65728,7680,kolmogorov_dna,2,3.474320729573568,4
d64h1L1,65728,7680,kolmogorov_dna,3,3.2651639580726624,4
d64h1L1,65728,7680,kolmogorov_dna,4,3.1604931354522705,4
d64h1L1,65728,7680,metamath,1,7.755503296852112,4
d64h1L1,65728,7680,metamath,2,7.585685968399048,4
d64h1L1,65728,7680,metamath,3,7.519877552986145,4
d64h1L1,65728,7680,metamath,4,7.481361389160156,4
d64h1L1,65728,7680,aitdcc_a_protein,1,7.857812166213989,4
d64h1L1,65728,7680,aitdcc_a_protein,2,7.787697950998942,4
d64h1L1,65728,7680,aitdcc_a_protein,3,7.7566118240356445,4
d64h1L1,65728,7680,aitdcc_a_protein,4,7.738110542297363,4
d64h1L1,65728,7680,aitdcc_b_c_source,1,7.891204237937927,4
d64h1L1,65728,7680,aitdcc_b_c_source,2,7.752600749333699,4
d64h1L1,65728,7680,aitdcc_b_c_source,3,7.690299034118652,4
d64h1L1,65728,7680,aitdcc_b_c_source,4,7.652164459228516,4
d64h1L1,65728,7680,aitdcc_d_glibc_rand,1,8.20583200454712,4
d64h1L1,65728,7680,aitdcc_d_glibc_rand,2,8.12941312789917,4
d64h1L1,65728,7680,aitdcc_d_glibc_rand,3,8.101355791091919,4
d64h1L1,65728,7680,aitdcc_d_glibc_rand,4,8.086021423339844,4
d64h1L1,65728,7680,aitdcc_e_atlas_float32,1,8.125197887420654,4
d64h1L1,65728,7680,aitdcc_e_atlas_float32,2,8.035185972849527,4
d64h1L1,65728,7680,aitdcc_e_atlas_float32,3,7.9996174573898315,4
d64h1L1,65728,7680,aitdcc_e_atlas_float32,4,7.979462623596191,4
d64h1L1,65728,7680,aitdcc_g_astronomy,1,6.20619797706604,4
d64h1L1,65728,7680,aitdcc_g_astronomy,2,5.922925551732381,4
d64h1L1,65728,7680,aitdcc_g_astronomy,3,5.802726149559021,4
d64h1L1,65728,7680,aitdcc_g_astronomy,4,5.737185955047607,4
d64h1L1,65728,7680,llm_compression_python,1,7.002164721488953,4
d64h1L1,65728,7680,llm_compression_python,2,6.791499773661296,4
d64h1L1,65728,7680,llm_compression_python,3,6.698934555053711,4
d64h1L1,65728,7680,llm_compression_python,4,6.645097255706787,4
d64h1L1,65728,7680,llm_compression_cc,1,7.880974292755127,4
d64h1L1,65728,7680,llm_compression_cc,2,7.735376040140788,4
d64h1L1,65728,7680,llm_compression_cc,3,7.673554062843323,4
d64h1L1,65728,7680,llm_compression_cc,4,7.635641574859619,4
d64h1L1,65728,7680,llm_compression_arxiv_math,1,7.8601906299591064,4
d64h1L1,65728,7680,llm_compression_arxiv_math,2,7.738098780314128,4
d64h1L1,65728,7680,llm_compression_arxiv_math,3,7.687723636627197,4
d64h1L1,65728,7680,llm_compression_arxiv_math,4,7.657854080200195,4
d64h1L1,65728,7680,esc50_pcm8,1,6.6380404233932495,4
d64h1L1,65728,7680,esc50_pcm8,2,6.199977000554402,4
d64h1L1,65728,7680,esc50_pcm8,3,5.947494387626648,4
d64h1L1,65728,7680,esc50_pcm8,4,5.7817277908325195,4
d64h1L1,65728,7680,esc50_pcm8_11khz,1,6.818648338317871,4
d64h1L1,65728,7680,esc50_pcm8_11khz,2,6.416922410329183,4
d64h1L1,65728,7680,esc50_pcm8_11khz,3,6.185165166854858,4
d64h1L1,65728,7680,esc50_pcm8_11khz,4,6.032172679901123,4
d64h1L1,65728,7680,musicnet_pcm8,1,7.1180726289749146,4
d64h1L1,65728,7680,musicnet_pcm8,2,6.894660393397014,4
d64h1L1,65728,7680,musicnet_pcm8,3,6.782619833946228,4
d64h1L1,65728,7680,musicnet_pcm8,4,6.712504863739014,4
d64h1L1,65728,7680,musicnet_pcm8_11khz,1,7.091745615005493,4
d64h1L1,65728,7680,musicnet_pcm8_11khz,2,6.821608384450276,4
d64h1L1,65728,7680,musicnet_pcm8_11khz,3,6.682258725166321,4
d64h1L1,65728,7680,musicnet_pcm8_11khz,4,6.598829746246338,4
d64h1L1,65728,7936,dclm,1,7.819610118865967,4
d64h1L1,65728,7936,dclm,2,7.652557452519734,4
d64h1L1,65728,7936,dclm,3,7.592222213745117,4
d64h1L1,65728,7936,dclm,4,7.559975624084473,4
d64h1L1,65728,7936,dclm_ranked,1,6.43833315372467,4
d64h1L1,65728,7936,dclm_ranked,2,5.967842896779378,4
d64h1L1,65728,7936,dclm_ranked,3,5.80715012550354,4
d64h1L1,65728,7936,dclm_ranked,4,5.719030380249023,4
d64h1L1,65728,7936,dna,1,3.8602945804595947,4
d64h1L1,65728,7936,dna,2,3.3433146476745605,4
d64h1L1,65728,7936,dna,3,3.167473793029785,4
d64h1L1,65728,7936,dna,4,3.073150873184204,4
d64h1L1,65728,7936,arithmetic,1,8.208082675933838,4
d64h1L1,65728,7936,arithmetic,2,8.109222888946533,4
d64h1L1,65728,7936,arithmetic,3,8.072628498077393,4
d64h1L1,65728,7936,arithmetic,4,8.052139282226562,4
d64h1L1,65728,7936,audio_8bit,1,4.799811482429504,4
d64h1L1,65728,7936,audio_8bit,2,4.344069321950276,4
d64h1L1,65728,7936,audio_8bit,3,4.178804516792297,4
d64h1L1,65728,7936,audio_8bit,4,4.089126110076904,4
d64h1L1,65728,7936,audio_16bit,1,6.9519476890563965,4
d64h1L1,65728,7936,audio_16bit,2,6.742303291956584,4
d64h1L1,65728,7936,audio_16bit,3,6.673718333244324,4
d64h1L1,65728,7936,audio_16bit,4,6.637513637542725,4
d64h1L1,65728,7936,speech_commands_pcm8,1,6.345967769622803,4
d64h1L1,65728,7936,speech_commands_pcm8,2,6.112481753031413,4
d64h1L1,65728,7936,speech_commands_pcm8,3,6.010960102081299,4
d64h1L1,65728,7936,speech_commands_pcm8,4,5.955543041229248,4
d64h1L1,65728,7936,speech_commands_pcm8_8khz,1,6.243599534034729,4
d64h1L1,65728,7936,speech_commands_pcm8_8khz,2,5.995145956675212,4
d64h1L1,65728,7936,speech_commands_pcm8_8khz,3,5.89103901386261,4
d64h1L1,65728,7936,speech_commands_pcm8_8khz,4,5.83651065826416,4
d64h1L1,65728,7936,mutopia_melody_16th,1,7.356917858123779,4
d64h1L1,65728,7936,mutopia_melody_16th,2,7.049261490503947,4
d64h1L1,65728,7936,mutopia_melody_16th,3,6.892167329788208,4
d64h1L1,65728,7936,mutopia_melody_16th,4,6.784092426300049,4
d64h1L1,65728,7936,cifar10_rgb_planar,1,7.841216206550598,4
d64h1L1,65728,7936,cifar10_rgb_planar,2,7.727614323298137,4
d64h1L1,65728,7936,cifar10_rgb_planar,3,7.683504581451416,4
d64h1L1,65728,7936,cifar10_rgb_planar,4,7.658713340759277,4
d64h1L1,65728,7936,cifar10_rgb_hwc,1,7.906090021133423,4
d64h1L1,65728,7936,cifar10_rgb_hwc,2,7.797454833984375,4
d64h1L1,65728,7936,cifar10_rgb_hwc,3,7.756767153739929,4
d64h1L1,65728,7936,cifar10_rgb_hwc,4,7.734250545501709,4
d64h1L1,65728,7936,kolmogorov_text,1,7.81198263168335,4
d64h1L1,65728,7936,kolmogorov_text,2,7.652013460795085,4
d64h1L1,65728,7936,kolmogorov_text,3,7.590700030326843,4
d64h1L1,65728,7936,kolmogorov_text,4,7.555649280548096,4
d64h1L1,65728,7936,kolmogorov_dna,1,3.9535157084465027,4
d64h1L1,65728,7936,kolmogorov_dna,2,3.339518586794535,4
d64h1L1,65728,7936,kolmogorov_dna,3,3.1182583570480347,4
d64h1L1,65728,7936,kolmogorov_dna,4,3.000247001647949,4
d64h1L1,65728,7936,metamath,1,7.802748441696167,4
d64h1L1,65728,7936,metamath,2,7.640328884124756,4
d64h1L1,65728,7936,metamath,3,7.57673978805542,4
d64h1L1,65728,7936,metamath,4,7.5419230461120605,4
d64h1L1,65728,7936,aitdcc_a_protein,1,7.870519161224365,4
d64h1L1,65728,7936,aitdcc_a_protein,2,7.638661781946818,4
d64h1L1,65728,7936,aitdcc_a_protein,3,7.516854405403137,4
d64h1L1,65728,7936,aitdcc_a_protein,4,7.426307201385498,4
d64h1L1,65728,7936,aitdcc_b_c_source,1,7.868184685707092,4
d64h1L1,65728,7936,aitdcc_b_c_source,2,7.730040391286214,4
d64h1L1,65728,7936,aitdcc_b_c_source,3,7.6771382093429565,4
d64h1L1,65728,7936,aitdcc_b_c_source,4,7.648405075073242,4
d64h1L1,65728,7936,aitdcc_d_glibc_rand,1,8.241261720657349,4
d64h1L1,65728,7936,aitdcc_d_glibc_rand,2,8.15785264968872,4
d64h1L1,65728,7936,aitdcc_d_glibc_rand,3,8.129311561584473,4
d64h1L1,65728,7936,aitdcc_d_glibc_rand,4,8.1142578125,4
d64h1L1,65728,7936,aitdcc_e_atlas_float32,1,8.19742465019226,4
d64h1L1,65728,7936,aitdcc_e_atlas_float32,2,8.100239912668863,4
d64h1L1,65728,7936,aitdcc_e_atlas_float32,3,8.065415859222412,4
d64h1L1,65728,7936,aitdcc_e_atlas_float32,4,8.045829772949219,4
d64h1L1,65728,7936,aitdcc_g_astronomy,1,6.216358184814453,4
d64h1L1,65728,7936,aitdcc_g_astronomy,2,5.749203523000081,4
d64h1L1,65728,7936,aitdcc_g_astronomy,3,5.5804959535598755,4
d64h1L1,65728,7936,aitdcc_g_astronomy,4,5.476567268371582,4
d64h1L1,65728,7936,llm_compression_python,1,7.115878701210022,4
d64h1L1,65728,7936,llm_compression_python,2,6.922140916188558,4
d64h1L1,65728,7936,llm_compression_python,3,6.855770707130432,4
d64h1L1,65728,7936,llm_compression_python,4,6.822953701019287,4
d64h1L1,65728,7936,llm_compression_cc,1,7.850625157356262,4
d64h1L1,65728,7936,llm_compression_cc,2,7.684409777323405,4
d64h1L1,65728,7936,llm_compression_cc,3,7.625033974647522,4
d64h1L1,65728,7936,llm_compression_cc,4,7.593093395233154,4
d64h1L1,65728,7936,llm_compression_arxiv_math,1,7.799715995788574,4
d64h1L1,65728,7936,llm_compression_arxiv_math,2,7.660733461380005,4
d64h1L1,65728,7936,llm_compression_arxiv_math,3,7.609979271888733,4
d64h1L1,65728,7936,llm_compression_arxiv_math,4,7.583178520202637,4
d64h1L1,65728,7936,esc50_pcm8,1,6.5942723751068115,4
d64h1L1,65728,7936,esc50_pcm8,2,6.3480227788289385,4
d64h1L1,65728,7936,esc50_pcm8,3,6.2300074100494385,4
d64h1L1,65728,7936,esc50_pcm8,4,6.159637928009033,4
d64h1L1,65728,7936,esc50_pcm8_11khz,1,6.7700934410095215,4
d64h1L1,65728,7936,esc50_pcm8_11khz,2,6.551032543182373,4
d64h1L1,65728,7936,esc50_pcm8_11khz,3,6.447983264923096,4
d64h1L1,65728,7936,esc50_pcm8_11khz,4,6.386624336242676,4
d64h1L1,65728,7936,musicnet_pcm8,1,7.144357681274414,4
d64h1L1,65728,7936,musicnet_pcm8,2,6.965103387832642,4
d64h1L1,65728,7936,musicnet_pcm8,3,6.8855942487716675,4
d64h1L1,65728,7936,musicnet_pcm8,4,6.84395170211792,4
d64h1L1,65728,7936,musicnet_pcm8_11khz,1,7.081519603729248,4
d64h1L1,65728,7936,musicnet_pcm8_11khz,2,6.922095537185669,4
d64h1L1,65728,7936,musicnet_pcm8_11khz,3,6.853518128395081,4
d64h1L1,65728,7936,musicnet_pcm8_11khz,4,6.816045761108398,4
d64h1L1,65728,8191,dclm,1,7.803906798362732,4
d64h1L1,65728,8191,dclm,2,7.673870166142781,4
d64h1L1,65728,8191,dclm,3,7.614578485488892,4
d64h1L1,65728,8191,dclm,4,7.5771708488464355,4
d64h1L1,65728,8191,dclm_ranked,1,6.5639718770980835,4
d64h1L1,65728,8191,dclm_ranked,2,6.04055126508077,4
d64h1L1,65728,8191,dclm_ranked,3,5.861478090286255,4
d64h1L1,65728,8191,dclm_ranked,4,5.764533996582031,4
d64h1L1,65728,8191,dna,1,4.289388418197632,4
d64h1L1,65728,8191,dna,2,3.512925903002421,4
d64h1L1,65728,8191,dna,3,3.246424436569214,4
d64h1L1,65728,8191,dna,4,3.1083266735076904,4
d64h1L1,65728,8191,arithmetic,1,8.161860466003418,4
d64h1L1,65728,8191,arithmetic,2,8.076627731323242,4
d64h1L1,65728,8191,arithmetic,3,8.045092582702637,4
d64h1L1,65728,8191,arithmetic,4,8.027814865112305,4
d64h1L1,65728,8191,audio_8bit,1,4.7384934425354,4
d64h1L1,65728,8191,audio_8bit,2,4.249032894770305,4
d64h1L1,65728,8191,audio_8bit,3,4.077540040016174,4
d64h1L1,65728,8191,audio_8bit,4,3.988502025604248,4
d64h1L1,65728,8191,audio_16bit,1,7.001536965370178,4
d64h1L1,65728,8191,audio_16bit,2,6.787646770477295,4
d64h1L1,65728,8191,audio_16bit,3,6.714836359024048,4
d64h1L1,65728,8191,audio_16bit,4,6.677542209625244,4
d64h1L1,65728,8191,speech_commands_pcm8,1,6.688242077827454,4
d64h1L1,65728,8191,speech_commands_pcm8,2,6.348212003707886,4
d64h1L1,65728,8191,speech_commands_pcm8,3,6.203423619270325,4
d64h1L1,65728,8191,speech_commands_pcm8,4,6.1159987449646,4
d64h1L1,65728,8191,speech_commands_pcm8_8khz,1,6.658684253692627,4
d64h1L1,65728,8191,speech_commands_pcm8_8khz,2,6.291953245798747,4
d64h1L1,65728,8191,speech_commands_pcm8_8khz,3,6.1359652280807495,4
d64h1L1,65728,8191,speech_commands_pcm8_8khz,4,6.039392948150635,4
d64h1L1,65728,8191,mutopia_melody_16th,1,7.328341484069824,4
d64h1L1,65728,8191,mutopia_melody_16th,2,7.058991193771362,4
d64h1L1,65728,8191,mutopia_melody_16th,3,6.943323969841003,4
d64h1L1,65728,8191,mutopia_melody_16th,4,6.874701499938965,4
d64h1L1,65728,8191,cifar10_rgb_planar,1,7.8119930028915405,4
d64h1L1,65728,8191,cifar10_rgb_planar,2,7.709567149480184,4
d64h1L1,65728,8191,cifar10_rgb_planar,3,7.668443560600281,4
d64h1L1,65728,8191,cifar10_rgb_planar,4,7.645381927490234,4
d64h1L1,65728,8191,cifar10_rgb_hwc,1,7.867583870887756,4
d64h1L1,65728,8191,cifar10_rgb_hwc,2,7.770963112513225,4
d64h1L1,65728,8191,cifar10_rgb_hwc,3,7.733510613441467,4
d64h1L1,65728,8191,cifar10_rgb_hwc,4,7.712874889373779,4
d64h1L1,65728,8191,kolmogorov_text,1,7.82390296459198,4
d64h1L1,65728,8191,kolmogorov_text,2,7.699158747990926,4
d64h1L1,65728,8191,kolmogorov_text,3,7.641583204269409,4
d64h1L1,65728,8191,kolmogorov_text,4,7.605216026306152,4
d64h1L1,65728,8191,kolmogorov_dna,1,4.3295499086380005,4
d64h1L1,65728,8191,kolmogorov_dna,2,3.4805136919021606,4
d64h1L1,65728,8191,kolmogorov_dna,3,3.244232177734375,4
d64h1L1,65728,8191,kolmogorov_dna,4,3.133618116378784,4
d64h1L1,65728,8191,metamath,1,7.7143425941467285,4
d64h1L1,65728,8191,metamath,2,7.5484035809834795,4
d64h1L1,65728,8191,metamath,3,7.480562210083008,4
d64h1L1,65728,8191,metamath,4,7.441158771514893,4
d64h1L1,65728,8191,aitdcc_a_protein,1,7.532719135284424,4
d64h1L1,65728,8191,aitdcc_a_protein,2,7.338567495346069,4
d64h1L1,65728,8191,aitdcc_a_protein,3,7.250325322151184,4
d64h1L1,65728,8191,aitdcc_a_protein,4,7.197277069091797,4
d64h1L1,65728,8191,aitdcc_b_c_source,1,7.863010764122009,4
d64h1L1,65728,8191,aitdcc_b_c_source,2,7.736722389856975,4
d64h1L1,65728,8191,aitdcc_b_c_source,3,7.677625417709351,4
d64h1L1,65728,8191,aitdcc_b_c_source,4,7.640207290649414,4
d64h1L1,65728,8191,aitdcc_d_glibc_rand,1,8.19877576828003,4
d64h1L1,65728,8191,aitdcc_d_glibc_rand,2,8.127857526143393,4
d64h1L1,65728,8191,aitdcc_d_glibc_rand,3,8.102415323257446,4
d64h1L1,65728,8191,aitdcc_d_glibc_rand,4,8.088862419128418,4
d64h1L1,65728,8191,aitdcc_e_atlas_float32,1,8.14122986793518,4
d64h1L1,65728,8191,aitdcc_e_atlas_float32,2,8.036599079767862,4
d64h1L1,65728,8191,aitdcc_e_atlas_float32,3,7.9981642961502075,4
d64h1L1,65728,8191,aitdcc_e_atlas_float32,4,7.976898670196533,4
d64h1L1,65728,8191,aitdcc_g_astronomy,1,5.869310617446899,4
d64h1L1,65728,8191,aitdcc_g_astronomy,2,5.514379103978475,4
d64h1L1,65728,8191,aitdcc_g_astronomy,3,5.420432448387146,4
d64h1L1,65728,8191,aitdcc_g_astronomy,4,5.371034622192383,4
d64h1L1,65728,8191,llm_compression_python,1,7.061939358711243,4
d64h1L1,65728,8191,llm_compression_python,2,6.893548170725505,4
d64h1L1,65728,8191,llm_compression_python,3,6.8152841329574585,4
d64h1L1,65728,8191,llm_compression_python,4,6.765492916107178,4
d64h1L1,65728,8191,llm_compression_cc,1,7.8320066928863525,4
d64h1L1,65728,8191,llm_compression_cc,2,7.707339525222778,4
d64h1L1,65728,8191,llm_compression_cc,3,7.650769591331482,4
d64h1L1,65728,8191,llm_compression_cc,4,7.615190029144287,4
d64h1L1,65728,8191,llm_compression_arxiv_math,1,7.821800947189331,4
d64h1L1,65728,8191,llm_compression_arxiv_math,2,7.705583572387695,4
d64h1L1,65728,8191,llm_compression_arxiv_math,3,7.655020833015442,4
d64h1L1,65728,8191,llm_compression_arxiv_math,4,7.624190330505371,4
d64h1L1,65728,8191,esc50_pcm8,1,6.794787883758545,4
d64h1L1,65728,8191,esc50_pcm8,2,6.484890143076579,4
d64h1L1,65728,8191,esc50_pcm8,3,6.347229599952698,4
d64h1L1,65728,8191,esc50_pcm8,4,6.2648844718933105,4
d64h1L1,65728,8191,esc50_pcm8_11khz,1,6.974560499191284,4
d64h1L1,65728,8191,esc50_pcm8_11khz,2,6.693917512893677,4
d64h1L1,65728,8191,esc50_pcm8_11khz,3,6.570364594459534,4
d64h1L1,65728,8191,esc50_pcm8_11khz,4,6.496104717254639,4
d64h1L1,65728,8191,musicnet_pcm8,1,7.230522990226746,4
d64h1L1,65728,8191,musicnet_pcm8,2,7.041843414306641,4
d64h1L1,65728,8191,musicnet_pcm8,3,6.953794956207275,4
d64h1L1,65728,8191,musicnet_pcm8,4,6.902271747589111,4
d64h1L1,65728,8191,musicnet_pcm8_11khz,1,7.245479226112366,4
d64h1L1,65728,8191,musicnet_pcm8_11khz,2,7.045454263687134,4
d64h1L1,65728,8191,musicnet_pcm8_11khz,3,6.958029866218567,4
d64h1L1,65728,8191,musicnet_pcm8_11khz,4,6.9054789543151855,4
